<?xml version="1.0" encoding="utf-8"?>
<clothing-items>
 <clothing>
  <id>
   349896391
  </id>
  <name>
   Nike Sweater Q-2489
  </name>
  <category>
   Sweater
  </category>
  <size>
   XXL
  </size>
  <color>
   Голубой
  </color>
  <material>
   Кожа
  </material>
  <price>
   284009
  </price>
  <rating>
   1.96
  </rating>
  <reviews>
   64395
  </reviews>
  <new>
   -
  </new>
  <sporty>
   yes
  </sporty>
 </clothing>
 <clothing>
  <id>
   906284829
  </id>
  <name>
   Brooks Skirt M-5788
  </name>
  <category>
   Skirt
  </category>
  <size>
   M
  </size>
  <color>
   Оранжевый
  </color>
  <material>
   Вискоза
  </material>
  <price>
   575550
  </price>
  <rating>
   4.09
  </rating>
  <reviews>
   132172
  </reviews>
  <new>
   -
  </new>
  <exclusive>
   no
  </exclusive>
  <sporty>
   yes
  </sporty>
 </clothing>
 <clothing>
  <id>
   513451506
  </id>
  <name>
   Converse Hat P-4134
  </name>
  <category>
   Hat
  </category>
  <size>
   L
  </size>
  <color>
   Зеленый
  </color>
  <material>
   Нейлон
  </material>
  <price>
   825484
  </price>
  <rating>
   4.47
  </rating>
  <reviews>
   549999
  </reviews>
  <new>
   +
  </new>
  <exclusive>
   yes
  </exclusive>
  <sporty>
   yes
  </sporty>
 </clothing>
 <clothing>
  <id>
   497772764
  </id>
  <name>
   Reebok Pants Q-5550
  </name>
  <category>
   Pants
  </category>
  <size>
   S
  </size>
  <color>
   Зеленый
  </color>
  <material>
   Вискоза
  </material>
  <price>
   818115
  </price>
  <rating>
   3.46
  </rating>
  <reviews>
   466833
  </reviews>
  <new>
   +
  </new>
  <exclusive>
   no
  </exclusive>
  <sporty>
   yes
  </sporty>
 </clothing>
 <clothing>
  <id>
   480332217
  </id>
  <name>
   New Balance Jacket U-3515
  </name>
  <category>
   Jacket
  </category>
  <size>
   XXL
  </size>
  <color>
   Синий
  </color>
  <material>
   Вискоза
  </material>
  <price>
   188437
  </price>
  <rating>
   1.2
  </rating>
  <reviews>
   48790
  </reviews>
  <new>
   -
  </new>
  <exclusive>
   no
  </exclusive>
 </clothing>
 <clothing>
  <id>
   734652148
  </id>
  <name>
   PleinSport Socks L-9782
  </name>
  <category>
   Socks
  </category>
  <size>
   XL
  </size>
  <color>
   Желтый
  </color>
  <material>
   Полиэстер
  </material>
  <price>
   229793
  </price>
  <rating>
   3.8
  </rating>
  <reviews>
   705674
  </reviews>
  <exclusive>
   yes
  </exclusive>
 </clothing>
 <clothing>
  <id>
   393399395
  </id>
  <name>
   Fila Umbrellas E-7474
  </name>
  <category>
   Umbrellas
  </category>
  <size>
   S
  </size>
  <color>
   Оранжевый
  </color>
  <material>
   Хлопок
  </material>
  <price>
   600175
  </price>
  <rating>
   1.04
  </rating>
  <reviews>
   435167
  </reviews>
  <exclusive>
   no
  </exclusive>
  <sporty>
   yes
  </sporty>
 </clothing>
 <clothing>
  <id>
   467639443
  </id>
  <name>
   Brooks Sweater C-5078
  </name>
  <category>
   Sweater
  </category>
  <size>
   S
  </size>
  <color>
   Красный
  </color>
  <material>
   Лен
  </material>
  <price>
   522252
  </price>
  <rating>
   4.42
  </rating>
  <reviews>
   465793
  </reviews>
  <new>
   +
  </new>
  <exclusive>
   yes
  </exclusive>
  <sporty>
   no
  </sporty>
 </clothing>
 <clothing>
  <id>
   694596271
  </id>
  <name>
   PleinSport Blouse K-5433
  </name>
  <category>
   Blouse
  </category>
  <size>
   XL
  </size>
  <color>
   Желтый
  </color>
  <material>
   Полиэстер
  </material>
  <price>
   146661
  </price>
  <rating>
   4.66
  </rating>
  <reviews>
   573966
  </reviews>
  <new>
   -
  </new>
  <sporty>
   yes
  </sporty>
 </clothing>
 <clothing>
  <id>
   936838884
  </id>
  <name>
   Nike Hat G-2315
  </name>
  <category>
   Hat
  </category>
  <size>
   M
  </size>
  <color>
   Красный
  </color>
  <material>
   Кожа
  </material>
  <price>
   658465
  </price>
  <rating>
   4.79
  </rating>
  <reviews>
   315616
  </reviews>
  <new>
   +
  </new>
  <exclusive>
   yes
  </exclusive>
 </clothing>
 <clothing>
  <id>
   882671909
  </id>
  <name>
   Vans Dress K-6567
  </name>
  <category>
   Dress
  </category>
  <size>
   XL
  </size>
  <color>
   Голубой
  </color>
  <material>
   Полиэстер
  </material>
  <price>
   306919
  </price>
  <rating>
   4.57
  </rating>
  <reviews>
   278888
  </reviews>
  <new>
   -
  </new>
  <sporty>
   no
  </sporty>
 </clothing>
 <clothing>
  <id>
   363172900
  </id>
  <name>
   Ellesse Shirt V-1745
  </name>
  <category>
   Shirt
  </category>
  <size>
   XXL
  </size>
  <color>
   Зеленый
  </color>
  <material>
   Хлопок
  </material>
  <price>
   108948
  </price>
  <rating>
   2.94
  </rating>
  <reviews>
   100038
  </reviews>
  <new>
   -
  </new>
  <sporty>
   yes
  </sporty>
 </clothing>
 <clothing>
  <id>
   488701772
  </id>
  <name>
   Reebok Socks Z-6905
  </name>
  <category>
   Socks
  </category>
  <size>
   XL
  </size>
  <color>
   Оранжевый
  </color>
  <material>
   Лен
  </material>
  <price>
   354159
  </price>
  <rating>
   4.56
  </rating>
  <reviews>
   670524
  </reviews>
  <new>
   -
  </new>
  <exclusive>
   no
  </exclusive>
  <sporty>
   yes
  </sporty>
 </clothing>
 <clothing>
  <id>
   290056830
  </id>
  <name>
   Asics Pants M-1480
  </name>
  <category>
   Pants
  </category>
  <size>
   L
  </size>
  <color>
   Синий
  </color>
  <material>
   Нейлон
  </material>
  <price>
   385235
  </price>
  <rating>
   1.31
  </rating>
  <reviews>
   897307
  </reviews>
  <exclusive>
   no
  </exclusive>
 </clothing>
 <clothing>
  <id>
   573687732
  </id>
  <name>
   Ellesse Skirt Q-7483
  </name>
  <category>
   Skirt
  </category>
  <size>
   S
  </size>
  <color>
   Фиолетовый
  </color>
  <material>
   Нейлон
  </material>
  <price>
   767489
  </price>
  <rating>
   2.97
  </rating>
  <reviews>
   180193
  </reviews>
  <exclusive>
   no
  </exclusive>
  <sporty>
   no
  </sporty>
 </clothing>
 <clothing>
  <id>
   804465576
  </id>
  <name>
   Reebok Jeans M-6186
  </name>
  <category>
   Jeans
  </category>
  <size>
   XL
  </size>
  <color>
   Желтый
  </color>
  <material>
   Хлопок
  </material>
  <price>
   663191
  </price>
  <rating>
   2.43
  </rating>
  <reviews>
   545654
  </reviews>
  <exclusive>
   yes
  </exclusive>
 </clothing>
 <clothing>
  <id>
   799019067
  </id>
  <name>
   Lacoste Sweater N-9819
  </name>
  <category>
   Sweater
  </category>
  <size>
   XL
  </size>
  <color>
   Синий
  </color>
  <material>
   Вискоза
  </material>
  <price>
   233718
  </price>
  <rating>
   4.23
  </rating>
  <reviews>
   266609
  </reviews>
  <new>
   +
  </new>
  <exclusive>
   yes
  </exclusive>
 </clothing>
 <clothing>
  <id>
   855684876
  </id>
  <name>
   PleinSport Socks E-3774
  </name>
  <category>
   Socks
  </category>
  <size>
   L
  </size>
  <color>
   Фиолетовый
  </color>
  <material>
   Кожа
  </material>
  <price>
   664663
  </price>
  <rating>
   2.13
  </rating>
  <reviews>
   615604
  </reviews>
  <sporty>
   no
  </sporty>
 </clothing>
 <clothing>
  <id>
   305381199
  </id>
  <name>
   Reebok Pants Q-9015
  </name>
  <category>
   Pants
  </category>
  <size>
   L
  </size>
  <color>
   Оранжевый
  </color>
  <material>
   Хлопок
  </material>
  <price>
   287829
  </price>
  <rating>
   1.55
  </rating>
  <reviews>
   702624
  </reviews>
  <new>
   -
  </new>
  <exclusive>
   no
  </exclusive>
  <sporty>
   yes
  </sporty>
 </clothing>
 <clothing>
  <id>
   299155954
  </id>
  <name>
   Puma T-shirt N-5871
  </name>
  <category>
   T-shirt
  </category>
  <size>
   L
  </size>
  <color>
   Голубой
  </color>
  <material>
   Нейлон
  </material>
  <price>
   701096
  </price>
  <rating>
   4.57
  </rating>
  <reviews>
   472379
  </reviews>
  <exclusive>
   no
  </exclusive>
  <sporty>
   no
  </sporty>
 </clothing>
 <clothing>
  <id>
   285970131
  </id>
  <name>
   Fila Dress L-8991
  </name>
  <category>
   Dress
  </category>
  <size>
   XL
  </size>
  <color>
   Голубой
  </color>
  <material>
   Полиэстер
  </material>
  <price>
   207593
  </price>
  <rating>
   3.64
  </rating>
  <reviews>
   323963
  </reviews>
  <new>
   +
  </new>
  <sporty>
   no
  </sporty>
 </clothing>
 <clothing>
  <id>
   748520150
  </id>
  <name>
   Vans Jeans U-7890
  </name>
  <category>
   Jeans
  </category>
  <size>
   S
  </size>
  <color>
   Фиолетовый
  </color>
  <material>
   Кожа
  </material>
  <price>
   951391
  </price>
  <rating>
   4.47
  </rating>
  <reviews>
   987820
  </reviews>
  <new>
   -
  </new>
  <sporty>
   no
  </sporty>
 </clothing>
 <clothing>
  <id>
   963397904
  </id>
  <name>
   Vans Belts I-9550
  </name>
  <category>
   Belts
  </category>
  <size>
   XL
  </size>
  <color>
   Желтый
  </color>
  <material>
   Шерсть
  </material>
  <price>
   698863
  </price>
  <rating>
   3.85
  </rating>
  <reviews>
   911144
  </reviews>
  <new>
   -
  </new>
  <exclusive>
   yes
  </exclusive>
  <sporty>
   no
  </sporty>
 </clothing>
 <clothing>
  <id>
   365983558
  </id>
  <name>
   Vans Jeans F-9020
  </name>
  <category>
   Jeans
  </category>
  <size>
   L
  </size>
  <color>
   Фиолетовый
  </color>
  <material>
   Нейлон
  </material>
  <price>
   988511
  </price>
  <rating>
   2.2
  </rating>
  <reviews>
   874738
  </reviews>
  <new>
   -
  </new>
 </clothing>
</clothing-items>
