<?xml version="1.0" encoding="utf-8"?>
<clothing-items>
 <clothing>
  <id>
   354022620
  </id>
  <name>
   Ellesse Handbags T-2698
  </name>
  <category>
   Handbags
  </category>
  <size>
   XL
  </size>
  <color>
   Оранжевый
  </color>
  <material>
   Вискоза
  </material>
  <price>
   733108
  </price>
  <rating>
   3.15
  </rating>
  <reviews>
   537843
  </reviews>
  <exclusive>
   no
  </exclusive>
 </clothing>
 <clothing>
  <id>
   637794391
  </id>
  <name>
   Lacoste Jacket F-8537
  </name>
  <category>
   Jacket
  </category>
  <size>
   XL
  </size>
  <color>
   Оранжевый
  </color>
  <material>
   Кожа
  </material>
  <price>
   942342
  </price>
  <rating>
   2.47
  </rating>
  <reviews>
   308267
  </reviews>
  <new>
   -
  </new>
  <exclusive>
   no
  </exclusive>
  <sporty>
   yes
  </sporty>
 </clothing>
 <clothing>
  <id>
   132453140
  </id>
  <name>
   New Balance Pants Z-6375
  </name>
  <category>
   Pants
  </category>
  <size>
   XXL
  </size>
  <color>
   Зеленый
  </color>
  <material>
   Нейлон
  </material>
  <price>
   296202
  </price>
  <rating>
   4.21
  </rating>
  <reviews>
   46557
  </reviews>
  <sporty>
   no
  </sporty>
 </clothing>
 <clothing>
  <id>
   133376859
  </id>
  <name>
   DC Socks R-4453
  </name>
  <category>
   Socks
  </category>
  <size>
   XXL
  </size>
  <color>
   Голубой
  </color>
  <material>
   Вискоза
  </material>
  <price>
   229998
  </price>
  <rating>
   3.94
  </rating>
  <reviews>
   569595
  </reviews>
  <sporty>
   yes
  </sporty>
 </clothing>
 <clothing>
  <id>
   890610872
  </id>
  <name>
   Under Armour Socks D-4886
  </name>
  <category>
   Socks
  </category>
  <size>
   XL
  </size>
  <color>
   Оранжевый
  </color>
  <material>
   Нейлон
  </material>
  <price>
   524148
  </price>
  <rating>
   4.31
  </rating>
  <reviews>
   606101
  </reviews>
  <new>
   -
  </new>
  <sporty>
   yes
  </sporty>
 </clothing>
 <clothing>
  <id>
   617148129
  </id>
  <name>
   Brooks Socks V-2305
  </name>
  <category>
   Socks
  </category>
  <size>
   XXL
  </size>
  <color>
   Синий
  </color>
  <material>
   Шелк
  </material>
  <price>
   664487
  </price>
  <rating>
   1.54
  </rating>
  <reviews>
   589689
  </reviews>
  <new>
   +
  </new>
 </clothing>
 <clothing>
  <id>
   140237939
  </id>
  <name>
   DC Skirt P-7898
  </name>
  <category>
   Skirt
  </category>
  <size>
   S
  </size>
  <color>
   Желтый
  </color>
  <material>
   Кожа
  </material>
  <price>
   666733
  </price>
  <rating>
   3.35
  </rating>
  <reviews>
   526624
  </reviews>
  <new>
   -
  </new>
  <exclusive>
   no
  </exclusive>
  <sporty>
   yes
  </sporty>
 </clothing>
 <clothing>
  <id>
   849099969
  </id>
  <name>
   PleinSport Blouse Q-8045
  </name>
  <category>
   Blouse
  </category>
  <size>
   M
  </size>
  <color>
   Красный
  </color>
  <material>
   Хлопок
  </material>
  <price>
   519422
  </price>
  <rating>
   2.05
  </rating>
  <reviews>
   127297
  </reviews>
  <new>
   -
  </new>
  <exclusive>
   no
  </exclusive>
 </clothing>
 <clothing>
  <id>
   952666369
  </id>
  <name>
   Vans Jeans I-3903
  </name>
  <category>
   Jeans
  </category>
  <size>
   XXL
  </size>
  <color>
   Зеленый
  </color>
  <material>
   Кожа
  </material>
  <price>
   145321
  </price>
  <rating>
   1.23
  </rating>
  <reviews>
   362844
  </reviews>
  <new>
   +
  </new>
  <exclusive>
   yes
  </exclusive>
 </clothing>
 <clothing>
  <id>
   415024666
  </id>
  <name>
   Brooks Belts O-7670
  </name>
  <category>
   Belts
  </category>
  <size>
   S
  </size>
  <color>
   Голубой
  </color>
  <material>
   Полиэстер
  </material>
  <price>
   703521
  </price>
  <rating>
   3.35
  </rating>
  <reviews>
   601065
  </reviews>
  <exclusive>
   yes
  </exclusive>
 </clothing>
 <clothing>
  <id>
   362913926
  </id>
  <name>
   Reebok Shoes A-9318
  </name>
  <category>
   Shoes
  </category>
  <size>
   M
  </size>
  <color>
   Красный
  </color>
  <material>
   Вискоза
  </material>
  <price>
   191121
  </price>
  <rating>
   3.34
  </rating>
  <reviews>
   43793
  </reviews>
  <sporty>
   yes
  </sporty>
 </clothing>
 <clothing>
  <id>
   987637291
  </id>
  <name>
   Nike Handbags B-1011
  </name>
  <category>
   Handbags
  </category>
  <size>
   XXL
  </size>
  <color>
   Фиолетовый
  </color>
  <material>
   Лен
  </material>
  <price>
   694788
  </price>
  <rating>
   4.32
  </rating>
  <reviews>
   960755
  </reviews>
  <new>
   -
  </new>
  <sporty>
   no
  </sporty>
 </clothing>
 <clothing>
  <id>
   413632805
  </id>
  <name>
   Addidas Jeans Y-7577
  </name>
  <category>
   Jeans
  </category>
  <size>
   XL
  </size>
  <color>
   Синий
  </color>
  <material>
   Кожа
  </material>
  <price>
   638601
  </price>
  <rating>
   3.29
  </rating>
  <reviews>
   777028
  </reviews>
  <new>
   -
  </new>
 </clothing>
 <clothing>
  <id>
   558831616
  </id>
  <name>
   Nike Skirt O-1148
  </name>
  <category>
   Skirt
  </category>
  <size>
   L
  </size>
  <color>
   Красный
  </color>
  <material>
   Нейлон
  </material>
  <price>
   452557
  </price>
  <rating>
   1.77
  </rating>
  <reviews>
   189436
  </reviews>
 </clothing>
 <clothing>
  <id>
   701610485
  </id>
  <name>
   Addidas Skirt K-2109
  </name>
  <category>
   Skirt
  </category>
  <size>
   XL
  </size>
  <color>
   Зеленый
  </color>
  <material>
   Вискоза
  </material>
  <price>
   857868
  </price>
  <rating>
   1.14
  </rating>
  <reviews>
   683220
  </reviews>
  <new>
   +
  </new>
  <sporty>
   no
  </sporty>
 </clothing>
 <clothing>
  <id>
   873666393
  </id>
  <name>
   Vans Umbrellas T-8868
  </name>
  <category>
   Umbrellas
  </category>
  <size>
   XL
  </size>
  <color>
   Фиолетовый
  </color>
  <material>
   Шерсть
  </material>
  <price>
   228728
  </price>
  <rating>
   5.0
  </rating>
  <reviews>
   331785
  </reviews>
  <new>
   -
  </new>
  <sporty>
   no
  </sporty>
 </clothing>
 <clothing>
  <id>
   654746992
  </id>
  <name>
   Lacoste Hat E-8001
  </name>
  <category>
   Hat
  </category>
  <size>
   M
  </size>
  <color>
   Желтый
  </color>
  <material>
   Кожа
  </material>
  <price>
   420548
  </price>
  <rating>
   3.36
  </rating>
  <reviews>
   213957
  </reviews>
  <exclusive>
   no
  </exclusive>
  <sporty>
   no
  </sporty>
 </clothing>
 <clothing>
  <id>
   580223393
  </id>
  <name>
   Asics Umbrellas N-2091
  </name>
  <category>
   Umbrellas
  </category>
  <size>
   XXL
  </size>
  <color>
   Фиолетовый
  </color>
  <material>
   Кожа
  </material>
  <price>
   197094
  </price>
  <rating>
   1.33
  </rating>
  <reviews>
   665289
  </reviews>
  <new>
   +
  </new>
  <sporty>
   no
  </sporty>
 </clothing>
 <clothing>
  <id>
   659054328
  </id>
  <name>
   Puma Shirt M-6658
  </name>
  <category>
   Shirt
  </category>
  <size>
   XL
  </size>
  <color>
   Красный
  </color>
  <material>
   Лен
  </material>
  <price>
   801248
  </price>
  <rating>
   3.01
  </rating>
  <reviews>
   804586
  </reviews>
  <exclusive>
   no
  </exclusive>
  <sporty>
   yes
  </sporty>
 </clothing>
 <clothing>
  <id>
   508688457
  </id>
  <name>
   PleinSport Skirt Q-4788
  </name>
  <category>
   Skirt
  </category>
  <size>
   XL
  </size>
  <color>
   Зеленый
  </color>
  <material>
   Лен
  </material>
  <price>
   697305
  </price>
  <rating>
   1.2
  </rating>
  <reviews>
   843385
  </reviews>
  <sporty>
   yes
  </sporty>
 </clothing>
 <clothing>
  <id>
   690660931
  </id>
  <name>
   Reebok T-shirt X-9797
  </name>
  <category>
   T-shirt
  </category>
  <size>
   L
  </size>
  <color>
   Оранжевый
  </color>
  <material>
   Шелк
  </material>
  <price>
   257281
  </price>
  <rating>
   2.6
  </rating>
  <reviews>
   771159
  </reviews>
  <exclusive>
   no
  </exclusive>
  <sporty>
   no
  </sporty>
 </clothing>
 <clothing>
  <id>
   534894161
  </id>
  <name>
   Reebok Jacket A-5336
  </name>
  <category>
   Jacket
  </category>
  <size>
   L
  </size>
  <color>
   Красный
  </color>
  <material>
   Кожа
  </material>
  <price>
   631502
  </price>
  <rating>
   2.68
  </rating>
  <reviews>
   117212
  </reviews>
  <new>
   -
  </new>
  <exclusive>
   yes
  </exclusive>
  <sporty>
   no
  </sporty>
 </clothing>
 <clothing>
  <id>
   690617956
  </id>
  <name>
   Asics Skirt V-5585
  </name>
  <category>
   Skirt
  </category>
  <size>
   XL
  </size>
  <color>
   Голубой
  </color>
  <material>
   Лен
  </material>
  <price>
   612380
  </price>
  <rating>
   4.46
  </rating>
  <reviews>
   91555
  </reviews>
 </clothing>
 <clothing>
  <id>
   983038196
  </id>
  <name>
   Lacoste Jeans Y-9365
  </name>
  <category>
   Jeans
  </category>
  <size>
   M
  </size>
  <color>
   Оранжевый
  </color>
  <material>
   Шерсть
  </material>
  <price>
   681963
  </price>
  <rating>
   1.09
  </rating>
  <reviews>
   382295
  </reviews>
  <new>
   -
  </new>
  <exclusive>
   no
  </exclusive>
 </clothing>
 <clothing>
  <id>
   659288172
  </id>
  <name>
   New Balance Socks W-7896
  </name>
  <category>
   Socks
  </category>
  <size>
   M
  </size>
  <color>
   Зеленый
  </color>
  <material>
   Лен
  </material>
  <price>
   543814
  </price>
  <rating>
   1.31
  </rating>
  <reviews>
   767385
  </reviews>
  <sporty>
   yes
  </sporty>
 </clothing>
 <clothing>
  <id>
   650690312
  </id>
  <name>
   Lacoste Umbrellas V-2707
  </name>
  <category>
   Umbrellas
  </category>
  <size>
   XXL
  </size>
  <color>
   Желтый
  </color>
  <material>
   Нейлон
  </material>
  <price>
   123378
  </price>
  <rating>
   3.17
  </rating>
  <reviews>
   38269
  </reviews>
  <new>
   +
  </new>
  <exclusive>
   no
  </exclusive>
 </clothing>
 <clothing>
  <id>
   748969981
  </id>
  <name>
   New Balance Umbrellas G-4479
  </name>
  <category>
   Umbrellas
  </category>
  <size>
   M
  </size>
  <color>
   Желтый
  </color>
  <material>
   Полиэстер
  </material>
  <price>
   413890
  </price>
  <rating>
   2.12
  </rating>
  <reviews>
   395242
  </reviews>
  <new>
   +
  </new>
  <exclusive>
   no
  </exclusive>
  <sporty>
   yes
  </sporty>
 </clothing>
 <clothing>
  <id>
   441267103
  </id>
  <name>
   Brooks Socks X-5160
  </name>
  <category>
   Socks
  </category>
  <size>
   L
  </size>
  <color>
   Голубой
  </color>
  <material>
   Кожа
  </material>
  <price>
   989744
  </price>
  <rating>
   2.29
  </rating>
  <reviews>
   886407
  </reviews>
  <sporty>
   no
  </sporty>
 </clothing>
 <clothing>
  <id>
   934117924
  </id>
  <name>
   PleinSport Jacket A-7980
  </name>
  <category>
   Jacket
  </category>
  <size>
   M
  </size>
  <color>
   Красный
  </color>
  <material>
   Хлопок
  </material>
  <price>
   933661
  </price>
  <rating>
   1.89
  </rating>
  <reviews>
   184591
  </reviews>
  <new>
   -
  </new>
  <exclusive>
   no
  </exclusive>
  <sporty>
   yes
  </sporty>
 </clothing>
 <clothing>
  <id>
   107582515
  </id>
  <name>
   Addidas Belts N-5729
  </name>
  <category>
   Belts
  </category>
  <size>
   S
  </size>
  <color>
   Оранжевый
  </color>
  <material>
   Нейлон
  </material>
  <price>
   136962
  </price>
  <rating>
   4.51
  </rating>
  <reviews>
   598226
  </reviews>
  <sporty>
   no
  </sporty>
 </clothing>
 <clothing>
  <id>
   889867092
  </id>
  <name>
   Asics Belts D-4057
  </name>
  <category>
   Belts
  </category>
  <size>
   L
  </size>
  <color>
   Желтый
  </color>
  <material>
   Хлопок
  </material>
  <price>
   800886
  </price>
  <rating>
   3.22
  </rating>
  <reviews>
   838230
  </reviews>
  <new>
   -
  </new>
  <exclusive>
   no
  </exclusive>
 </clothing>
 <clothing>
  <id>
   877829859
  </id>
  <name>
   Vans Socks F-3990
  </name>
  <category>
   Socks
  </category>
  <size>
   XL
  </size>
  <color>
   Зеленый
  </color>
  <material>
   Кожа
  </material>
  <price>
   220708
  </price>
  <rating>
   3.75
  </rating>
  <reviews>
   699864
  </reviews>
  <sporty>
   yes
  </sporty>
 </clothing>
</clothing-items>
