<?xml version="1.0" encoding="utf-8"?>
<clothing-items>
 <clothing>
  <id>
   826347341
  </id>
  <name>
   Asics Skirt O-1880
  </name>
  <category>
   Skirt
  </category>
  <size>
   XXL
  </size>
  <color>
   Желтый
  </color>
  <material>
   Кожа
  </material>
  <price>
   684519
  </price>
  <rating>
   4.8
  </rating>
  <reviews>
   372177
  </reviews>
  <new>
   -
  </new>
  <sporty>
   yes
  </sporty>
 </clothing>
 <clothing>
  <id>
   824635844
  </id>
  <name>
   Fila Blouse G-7123
  </name>
  <category>
   Blouse
  </category>
  <size>
   M
  </size>
  <color>
   Голубой
  </color>
  <material>
   Шерсть
  </material>
  <price>
   443554
  </price>
  <rating>
   2.94
  </rating>
  <reviews>
   372359
  </reviews>
  <new>
   -
  </new>
  <exclusive>
   no
  </exclusive>
 </clothing>
 <clothing>
  <id>
   109570147
  </id>
  <name>
   Nike Hat Y-1111
  </name>
  <category>
   Hat
  </category>
  <size>
   L
  </size>
  <color>
   Голубой
  </color>
  <material>
   Шелк
  </material>
  <price>
   329867
  </price>
  <rating>
   4.99
  </rating>
  <reviews>
   703392
  </reviews>
  <new>
   -
  </new>
  <exclusive>
   yes
  </exclusive>
  <sporty>
   no
  </sporty>
 </clothing>
 <clothing>
  <id>
   103267259
  </id>
  <name>
   Under Armour Blouse C-3883
  </name>
  <category>
   Blouse
  </category>
  <size>
   S
  </size>
  <color>
   Фиолетовый
  </color>
  <material>
   Шелк
  </material>
  <price>
   279988
  </price>
  <rating>
   2.42
  </rating>
  <reviews>
   522907
  </reviews>
  <new>
   +
  </new>
  <exclusive>
   no
  </exclusive>
 </clothing>
 <clothing>
  <id>
   707853110
  </id>
  <name>
   Asics Socks L-9863
  </name>
  <category>
   Socks
  </category>
  <size>
   L
  </size>
  <color>
   Фиолетовый
  </color>
  <material>
   Полиэстер
  </material>
  <price>
   506865
  </price>
  <rating>
   4.53
  </rating>
  <reviews>
   260767
  </reviews>
  <new>
   -
  </new>
  <exclusive>
   yes
  </exclusive>
 </clothing>
 <clothing>
  <id>
   935016275
  </id>
  <name>
   Lacoste Umbrellas L-3322
  </name>
  <category>
   Umbrellas
  </category>
  <size>
   S
  </size>
  <color>
   Желтый
  </color>
  <material>
   Вискоза
  </material>
  <price>
   493658
  </price>
  <rating>
   3.62
  </rating>
  <reviews>
   513109
  </reviews>
 </clothing>
 <clothing>
  <id>
   330216791
  </id>
  <name>
   Puma Pants O-8029
  </name>
  <category>
   Pants
  </category>
  <size>
   M
  </size>
  <color>
   Красный
  </color>
  <material>
   Полиэстер
  </material>
  <price>
   163977
  </price>
  <rating>
   1.78
  </rating>
  <reviews>
   289060
  </reviews>
  <new>
   +
  </new>
  <exclusive>
   no
  </exclusive>
  <sporty>
   yes
  </sporty>
 </clothing>
 <clothing>
  <id>
   211505733
  </id>
  <name>
   Addidas Skirt X-7957
  </name>
  <category>
   Skirt
  </category>
  <size>
   XXL
  </size>
  <color>
   Голубой
  </color>
  <material>
   Кожа
  </material>
  <price>
   906406
  </price>
  <rating>
   1.17
  </rating>
  <reviews>
   161625
  </reviews>
  <new>
   -
  </new>
  <exclusive>
   no
  </exclusive>
 </clothing>
 <clothing>
  <id>
   194698219
  </id>
  <name>
   Reebok Gloves G-9442
  </name>
  <category>
   Gloves
  </category>
  <size>
   L
  </size>
  <color>
   Красный
  </color>
  <material>
   Полиэстер
  </material>
  <price>
   857550
  </price>
  <rating>
   4.42
  </rating>
  <reviews>
   53292
  </reviews>
  <exclusive>
   yes
  </exclusive>
 </clothing>
 <clothing>
  <id>
   417430246
  </id>
  <name>
   DC Dress T-6095
  </name>
  <category>
   Dress
  </category>
  <size>
   M
  </size>
  <color>
   Оранжевый
  </color>
  <material>
   Хлопок
  </material>
  <price>
   428414
  </price>
  <rating>
   3.93
  </rating>
  <reviews>
   47720
  </reviews>
  <new>
   -
  </new>
  <exclusive>
   yes
  </exclusive>
  <sporty>
   yes
  </sporty>
 </clothing>
 <clothing>
  <id>
   149452996
  </id>
  <name>
   Asics Jacket F-2959
  </name>
  <category>
   Jacket
  </category>
  <size>
   M
  </size>
  <color>
   Оранжевый
  </color>
  <material>
   Вискоза
  </material>
  <price>
   915025
  </price>
  <rating>
   3.82
  </rating>
  <reviews>
   254055
  </reviews>
  <new>
   -
  </new>
  <exclusive>
   yes
  </exclusive>
 </clothing>
 <clothing>
  <id>
   272584054
  </id>
  <name>
   Under Armour Jacket O-6292
  </name>
  <category>
   Jacket
  </category>
  <size>
   XL
  </size>
  <color>
   Желтый
  </color>
  <material>
   Лен
  </material>
  <price>
   870892
  </price>
  <rating>
   3.73
  </rating>
  <reviews>
   129537
  </reviews>
  <new>
   -
  </new>
  <sporty>
   no
  </sporty>
 </clothing>
 <clothing>
  <id>
   763567695
  </id>
  <name>
   Lacoste Gloves L-2272
  </name>
  <category>
   Gloves
  </category>
  <size>
   L
  </size>
  <color>
   Голубой
  </color>
  <material>
   Хлопок
  </material>
  <price>
   642311
  </price>
  <rating>
   4.81
  </rating>
  <reviews>
   416000
  </reviews>
  <exclusive>
   no
  </exclusive>
  <sporty>
   no
  </sporty>
 </clothing>
 <clothing>
  <id>
   541732439
  </id>
  <name>
   Converse T-shirt A-9951
  </name>
  <category>
   T-shirt
  </category>
  <size>
   M
  </size>
  <color>
   Фиолетовый
  </color>
  <material>
   Шерсть
  </material>
  <price>
   317549
  </price>
  <rating>
   4.74
  </rating>
  <reviews>
   996427
  </reviews>
  <sporty>
   no
  </sporty>
 </clothing>
 <clothing>
  <id>
   859905838
  </id>
  <name>
   Adidas Hat S-4634
  </name>
  <category>
   Hat
  </category>
  <size>
   S
  </size>
  <color>
   Оранжевый
  </color>
  <material>
   Кожа
  </material>
  <price>
   652386
  </price>
  <rating>
   3.73
  </rating>
  <reviews>
   804848
  </reviews>
  <exclusive>
   yes
  </exclusive>
 </clothing>
 <clothing>
  <id>
   467997524
  </id>
  <name>
   Under Armour T-shirt P-2336
  </name>
  <category>
   T-shirt
  </category>
  <size>
   XL
  </size>
  <color>
   Фиолетовый
  </color>
  <material>
   Полиэстер
  </material>
  <price>
   496635
  </price>
  <rating>
   2.26
  </rating>
  <reviews>
   977435
  </reviews>
  <new>
   +
  </new>
  <sporty>
   no
  </sporty>
 </clothing>
 <clothing>
  <id>
   465395958
  </id>
  <name>
   Reebok Skirt O-1594
  </name>
  <category>
   Skirt
  </category>
  <size>
   XL
  </size>
  <color>
   Фиолетовый
  </color>
  <material>
   Шерсть
  </material>
  <price>
   319114
  </price>
  <rating>
   3.64
  </rating>
  <reviews>
   499860
  </reviews>
  <new>
   -
  </new>
  <exclusive>
   yes
  </exclusive>
 </clothing>
 <clothing>
  <id>
   804512309
  </id>
  <name>
   DC Shoes I-8052
  </name>
  <category>
   Shoes
  </category>
  <size>
   L
  </size>
  <color>
   Желтый
  </color>
  <material>
   Кожа
  </material>
  <price>
   178172
  </price>
  <rating>
   4.94
  </rating>
  <reviews>
   30751
  </reviews>
  <sporty>
   yes
  </sporty>
 </clothing>
 <clothing>
  <id>
   500634471
  </id>
  <name>
   Brooks Shoes O-2503
  </name>
  <category>
   Shoes
  </category>
  <size>
   XXL
  </size>
  <color>
   Голубой
  </color>
  <material>
   Полиэстер
  </material>
  <price>
   716321
  </price>
  <rating>
   4.51
  </rating>
  <reviews>
   480466
  </reviews>
 </clothing>
 <clothing>
  <id>
   480913760
  </id>
  <name>
   Addidas Belts E-4750
  </name>
  <category>
   Belts
  </category>
  <size>
   XXL
  </size>
  <color>
   Желтый
  </color>
  <material>
   Кожа
  </material>
  <price>
   960746
  </price>
  <rating>
   2.9
  </rating>
  <reviews>
   627090
  </reviews>
  <new>
   +
  </new>
  <exclusive>
   yes
  </exclusive>
 </clothing>
 <clothing>
  <id>
   361063271
  </id>
  <name>
   Adidas Jeans A-2577
  </name>
  <category>
   Jeans
  </category>
  <size>
   L
  </size>
  <color>
   Оранжевый
  </color>
  <material>
   Шерсть
  </material>
  <price>
   443678
  </price>
  <rating>
   4.59
  </rating>
  <reviews>
   958856
  </reviews>
  <new>
   -
  </new>
  <exclusive>
   no
  </exclusive>
 </clothing>
 <clothing>
  <id>
   270854465
  </id>
  <name>
   DC Blouse F-7522
  </name>
  <category>
   Blouse
  </category>
  <size>
   XL
  </size>
  <color>
   Фиолетовый
  </color>
  <material>
   Лен
  </material>
  <price>
   104703
  </price>
  <rating>
   2.07
  </rating>
  <reviews>
   732425
  </reviews>
 </clothing>
 <clothing>
  <id>
   422521183
  </id>
  <name>
   Fila Belts D-2999
  </name>
  <category>
   Belts
  </category>
  <size>
   M
  </size>
  <color>
   Голубой
  </color>
  <material>
   Вискоза
  </material>
  <price>
   930943
  </price>
  <rating>
   3.58
  </rating>
  <reviews>
   895102
  </reviews>
 </clothing>
 <clothing>
  <id>
   119551288
  </id>
  <name>
   Puma Gloves G-9897
  </name>
  <category>
   Gloves
  </category>
  <size>
   L
  </size>
  <color>
   Желтый
  </color>
  <material>
   Вискоза
  </material>
  <price>
   595370
  </price>
  <rating>
   1.29
  </rating>
  <reviews>
   406189
  </reviews>
  <new>
   +
  </new>
  <sporty>
   yes
  </sporty>
 </clothing>
 <clothing>
  <id>
   104584243
  </id>
  <name>
   Ellesse Handbags U-5469
  </name>
  <category>
   Handbags
  </category>
  <size>
   XL
  </size>
  <color>
   Оранжевый
  </color>
  <material>
   Шелк
  </material>
  <price>
   303031
  </price>
  <rating>
   3.11
  </rating>
  <reviews>
   617629
  </reviews>
  <new>
   +
  </new>
  <exclusive>
   yes
  </exclusive>
  <sporty>
   no
  </sporty>
 </clothing>
 <clothing>
  <id>
   996391897
  </id>
  <name>
   Adidas Dress A-6752
  </name>
  <category>
   Dress
  </category>
  <size>
   M
  </size>
  <color>
   Красный
  </color>
  <material>
   Полиэстер
  </material>
  <price>
   877379
  </price>
  <rating>
   2.1
  </rating>
  <reviews>
   980362
  </reviews>
  <sporty>
   yes
  </sporty>
 </clothing>
 <clothing>
  <id>
   970796409
  </id>
  <name>
   Converse Hat R-4959
  </name>
  <category>
   Hat
  </category>
  <size>
   M
  </size>
  <color>
   Голубой
  </color>
  <material>
   Хлопок
  </material>
  <price>
   624809
  </price>
  <rating>
   1.08
  </rating>
  <reviews>
   323105
  </reviews>
  <new>
   +
  </new>
  <sporty>
   no
  </sporty>
 </clothing>
 <clothing>
  <id>
   114182250
  </id>
  <name>
   Addidas Shoes Y-2522
  </name>
  <category>
   Shoes
  </category>
  <size>
   M
  </size>
  <color>
   Синий
  </color>
  <material>
   Нейлон
  </material>
  <price>
   823284
  </price>
  <rating>
   3.7
  </rating>
  <reviews>
   714759
  </reviews>
 </clothing>
 <clothing>
  <id>
   104662449
  </id>
  <name>
   Vans Jacket M-8732
  </name>
  <category>
   Jacket
  </category>
  <size>
   M
  </size>
  <color>
   Оранжевый
  </color>
  <material>
   Шелк
  </material>
  <price>
   268265
  </price>
  <rating>
   1.67
  </rating>
  <reviews>
   741307
  </reviews>
  <new>
   -
  </new>
  <exclusive>
   no
  </exclusive>
  <sporty>
   no
  </sporty>
 </clothing>
 <clothing>
  <id>
   939655784
  </id>
  <name>
   Vans Pants Z-9340
  </name>
  <category>
   Pants
  </category>
  <size>
   S
  </size>
  <color>
   Оранжевый
  </color>
  <material>
   Шерсть
  </material>
  <price>
   926518
  </price>
  <rating>
   3.6
  </rating>
  <reviews>
   534907
  </reviews>
 </clothing>
 <clothing>
  <id>
   952765216
  </id>
  <name>
   Adidas Pants H-5972
  </name>
  <category>
   Pants
  </category>
  <size>
   XXL
  </size>
  <color>
   Красный
  </color>
  <material>
   Хлопок
  </material>
  <price>
   457955
  </price>
  <rating>
   3.92
  </rating>
  <reviews>
   280135
  </reviews>
  <new>
   -
  </new>
 </clothing>
 <clothing>
  <id>
   707590542
  </id>
  <name>
   PleinSport Pants M-5569
  </name>
  <category>
   Pants
  </category>
  <size>
   L
  </size>
  <color>
   Синий
  </color>
  <material>
   Вискоза
  </material>
  <price>
   414629
  </price>
  <rating>
   2.83
  </rating>
  <reviews>
   495621
  </reviews>
  <exclusive>
   no
  </exclusive>
  <sporty>
   yes
  </sporty>
 </clothing>
 <clothing>
  <id>
   508813151
  </id>
  <name>
   DC Pants B-6502
  </name>
  <category>
   Pants
  </category>
  <size>
   S
  </size>
  <color>
   Красный
  </color>
  <material>
   Шерсть
  </material>
  <price>
   903739
  </price>
  <rating>
   3.04
  </rating>
  <reviews>
   69643
  </reviews>
  <exclusive>
   no
  </exclusive>
  <sporty>
   no
  </sporty>
 </clothing>
 <clothing>
  <id>
   876173064
  </id>
  <name>
   Vans Hat I-5757
  </name>
  <category>
   Hat
  </category>
  <size>
   XL
  </size>
  <color>
   Фиолетовый
  </color>
  <material>
   Хлопок
  </material>
  <price>
   143108
  </price>
  <rating>
   2.48
  </rating>
  <reviews>
   897976
  </reviews>
  <new>
   -
  </new>
  <exclusive>
   no
  </exclusive>
  <sporty>
   no
  </sporty>
 </clothing>
 <clothing>
  <id>
   479781663
  </id>
  <name>
   Vans Sweater U-2043
  </name>
  <category>
   Sweater
  </category>
  <size>
   L
  </size>
  <color>
   Фиолетовый
  </color>
  <material>
   Шерсть
  </material>
  <price>
   124093
  </price>
  <rating>
   3.75
  </rating>
  <reviews>
   135730
  </reviews>
  <new>
   -
  </new>
  <sporty>
   yes
  </sporty>
 </clothing>
 <clothing>
  <id>
   258246628
  </id>
  <name>
   Asics Jacket Z-8359
  </name>
  <category>
   Jacket
  </category>
  <size>
   M
  </size>
  <color>
   Оранжевый
  </color>
  <material>
   Полиэстер
  </material>
  <price>
   174631
  </price>
  <rating>
   2.28
  </rating>
  <reviews>
   702047
  </reviews>
  <new>
   -
  </new>
  <sporty>
   yes
  </sporty>
 </clothing>
 <clothing>
  <id>
   818866721
  </id>
  <name>
   Brooks Jeans R-9471
  </name>
  <category>
   Jeans
  </category>
  <size>
   M
  </size>
  <color>
   Желтый
  </color>
  <material>
   Полиэстер
  </material>
  <price>
   910753
  </price>
  <rating>
   2.97
  </rating>
  <reviews>
   433203
  </reviews>
  <new>
   -
  </new>
  <exclusive>
   no
  </exclusive>
  <sporty>
   no
  </sporty>
 </clothing>
 <clothing>
  <id>
   302661037
  </id>
  <name>
   Lacoste Shoes D-5350
  </name>
  <category>
   Shoes
  </category>
  <size>
   M
  </size>
  <color>
   Оранжевый
  </color>
  <material>
   Кожа
  </material>
  <price>
   845419
  </price>
  <rating>
   1.25
  </rating>
  <reviews>
   17900
  </reviews>
  <new>
   -
  </new>
  <exclusive>
   yes
  </exclusive>
  <sporty>
   no
  </sporty>
 </clothing>
 <clothing>
  <id>
   850128798
  </id>
  <name>
   Addidas Pants D-5437
  </name>
  <category>
   Pants
  </category>
  <size>
   S
  </size>
  <color>
   Фиолетовый
  </color>
  <material>
   Хлопок
  </material>
  <price>
   389184
  </price>
  <rating>
   2.32
  </rating>
  <reviews>
   339027
  </reviews>
  <new>
   -
  </new>
  <exclusive>
   no
  </exclusive>
 </clothing>
 <clothing>
  <id>
   222274585
  </id>
  <name>
   Brooks Hat I-5720
  </name>
  <category>
   Hat
  </category>
  <size>
   S
  </size>
  <color>
   Зеленый
  </color>
  <material>
   Шерсть
  </material>
  <price>
   159402
  </price>
  <rating>
   4.9
  </rating>
  <reviews>
   105585
  </reviews>
  <exclusive>
   no
  </exclusive>
 </clothing>
 <clothing>
  <id>
   503405047
  </id>
  <name>
   Puma Shoes S-1351
  </name>
  <category>
   Shoes
  </category>
  <size>
   L
  </size>
  <color>
   Голубой
  </color>
  <material>
   Шерсть
  </material>
  <price>
   719484
  </price>
  <rating>
   3.88
  </rating>
  <reviews>
   69501
  </reviews>
  <new>
   -
  </new>
  <exclusive>
   no
  </exclusive>
  <sporty>
   no
  </sporty>
 </clothing>
 <clothing>
  <id>
   813828687
  </id>
  <name>
   Converse Shirt U-2762
  </name>
  <category>
   Shirt
  </category>
  <size>
   S
  </size>
  <color>
   Зеленый
  </color>
  <material>
   Шерсть
  </material>
  <price>
   778844
  </price>
  <rating>
   3.94
  </rating>
  <reviews>
   751683
  </reviews>
  <new>
   -
  </new>
  <sporty>
   yes
  </sporty>
 </clothing>
 <clothing>
  <id>
   522869750
  </id>
  <name>
   DC Shoes R-6342
  </name>
  <category>
   Shoes
  </category>
  <size>
   XL
  </size>
  <color>
   Фиолетовый
  </color>
  <material>
   Шерсть
  </material>
  <price>
   183362
  </price>
  <rating>
   1.75
  </rating>
  <reviews>
   933098
  </reviews>
  <new>
   +
  </new>
  <exclusive>
   no
  </exclusive>
  <sporty>
   no
  </sporty>
 </clothing>
 <clothing>
  <id>
   143867735
  </id>
  <name>
   Brooks Belts C-8300
  </name>
  <category>
   Belts
  </category>
  <size>
   XXL
  </size>
  <color>
   Желтый
  </color>
  <material>
   Хлопок
  </material>
  <price>
   212091
  </price>
  <rating>
   3.25
  </rating>
  <reviews>
   848109
  </reviews>
  <new>
   -
  </new>
  <exclusive>
   no
  </exclusive>
 </clothing>
 <clothing>
  <id>
   138484899
  </id>
  <name>
   Fila T-shirt K-9523
  </name>
  <category>
   T-shirt
  </category>
  <size>
   XXL
  </size>
  <color>
   Красный
  </color>
  <material>
   Шерсть
  </material>
  <price>
   932224
  </price>
  <rating>
   2.1
  </rating>
  <reviews>
   525118
  </reviews>
 </clothing>
 <clothing>
  <id>
   859810567
  </id>
  <name>
   Vans Skirt X-8691
  </name>
  <category>
   Skirt
  </category>
  <size>
   XXL
  </size>
  <color>
   Желтый
  </color>
  <material>
   Шерсть
  </material>
  <price>
   603782
  </price>
  <rating>
   1.47
  </rating>
  <reviews>
   141228
  </reviews>
  <new>
   +
  </new>
  <sporty>
   no
  </sporty>
 </clothing>
 <clothing>
  <id>
   657469278
  </id>
  <name>
   Ellesse Jeans M-8835
  </name>
  <category>
   Jeans
  </category>
  <size>
   S
  </size>
  <color>
   Красный
  </color>
  <material>
   Вискоза
  </material>
  <price>
   855460
  </price>
  <rating>
   2.17
  </rating>
  <reviews>
   912142
  </reviews>
  <sporty>
   no
  </sporty>
 </clothing>
 <clothing>
  <id>
   653187847
  </id>
  <name>
   Under Armour Umbrellas M-2037
  </name>
  <category>
   Umbrellas
  </category>
  <size>
   M
  </size>
  <color>
   Голубой
  </color>
  <material>
   Шерсть
  </material>
  <price>
   192307
  </price>
  <rating>
   2.44
  </rating>
  <reviews>
   559567
  </reviews>
  <new>
   -
  </new>
  <exclusive>
   yes
  </exclusive>
  <sporty>
   no
  </sporty>
 </clothing>
</clothing-items>
