<?xml version="1.0" encoding="utf-8"?>
<clothing-items>
 <clothing>
  <id>
   917587790
  </id>
  <name>
   Brooks Gloves U-5597
  </name>
  <category>
   Gloves
  </category>
  <size>
   XL
  </size>
  <color>
   Зеленый
  </color>
  <material>
   Нейлон
  </material>
  <price>
   421099
  </price>
  <rating>
   4.16
  </rating>
  <reviews>
   526041
  </reviews>
  <new>
   -
  </new>
  <exclusive>
   no
  </exclusive>
  <sporty>
   no
  </sporty>
 </clothing>
 <clothing>
  <id>
   390967410
  </id>
  <name>
   DC Gloves D-9694
  </name>
  <category>
   Gloves
  </category>
  <size>
   XL
  </size>
  <color>
   Фиолетовый
  </color>
  <material>
   Нейлон
  </material>
  <price>
   354089
  </price>
  <rating>
   4.72
  </rating>
  <reviews>
   670391
  </reviews>
  <exclusive>
   yes
  </exclusive>
  <sporty>
   no
  </sporty>
 </clothing>
 <clothing>
  <id>
   923625956
  </id>
  <name>
   Asics Jacket B-7373
  </name>
  <category>
   Jacket
  </category>
  <size>
   XL
  </size>
  <color>
   Красный
  </color>
  <material>
   Вискоза
  </material>
  <price>
   617665
  </price>
  <rating>
   4.48
  </rating>
  <reviews>
   948323
  </reviews>
  <exclusive>
   yes
  </exclusive>
  <sporty>
   yes
  </sporty>
 </clothing>
 <clothing>
  <id>
   684506329
  </id>
  <name>
   Reebok Socks O-6508
  </name>
  <category>
   Socks
  </category>
  <size>
   L
  </size>
  <color>
   Желтый
  </color>
  <material>
   Вискоза
  </material>
  <price>
   886847
  </price>
  <rating>
   2.83
  </rating>
  <reviews>
   819457
  </reviews>
  <new>
   +
  </new>
 </clothing>
 <clothing>
  <id>
   413622242
  </id>
  <name>
   Adidas T-shirt D-1216
  </name>
  <category>
   T-shirt
  </category>
  <size>
   M
  </size>
  <color>
   Красный
  </color>
  <material>
   Вискоза
  </material>
  <price>
   876872
  </price>
  <rating>
   4.78
  </rating>
  <reviews>
   104559
  </reviews>
  <sporty>
   yes
  </sporty>
 </clothing>
 <clothing>
  <id>
   108292210
  </id>
  <name>
   Fila T-shirt H-1035
  </name>
  <category>
   T-shirt
  </category>
  <size>
   L
  </size>
  <color>
   Синий
  </color>
  <material>
   Хлопок
  </material>
  <price>
   900486
  </price>
  <rating>
   1.4
  </rating>
  <reviews>
   551495
  </reviews>
  <new>
   -
  </new>
  <exclusive>
   no
  </exclusive>
  <sporty>
   no
  </sporty>
 </clothing>
 <clothing>
  <id>
   862684455
  </id>
  <name>
   Nike Umbrellas S-5694
  </name>
  <category>
   Umbrellas
  </category>
  <size>
   XXL
  </size>
  <color>
   Фиолетовый
  </color>
  <material>
   Шерсть
  </material>
  <price>
   256481
  </price>
  <rating>
   1.41
  </rating>
  <reviews>
   55258
  </reviews>
 </clothing>
 <clothing>
  <id>
   504563623
  </id>
  <name>
   Fila Dress A-6325
  </name>
  <category>
   Dress
  </category>
  <size>
   XL
  </size>
  <color>
   Голубой
  </color>
  <material>
   Шелк
  </material>
  <price>
   262661
  </price>
  <rating>
   3.93
  </rating>
  <reviews>
   746217
  </reviews>
  <new>
   -
  </new>
  <sporty>
   yes
  </sporty>
 </clothing>
 <clothing>
  <id>
   396250596
  </id>
  <name>
   PleinSport Socks F-3953
  </name>
  <category>
   Socks
  </category>
  <size>
   XL
  </size>
  <color>
   Синий
  </color>
  <material>
   Шелк
  </material>
  <price>
   340464
  </price>
  <rating>
   3.24
  </rating>
  <reviews>
   289788
  </reviews>
  <new>
   +
  </new>
  <exclusive>
   no
  </exclusive>
  <sporty>
   no
  </sporty>
 </clothing>
 <clothing>
  <id>
   486152305
  </id>
  <name>
   New Balance Skirt L-8720
  </name>
  <category>
   Skirt
  </category>
  <size>
   M
  </size>
  <color>
   Красный
  </color>
  <material>
   Хлопок
  </material>
  <price>
   723396
  </price>
  <rating>
   3.75
  </rating>
  <reviews>
   31274
  </reviews>
  <sporty>
   no
  </sporty>
 </clothing>
 <clothing>
  <id>
   569603344
  </id>
  <name>
   Fila Shirt B-4787
  </name>
  <category>
   Shirt
  </category>
  <size>
   S
  </size>
  <color>
   Голубой
  </color>
  <material>
   Шелк
  </material>
  <price>
   152833
  </price>
  <rating>
   4.35
  </rating>
  <reviews>
   829612
  </reviews>
  <new>
   +
  </new>
 </clothing>
 <clothing>
  <id>
   624868622
  </id>
  <name>
   Reebok Jacket V-8299
  </name>
  <category>
   Jacket
  </category>
  <size>
   XXL
  </size>
  <color>
   Синий
  </color>
  <material>
   Лен
  </material>
  <price>
   198371
  </price>
  <rating>
   2.0
  </rating>
  <reviews>
   481371
  </reviews>
  <exclusive>
   yes
  </exclusive>
  <sporty>
   no
  </sporty>
 </clothing>
 <clothing>
  <id>
   178678278
  </id>
  <name>
   Vans Shirt T-8585
  </name>
  <category>
   Shirt
  </category>
  <size>
   XXL
  </size>
  <color>
   Желтый
  </color>
  <material>
   Шелк
  </material>
  <price>
   204207
  </price>
  <rating>
   2.65
  </rating>
  <reviews>
   836477
  </reviews>
  <sporty>
   yes
  </sporty>
 </clothing>
 <clothing>
  <id>
   494871752
  </id>
  <name>
   Addidas Belts T-6554
  </name>
  <category>
   Belts
  </category>
  <size>
   M
  </size>
  <color>
   Синий
  </color>
  <material>
   Шелк
  </material>
  <price>
   260892
  </price>
  <rating>
   2.12
  </rating>
  <reviews>
   119398
  </reviews>
  <exclusive>
   no
  </exclusive>
 </clothing>
 <clothing>
  <id>
   630305642
  </id>
  <name>
   Fila Shirt K-4916
  </name>
  <category>
   Shirt
  </category>
  <size>
   XXL
  </size>
  <color>
   Красный
  </color>
  <material>
   Кожа
  </material>
  <price>
   117402
  </price>
  <rating>
   1.38
  </rating>
  <reviews>
   400451
  </reviews>
  <exclusive>
   no
  </exclusive>
  <sporty>
   no
  </sporty>
 </clothing>
 <clothing>
  <id>
   730808242
  </id>
  <name>
   Under Armour Sweater D-5413
  </name>
  <category>
   Sweater
  </category>
  <size>
   XL
  </size>
  <color>
   Голубой
  </color>
  <material>
   Шерсть
  </material>
  <price>
   407313
  </price>
  <rating>
   2.02
  </rating>
  <reviews>
   915054
  </reviews>
  <exclusive>
   yes
  </exclusive>
 </clothing>
 <clothing>
  <id>
   372796676
  </id>
  <name>
   Asics Socks P-5804
  </name>
  <category>
   Socks
  </category>
  <size>
   XXL
  </size>
  <color>
   Зеленый
  </color>
  <material>
   Хлопок
  </material>
  <price>
   303109
  </price>
  <rating>
   4.77
  </rating>
  <reviews>
   160828
  </reviews>
 </clothing>
 <clothing>
  <id>
   607295832
  </id>
  <name>
   PleinSport Umbrellas V-3996
  </name>
  <category>
   Umbrellas
  </category>
  <size>
   XXL
  </size>
  <color>
   Голубой
  </color>
  <material>
   Хлопок
  </material>
  <price>
   284795
  </price>
  <rating>
   1.15
  </rating>
  <reviews>
   847731
  </reviews>
  <new>
   -
  </new>
  <sporty>
   no
  </sporty>
 </clothing>
 <clothing>
  <id>
   941571299
  </id>
  <name>
   Brooks Jeans A-1092
  </name>
  <category>
   Jeans
  </category>
  <size>
   L
  </size>
  <color>
   Синий
  </color>
  <material>
   Шелк
  </material>
  <price>
   959820
  </price>
  <rating>
   3.68
  </rating>
  <reviews>
   671886
  </reviews>
  <new>
   -
  </new>
  <exclusive>
   yes
  </exclusive>
  <sporty>
   no
  </sporty>
 </clothing>
 <clothing>
  <id>
   796634201
  </id>
  <name>
   New Balance Handbags B-9393
  </name>
  <category>
   Handbags
  </category>
  <size>
   XL
  </size>
  <color>
   Красный
  </color>
  <material>
   Нейлон
  </material>
  <price>
   834418
  </price>
  <rating>
   5.0
  </rating>
  <reviews>
   608503
  </reviews>
  <sporty>
   no
  </sporty>
 </clothing>
 <clothing>
  <id>
   144559335
  </id>
  <name>
   Converse Hat H-5983
  </name>
  <category>
   Hat
  </category>
  <size>
   M
  </size>
  <color>
   Оранжевый
  </color>
  <material>
   Нейлон
  </material>
  <price>
   222940
  </price>
  <rating>
   2.2
  </rating>
  <reviews>
   662547
  </reviews>
  <new>
   +
  </new>
  <exclusive>
   no
  </exclusive>
  <sporty>
   yes
  </sporty>
 </clothing>
 <clothing>
  <id>
   807355526
  </id>
  <name>
   DC Dress M-9196
  </name>
  <category>
   Dress
  </category>
  <size>
   XXL
  </size>
  <color>
   Зеленый
  </color>
  <material>
   Полиэстер
  </material>
  <price>
   170052
  </price>
  <rating>
   3.0
  </rating>
  <reviews>
   451947
  </reviews>
  <new>
   -
  </new>
 </clothing>
 <clothing>
  <id>
   845811045
  </id>
  <name>
   Fila Shirt K-6009
  </name>
  <category>
   Shirt
  </category>
  <size>
   M
  </size>
  <color>
   Желтый
  </color>
  <material>
   Хлопок
  </material>
  <price>
   773500
  </price>
  <rating>
   2.26
  </rating>
  <reviews>
   465569
  </reviews>
  <new>
   +
  </new>
  <sporty>
   no
  </sporty>
 </clothing>
 <clothing>
  <id>
   426727367
  </id>
  <name>
   Fila Socks H-3130
  </name>
  <category>
   Socks
  </category>
  <size>
   M
  </size>
  <color>
   Зеленый
  </color>
  <material>
   Вискоза
  </material>
  <price>
   214194
  </price>
  <rating>
   2.47
  </rating>
  <reviews>
   125503
  </reviews>
  <new>
   -
  </new>
 </clothing>
 <clothing>
  <id>
   150348291
  </id>
  <name>
   Under Armour Dress L-2242
  </name>
  <category>
   Dress
  </category>
  <size>
   XL
  </size>
  <color>
   Оранжевый
  </color>
  <material>
   Шелк
  </material>
  <price>
   288373
  </price>
  <rating>
   1.39
  </rating>
  <reviews>
   485865
  </reviews>
  <exclusive>
   no
  </exclusive>
 </clothing>
 <clothing>
  <id>
   238444122
  </id>
  <name>
   New Balance Dress D-2654
  </name>
  <category>
   Dress
  </category>
  <size>
   XL
  </size>
  <color>
   Синий
  </color>
  <material>
   Шелк
  </material>
  <price>
   108523
  </price>
  <rating>
   3.77
  </rating>
  <reviews>
   66508
  </reviews>
  <new>
   +
  </new>
  <exclusive>
   no
  </exclusive>
 </clothing>
 <clothing>
  <id>
   517839001
  </id>
  <name>
   Brooks Hat C-8128
  </name>
  <category>
   Hat
  </category>
  <size>
   L
  </size>
  <color>
   Голубой
  </color>
  <material>
   Вискоза
  </material>
  <price>
   234872
  </price>
  <rating>
   3.9
  </rating>
  <reviews>
   874094
  </reviews>
  <exclusive>
   yes
  </exclusive>
  <sporty>
   no
  </sporty>
 </clothing>
 <clothing>
  <id>
   108939278
  </id>
  <name>
   Reebok Pants M-6608
  </name>
  <category>
   Pants
  </category>
  <size>
   S
  </size>
  <color>
   Синий
  </color>
  <material>
   Нейлон
  </material>
  <price>
   676758
  </price>
  <rating>
   3.1
  </rating>
  <reviews>
   876580
  </reviews>
  <new>
   +
  </new>
  <sporty>
   yes
  </sporty>
 </clothing>
 <clothing>
  <id>
   655243536
  </id>
  <name>
   Reebok Umbrellas A-3125
  </name>
  <category>
   Umbrellas
  </category>
  <size>
   M
  </size>
  <color>
   Зеленый
  </color>
  <material>
   Лен
  </material>
  <price>
   462124
  </price>
  <rating>
   2.51
  </rating>
  <reviews>
   218974
  </reviews>
  <new>
   +
  </new>
  <exclusive>
   yes
  </exclusive>
  <sporty>
   yes
  </sporty>
 </clothing>
 <clothing>
  <id>
   544438043
  </id>
  <name>
   DC T-shirt Z-8940
  </name>
  <category>
   T-shirt
  </category>
  <size>
   L
  </size>
  <color>
   Голубой
  </color>
  <material>
   Кожа
  </material>
  <price>
   560458
  </price>
  <rating>
   1.82
  </rating>
  <reviews>
   104707
  </reviews>
  <new>
   +
  </new>
  <sporty>
   yes
  </sporty>
 </clothing>
 <clothing>
  <id>
   386847890
  </id>
  <name>
   Brooks Dress M-8229
  </name>
  <category>
   Dress
  </category>
  <size>
   S
  </size>
  <color>
   Синий
  </color>
  <material>
   Полиэстер
  </material>
  <price>
   977507
  </price>
  <rating>
   4.68
  </rating>
  <reviews>
   674616
  </reviews>
  <new>
   +
  </new>
  <exclusive>
   no
  </exclusive>
  <sporty>
   yes
  </sporty>
 </clothing>
 <clothing>
  <id>
   929500977
  </id>
  <name>
   Nike Socks C-7924
  </name>
  <category>
   Socks
  </category>
  <size>
   L
  </size>
  <color>
   Желтый
  </color>
  <material>
   Полиэстер
  </material>
  <price>
   873026
  </price>
  <rating>
   3.48
  </rating>
  <reviews>
   488857
  </reviews>
  <new>
   +
  </new>
 </clothing>
 <clothing>
  <id>
   841983987
  </id>
  <name>
   Ellesse Skirt D-2994
  </name>
  <category>
   Skirt
  </category>
  <size>
   S
  </size>
  <color>
   Зеленый
  </color>
  <material>
   Нейлон
  </material>
  <price>
   535534
  </price>
  <rating>
   4.53
  </rating>
  <reviews>
   192402
  </reviews>
  <new>
   -
  </new>
  <exclusive>
   no
  </exclusive>
  <sporty>
   no
  </sporty>
 </clothing>
 <clothing>
  <id>
   902320278
  </id>
  <name>
   Lacoste Gloves O-1264
  </name>
  <category>
   Gloves
  </category>
  <size>
   L
  </size>
  <color>
   Голубой
  </color>
  <material>
   Нейлон
  </material>
  <price>
   413926
  </price>
  <rating>
   1.81
  </rating>
  <reviews>
   92130
  </reviews>
  <new>
   -
  </new>
  <exclusive>
   no
  </exclusive>
  <sporty>
   yes
  </sporty>
 </clothing>
 <clothing>
  <id>
   488973926
  </id>
  <name>
   Fila Skirt K-3769
  </name>
  <category>
   Skirt
  </category>
  <size>
   XXL
  </size>
  <color>
   Зеленый
  </color>
  <material>
   Полиэстер
  </material>
  <price>
   467656
  </price>
  <rating>
   3.92
  </rating>
  <reviews>
   85828
  </reviews>
  <new>
   +
  </new>
 </clothing>
 <clothing>
  <id>
   265127410
  </id>
  <name>
   Vans Jeans I-5641
  </name>
  <category>
   Jeans
  </category>
  <size>
   S
  </size>
  <color>
   Синий
  </color>
  <material>
   Шерсть
  </material>
  <price>
   205207
  </price>
  <rating>
   1.06
  </rating>
  <reviews>
   269399
  </reviews>
  <exclusive>
   no
  </exclusive>
  <sporty>
   yes
  </sporty>
 </clothing>
 <clothing>
  <id>
   785063779
  </id>
  <name>
   Vans Blouse M-7153
  </name>
  <category>
   Blouse
  </category>
  <size>
   S
  </size>
  <color>
   Фиолетовый
  </color>
  <material>
   Шелк
  </material>
  <price>
   685182
  </price>
  <rating>
   3.2
  </rating>
  <reviews>
   157513
  </reviews>
  <new>
   -
  </new>
  <sporty>
   yes
  </sporty>
 </clothing>
 <clothing>
  <id>
   333107898
  </id>
  <name>
   Vans Skirt N-7872
  </name>
  <category>
   Skirt
  </category>
  <size>
   M
  </size>
  <color>
   Синий
  </color>
  <material>
   Хлопок
  </material>
  <price>
   779910
  </price>
  <rating>
   1.55
  </rating>
  <reviews>
   607356
  </reviews>
  <new>
   +
  </new>
  <exclusive>
   no
  </exclusive>
  <sporty>
   no
  </sporty>
 </clothing>
 <clothing>
  <id>
   268402015
  </id>
  <name>
   PleinSport Gloves T-3648
  </name>
  <category>
   Gloves
  </category>
  <size>
   M
  </size>
  <color>
   Красный
  </color>
  <material>
   Вискоза
  </material>
  <price>
   973026
  </price>
  <rating>
   1.83
  </rating>
  <reviews>
   712177
  </reviews>
  <new>
   +
  </new>
  <sporty>
   no
  </sporty>
 </clothing>
 <clothing>
  <id>
   793177973
  </id>
  <name>
   Brooks Handbags T-3929
  </name>
  <category>
   Handbags
  </category>
  <size>
   XL
  </size>
  <color>
   Голубой
  </color>
  <material>
   Кожа
  </material>
  <price>
   866598
  </price>
  <rating>
   3.73
  </rating>
  <reviews>
   863424
  </reviews>
  <new>
   -
  </new>
  <exclusive>
   no
  </exclusive>
 </clothing>
 <clothing>
  <id>
   800244677
  </id>
  <name>
   PleinSport Belts J-5017
  </name>
  <category>
   Belts
  </category>
  <size>
   XXL
  </size>
  <color>
   Фиолетовый
  </color>
  <material>
   Шерсть
  </material>
  <price>
   969079
  </price>
  <rating>
   4.35
  </rating>
  <reviews>
   604649
  </reviews>
  <new>
   +
  </new>
  <sporty>
   no
  </sporty>
 </clothing>
 <clothing>
  <id>
   335974607
  </id>
  <name>
   Puma Socks I-7141
  </name>
  <category>
   Socks
  </category>
  <size>
   M
  </size>
  <color>
   Желтый
  </color>
  <material>
   Лен
  </material>
  <price>
   970247
  </price>
  <rating>
   4.47
  </rating>
  <reviews>
   332330
  </reviews>
  <new>
   -
  </new>
  <exclusive>
   yes
  </exclusive>
  <sporty>
   no
  </sporty>
 </clothing>
</clothing-items>
