<?xml version="1.0" encoding="utf-8"?>
<clothing-items>
 <clothing>
  <id>
   831600234
  </id>
  <name>
   Adidas Dress B-6914
  </name>
  <category>
   Dress
  </category>
  <size>
   M
  </size>
  <color>
   Оранжевый
  </color>
  <material>
   Лен
  </material>
  <price>
   645144
  </price>
  <rating>
   2.65
  </rating>
  <reviews>
   301831
  </reviews>
  <new>
   +
  </new>
  <sporty>
   yes
  </sporty>
 </clothing>
 <clothing>
  <id>
   250594100
  </id>
  <name>
   Addidas Skirt N-1468
  </name>
  <category>
   Skirt
  </category>
  <size>
   S
  </size>
  <color>
   Голубой
  </color>
  <material>
   Хлопок
  </material>
  <price>
   542713
  </price>
  <rating>
   1.23
  </rating>
  <reviews>
   714245
  </reviews>
  <new>
   +
  </new>
  <exclusive>
   no
  </exclusive>
  <sporty>
   yes
  </sporty>
 </clothing>
 <clothing>
  <id>
   982075871
  </id>
  <name>
   DC Blouse X-8427
  </name>
  <category>
   Blouse
  </category>
  <size>
   XL
  </size>
  <color>
   Фиолетовый
  </color>
  <material>
   Вискоза
  </material>
  <price>
   509972
  </price>
  <rating>
   2.32
  </rating>
  <reviews>
   62069
  </reviews>
  <new>
   +
  </new>
  <exclusive>
   no
  </exclusive>
  <sporty>
   yes
  </sporty>
 </clothing>
 <clothing>
  <id>
   939895505
  </id>
  <name>
   Converse Socks Q-2286
  </name>
  <category>
   Socks
  </category>
  <size>
   XL
  </size>
  <color>
   Синий
  </color>
  <material>
   Полиэстер
  </material>
  <price>
   356211
  </price>
  <rating>
   2.8
  </rating>
  <reviews>
   689905
  </reviews>
  <sporty>
   yes
  </sporty>
 </clothing>
 <clothing>
  <id>
   892687189
  </id>
  <name>
   Puma Jeans A-3967
  </name>
  <category>
   Jeans
  </category>
  <size>
   S
  </size>
  <color>
   Синий
  </color>
  <material>
   Лен
  </material>
  <price>
   879507
  </price>
  <rating>
   4.21
  </rating>
  <reviews>
   914847
  </reviews>
  <new>
   +
  </new>
  <exclusive>
   no
  </exclusive>
 </clothing>
 <clothing>
  <id>
   680367785
  </id>
  <name>
   Converse Pants G-6862
  </name>
  <category>
   Pants
  </category>
  <size>
   XXL
  </size>
  <color>
   Голубой
  </color>
  <material>
   Лен
  </material>
  <price>
   971251
  </price>
  <rating>
   2.1
  </rating>
  <reviews>
   806082
  </reviews>
 </clothing>
 <clothing>
  <id>
   441056016
  </id>
  <name>
   Lacoste Pants B-2642
  </name>
  <category>
   Pants
  </category>
  <size>
   S
  </size>
  <color>
   Оранжевый
  </color>
  <material>
   Шерсть
  </material>
  <price>
   109641
  </price>
  <rating>
   4.6
  </rating>
  <reviews>
   739488
  </reviews>
  <new>
   +
  </new>
  <exclusive>
   yes
  </exclusive>
 </clothing>
 <clothing>
  <id>
   565201383
  </id>
  <name>
   Fila T-shirt D-2716
  </name>
  <category>
   T-shirt
  </category>
  <size>
   M
  </size>
  <color>
   Синий
  </color>
  <material>
   Лен
  </material>
  <price>
   497907
  </price>
  <rating>
   4.9
  </rating>
  <reviews>
   756094
  </reviews>
  <new>
   +
  </new>
  <exclusive>
   yes
  </exclusive>
  <sporty>
   no
  </sporty>
 </clothing>
 <clothing>
  <id>
   314482876
  </id>
  <name>
   Ellesse Gloves C-5574
  </name>
  <category>
   Gloves
  </category>
  <size>
   XL
  </size>
  <color>
   Голубой
  </color>
  <material>
   Лен
  </material>
  <price>
   545197
  </price>
  <rating>
   3.03
  </rating>
  <reviews>
   516323
  </reviews>
 </clothing>
 <clothing>
  <id>
   966692190
  </id>
  <name>
   Adidas Handbags S-2071
  </name>
  <category>
   Handbags
  </category>
  <size>
   S
  </size>
  <color>
   Голубой
  </color>
  <material>
   Шерсть
  </material>
  <price>
   107581
  </price>
  <rating>
   1.9
  </rating>
  <reviews>
   315593
  </reviews>
  <exclusive>
   no
  </exclusive>
  <sporty>
   no
  </sporty>
 </clothing>
 <clothing>
  <id>
   492464357
  </id>
  <name>
   Reebok Jacket P-1298
  </name>
  <category>
   Jacket
  </category>
  <size>
   L
  </size>
  <color>
   Голубой
  </color>
  <material>
   Вискоза
  </material>
  <price>
   565163
  </price>
  <rating>
   4.69
  </rating>
  <reviews>
   415667
  </reviews>
 </clothing>
 <clothing>
  <id>
   732775592
  </id>
  <name>
   Ellesse Umbrellas Y-5327
  </name>
  <category>
   Umbrellas
  </category>
  <size>
   M
  </size>
  <color>
   Голубой
  </color>
  <material>
   Вискоза
  </material>
  <price>
   113258
  </price>
  <rating>
   1.84
  </rating>
  <reviews>
   184419
  </reviews>
  <new>
   +
  </new>
  <exclusive>
   no
  </exclusive>
  <sporty>
   yes
  </sporty>
 </clothing>
 <clothing>
  <id>
   948811996
  </id>
  <name>
   Reebok T-shirt W-5188
  </name>
  <category>
   T-shirt
  </category>
  <size>
   L
  </size>
  <color>
   Голубой
  </color>
  <material>
   Лен
  </material>
  <price>
   320074
  </price>
  <rating>
   2.94
  </rating>
  <reviews>
   330224
  </reviews>
  <new>
   -
  </new>
  <exclusive>
   yes
  </exclusive>
 </clothing>
 <clothing>
  <id>
   515977996
  </id>
  <name>
   New Balance Pants N-1643
  </name>
  <category>
   Pants
  </category>
  <size>
   L
  </size>
  <color>
   Голубой
  </color>
  <material>
   Кожа
  </material>
  <price>
   236796
  </price>
  <rating>
   3.77
  </rating>
  <reviews>
   552102
  </reviews>
  <new>
   -
  </new>
  <exclusive>
   yes
  </exclusive>
 </clothing>
 <clothing>
  <id>
   138275183
  </id>
  <name>
   DC Blouse L-3353
  </name>
  <category>
   Blouse
  </category>
  <size>
   S
  </size>
  <color>
   Синий
  </color>
  <material>
   Лен
  </material>
  <price>
   247796
  </price>
  <rating>
   1.45
  </rating>
  <reviews>
   994435
  </reviews>
  <exclusive>
   no
  </exclusive>
 </clothing>
 <clothing>
  <id>
   199178413
  </id>
  <name>
   Under Armour Shirt O-8880
  </name>
  <category>
   Shirt
  </category>
  <size>
   S
  </size>
  <color>
   Голубой
  </color>
  <material>
   Лен
  </material>
  <price>
   264048
  </price>
  <rating>
   2.38
  </rating>
  <reviews>
   665933
  </reviews>
  <sporty>
   no
  </sporty>
 </clothing>
 <clothing>
  <id>
   735006231
  </id>
  <name>
   PleinSport Gloves A-1822
  </name>
  <category>
   Gloves
  </category>
  <size>
   L
  </size>
  <color>
   Фиолетовый
  </color>
  <material>
   Шелк
  </material>
  <price>
   862410
  </price>
  <rating>
   4.35
  </rating>
  <reviews>
   564093
  </reviews>
  <new>
   +
  </new>
  <exclusive>
   no
  </exclusive>
 </clothing>
 <clothing>
  <id>
   913118423
  </id>
  <name>
   Under Armour Blouse Y-1461
  </name>
  <category>
   Blouse
  </category>
  <size>
   S
  </size>
  <color>
   Красный
  </color>
  <material>
   Хлопок
  </material>
  <price>
   380327
  </price>
  <rating>
   2.03
  </rating>
  <reviews>
   670043
  </reviews>
  <new>
   -
  </new>
  <exclusive>
   no
  </exclusive>
  <sporty>
   no
  </sporty>
 </clothing>
 <clothing>
  <id>
   857791872
  </id>
  <name>
   Puma T-shirt J-7549
  </name>
  <category>
   T-shirt
  </category>
  <size>
   XXL
  </size>
  <color>
   Красный
  </color>
  <material>
   Хлопок
  </material>
  <price>
   176543
  </price>
  <rating>
   3.7
  </rating>
  <reviews>
   180379
  </reviews>
 </clothing>
 <clothing>
  <id>
   574345013
  </id>
  <name>
   Converse Belts R-7928
  </name>
  <category>
   Belts
  </category>
  <size>
   M
  </size>
  <color>
   Зеленый
  </color>
  <material>
   Шерсть
  </material>
  <price>
   604948
  </price>
  <rating>
   2.67
  </rating>
  <reviews>
   289788
  </reviews>
  <sporty>
   no
  </sporty>
 </clothing>
 <clothing>
  <id>
   429994179
  </id>
  <name>
   Under Armour Dress C-6844
  </name>
  <category>
   Dress
  </category>
  <size>
   S
  </size>
  <color>
   Голубой
  </color>
  <material>
   Вискоза
  </material>
  <price>
   157756
  </price>
  <rating>
   4.63
  </rating>
  <reviews>
   215671
  </reviews>
  <exclusive>
   no
  </exclusive>
  <sporty>
   yes
  </sporty>
 </clothing>
 <clothing>
  <id>
   549095172
  </id>
  <name>
   Fila Belts I-9558
  </name>
  <category>
   Belts
  </category>
  <size>
   S
  </size>
  <color>
   Оранжевый
  </color>
  <material>
   Полиэстер
  </material>
  <price>
   637612
  </price>
  <rating>
   3.05
  </rating>
  <reviews>
   134169
  </reviews>
  <sporty>
   no
  </sporty>
 </clothing>
 <clothing>
  <id>
   586268141
  </id>
  <name>
   Adidas Umbrellas C-8137
  </name>
  <category>
   Umbrellas
  </category>
  <size>
   M
  </size>
  <color>
   Желтый
  </color>
  <material>
   Полиэстер
  </material>
  <price>
   618459
  </price>
  <rating>
   4.63
  </rating>
  <reviews>
   769626
  </reviews>
  <exclusive>
   yes
  </exclusive>
 </clothing>
 <clothing>
  <id>
   891706785
  </id>
  <name>
   DC Socks F-3430
  </name>
  <category>
   Socks
  </category>
  <size>
   XL
  </size>
  <color>
   Синий
  </color>
  <material>
   Лен
  </material>
  <price>
   558853
  </price>
  <rating>
   2.45
  </rating>
  <reviews>
   702715
  </reviews>
  <new>
   -
  </new>
  <exclusive>
   yes
  </exclusive>
 </clothing>
 <clothing>
  <id>
   122067629
  </id>
  <name>
   Ellesse Belts U-8526
  </name>
  <category>
   Belts
  </category>
  <size>
   S
  </size>
  <color>
   Красный
  </color>
  <material>
   Нейлон
  </material>
  <price>
   746563
  </price>
  <rating>
   3.0
  </rating>
  <reviews>
   228191
  </reviews>
  <exclusive>
   no
  </exclusive>
 </clothing>
 <clothing>
  <id>
   996593136
  </id>
  <name>
   Ellesse Jeans A-2256
  </name>
  <category>
   Jeans
  </category>
  <size>
   M
  </size>
  <color>
   Голубой
  </color>
  <material>
   Кожа
  </material>
  <price>
   673694
  </price>
  <rating>
   3.59
  </rating>
  <reviews>
   343288
  </reviews>
  <new>
   -
  </new>
  <exclusive>
   no
  </exclusive>
  <sporty>
   yes
  </sporty>
 </clothing>
 <clothing>
  <id>
   238822995
  </id>
  <name>
   Reebok Umbrellas G-4312
  </name>
  <category>
   Umbrellas
  </category>
  <size>
   XL
  </size>
  <color>
   Желтый
  </color>
  <material>
   Полиэстер
  </material>
  <price>
   310616
  </price>
  <rating>
   1.31
  </rating>
  <reviews>
   68064
  </reviews>
  <new>
   +
  </new>
 </clothing>
 <clothing>
  <id>
   354248950
  </id>
  <name>
   Lacoste Umbrellas J-3629
  </name>
  <category>
   Umbrellas
  </category>
  <size>
   XXL
  </size>
  <color>
   Голубой
  </color>
  <material>
   Полиэстер
  </material>
  <price>
   102414
  </price>
  <rating>
   2.05
  </rating>
  <reviews>
   74740
  </reviews>
 </clothing>
 <clothing>
  <id>
   493833083
  </id>
  <name>
   Under Armour Jeans C-6039
  </name>
  <category>
   Jeans
  </category>
  <size>
   M
  </size>
  <color>
   Зеленый
  </color>
  <material>
   Вискоза
  </material>
  <price>
   626891
  </price>
  <rating>
   2.72
  </rating>
  <reviews>
   717395
  </reviews>
  <new>
   -
  </new>
  <exclusive>
   no
  </exclusive>
  <sporty>
   no
  </sporty>
 </clothing>
 <clothing>
  <id>
   775000416
  </id>
  <name>
   Puma Blouse D-5926
  </name>
  <category>
   Blouse
  </category>
  <size>
   M
  </size>
  <color>
   Синий
  </color>
  <material>
   Шелк
  </material>
  <price>
   446339
  </price>
  <rating>
   1.26
  </rating>
  <reviews>
   633223
  </reviews>
  <new>
   +
  </new>
  <exclusive>
   no
  </exclusive>
 </clothing>
 <clothing>
  <id>
   959634922
  </id>
  <name>
   Adidas Handbags F-6889
  </name>
  <category>
   Handbags
  </category>
  <size>
   XXL
  </size>
  <color>
   Оранжевый
  </color>
  <material>
   Кожа
  </material>
  <price>
   505940
  </price>
  <rating>
   1.94
  </rating>
  <reviews>
   661137
  </reviews>
  <exclusive>
   yes
  </exclusive>
 </clothing>
 <clothing>
  <id>
   313170611
  </id>
  <name>
   Nike Blouse O-5651
  </name>
  <category>
   Blouse
  </category>
  <size>
   XXL
  </size>
  <color>
   Оранжевый
  </color>
  <material>
   Шелк
  </material>
  <price>
   612562
  </price>
  <rating>
   3.76
  </rating>
  <reviews>
   34158
  </reviews>
  <new>
   -
  </new>
  <exclusive>
   yes
  </exclusive>
 </clothing>
 <clothing>
  <id>
   967513399
  </id>
  <name>
   Ellesse Hat L-4385
  </name>
  <category>
   Hat
  </category>
  <size>
   XL
  </size>
  <color>
   Синий
  </color>
  <material>
   Шелк
  </material>
  <price>
   953928
  </price>
  <rating>
   2.66
  </rating>
  <reviews>
   849108
  </reviews>
  <new>
   -
  </new>
  <exclusive>
   no
  </exclusive>
  <sporty>
   yes
  </sporty>
 </clothing>
 <clothing>
  <id>
   624442664
  </id>
  <name>
   Addidas T-shirt B-8801
  </name>
  <category>
   T-shirt
  </category>
  <size>
   XXL
  </size>
  <color>
   Синий
  </color>
  <material>
   Шелк
  </material>
  <price>
   480125
  </price>
  <rating>
   3.94
  </rating>
  <reviews>
   502884
  </reviews>
  <new>
   -
  </new>
  <exclusive>
   yes
  </exclusive>
 </clothing>
 <clothing>
  <id>
   961058956
  </id>
  <name>
   Vans Pants P-6241
  </name>
  <category>
   Pants
  </category>
  <size>
   L
  </size>
  <color>
   Желтый
  </color>
  <material>
   Вискоза
  </material>
  <price>
   710623
  </price>
  <rating>
   3.57
  </rating>
  <reviews>
   481074
  </reviews>
  <new>
   -
  </new>
  <sporty>
   no
  </sporty>
 </clothing>
 <clothing>
  <id>
   290309995
  </id>
  <name>
   Adidas Blouse C-5429
  </name>
  <category>
   Blouse
  </category>
  <size>
   XXL
  </size>
  <color>
   Желтый
  </color>
  <material>
   Лен
  </material>
  <price>
   867622
  </price>
  <rating>
   2.46
  </rating>
  <reviews>
   49980
  </reviews>
  <new>
   -
  </new>
 </clothing>
 <clothing>
  <id>
   329901165
  </id>
  <name>
   Vans Sweater J-6696
  </name>
  <category>
   Sweater
  </category>
  <size>
   XXL
  </size>
  <color>
   Красный
  </color>
  <material>
   Кожа
  </material>
  <price>
   844551
  </price>
  <rating>
   4.09
  </rating>
  <reviews>
   165532
  </reviews>
  <new>
   -
  </new>
  <exclusive>
   no
  </exclusive>
 </clothing>
 <clothing>
  <id>
   202566284
  </id>
  <name>
   Lacoste Jeans F-6776
  </name>
  <category>
   Jeans
  </category>
  <size>
   M
  </size>
  <color>
   Голубой
  </color>
  <material>
   Кожа
  </material>
  <price>
   851995
  </price>
  <rating>
   1.07
  </rating>
  <reviews>
   898543
  </reviews>
 </clothing>
 <clothing>
  <id>
   246201973
  </id>
  <name>
   Addidas Skirt H-6406
  </name>
  <category>
   Skirt
  </category>
  <size>
   XXL
  </size>
  <color>
   Желтый
  </color>
  <material>
   Нейлон
  </material>
  <price>
   369901
  </price>
  <rating>
   1.36
  </rating>
  <reviews>
   915520
  </reviews>
  <exclusive>
   no
  </exclusive>
 </clothing>
 <clothing>
  <id>
   431093648
  </id>
  <name>
   Lacoste Socks B-9168
  </name>
  <category>
   Socks
  </category>
  <size>
   S
  </size>
  <color>
   Зеленый
  </color>
  <material>
   Полиэстер
  </material>
  <price>
   728178
  </price>
  <rating>
   4.34
  </rating>
  <reviews>
   595043
  </reviews>
  <new>
   +
  </new>
 </clothing>
 <clothing>
  <id>
   416386205
  </id>
  <name>
   Nike Umbrellas Q-7047
  </name>
  <category>
   Umbrellas
  </category>
  <size>
   S
  </size>
  <color>
   Оранжевый
  </color>
  <material>
   Кожа
  </material>
  <price>
   754705
  </price>
  <rating>
   4.12
  </rating>
  <reviews>
   329786
  </reviews>
  <new>
   +
  </new>
  <exclusive>
   no
  </exclusive>
  <sporty>
   no
  </sporty>
 </clothing>
 <clothing>
  <id>
   504273009
  </id>
  <name>
   DC Shirt K-6532
  </name>
  <category>
   Shirt
  </category>
  <size>
   M
  </size>
  <color>
   Красный
  </color>
  <material>
   Нейлон
  </material>
  <price>
   275573
  </price>
  <rating>
   1.33
  </rating>
  <reviews>
   180199
  </reviews>
 </clothing>
</clothing-items>
