<?xml version="1.0" encoding="utf-8"?>
<clothing-items>
 <clothing>
  <id>
   543389151
  </id>
  <name>
   Asics Jeans G-1762
  </name>
  <category>
   Jeans
  </category>
  <size>
   M
  </size>
  <color>
   Красный
  </color>
  <material>
   Вискоза
  </material>
  <price>
   694259
  </price>
  <rating>
   3.79
  </rating>
  <reviews>
   517204
  </reviews>
  <new>
   -
  </new>
 </clothing>
 <clothing>
  <id>
   537600041
  </id>
  <name>
   Converse Shirt X-1581
  </name>
  <category>
   Shirt
  </category>
  <size>
   XL
  </size>
  <color>
   Оранжевый
  </color>
  <material>
   Шелк
  </material>
  <price>
   924290
  </price>
  <rating>
   4.4
  </rating>
  <reviews>
   301082
  </reviews>
  <sporty>
   yes
  </sporty>
 </clothing>
 <clothing>
  <id>
   698026934
  </id>
  <name>
   Puma Dress X-2168
  </name>
  <category>
   Dress
  </category>
  <size>
   XL
  </size>
  <color>
   Зеленый
  </color>
  <material>
   Шелк
  </material>
  <price>
   164239
  </price>
  <rating>
   3.59
  </rating>
  <reviews>
   949512
  </reviews>
  <sporty>
   yes
  </sporty>
 </clothing>
 <clothing>
  <id>
   853475063
  </id>
  <name>
   Lacoste Shoes F-2427
  </name>
  <category>
   Shoes
  </category>
  <size>
   L
  </size>
  <color>
   Зеленый
  </color>
  <material>
   Шелк
  </material>
  <price>
   983317
  </price>
  <rating>
   4.06
  </rating>
  <reviews>
   494866
  </reviews>
  <exclusive>
   no
  </exclusive>
  <sporty>
   no
  </sporty>
 </clothing>
 <clothing>
  <id>
   254673105
  </id>
  <name>
   Converse Socks N-3873
  </name>
  <category>
   Socks
  </category>
  <size>
   XL
  </size>
  <color>
   Синий
  </color>
  <material>
   Лен
  </material>
  <price>
   610226
  </price>
  <rating>
   4.74
  </rating>
  <reviews>
   436011
  </reviews>
  <new>
   +
  </new>
  <exclusive>
   no
  </exclusive>
  <sporty>
   no
  </sporty>
 </clothing>
 <clothing>
  <id>
   560219211
  </id>
  <name>
   Puma Blouse N-7504
  </name>
  <category>
   Blouse
  </category>
  <size>
   M
  </size>
  <color>
   Зеленый
  </color>
  <material>
   Кожа
  </material>
  <price>
   329951
  </price>
  <rating>
   1.73
  </rating>
  <reviews>
   433558
  </reviews>
  <sporty>
   no
  </sporty>
 </clothing>
 <clothing>
  <id>
   752385156
  </id>
  <name>
   Converse Handbags H-5667
  </name>
  <category>
   Handbags
  </category>
  <size>
   S
  </size>
  <color>
   Оранжевый
  </color>
  <material>
   Кожа
  </material>
  <price>
   365764
  </price>
  <rating>
   1.51
  </rating>
  <reviews>
   937631
  </reviews>
  <exclusive>
   no
  </exclusive>
  <sporty>
   yes
  </sporty>
 </clothing>
 <clothing>
  <id>
   696391481
  </id>
  <name>
   Fila Socks O-6845
  </name>
  <category>
   Socks
  </category>
  <size>
   XXL
  </size>
  <color>
   Красный
  </color>
  <material>
   Шелк
  </material>
  <price>
   284340
  </price>
  <rating>
   4.24
  </rating>
  <reviews>
   303520
  </reviews>
  <sporty>
   no
  </sporty>
 </clothing>
 <clothing>
  <id>
   277493651
  </id>
  <name>
   Ellesse T-shirt B-9435
  </name>
  <category>
   T-shirt
  </category>
  <size>
   L
  </size>
  <color>
   Синий
  </color>
  <material>
   Хлопок
  </material>
  <price>
   757001
  </price>
  <rating>
   4.82
  </rating>
  <reviews>
   853020
  </reviews>
  <new>
   +
  </new>
  <sporty>
   yes
  </sporty>
 </clothing>
 <clothing>
  <id>
   762462360
  </id>
  <name>
   Nike Sweater B-4640
  </name>
  <category>
   Sweater
  </category>
  <size>
   M
  </size>
  <color>
   Фиолетовый
  </color>
  <material>
   Хлопок
  </material>
  <price>
   862405
  </price>
  <rating>
   3.7
  </rating>
  <reviews>
   775623
  </reviews>
  <exclusive>
   yes
  </exclusive>
  <sporty>
   no
  </sporty>
 </clothing>
 <clothing>
  <id>
   713521244
  </id>
  <name>
   Lacoste Shoes X-2281
  </name>
  <category>
   Shoes
  </category>
  <size>
   S
  </size>
  <color>
   Голубой
  </color>
  <material>
   Шелк
  </material>
  <price>
   851093
  </price>
  <rating>
   4.81
  </rating>
  <reviews>
   261193
  </reviews>
  <exclusive>
   no
  </exclusive>
 </clothing>
 <clothing>
  <id>
   958879714
  </id>
  <name>
   DC Shirt N-5670
  </name>
  <category>
   Shirt
  </category>
  <size>
   L
  </size>
  <color>
   Желтый
  </color>
  <material>
   Нейлон
  </material>
  <price>
   685535
  </price>
  <rating>
   4.5
  </rating>
  <reviews>
   870918
  </reviews>
  <new>
   -
  </new>
 </clothing>
 <clothing>
  <id>
   358677164
  </id>
  <name>
   Nike Shirt D-7454
  </name>
  <category>
   Shirt
  </category>
  <size>
   XL
  </size>
  <color>
   Синий
  </color>
  <material>
   Нейлон
  </material>
  <price>
   953753
  </price>
  <rating>
   1.92
  </rating>
  <reviews>
   743973
  </reviews>
  <exclusive>
   no
  </exclusive>
  <sporty>
   no
  </sporty>
 </clothing>
 <clothing>
  <id>
   325618022
  </id>
  <name>
   DC Skirt R-9377
  </name>
  <category>
   Skirt
  </category>
  <size>
   XXL
  </size>
  <color>
   Оранжевый
  </color>
  <material>
   Хлопок
  </material>
  <price>
   423507
  </price>
  <rating>
   4.33
  </rating>
  <reviews>
   858740
  </reviews>
  <new>
   -
  </new>
  <exclusive>
   yes
  </exclusive>
 </clothing>
 <clothing>
  <id>
   794277801
  </id>
  <name>
   Reebok Dress B-9875
  </name>
  <category>
   Dress
  </category>
  <size>
   XXL
  </size>
  <color>
   Красный
  </color>
  <material>
   Шелк
  </material>
  <price>
   987113
  </price>
  <rating>
   3.74
  </rating>
  <reviews>
   287559
  </reviews>
  <new>
   -
  </new>
  <sporty>
   no
  </sporty>
 </clothing>
 <clothing>
  <id>
   909390540
  </id>
  <name>
   Under Armour Shoes W-5127
  </name>
  <category>
   Shoes
  </category>
  <size>
   L
  </size>
  <color>
   Красный
  </color>
  <material>
   Вискоза
  </material>
  <price>
   780125
  </price>
  <rating>
   4.85
  </rating>
  <reviews>
   222283
  </reviews>
 </clothing>
 <clothing>
  <id>
   735861645
  </id>
  <name>
   New Balance Handbags V-6409
  </name>
  <category>
   Handbags
  </category>
  <size>
   XL
  </size>
  <color>
   Желтый
  </color>
  <material>
   Нейлон
  </material>
  <price>
   964877
  </price>
  <rating>
   3.73
  </rating>
  <reviews>
   297157
  </reviews>
  <exclusive>
   yes
  </exclusive>
 </clothing>
 <clothing>
  <id>
   815077331
  </id>
  <name>
   Fila Gloves H-4649
  </name>
  <category>
   Gloves
  </category>
  <size>
   XXL
  </size>
  <color>
   Красный
  </color>
  <material>
   Полиэстер
  </material>
  <price>
   929335
  </price>
  <rating>
   3.81
  </rating>
  <reviews>
   294093
  </reviews>
  <new>
   +
  </new>
 </clothing>
 <clothing>
  <id>
   791232569
  </id>
  <name>
   Addidas Umbrellas C-3177
  </name>
  <category>
   Umbrellas
  </category>
  <size>
   L
  </size>
  <color>
   Синий
  </color>
  <material>
   Лен
  </material>
  <price>
   483794
  </price>
  <rating>
   4.58
  </rating>
  <reviews>
   918525
  </reviews>
  <exclusive>
   no
  </exclusive>
  <sporty>
   no
  </sporty>
 </clothing>
 <clothing>
  <id>
   201350774
  </id>
  <name>
   New Balance Shoes M-3513
  </name>
  <category>
   Shoes
  </category>
  <size>
   M
  </size>
  <color>
   Оранжевый
  </color>
  <material>
   Хлопок
  </material>
  <price>
   499216
  </price>
  <rating>
   4.79
  </rating>
  <reviews>
   130694
  </reviews>
  <new>
   -
  </new>
  <sporty>
   no
  </sporty>
 </clothing>
 <clothing>
  <id>
   119315213
  </id>
  <name>
   DC Sweater G-1512
  </name>
  <category>
   Sweater
  </category>
  <size>
   XXL
  </size>
  <color>
   Фиолетовый
  </color>
  <material>
   Вискоза
  </material>
  <price>
   140664
  </price>
  <rating>
   4.06
  </rating>
  <reviews>
   672159
  </reviews>
  <exclusive>
   no
  </exclusive>
  <sporty>
   no
  </sporty>
 </clothing>
 <clothing>
  <id>
   532127129
  </id>
  <name>
   Addidas Sweater X-6605
  </name>
  <category>
   Sweater
  </category>
  <size>
   XL
  </size>
  <color>
   Синий
  </color>
  <material>
   Нейлон
  </material>
  <price>
   192868
  </price>
  <rating>
   1.09
  </rating>
  <reviews>
   856386
  </reviews>
  <new>
   +
  </new>
  <exclusive>
   no
  </exclusive>
 </clothing>
 <clothing>
  <id>
   254884230
  </id>
  <name>
   Ellesse Umbrellas E-5447
  </name>
  <category>
   Umbrellas
  </category>
  <size>
   XXL
  </size>
  <color>
   Оранжевый
  </color>
  <material>
   Кожа
  </material>
  <price>
   995362
  </price>
  <rating>
   1.0
  </rating>
  <reviews>
   814513
  </reviews>
  <new>
   -
  </new>
 </clothing>
 <clothing>
  <id>
   625339244
  </id>
  <name>
   Puma Handbags D-7305
  </name>
  <category>
   Handbags
  </category>
  <size>
   L
  </size>
  <color>
   Красный
  </color>
  <material>
   Вискоза
  </material>
  <price>
   216213
  </price>
  <rating>
   2.78
  </rating>
  <reviews>
   247172
  </reviews>
  <new>
   -
  </new>
  <exclusive>
   no
  </exclusive>
  <sporty>
   no
  </sporty>
 </clothing>
 <clothing>
  <id>
   197578008
  </id>
  <name>
   Lacoste Dress O-4892
  </name>
  <category>
   Dress
  </category>
  <size>
   L
  </size>
  <color>
   Зеленый
  </color>
  <material>
   Шерсть
  </material>
  <price>
   811108
  </price>
  <rating>
   4.16
  </rating>
  <reviews>
   956961
  </reviews>
  <exclusive>
   no
  </exclusive>
  <sporty>
   no
  </sporty>
 </clothing>
 <clothing>
  <id>
   524882313
  </id>
  <name>
   Ellesse Blouse G-7147
  </name>
  <category>
   Blouse
  </category>
  <size>
   L
  </size>
  <color>
   Оранжевый
  </color>
  <material>
   Хлопок
  </material>
  <price>
   629246
  </price>
  <rating>
   1.63
  </rating>
  <reviews>
   979214
  </reviews>
  <exclusive>
   no
  </exclusive>
  <sporty>
   no
  </sporty>
 </clothing>
 <clothing>
  <id>
   174882242
  </id>
  <name>
   Nike Socks X-3342
  </name>
  <category>
   Socks
  </category>
  <size>
   XL
  </size>
  <color>
   Голубой
  </color>
  <material>
   Лен
  </material>
  <price>
   456804
  </price>
  <rating>
   3.83
  </rating>
  <reviews>
   752434
  </reviews>
  <new>
   +
  </new>
  <exclusive>
   no
  </exclusive>
 </clothing>
 <clothing>
  <id>
   147554823
  </id>
  <name>
   Asics Gloves X-6004
  </name>
  <category>
   Gloves
  </category>
  <size>
   XXL
  </size>
  <color>
   Синий
  </color>
  <material>
   Вискоза
  </material>
  <price>
   199335
  </price>
  <rating>
   4.71
  </rating>
  <reviews>
   644104
  </reviews>
  <new>
   +
  </new>
  <exclusive>
   yes
  </exclusive>
 </clothing>
 <clothing>
  <id>
   129582000
  </id>
  <name>
   Asics Pants M-7581
  </name>
  <category>
   Pants
  </category>
  <size>
   XXL
  </size>
  <color>
   Зеленый
  </color>
  <material>
   Шерсть
  </material>
  <price>
   342682
  </price>
  <rating>
   4.25
  </rating>
  <reviews>
   924092
  </reviews>
  <exclusive>
   yes
  </exclusive>
 </clothing>
 <clothing>
  <id>
   171127734
  </id>
  <name>
   Adidas Jeans V-8747
  </name>
  <category>
   Jeans
  </category>
  <size>
   XXL
  </size>
  <color>
   Желтый
  </color>
  <material>
   Шерсть
  </material>
  <price>
   196862
  </price>
  <rating>
   2.96
  </rating>
  <reviews>
   949678
  </reviews>
  <exclusive>
   no
  </exclusive>
  <sporty>
   no
  </sporty>
 </clothing>
 <clothing>
  <id>
   441207597
  </id>
  <name>
   Nike Umbrellas B-5998
  </name>
  <category>
   Umbrellas
  </category>
  <size>
   L
  </size>
  <color>
   Оранжевый
  </color>
  <material>
   Нейлон
  </material>
  <price>
   675659
  </price>
  <rating>
   4.97
  </rating>
  <reviews>
   141409
  </reviews>
  <new>
   -
  </new>
  <sporty>
   no
  </sporty>
 </clothing>
 <clothing>
  <id>
   360491246
  </id>
  <name>
   Vans Belts D-6319
  </name>
  <category>
   Belts
  </category>
  <size>
   M
  </size>
  <color>
   Фиолетовый
  </color>
  <material>
   Вискоза
  </material>
  <price>
   856389
  </price>
  <rating>
   3.76
  </rating>
  <reviews>
   803470
  </reviews>
  <new>
   -
  </new>
  <sporty>
   no
  </sporty>
 </clothing>
 <clothing>
  <id>
   187206170
  </id>
  <name>
   New Balance Gloves J-4426
  </name>
  <category>
   Gloves
  </category>
  <size>
   XXL
  </size>
  <color>
   Зеленый
  </color>
  <material>
   Полиэстер
  </material>
  <price>
   463952
  </price>
  <rating>
   4.24
  </rating>
  <reviews>
   866355
  </reviews>
  <new>
   +
  </new>
  <exclusive>
   no
  </exclusive>
  <sporty>
   yes
  </sporty>
 </clothing>
 <clothing>
  <id>
   540243745
  </id>
  <name>
   Vans Pants X-4105
  </name>
  <category>
   Pants
  </category>
  <size>
   XXL
  </size>
  <color>
   Зеленый
  </color>
  <material>
   Шелк
  </material>
  <price>
   132387
  </price>
  <rating>
   4.66
  </rating>
  <reviews>
   713054
  </reviews>
  <new>
   -
  </new>
  <sporty>
   yes
  </sporty>
 </clothing>
 <clothing>
  <id>
   135506582
  </id>
  <name>
   PleinSport Hat H-7857
  </name>
  <category>
   Hat
  </category>
  <size>
   S
  </size>
  <color>
   Фиолетовый
  </color>
  <material>
   Кожа
  </material>
  <price>
   102287
  </price>
  <rating>
   4.4
  </rating>
  <reviews>
   202262
  </reviews>
  <sporty>
   yes
  </sporty>
 </clothing>
</clothing-items>
