<?xml version="1.0" encoding="utf-8"?>
<clothing-items>
 <clothing>
  <id>
   488718001
  </id>
  <name>
   Ellesse Umbrellas P-6821
  </name>
  <category>
   Umbrellas
  </category>
  <size>
   M
  </size>
  <color>
   Оранжевый
  </color>
  <material>
   Полиэстер
  </material>
  <price>
   627623
  </price>
  <rating>
   3.38
  </rating>
  <reviews>
   534772
  </reviews>
  <new>
   +
  </new>
  <sporty>
   yes
  </sporty>
 </clothing>
 <clothing>
  <id>
   993394516
  </id>
  <name>
   Puma Pants H-6541
  </name>
  <category>
   Pants
  </category>
  <size>
   L
  </size>
  <color>
   Голубой
  </color>
  <material>
   Хлопок
  </material>
  <price>
   941325
  </price>
  <rating>
   2.49
  </rating>
  <reviews>
   897721
  </reviews>
  <exclusive>
   yes
  </exclusive>
  <sporty>
   yes
  </sporty>
 </clothing>
 <clothing>
  <id>
   185804757
  </id>
  <name>
   Asics T-shirt L-9707
  </name>
  <category>
   T-shirt
  </category>
  <size>
   S
  </size>
  <color>
   Желтый
  </color>
  <material>
   Нейлон
  </material>
  <price>
   348694
  </price>
  <rating>
   4.79
  </rating>
  <reviews>
   248646
  </reviews>
  <new>
   -
  </new>
  <sporty>
   yes
  </sporty>
 </clothing>
 <clothing>
  <id>
   874554834
  </id>
  <name>
   Brooks Shirt Q-4000
  </name>
  <category>
   Shirt
  </category>
  <size>
   XL
  </size>
  <color>
   Оранжевый
  </color>
  <material>
   Полиэстер
  </material>
  <price>
   638510
  </price>
  <rating>
   2.64
  </rating>
  <reviews>
   220154
  </reviews>
  <sporty>
   yes
  </sporty>
 </clothing>
 <clothing>
  <id>
   216354613
  </id>
  <name>
   Brooks Jeans L-7798
  </name>
  <category>
   Jeans
  </category>
  <size>
   S
  </size>
  <color>
   Фиолетовый
  </color>
  <material>
   Нейлон
  </material>
  <price>
   159125
  </price>
  <rating>
   1.29
  </rating>
  <reviews>
   454325
  </reviews>
  <new>
   -
  </new>
 </clothing>
 <clothing>
  <id>
   598191325
  </id>
  <name>
   Converse Skirt E-3212
  </name>
  <category>
   Skirt
  </category>
  <size>
   XL
  </size>
  <color>
   Зеленый
  </color>
  <material>
   Полиэстер
  </material>
  <price>
   328468
  </price>
  <rating>
   4.66
  </rating>
  <reviews>
   506505
  </reviews>
  <new>
   +
  </new>
  <sporty>
   yes
  </sporty>
 </clothing>
 <clothing>
  <id>
   845676877
  </id>
  <name>
   DC Skirt R-9970
  </name>
  <category>
   Skirt
  </category>
  <size>
   XXL
  </size>
  <color>
   Желтый
  </color>
  <material>
   Лен
  </material>
  <price>
   471462
  </price>
  <rating>
   2.1
  </rating>
  <reviews>
   643222
  </reviews>
  <new>
   -
  </new>
  <exclusive>
   no
  </exclusive>
  <sporty>
   no
  </sporty>
 </clothing>
 <clothing>
  <id>
   515594719
  </id>
  <name>
   Lacoste Belts C-1318
  </name>
  <category>
   Belts
  </category>
  <size>
   L
  </size>
  <color>
   Зеленый
  </color>
  <material>
   Кожа
  </material>
  <price>
   752856
  </price>
  <rating>
   2.98
  </rating>
  <reviews>
   788182
  </reviews>
  <new>
   -
  </new>
  <exclusive>
   no
  </exclusive>
 </clothing>
 <clothing>
  <id>
   756673823
  </id>
  <name>
   Fila Socks T-3168
  </name>
  <category>
   Socks
  </category>
  <size>
   M
  </size>
  <color>
   Оранжевый
  </color>
  <material>
   Кожа
  </material>
  <price>
   383091
  </price>
  <rating>
   3.1
  </rating>
  <reviews>
   900080
  </reviews>
  <new>
   +
  </new>
  <sporty>
   yes
  </sporty>
 </clothing>
 <clothing>
  <id>
   101397701
  </id>
  <name>
   Fila Jeans O-7787
  </name>
  <category>
   Jeans
  </category>
  <size>
   XL
  </size>
  <color>
   Оранжевый
  </color>
  <material>
   Нейлон
  </material>
  <price>
   348108
  </price>
  <rating>
   4.62
  </rating>
  <reviews>
   956230
  </reviews>
  <exclusive>
   no
  </exclusive>
  <sporty>
   no
  </sporty>
 </clothing>
 <clothing>
  <id>
   189232793
  </id>
  <name>
   Asics Pants U-7741
  </name>
  <category>
   Pants
  </category>
  <size>
   M
  </size>
  <color>
   Желтый
  </color>
  <material>
   Шелк
  </material>
  <price>
   510760
  </price>
  <rating>
   2.89
  </rating>
  <reviews>
   939750
  </reviews>
  <new>
   -
  </new>
  <exclusive>
   yes
  </exclusive>
 </clothing>
 <clothing>
  <id>
   367693827
  </id>
  <name>
   Under Armour Pants J-7504
  </name>
  <category>
   Pants
  </category>
  <size>
   S
  </size>
  <color>
   Фиолетовый
  </color>
  <material>
   Полиэстер
  </material>
  <price>
   116174
  </price>
  <rating>
   3.75
  </rating>
  <reviews>
   449411
  </reviews>
  <new>
   +
  </new>
  <exclusive>
   no
  </exclusive>
  <sporty>
   yes
  </sporty>
 </clothing>
 <clothing>
  <id>
   695467100
  </id>
  <name>
   PleinSport Hat Y-6791
  </name>
  <category>
   Hat
  </category>
  <size>
   XL
  </size>
  <color>
   Желтый
  </color>
  <material>
   Хлопок
  </material>
  <price>
   302866
  </price>
  <rating>
   3.1
  </rating>
  <reviews>
   863885
  </reviews>
  <new>
   +
  </new>
  <exclusive>
   yes
  </exclusive>
 </clothing>
 <clothing>
  <id>
   814531482
  </id>
  <name>
   Addidas Jeans V-8191
  </name>
  <category>
   Jeans
  </category>
  <size>
   XL
  </size>
  <color>
   Синий
  </color>
  <material>
   Шелк
  </material>
  <price>
   674278
  </price>
  <rating>
   2.78
  </rating>
  <reviews>
   881914
  </reviews>
  <new>
   -
  </new>
  <exclusive>
   yes
  </exclusive>
  <sporty>
   no
  </sporty>
 </clothing>
 <clothing>
  <id>
   288595910
  </id>
  <name>
   New Balance Umbrellas N-3339
  </name>
  <category>
   Umbrellas
  </category>
  <size>
   S
  </size>
  <color>
   Зеленый
  </color>
  <material>
   Нейлон
  </material>
  <price>
   697494
  </price>
  <rating>
   4.36
  </rating>
  <reviews>
   982009
  </reviews>
 </clothing>
 <clothing>
  <id>
   843434632
  </id>
  <name>
   Asics Hat C-6302
  </name>
  <category>
   Hat
  </category>
  <size>
   XL
  </size>
  <color>
   Голубой
  </color>
  <material>
   Шелк
  </material>
  <price>
   620400
  </price>
  <rating>
   4.7
  </rating>
  <reviews>
   837963
  </reviews>
 </clothing>
 <clothing>
  <id>
   120189240
  </id>
  <name>
   Converse Shirt P-1567
  </name>
  <category>
   Shirt
  </category>
  <size>
   S
  </size>
  <color>
   Желтый
  </color>
  <material>
   Кожа
  </material>
  <price>
   224155
  </price>
  <rating>
   1.44
  </rating>
  <reviews>
   921547
  </reviews>
  <new>
   +
  </new>
 </clothing>
 <clothing>
  <id>
   532009563
  </id>
  <name>
   Adidas Gloves O-6894
  </name>
  <category>
   Gloves
  </category>
  <size>
   S
  </size>
  <color>
   Красный
  </color>
  <material>
   Хлопок
  </material>
  <price>
   818329
  </price>
  <rating>
   1.69
  </rating>
  <reviews>
   373813
  </reviews>
  <exclusive>
   no
  </exclusive>
  <sporty>
   yes
  </sporty>
 </clothing>
 <clothing>
  <id>
   584675218
  </id>
  <name>
   Ellesse Blouse Z-2697
  </name>
  <category>
   Blouse
  </category>
  <size>
   XL
  </size>
  <color>
   Синий
  </color>
  <material>
   Нейлон
  </material>
  <price>
   129404
  </price>
  <rating>
   3.48
  </rating>
  <reviews>
   830674
  </reviews>
  <new>
   -
  </new>
  <exclusive>
   yes
  </exclusive>
  <sporty>
   yes
  </sporty>
 </clothing>
 <clothing>
  <id>
   764374481
  </id>
  <name>
   DC Blouse C-5044
  </name>
  <category>
   Blouse
  </category>
  <size>
   S
  </size>
  <color>
   Синий
  </color>
  <material>
   Вискоза
  </material>
  <price>
   796633
  </price>
  <rating>
   3.99
  </rating>
  <reviews>
   319385
  </reviews>
  <new>
   -
  </new>
 </clothing>
 <clothing>
  <id>
   859145307
  </id>
  <name>
   New Balance Blouse H-9549
  </name>
  <category>
   Blouse
  </category>
  <size>
   XL
  </size>
  <color>
   Оранжевый
  </color>
  <material>
   Нейлон
  </material>
  <price>
   266419
  </price>
  <rating>
   4.9
  </rating>
  <reviews>
   869975
  </reviews>
  <sporty>
   no
  </sporty>
 </clothing>
 <clothing>
  <id>
   568688046
  </id>
  <name>
   Reebok Sweater G-4097
  </name>
  <category>
   Sweater
  </category>
  <size>
   M
  </size>
  <color>
   Фиолетовый
  </color>
  <material>
   Шерсть
  </material>
  <price>
   194015
  </price>
  <rating>
   2.69
  </rating>
  <reviews>
   852214
  </reviews>
  <new>
   -
  </new>
  <exclusive>
   yes
  </exclusive>
  <sporty>
   yes
  </sporty>
 </clothing>
 <clothing>
  <id>
   296297388
  </id>
  <name>
   New Balance T-shirt Z-6264
  </name>
  <category>
   T-shirt
  </category>
  <size>
   M
  </size>
  <color>
   Красный
  </color>
  <material>
   Шелк
  </material>
  <price>
   297352
  </price>
  <rating>
   2.25
  </rating>
  <reviews>
   243165
  </reviews>
 </clothing>
 <clothing>
  <id>
   102100358
  </id>
  <name>
   Ellesse Handbags Z-1124
  </name>
  <category>
   Handbags
  </category>
  <size>
   M
  </size>
  <color>
   Желтый
  </color>
  <material>
   Лен
  </material>
  <price>
   139338
  </price>
  <rating>
   2.18
  </rating>
  <reviews>
   262572
  </reviews>
  <exclusive>
   yes
  </exclusive>
  <sporty>
   yes
  </sporty>
 </clothing>
</clothing-items>
