<?xml version="1.0" encoding="utf-8"?>
<clothing-items>
 <clothing>
  <id>
   558002217
  </id>
  <name>
   Puma Shoes U-9424
  </name>
  <category>
   Shoes
  </category>
  <size>
   L
  </size>
  <color>
   Зеленый
  </color>
  <material>
   Полиэстер
  </material>
  <price>
   627502
  </price>
  <rating>
   2.63
  </rating>
  <reviews>
   686954
  </reviews>
  <new>
   +
  </new>
  <exclusive>
   yes
  </exclusive>
  <sporty>
   yes
  </sporty>
 </clothing>
 <clothing>
  <id>
   839460609
  </id>
  <name>
   Reebok Jacket S-3419
  </name>
  <category>
   Jacket
  </category>
  <size>
   S
  </size>
  <color>
   Оранжевый
  </color>
  <material>
   Лен
  </material>
  <price>
   741342
  </price>
  <rating>
   4.81
  </rating>
  <reviews>
   738794
  </reviews>
  <sporty>
   no
  </sporty>
 </clothing>
 <clothing>
  <id>
   289455618
  </id>
  <name>
   PleinSport Sweater I-5636
  </name>
  <category>
   Sweater
  </category>
  <size>
   XL
  </size>
  <color>
   Синий
  </color>
  <material>
   Шелк
  </material>
  <price>
   651825
  </price>
  <rating>
   2.93
  </rating>
  <reviews>
   209916
  </reviews>
  <new>
   -
  </new>
  <exclusive>
   yes
  </exclusive>
  <sporty>
   no
  </sporty>
 </clothing>
 <clothing>
  <id>
   298433044
  </id>
  <name>
   Adidas Gloves V-8932
  </name>
  <category>
   Gloves
  </category>
  <size>
   XL
  </size>
  <color>
   Фиолетовый
  </color>
  <material>
   Шерсть
  </material>
  <price>
   322383
  </price>
  <rating>
   4.07
  </rating>
  <reviews>
   235809
  </reviews>
  <new>
   +
  </new>
  <exclusive>
   yes
  </exclusive>
 </clothing>
 <clothing>
  <id>
   249263123
  </id>
  <name>
   Fila Blouse T-6340
  </name>
  <category>
   Blouse
  </category>
  <size>
   L
  </size>
  <color>
   Синий
  </color>
  <material>
   Шелк
  </material>
  <price>
   191853
  </price>
  <rating>
   3.02
  </rating>
  <reviews>
   577156
  </reviews>
  <new>
   +
  </new>
 </clothing>
 <clothing>
  <id>
   289960949
  </id>
  <name>
   Adidas Socks Z-8084
  </name>
  <category>
   Socks
  </category>
  <size>
   L
  </size>
  <color>
   Красный
  </color>
  <material>
   Нейлон
  </material>
  <price>
   151238
  </price>
  <rating>
   2.57
  </rating>
  <reviews>
   543437
  </reviews>
  <new>
   -
  </new>
  <exclusive>
   yes
  </exclusive>
  <sporty>
   no
  </sporty>
 </clothing>
 <clothing>
  <id>
   605369820
  </id>
  <name>
   Puma Umbrellas W-1356
  </name>
  <category>
   Umbrellas
  </category>
  <size>
   S
  </size>
  <color>
   Зеленый
  </color>
  <material>
   Шелк
  </material>
  <price>
   695708
  </price>
  <rating>
   3.18
  </rating>
  <reviews>
   789519
  </reviews>
  <exclusive>
   no
  </exclusive>
  <sporty>
   yes
  </sporty>
 </clothing>
 <clothing>
  <id>
   283132179
  </id>
  <name>
   Vans Handbags A-6551
  </name>
  <category>
   Handbags
  </category>
  <size>
   XXL
  </size>
  <color>
   Синий
  </color>
  <material>
   Хлопок
  </material>
  <price>
   756312
  </price>
  <rating>
   4.6
  </rating>
  <reviews>
   729459
  </reviews>
  <exclusive>
   no
  </exclusive>
  <sporty>
   yes
  </sporty>
 </clothing>
 <clothing>
  <id>
   332266399
  </id>
  <name>
   Asics T-shirt L-3620
  </name>
  <category>
   T-shirt
  </category>
  <size>
   M
  </size>
  <color>
   Оранжевый
  </color>
  <material>
   Хлопок
  </material>
  <price>
   600887
  </price>
  <rating>
   3.63
  </rating>
  <reviews>
   296877
  </reviews>
  <new>
   -
  </new>
  <exclusive>
   yes
  </exclusive>
  <sporty>
   no
  </sporty>
 </clothing>
 <clothing>
  <id>
   917368239
  </id>
  <name>
   Under Armour Shoes H-3005
  </name>
  <category>
   Shoes
  </category>
  <size>
   XXL
  </size>
  <color>
   Оранжевый
  </color>
  <material>
   Шерсть
  </material>
  <price>
   760269
  </price>
  <rating>
   2.2
  </rating>
  <reviews>
   686319
  </reviews>
  <exclusive>
   no
  </exclusive>
  <sporty>
   yes
  </sporty>
 </clothing>
 <clothing>
  <id>
   838654304
  </id>
  <name>
   Nike Handbags Z-1724
  </name>
  <category>
   Handbags
  </category>
  <size>
   S
  </size>
  <color>
   Желтый
  </color>
  <material>
   Шелк
  </material>
  <price>
   534185
  </price>
  <rating>
   1.83
  </rating>
  <reviews>
   312614
  </reviews>
  <new>
   +
  </new>
  <exclusive>
   no
  </exclusive>
  <sporty>
   yes
  </sporty>
 </clothing>
 <clothing>
  <id>
   876048655
  </id>
  <name>
   Converse Dress K-4881
  </name>
  <category>
   Dress
  </category>
  <size>
   XXL
  </size>
  <color>
   Голубой
  </color>
  <material>
   Кожа
  </material>
  <price>
   550816
  </price>
  <rating>
   3.47
  </rating>
  <reviews>
   199698
  </reviews>
  <new>
   -
  </new>
 </clothing>
 <clothing>
  <id>
   558080793
  </id>
  <name>
   Vans Jeans F-9431
  </name>
  <category>
   Jeans
  </category>
  <size>
   L
  </size>
  <color>
   Зеленый
  </color>
  <material>
   Нейлон
  </material>
  <price>
   788815
  </price>
  <rating>
   1.35
  </rating>
  <reviews>
   548841
  </reviews>
  <new>
   -
  </new>
  <sporty>
   no
  </sporty>
 </clothing>
 <clothing>
  <id>
   882599470
  </id>
  <name>
   Lacoste Belts T-1065
  </name>
  <category>
   Belts
  </category>
  <size>
   XL
  </size>
  <color>
   Зеленый
  </color>
  <material>
   Шерсть
  </material>
  <price>
   902476
  </price>
  <rating>
   2.78
  </rating>
  <reviews>
   479448
  </reviews>
  <new>
   -
  </new>
  <sporty>
   yes
  </sporty>
 </clothing>
 <clothing>
  <id>
   730547857
  </id>
  <name>
   Nike Belts K-9646
  </name>
  <category>
   Belts
  </category>
  <size>
   XL
  </size>
  <color>
   Зеленый
  </color>
  <material>
   Нейлон
  </material>
  <price>
   435046
  </price>
  <rating>
   2.82
  </rating>
  <reviews>
   382055
  </reviews>
  <new>
   -
  </new>
 </clothing>
 <clothing>
  <id>
   358091863
  </id>
  <name>
   Nike Jacket E-1893
  </name>
  <category>
   Jacket
  </category>
  <size>
   XL
  </size>
  <color>
   Оранжевый
  </color>
  <material>
   Шерсть
  </material>
  <price>
   258692
  </price>
  <rating>
   3.3
  </rating>
  <reviews>
   727898
  </reviews>
  <new>
   -
  </new>
  <exclusive>
   no
  </exclusive>
 </clothing>
 <clothing>
  <id>
   795730471
  </id>
  <name>
   Reebok Hat I-6465
  </name>
  <category>
   Hat
  </category>
  <size>
   L
  </size>
  <color>
   Синий
  </color>
  <material>
   Нейлон
  </material>
  <price>
   600245
  </price>
  <rating>
   2.94
  </rating>
  <reviews>
   411055
  </reviews>
  <new>
   +
  </new>
  <sporty>
   no
  </sporty>
 </clothing>
 <clothing>
  <id>
   493585291
  </id>
  <name>
   Adidas Pants Q-6555
  </name>
  <category>
   Pants
  </category>
  <size>
   M
  </size>
  <color>
   Желтый
  </color>
  <material>
   Кожа
  </material>
  <price>
   302184
  </price>
  <rating>
   3.28
  </rating>
  <reviews>
   248063
  </reviews>
  <new>
   -
  </new>
 </clothing>
 <clothing>
  <id>
   885126239
  </id>
  <name>
   Puma Sweater G-1681
  </name>
  <category>
   Sweater
  </category>
  <size>
   XXL
  </size>
  <color>
   Фиолетовый
  </color>
  <material>
   Шелк
  </material>
  <price>
   552544
  </price>
  <rating>
   2.88
  </rating>
  <reviews>
   30074
  </reviews>
  <exclusive>
   no
  </exclusive>
 </clothing>
 <clothing>
  <id>
   391582232
  </id>
  <name>
   Lacoste Hat Y-2909
  </name>
  <category>
   Hat
  </category>
  <size>
   XL
  </size>
  <color>
   Оранжевый
  </color>
  <material>
   Кожа
  </material>
  <price>
   991811
  </price>
  <rating>
   4.54
  </rating>
  <reviews>
   501937
  </reviews>
  <exclusive>
   no
  </exclusive>
  <sporty>
   no
  </sporty>
 </clothing>
</clothing-items>
