<?xml version="1.0" encoding="utf-8"?>
<clothing-items>
 <clothing>
  <id>
   506295134
  </id>
  <name>
   Addidas Umbrellas X-2463
  </name>
  <category>
   Umbrellas
  </category>
  <size>
   M
  </size>
  <color>
   Синий
  </color>
  <material>
   Нейлон
  </material>
  <price>
   564624
  </price>
  <rating>
   4.82
  </rating>
  <reviews>
   248135
  </reviews>
  <exclusive>
   no
  </exclusive>
  <sporty>
   yes
  </sporty>
 </clothing>
 <clothing>
  <id>
   289662274
  </id>
  <name>
   Adidas Dress R-1405
  </name>
  <category>
   Dress
  </category>
  <size>
   L
  </size>
  <color>
   Оранжевый
  </color>
  <material>
   Лен
  </material>
  <price>
   852345
  </price>
  <rating>
   3.58
  </rating>
  <reviews>
   638872
  </reviews>
  <new>
   +
  </new>
  <exclusive>
   no
  </exclusive>
  <sporty>
   no
  </sporty>
 </clothing>
 <clothing>
  <id>
   962930192
  </id>
  <name>
   Nike Shirt C-9234
  </name>
  <category>
   Shirt
  </category>
  <size>
   M
  </size>
  <color>
   Оранжевый
  </color>
  <material>
   Хлопок
  </material>
  <price>
   919970
  </price>
  <rating>
   3.31
  </rating>
  <reviews>
   557161
  </reviews>
  <exclusive>
   no
  </exclusive>
  <sporty>
   yes
  </sporty>
 </clothing>
 <clothing>
  <id>
   680562789
  </id>
  <name>
   Addidas Shirt J-6502
  </name>
  <category>
   Shirt
  </category>
  <size>
   S
  </size>
  <color>
   Фиолетовый
  </color>
  <material>
   Лен
  </material>
  <price>
   722505
  </price>
  <rating>
   2.83
  </rating>
  <reviews>
   787869
  </reviews>
  <new>
   +
  </new>
  <exclusive>
   no
  </exclusive>
 </clothing>
 <clothing>
  <id>
   326493819
  </id>
  <name>
   Reebok Jacket P-5887
  </name>
  <category>
   Jacket
  </category>
  <size>
   L
  </size>
  <color>
   Оранжевый
  </color>
  <material>
   Шерсть
  </material>
  <price>
   664543
  </price>
  <rating>
   3.74
  </rating>
  <reviews>
   913861
  </reviews>
  <new>
   -
  </new>
  <exclusive>
   yes
  </exclusive>
  <sporty>
   yes
  </sporty>
 </clothing>
 <clothing>
  <id>
   517410454
  </id>
  <name>
   New Balance Dress S-9322
  </name>
  <category>
   Dress
  </category>
  <size>
   XL
  </size>
  <color>
   Синий
  </color>
  <material>
   Кожа
  </material>
  <price>
   954790
  </price>
  <rating>
   1.54
  </rating>
  <reviews>
   523790
  </reviews>
  <new>
   +
  </new>
  <exclusive>
   no
  </exclusive>
  <sporty>
   yes
  </sporty>
 </clothing>
 <clothing>
  <id>
   686645200
  </id>
  <name>
   Vans Umbrellas F-5307
  </name>
  <category>
   Umbrellas
  </category>
  <size>
   XXL
  </size>
  <color>
   Голубой
  </color>
  <material>
   Шелк
  </material>
  <price>
   906717
  </price>
  <rating>
   3.58
  </rating>
  <reviews>
   447823
  </reviews>
  <exclusive>
   no
  </exclusive>
  <sporty>
   no
  </sporty>
 </clothing>
 <clothing>
  <id>
   593798185
  </id>
  <name>
   Brooks Pants J-7838
  </name>
  <category>
   Pants
  </category>
  <size>
   S
  </size>
  <color>
   Синий
  </color>
  <material>
   Хлопок
  </material>
  <price>
   771336
  </price>
  <rating>
   4.94
  </rating>
  <reviews>
   326455
  </reviews>
  <sporty>
   yes
  </sporty>
 </clothing>
 <clothing>
  <id>
   507690214
  </id>
  <name>
   Ellesse Belts T-1006
  </name>
  <category>
   Belts
  </category>
  <size>
   XL
  </size>
  <color>
   Зеленый
  </color>
  <material>
   Лен
  </material>
  <price>
   694459
  </price>
  <rating>
   2.68
  </rating>
  <reviews>
   738812
  </reviews>
  <new>
   +
  </new>
 </clothing>
 <clothing>
  <id>
   192423084
  </id>
  <name>
   Ellesse Socks A-8920
  </name>
  <category>
   Socks
  </category>
  <size>
   S
  </size>
  <color>
   Красный
  </color>
  <material>
   Лен
  </material>
  <price>
   433163
  </price>
  <rating>
   3.07
  </rating>
  <reviews>
   636545
  </reviews>
  <exclusive>
   yes
  </exclusive>
 </clothing>
 <clothing>
  <id>
   607609763
  </id>
  <name>
   Fila Shirt G-2309
  </name>
  <category>
   Shirt
  </category>
  <size>
   S
  </size>
  <color>
   Фиолетовый
  </color>
  <material>
   Нейлон
  </material>
  <price>
   346911
  </price>
  <rating>
   3.49
  </rating>
  <reviews>
   719796
  </reviews>
  <exclusive>
   no
  </exclusive>
  <sporty>
   no
  </sporty>
 </clothing>
 <clothing>
  <id>
   231583280
  </id>
  <name>
   New Balance Shoes I-5523
  </name>
  <category>
   Shoes
  </category>
  <size>
   XL
  </size>
  <color>
   Голубой
  </color>
  <material>
   Шелк
  </material>
  <price>
   605138
  </price>
  <rating>
   1.99
  </rating>
  <reviews>
   908843
  </reviews>
  <exclusive>
   no
  </exclusive>
  <sporty>
   yes
  </sporty>
 </clothing>
 <clothing>
  <id>
   894576554
  </id>
  <name>
   Fila Jacket B-9184
  </name>
  <category>
   Jacket
  </category>
  <size>
   S
  </size>
  <color>
   Фиолетовый
  </color>
  <material>
   Кожа
  </material>
  <price>
   941190
  </price>
  <rating>
   4.04
  </rating>
  <reviews>
   809256
  </reviews>
  <new>
   -
  </new>
  <sporty>
   yes
  </sporty>
 </clothing>
 <clothing>
  <id>
   889155581
  </id>
  <name>
   Converse Shoes P-7104
  </name>
  <category>
   Shoes
  </category>
  <size>
   M
  </size>
  <color>
   Голубой
  </color>
  <material>
   Нейлон
  </material>
  <price>
   708405
  </price>
  <rating>
   3.19
  </rating>
  <reviews>
   985361
  </reviews>
  <new>
   -
  </new>
  <exclusive>
   no
  </exclusive>
  <sporty>
   yes
  </sporty>
 </clothing>
</clothing-items>
