<?xml version="1.0" encoding="utf-8"?>
<clothing-items>
 <clothing>
  <id>
   379812026
  </id>
  <name>
   Puma Gloves G-1236
  </name>
  <category>
   Gloves
  </category>
  <size>
   S
  </size>
  <color>
   Желтый
  </color>
  <material>
   Нейлон
  </material>
  <price>
   293967
  </price>
  <rating>
   4.4
  </rating>
  <reviews>
   749287
  </reviews>
  <new>
   -
  </new>
  <exclusive>
   no
  </exclusive>
  <sporty>
   no
  </sporty>
 </clothing>
 <clothing>
  <id>
   507764603
  </id>
  <name>
   Converse Umbrellas R-3358
  </name>
  <category>
   Umbrellas
  </category>
  <size>
   L
  </size>
  <color>
   Фиолетовый
  </color>
  <material>
   Хлопок
  </material>
  <price>
   418638
  </price>
  <rating>
   1.82
  </rating>
  <reviews>
   32561
  </reviews>
  <new>
   -
  </new>
  <sporty>
   no
  </sporty>
 </clothing>
 <clothing>
  <id>
   888134824
  </id>
  <name>
   Addidas Umbrellas H-9025
  </name>
  <category>
   Umbrellas
  </category>
  <size>
   L
  </size>
  <color>
   Зеленый
  </color>
  <material>
   Шерсть
  </material>
  <price>
   165060
  </price>
  <rating>
   3.34
  </rating>
  <reviews>
   322023
  </reviews>
  <new>
   -
  </new>
  <sporty>
   yes
  </sporty>
 </clothing>
 <clothing>
  <id>
   650777040
  </id>
  <name>
   Reebok Jacket A-8030
  </name>
  <category>
   Jacket
  </category>
  <size>
   M
  </size>
  <color>
   Зеленый
  </color>
  <material>
   Нейлон
  </material>
  <price>
   183978
  </price>
  <rating>
   1.14
  </rating>
  <reviews>
   257409
  </reviews>
  <new>
   -
  </new>
  <exclusive>
   yes
  </exclusive>
  <sporty>
   yes
  </sporty>
 </clothing>
 <clothing>
  <id>
   324412288
  </id>
  <name>
   Fila Jeans R-4144
  </name>
  <category>
   Jeans
  </category>
  <size>
   XL
  </size>
  <color>
   Оранжевый
  </color>
  <material>
   Лен
  </material>
  <price>
   475533
  </price>
  <rating>
   4.12
  </rating>
  <reviews>
   68692
  </reviews>
  <exclusive>
   no
  </exclusive>
  <sporty>
   no
  </sporty>
 </clothing>
 <clothing>
  <id>
   141789600
  </id>
  <name>
   DC Shoes N-7097
  </name>
  <category>
   Shoes
  </category>
  <size>
   S
  </size>
  <color>
   Желтый
  </color>
  <material>
   Кожа
  </material>
  <price>
   957012
  </price>
  <rating>
   3.96
  </rating>
  <reviews>
   359441
  </reviews>
  <new>
   +
  </new>
  <exclusive>
   no
  </exclusive>
  <sporty>
   no
  </sporty>
 </clothing>
 <clothing>
  <id>
   838820525
  </id>
  <name>
   New Balance Hat R-6794
  </name>
  <category>
   Hat
  </category>
  <size>
   L
  </size>
  <color>
   Синий
  </color>
  <material>
   Нейлон
  </material>
  <price>
   239274
  </price>
  <rating>
   1.74
  </rating>
  <reviews>
   973431
  </reviews>
  <new>
   -
  </new>
  <exclusive>
   yes
  </exclusive>
  <sporty>
   no
  </sporty>
 </clothing>
 <clothing>
  <id>
   701975343
  </id>
  <name>
   Converse Jeans W-7553
  </name>
  <category>
   Jeans
  </category>
  <size>
   S
  </size>
  <color>
   Желтый
  </color>
  <material>
   Нейлон
  </material>
  <price>
   751656
  </price>
  <rating>
   4.62
  </rating>
  <reviews>
   91416
  </reviews>
  <exclusive>
   no
  </exclusive>
  <sporty>
   no
  </sporty>
 </clothing>
 <clothing>
  <id>
   122263302
  </id>
  <name>
   Vans Gloves P-7978
  </name>
  <category>
   Gloves
  </category>
  <size>
   XXL
  </size>
  <color>
   Красный
  </color>
  <material>
   Вискоза
  </material>
  <price>
   830262
  </price>
  <rating>
   3.01
  </rating>
  <reviews>
   830792
  </reviews>
  <new>
   -
  </new>
  <exclusive>
   no
  </exclusive>
  <sporty>
   yes
  </sporty>
 </clothing>
 <clothing>
  <id>
   824157523
  </id>
  <name>
   Brooks Shoes U-3914
  </name>
  <category>
   Shoes
  </category>
  <size>
   L
  </size>
  <color>
   Зеленый
  </color>
  <material>
   Полиэстер
  </material>
  <price>
   868453
  </price>
  <rating>
   1.87
  </rating>
  <reviews>
   44825
  </reviews>
  <new>
   +
  </new>
  <sporty>
   no
  </sporty>
 </clothing>
 <clothing>
  <id>
   311204678
  </id>
  <name>
   PleinSport Shoes G-3183
  </name>
  <category>
   Shoes
  </category>
  <size>
   XXL
  </size>
  <color>
   Желтый
  </color>
  <material>
   Вискоза
  </material>
  <price>
   973966
  </price>
  <rating>
   1.69
  </rating>
  <reviews>
   52675
  </reviews>
  <new>
   +
  </new>
  <sporty>
   yes
  </sporty>
 </clothing>
 <clothing>
  <id>
   666081487
  </id>
  <name>
   Ellesse Hat C-6697
  </name>
  <category>
   Hat
  </category>
  <size>
   XXL
  </size>
  <color>
   Желтый
  </color>
  <material>
   Кожа
  </material>
  <price>
   840051
  </price>
  <rating>
   3.33
  </rating>
  <reviews>
   766492
  </reviews>
  <new>
   +
  </new>
  <exclusive>
   yes
  </exclusive>
  <sporty>
   no
  </sporty>
 </clothing>
 <clothing>
  <id>
   506519031
  </id>
  <name>
   Lacoste Blouse P-7663
  </name>
  <category>
   Blouse
  </category>
  <size>
   L
  </size>
  <color>
   Зеленый
  </color>
  <material>
   Лен
  </material>
  <price>
   115724
  </price>
  <rating>
   1.57
  </rating>
  <reviews>
   741805
  </reviews>
  <new>
   -
  </new>
  <exclusive>
   no
  </exclusive>
 </clothing>
 <clothing>
  <id>
   898674563
  </id>
  <name>
   Fila Shirt A-9503
  </name>
  <category>
   Shirt
  </category>
  <size>
   L
  </size>
  <color>
   Голубой
  </color>
  <material>
   Лен
  </material>
  <price>
   115712
  </price>
  <rating>
   1.75
  </rating>
  <reviews>
   107988
  </reviews>
  <new>
   +
  </new>
  <sporty>
   yes
  </sporty>
 </clothing>
 <clothing>
  <id>
   904255812
  </id>
  <name>
   Ellesse Jacket H-2892
  </name>
  <category>
   Jacket
  </category>
  <size>
   XL
  </size>
  <color>
   Зеленый
  </color>
  <material>
   Нейлон
  </material>
  <price>
   412625
  </price>
  <rating>
   1.09
  </rating>
  <reviews>
   674377
  </reviews>
  <exclusive>
   yes
  </exclusive>
  <sporty>
   no
  </sporty>
 </clothing>
 <clothing>
  <id>
   314261072
  </id>
  <name>
   Asics Jeans I-9604
  </name>
  <category>
   Jeans
  </category>
  <size>
   XL
  </size>
  <color>
   Голубой
  </color>
  <material>
   Вискоза
  </material>
  <price>
   556284
  </price>
  <rating>
   4.52
  </rating>
  <reviews>
   503807
  </reviews>
 </clothing>
 <clothing>
  <id>
   798003557
  </id>
  <name>
   Fila Jacket U-3063
  </name>
  <category>
   Jacket
  </category>
  <size>
   XL
  </size>
  <color>
   Оранжевый
  </color>
  <material>
   Полиэстер
  </material>
  <price>
   212473
  </price>
  <rating>
   2.18
  </rating>
  <reviews>
   901190
  </reviews>
  <exclusive>
   yes
  </exclusive>
 </clothing>
 <clothing>
  <id>
   993246382
  </id>
  <name>
   Addidas Belts F-9874
  </name>
  <category>
   Belts
  </category>
  <size>
   XL
  </size>
  <color>
   Фиолетовый
  </color>
  <material>
   Шелк
  </material>
  <price>
   274526
  </price>
  <rating>
   4.59
  </rating>
  <reviews>
   790636
  </reviews>
  <new>
   -
  </new>
  <exclusive>
   yes
  </exclusive>
  <sporty>
   no
  </sporty>
 </clothing>
</clothing-items>
