<?xml version="1.0" encoding="utf-8"?>
<clothing-items>
 <clothing>
  <id>
   807025502
  </id>
  <name>
   Addidas Belts C-2094
  </name>
  <category>
   Belts
  </category>
  <size>
   L
  </size>
  <color>
   Синий
  </color>
  <material>
   Шелк
  </material>
  <price>
   680999
  </price>
  <rating>
   4.68
  </rating>
  <reviews>
   315760
  </reviews>
  <exclusive>
   yes
  </exclusive>
 </clothing>
 <clothing>
  <id>
   287220853
  </id>
  <name>
   Asics Umbrellas B-9914
  </name>
  <category>
   Umbrellas
  </category>
  <size>
   XXL
  </size>
  <color>
   Желтый
  </color>
  <material>
   Шелк
  </material>
  <price>
   704279
  </price>
  <rating>
   3.67
  </rating>
  <reviews>
   527075
  </reviews>
  <sporty>
   yes
  </sporty>
 </clothing>
 <clothing>
  <id>
   651626277
  </id>
  <name>
   Vans Skirt J-3178
  </name>
  <category>
   Skirt
  </category>
  <size>
   S
  </size>
  <color>
   Фиолетовый
  </color>
  <material>
   Вискоза
  </material>
  <price>
   875591
  </price>
  <rating>
   1.85
  </rating>
  <reviews>
   850438
  </reviews>
  <new>
   -
  </new>
  <sporty>
   yes
  </sporty>
 </clothing>
 <clothing>
  <id>
   298880914
  </id>
  <name>
   Puma Blouse X-2722
  </name>
  <category>
   Blouse
  </category>
  <size>
   XL
  </size>
  <color>
   Оранжевый
  </color>
  <material>
   Вискоза
  </material>
  <price>
   351568
  </price>
  <rating>
   4.32
  </rating>
  <reviews>
   680435
  </reviews>
  <sporty>
   no
  </sporty>
 </clothing>
 <clothing>
  <id>
   306750919
  </id>
  <name>
   Brooks Jacket I-5438
  </name>
  <category>
   Jacket
  </category>
  <size>
   XXL
  </size>
  <color>
   Красный
  </color>
  <material>
   Вискоза
  </material>
  <price>
   486396
  </price>
  <rating>
   3.5
  </rating>
  <reviews>
   470388
  </reviews>
  <new>
   -
  </new>
 </clothing>
 <clothing>
  <id>
   589659125
  </id>
  <name>
   Under Armour Dress U-6539
  </name>
  <category>
   Dress
  </category>
  <size>
   S
  </size>
  <color>
   Синий
  </color>
  <material>
   Кожа
  </material>
  <price>
   963510
  </price>
  <rating>
   3.95
  </rating>
  <reviews>
   327228
  </reviews>
  <new>
   +
  </new>
  <sporty>
   yes
  </sporty>
 </clothing>
 <clothing>
  <id>
   345717887
  </id>
  <name>
   New Balance Handbags A-7422
  </name>
  <category>
   Handbags
  </category>
  <size>
   XXL
  </size>
  <color>
   Фиолетовый
  </color>
  <material>
   Полиэстер
  </material>
  <price>
   949712
  </price>
  <rating>
   2.95
  </rating>
  <reviews>
   653832
  </reviews>
  <new>
   +
  </new>
  <sporty>
   yes
  </sporty>
 </clothing>
 <clothing>
  <id>
   606583370
  </id>
  <name>
   New Balance Blouse Z-6108
  </name>
  <category>
   Blouse
  </category>
  <size>
   S
  </size>
  <color>
   Зеленый
  </color>
  <material>
   Вискоза
  </material>
  <price>
   328905
  </price>
  <rating>
   4.28
  </rating>
  <reviews>
   146747
  </reviews>
  <new>
   -
  </new>
  <exclusive>
   yes
  </exclusive>
  <sporty>
   yes
  </sporty>
 </clothing>
 <clothing>
  <id>
   730633209
  </id>
  <name>
   Puma Hat Y-4520
  </name>
  <category>
   Hat
  </category>
  <size>
   S
  </size>
  <color>
   Оранжевый
  </color>
  <material>
   Лен
  </material>
  <price>
   772788
  </price>
  <rating>
   4.18
  </rating>
  <reviews>
   740751
  </reviews>
  <new>
   +
  </new>
  <exclusive>
   no
  </exclusive>
  <sporty>
   yes
  </sporty>
 </clothing>
 <clothing>
  <id>
   915625865
  </id>
  <name>
   Adidas Shirt T-3072
  </name>
  <category>
   Shirt
  </category>
  <size>
   XL
  </size>
  <color>
   Голубой
  </color>
  <material>
   Вискоза
  </material>
  <price>
   375299
  </price>
  <rating>
   1.96
  </rating>
  <reviews>
   132747
  </reviews>
  <sporty>
   yes
  </sporty>
 </clothing>
 <clothing>
  <id>
   923529947
  </id>
  <name>
   Puma Jeans M-8856
  </name>
  <category>
   Jeans
  </category>
  <size>
   M
  </size>
  <color>
   Голубой
  </color>
  <material>
   Хлопок
  </material>
  <price>
   927066
  </price>
  <rating>
   2.19
  </rating>
  <reviews>
   147217
  </reviews>
  <new>
   -
  </new>
 </clothing>
 <clothing>
  <id>
   752668514
  </id>
  <name>
   Adidas Pants N-3696
  </name>
  <category>
   Pants
  </category>
  <size>
   L
  </size>
  <color>
   Красный
  </color>
  <material>
   Нейлон
  </material>
  <price>
   389731
  </price>
  <rating>
   2.49
  </rating>
  <reviews>
   109458
  </reviews>
  <new>
   +
  </new>
  <exclusive>
   no
  </exclusive>
  <sporty>
   no
  </sporty>
 </clothing>
 <clothing>
  <id>
   905623220
  </id>
  <name>
   Nike Pants Z-2451
  </name>
  <category>
   Pants
  </category>
  <size>
   XXL
  </size>
  <color>
   Красный
  </color>
  <material>
   Хлопок
  </material>
  <price>
   359507
  </price>
  <rating>
   3.94
  </rating>
  <reviews>
   217121
  </reviews>
  <new>
   -
  </new>
  <exclusive>
   no
  </exclusive>
  <sporty>
   no
  </sporty>
 </clothing>
 <clothing>
  <id>
   115413440
  </id>
  <name>
   Adidas Shoes H-4212
  </name>
  <category>
   Shoes
  </category>
  <size>
   XXL
  </size>
  <color>
   Зеленый
  </color>
  <material>
   Кожа
  </material>
  <price>
   486737
  </price>
  <rating>
   1.83
  </rating>
  <reviews>
   640236
  </reviews>
  <new>
   -
  </new>
  <exclusive>
   no
  </exclusive>
  <sporty>
   no
  </sporty>
 </clothing>
 <clothing>
  <id>
   303706755
  </id>
  <name>
   New Balance Shirt V-6383
  </name>
  <category>
   Shirt
  </category>
  <size>
   XL
  </size>
  <color>
   Красный
  </color>
  <material>
   Кожа
  </material>
  <price>
   149545
  </price>
  <rating>
   2.03
  </rating>
  <reviews>
   460093
  </reviews>
  <sporty>
   no
  </sporty>
 </clothing>
 <clothing>
  <id>
   277558920
  </id>
  <name>
   PleinSport T-shirt Y-8338
  </name>
  <category>
   T-shirt
  </category>
  <size>
   XL
  </size>
  <color>
   Голубой
  </color>
  <material>
   Шелк
  </material>
  <price>
   647387
  </price>
  <rating>
   3.52
  </rating>
  <reviews>
   241495
  </reviews>
  <new>
   -
  </new>
  <exclusive>
   no
  </exclusive>
 </clothing>
 <clothing>
  <id>
   793441153
  </id>
  <name>
   Addidas Gloves F-8431
  </name>
  <category>
   Gloves
  </category>
  <size>
   M
  </size>
  <color>
   Желтый
  </color>
  <material>
   Полиэстер
  </material>
  <price>
   598361
  </price>
  <rating>
   2.45
  </rating>
  <reviews>
   844665
  </reviews>
  <exclusive>
   yes
  </exclusive>
  <sporty>
   no
  </sporty>
 </clothing>
 <clothing>
  <id>
   984019053
  </id>
  <name>
   Adidas Shirt A-8066
  </name>
  <category>
   Shirt
  </category>
  <size>
   S
  </size>
  <color>
   Желтый
  </color>
  <material>
   Полиэстер
  </material>
  <price>
   194752
  </price>
  <rating>
   1.2
  </rating>
  <reviews>
   52287
  </reviews>
 </clothing>
 <clothing>
  <id>
   969224476
  </id>
  <name>
   Asics Jeans D-6891
  </name>
  <category>
   Jeans
  </category>
  <size>
   L
  </size>
  <color>
   Оранжевый
  </color>
  <material>
   Шелк
  </material>
  <price>
   665694
  </price>
  <rating>
   1.52
  </rating>
  <reviews>
   139145
  </reviews>
  <exclusive>
   no
  </exclusive>
 </clothing>
 <clothing>
  <id>
   126325475
  </id>
  <name>
   Lacoste Jeans U-4442
  </name>
  <category>
   Jeans
  </category>
  <size>
   S
  </size>
  <color>
   Красный
  </color>
  <material>
   Шерсть
  </material>
  <price>
   392022
  </price>
  <rating>
   2.99
  </rating>
  <reviews>
   221829
  </reviews>
  <new>
   +
  </new>
  <sporty>
   no
  </sporty>
 </clothing>
 <clothing>
  <id>
   944640308
  </id>
  <name>
   Converse Handbags F-2614
  </name>
  <category>
   Handbags
  </category>
  <size>
   L
  </size>
  <color>
   Фиолетовый
  </color>
  <material>
   Вискоза
  </material>
  <price>
   369110
  </price>
  <rating>
   1.53
  </rating>
  <reviews>
   919927
  </reviews>
  <new>
   -
  </new>
  <exclusive>
   no
  </exclusive>
 </clothing>
 <clothing>
  <id>
   579043707
  </id>
  <name>
   Reebok Umbrellas F-3534
  </name>
  <category>
   Umbrellas
  </category>
  <size>
   XL
  </size>
  <color>
   Оранжевый
  </color>
  <material>
   Хлопок
  </material>
  <price>
   595306
  </price>
  <rating>
   2.23
  </rating>
  <reviews>
   356543
  </reviews>
  <new>
   -
  </new>
  <exclusive>
   no
  </exclusive>
  <sporty>
   yes
  </sporty>
 </clothing>
 <clothing>
  <id>
   364312361
  </id>
  <name>
   PleinSport Socks N-3884
  </name>
  <category>
   Socks
  </category>
  <size>
   M
  </size>
  <color>
   Зеленый
  </color>
  <material>
   Лен
  </material>
  <price>
   758569
  </price>
  <rating>
   4.5
  </rating>
  <reviews>
   608664
  </reviews>
  <new>
   -
  </new>
 </clothing>
 <clothing>
  <id>
   823136682
  </id>
  <name>
   Reebok Skirt P-5794
  </name>
  <category>
   Skirt
  </category>
  <size>
   M
  </size>
  <color>
   Голубой
  </color>
  <material>
   Кожа
  </material>
  <price>
   114192
  </price>
  <rating>
   2.17
  </rating>
  <reviews>
   735350
  </reviews>
  <new>
   +
  </new>
 </clothing>
 <clothing>
  <id>
   420508821
  </id>
  <name>
   Asics Gloves T-1742
  </name>
  <category>
   Gloves
  </category>
  <size>
   XXL
  </size>
  <color>
   Синий
  </color>
  <material>
   Шелк
  </material>
  <price>
   709882
  </price>
  <rating>
   2.58
  </rating>
  <reviews>
   696877
  </reviews>
  <new>
   +
  </new>
  <sporty>
   no
  </sporty>
 </clothing>
 <clothing>
  <id>
   406013272
  </id>
  <name>
   Ellesse Blouse Q-7900
  </name>
  <category>
   Blouse
  </category>
  <size>
   XL
  </size>
  <color>
   Зеленый
  </color>
  <material>
   Нейлон
  </material>
  <price>
   832057
  </price>
  <rating>
   4.71
  </rating>
  <reviews>
   469245
  </reviews>
  <exclusive>
   no
  </exclusive>
 </clothing>
 <clothing>
  <id>
   755824163
  </id>
  <name>
   Asics Pants H-1196
  </name>
  <category>
   Pants
  </category>
  <size>
   XXL
  </size>
  <color>
   Голубой
  </color>
  <material>
   Хлопок
  </material>
  <price>
   697280
  </price>
  <rating>
   4.34
  </rating>
  <reviews>
   649786
  </reviews>
 </clothing>
 <clothing>
  <id>
   721262565
  </id>
  <name>
   New Balance Socks E-9267
  </name>
  <category>
   Socks
  </category>
  <size>
   M
  </size>
  <color>
   Синий
  </color>
  <material>
   Полиэстер
  </material>
  <price>
   385948
  </price>
  <rating>
   1.97
  </rating>
  <reviews>
   668799
  </reviews>
  <new>
   -
  </new>
  <exclusive>
   yes
  </exclusive>
  <sporty>
   no
  </sporty>
 </clothing>
 <clothing>
  <id>
   235710650
  </id>
  <name>
   Ellesse Blouse U-8518
  </name>
  <category>
   Blouse
  </category>
  <size>
   XL
  </size>
  <color>
   Оранжевый
  </color>
  <material>
   Вискоза
  </material>
  <price>
   100885
  </price>
  <rating>
   4.48
  </rating>
  <reviews>
   195307
  </reviews>
  <new>
   -
  </new>
  <exclusive>
   yes
  </exclusive>
 </clothing>
 <clothing>
  <id>
   209336033
  </id>
  <name>
   Converse Shirt T-1809
  </name>
  <category>
   Shirt
  </category>
  <size>
   XL
  </size>
  <color>
   Фиолетовый
  </color>
  <material>
   Шерсть
  </material>
  <price>
   499016
  </price>
  <rating>
   3.44
  </rating>
  <reviews>
   356203
  </reviews>
  <exclusive>
   yes
  </exclusive>
 </clothing>
 <clothing>
  <id>
   336087005
  </id>
  <name>
   PleinSport Dress V-7778
  </name>
  <category>
   Dress
  </category>
  <size>
   XL
  </size>
  <color>
   Красный
  </color>
  <material>
   Нейлон
  </material>
  <price>
   298051
  </price>
  <rating>
   1.44
  </rating>
  <reviews>
   114050
  </reviews>
  <new>
   -
  </new>
  <exclusive>
   no
  </exclusive>
 </clothing>
 <clothing>
  <id>
   997609353
  </id>
  <name>
   Vans Jacket K-1227
  </name>
  <category>
   Jacket
  </category>
  <size>
   XL
  </size>
  <color>
   Синий
  </color>
  <material>
   Кожа
  </material>
  <price>
   814009
  </price>
  <rating>
   3.91
  </rating>
  <reviews>
   628259
  </reviews>
  <new>
   +
  </new>
  <sporty>
   no
  </sporty>
 </clothing>
 <clothing>
  <id>
   821790356
  </id>
  <name>
   Fila Blouse S-1025
  </name>
  <category>
   Blouse
  </category>
  <size>
   XXL
  </size>
  <color>
   Красный
  </color>
  <material>
   Нейлон
  </material>
  <price>
   854521
  </price>
  <rating>
   1.81
  </rating>
  <reviews>
   388070
  </reviews>
  <sporty>
   yes
  </sporty>
 </clothing>
 <clothing>
  <id>
   736203183
  </id>
  <name>
   Brooks Pants A-2353
  </name>
  <category>
   Pants
  </category>
  <size>
   S
  </size>
  <color>
   Красный
  </color>
  <material>
   Шерсть
  </material>
  <price>
   411888
  </price>
  <rating>
   3.7
  </rating>
  <reviews>
   216373
  </reviews>
 </clothing>
 <clothing>
  <id>
   762167757
  </id>
  <name>
   Reebok Blouse W-6659
  </name>
  <category>
   Blouse
  </category>
  <size>
   S
  </size>
  <color>
   Желтый
  </color>
  <material>
   Шелк
  </material>
  <price>
   408230
  </price>
  <rating>
   2.13
  </rating>
  <reviews>
   92144
  </reviews>
  <exclusive>
   no
  </exclusive>
  <sporty>
   yes
  </sporty>
 </clothing>
 <clothing>
  <id>
   637536698
  </id>
  <name>
   Nike Hat M-7112
  </name>
  <category>
   Hat
  </category>
  <size>
   L
  </size>
  <color>
   Фиолетовый
  </color>
  <material>
   Нейлон
  </material>
  <price>
   824987
  </price>
  <rating>
   2.45
  </rating>
  <reviews>
   580494
  </reviews>
  <new>
   -
  </new>
  <sporty>
   no
  </sporty>
 </clothing>
 <clothing>
  <id>
   809172285
  </id>
  <name>
   Asics Shirt C-2217
  </name>
  <category>
   Shirt
  </category>
  <size>
   XXL
  </size>
  <color>
   Фиолетовый
  </color>
  <material>
   Лен
  </material>
  <price>
   621552
  </price>
  <rating>
   4.65
  </rating>
  <reviews>
   483160
  </reviews>
  <exclusive>
   yes
  </exclusive>
  <sporty>
   no
  </sporty>
 </clothing>
 <clothing>
  <id>
   191125913
  </id>
  <name>
   Brooks Handbags T-4456
  </name>
  <category>
   Handbags
  </category>
  <size>
   M
  </size>
  <color>
   Желтый
  </color>
  <material>
   Лен
  </material>
  <price>
   352546
  </price>
  <rating>
   1.44
  </rating>
  <reviews>
   417297
  </reviews>
  <exclusive>
   yes
  </exclusive>
  <sporty>
   no
  </sporty>
 </clothing>
 <clothing>
  <id>
   917024112
  </id>
  <name>
   Nike Shirt F-5819
  </name>
  <category>
   Shirt
  </category>
  <size>
   XL
  </size>
  <color>
   Оранжевый
  </color>
  <material>
   Нейлон
  </material>
  <price>
   348744
  </price>
  <rating>
   4.92
  </rating>
  <reviews>
   932411
  </reviews>
  <new>
   -
  </new>
  <exclusive>
   yes
  </exclusive>
  <sporty>
   no
  </sporty>
 </clothing>
 <clothing>
  <id>
   219377212
  </id>
  <name>
   Under Armour Blouse R-7619
  </name>
  <category>
   Blouse
  </category>
  <size>
   XL
  </size>
  <color>
   Красный
  </color>
  <material>
   Кожа
  </material>
  <price>
   276595
  </price>
  <rating>
   1.48
  </rating>
  <reviews>
   117475
  </reviews>
 </clothing>
 <clothing>
  <id>
   152021502
  </id>
  <name>
   Puma Jacket P-2051
  </name>
  <category>
   Jacket
  </category>
  <size>
   S
  </size>
  <color>
   Зеленый
  </color>
  <material>
   Кожа
  </material>
  <price>
   378576
  </price>
  <rating>
   1.7
  </rating>
  <reviews>
   947219
  </reviews>
  <new>
   -
  </new>
  <sporty>
   no
  </sporty>
 </clothing>
 <clothing>
  <id>
   650176356
  </id>
  <name>
   Brooks Umbrellas M-5515
  </name>
  <category>
   Umbrellas
  </category>
  <size>
   M
  </size>
  <color>
   Желтый
  </color>
  <material>
   Шелк
  </material>
  <price>
   775585
  </price>
  <rating>
   3.48
  </rating>
  <reviews>
   586186
  </reviews>
  <sporty>
   yes
  </sporty>
 </clothing>
 <clothing>
  <id>
   117189388
  </id>
  <name>
   Brooks Shoes R-5644
  </name>
  <category>
   Shoes
  </category>
  <size>
   M
  </size>
  <color>
   Синий
  </color>
  <material>
   Полиэстер
  </material>
  <price>
   343177
  </price>
  <rating>
   1.54
  </rating>
  <reviews>
   939150
  </reviews>
 </clothing>
 <clothing>
  <id>
   970247320
  </id>
  <name>
   Fila Skirt J-2338
  </name>
  <category>
   Skirt
  </category>
  <size>
   S
  </size>
  <color>
   Оранжевый
  </color>
  <material>
   Нейлон
  </material>
  <price>
   470780
  </price>
  <rating>
   4.67
  </rating>
  <reviews>
   428149
  </reviews>
  <new>
   -
  </new>
  <exclusive>
   no
  </exclusive>
  <sporty>
   no
  </sporty>
 </clothing>
 <clothing>
  <id>
   383089539
  </id>
  <name>
   Addidas Dress V-9937
  </name>
  <category>
   Dress
  </category>
  <size>
   S
  </size>
  <color>
   Фиолетовый
  </color>
  <material>
   Лен
  </material>
  <price>
   554753
  </price>
  <rating>
   1.72
  </rating>
  <reviews>
   400935
  </reviews>
  <exclusive>
   no
  </exclusive>
 </clothing>
 <clothing>
  <id>
   609951374
  </id>
  <name>
   DC Socks R-2513
  </name>
  <category>
   Socks
  </category>
  <size>
   L
  </size>
  <color>
   Желтый
  </color>
  <material>
   Шелк
  </material>
  <price>
   591001
  </price>
  <rating>
   1.47
  </rating>
  <reviews>
   851057
  </reviews>
  <new>
   +
  </new>
  <exclusive>
   no
  </exclusive>
  <sporty>
   no
  </sporty>
 </clothing>
 <clothing>
  <id>
   471716388
  </id>
  <name>
   Reebok Hat G-1859
  </name>
  <category>
   Hat
  </category>
  <size>
   M
  </size>
  <color>
   Зеленый
  </color>
  <material>
   Полиэстер
  </material>
  <price>
   898824
  </price>
  <rating>
   3.66
  </rating>
  <reviews>
   234910
  </reviews>
  <new>
   -
  </new>
 </clothing>
 <clothing>
  <id>
   902131642
  </id>
  <name>
   Brooks Dress Y-8097
  </name>
  <category>
   Dress
  </category>
  <size>
   L
  </size>
  <color>
   Оранжевый
  </color>
  <material>
   Хлопок
  </material>
  <price>
   709596
  </price>
  <rating>
   4.1
  </rating>
  <reviews>
   74541
  </reviews>
  <new>
   -
  </new>
  <sporty>
   no
  </sporty>
 </clothing>
 <clothing>
  <id>
   311448625
  </id>
  <name>
   Reebok Skirt G-4929
  </name>
  <category>
   Skirt
  </category>
  <size>
   L
  </size>
  <color>
   Фиолетовый
  </color>
  <material>
   Нейлон
  </material>
  <price>
   185013
  </price>
  <rating>
   4.52
  </rating>
  <reviews>
   588538
  </reviews>
  <sporty>
   no
  </sporty>
 </clothing>
 <clothing>
  <id>
   433608782
  </id>
  <name>
   DC T-shirt T-5218
  </name>
  <category>
   T-shirt
  </category>
  <size>
   XL
  </size>
  <color>
   Оранжевый
  </color>
  <material>
   Вискоза
  </material>
  <price>
   869893
  </price>
  <rating>
   3.74
  </rating>
  <reviews>
   953736
  </reviews>
  <exclusive>
   no
  </exclusive>
  <sporty>
   yes
  </sporty>
 </clothing>
</clothing-items>
