<?xml version="1.0" encoding="utf-8"?>
<clothing-items>
 <clothing>
  <id>
   434923014
  </id>
  <name>
   DC Jeans Z-6814
  </name>
  <category>
   Jeans
  </category>
  <size>
   XL
  </size>
  <color>
   Фиолетовый
  </color>
  <material>
   Кожа
  </material>
  <price>
   928053
  </price>
  <rating>
   4.61
  </rating>
  <reviews>
   949899
  </reviews>
  <new>
   -
  </new>
  <exclusive>
   no
  </exclusive>
 </clothing>
 <clothing>
  <id>
   937002170
  </id>
  <name>
   Lacoste Jacket W-7879
  </name>
  <category>
   Jacket
  </category>
  <size>
   XL
  </size>
  <color>
   Синий
  </color>
  <material>
   Лен
  </material>
  <price>
   662931
  </price>
  <rating>
   3.66
  </rating>
  <reviews>
   406292
  </reviews>
  <new>
   -
  </new>
 </clothing>
 <clothing>
  <id>
   961316823
  </id>
  <name>
   Under Armour Gloves P-9400
  </name>
  <category>
   Gloves
  </category>
  <size>
   L
  </size>
  <color>
   Голубой
  </color>
  <material>
   Шерсть
  </material>
  <price>
   505548
  </price>
  <rating>
   2.62
  </rating>
  <reviews>
   980372
  </reviews>
  <exclusive>
   yes
  </exclusive>
  <sporty>
   yes
  </sporty>
 </clothing>
 <clothing>
  <id>
   846711653
  </id>
  <name>
   Ellesse Shirt P-3020
  </name>
  <category>
   Shirt
  </category>
  <size>
   L
  </size>
  <color>
   Фиолетовый
  </color>
  <material>
   Шерсть
  </material>
  <price>
   812175
  </price>
  <rating>
   1.33
  </rating>
  <reviews>
   994815
  </reviews>
  <exclusive>
   no
  </exclusive>
  <sporty>
   yes
  </sporty>
 </clothing>
 <clothing>
  <id>
   586209749
  </id>
  <name>
   Reebok Umbrellas M-4012
  </name>
  <category>
   Umbrellas
  </category>
  <size>
   XXL
  </size>
  <color>
   Оранжевый
  </color>
  <material>
   Хлопок
  </material>
  <price>
   263007
  </price>
  <rating>
   2.24
  </rating>
  <reviews>
   313995
  </reviews>
  <new>
   -
  </new>
 </clothing>
 <clothing>
  <id>
   116032563
  </id>
  <name>
   Lacoste Dress V-1161
  </name>
  <category>
   Dress
  </category>
  <size>
   L
  </size>
  <color>
   Синий
  </color>
  <material>
   Лен
  </material>
  <price>
   530476
  </price>
  <rating>
   2.99
  </rating>
  <reviews>
   4980
  </reviews>
  <new>
   -
  </new>
  <exclusive>
   no
  </exclusive>
  <sporty>
   no
  </sporty>
 </clothing>
 <clothing>
  <id>
   560105549
  </id>
  <name>
   Addidas Jacket E-4350
  </name>
  <category>
   Jacket
  </category>
  <size>
   XL
  </size>
  <color>
   Синий
  </color>
  <material>
   Кожа
  </material>
  <price>
   712898
  </price>
  <rating>
   4.53
  </rating>
  <reviews>
   919868
  </reviews>
  <new>
   -
  </new>
  <exclusive>
   yes
  </exclusive>
 </clothing>
 <clothing>
  <id>
   433039469
  </id>
  <name>
   Asics Blouse T-8865
  </name>
  <category>
   Blouse
  </category>
  <size>
   L
  </size>
  <color>
   Оранжевый
  </color>
  <material>
   Шелк
  </material>
  <price>
   170728
  </price>
  <rating>
   3.24
  </rating>
  <reviews>
   366977
  </reviews>
  <exclusive>
   no
  </exclusive>
 </clothing>
 <clothing>
  <id>
   659159977
  </id>
  <name>
   Fila Jeans K-1431
  </name>
  <category>
   Jeans
  </category>
  <size>
   M
  </size>
  <color>
   Голубой
  </color>
  <material>
   Кожа
  </material>
  <price>
   604740
  </price>
  <rating>
   3.3
  </rating>
  <reviews>
   609852
  </reviews>
  <new>
   -
  </new>
  <exclusive>
   yes
  </exclusive>
  <sporty>
   yes
  </sporty>
 </clothing>
 <clothing>
  <id>
   696192227
  </id>
  <name>
   PleinSport Pants K-5948
  </name>
  <category>
   Pants
  </category>
  <size>
   L
  </size>
  <color>
   Оранжевый
  </color>
  <material>
   Вискоза
  </material>
  <price>
   359754
  </price>
  <rating>
   3.95
  </rating>
  <reviews>
   920536
  </reviews>
  <exclusive>
   yes
  </exclusive>
 </clothing>
 <clothing>
  <id>
   609548779
  </id>
  <name>
   Lacoste Jeans X-5568
  </name>
  <category>
   Jeans
  </category>
  <size>
   XL
  </size>
  <color>
   Фиолетовый
  </color>
  <material>
   Лен
  </material>
  <price>
   954496
  </price>
  <rating>
   3.71
  </rating>
  <reviews>
   961669
  </reviews>
  <sporty>
   no
  </sporty>
 </clothing>
 <clothing>
  <id>
   940879728
  </id>
  <name>
   Puma T-shirt W-9788
  </name>
  <category>
   T-shirt
  </category>
  <size>
   XXL
  </size>
  <color>
   Оранжевый
  </color>
  <material>
   Шелк
  </material>
  <price>
   176347
  </price>
  <rating>
   3.16
  </rating>
  <reviews>
   388882
  </reviews>
  <new>
   -
  </new>
  <exclusive>
   yes
  </exclusive>
 </clothing>
 <clothing>
  <id>
   478480967
  </id>
  <name>
   Under Armour Jeans S-1719
  </name>
  <category>
   Jeans
  </category>
  <size>
   M
  </size>
  <color>
   Синий
  </color>
  <material>
   Шерсть
  </material>
  <price>
   368578
  </price>
  <rating>
   2.24
  </rating>
  <reviews>
   424998
  </reviews>
  <exclusive>
   yes
  </exclusive>
 </clothing>
 <clothing>
  <id>
   844910718
  </id>
  <name>
   Lacoste Sweater P-5962
  </name>
  <category>
   Sweater
  </category>
  <size>
   XL
  </size>
  <color>
   Синий
  </color>
  <material>
   Шерсть
  </material>
  <price>
   440864
  </price>
  <rating>
   1.76
  </rating>
  <reviews>
   125080
  </reviews>
  <exclusive>
   no
  </exclusive>
 </clothing>
 <clothing>
  <id>
   734247726
  </id>
  <name>
   Fila Jacket H-9087
  </name>
  <category>
   Jacket
  </category>
  <size>
   M
  </size>
  <color>
   Фиолетовый
  </color>
  <material>
   Шелк
  </material>
  <price>
   646738
  </price>
  <rating>
   2.21
  </rating>
  <reviews>
   496722
  </reviews>
  <exclusive>
   no
  </exclusive>
  <sporty>
   yes
  </sporty>
 </clothing>
 <clothing>
  <id>
   915700744
  </id>
  <name>
   PleinSport Pants M-1164
  </name>
  <category>
   Pants
  </category>
  <size>
   S
  </size>
  <color>
   Оранжевый
  </color>
  <material>
   Шерсть
  </material>
  <price>
   825771
  </price>
  <rating>
   1.03
  </rating>
  <reviews>
   849358
  </reviews>
  <new>
   -
  </new>
 </clothing>
 <clothing>
  <id>
   938580653
  </id>
  <name>
   Reebok Belts U-3183
  </name>
  <category>
   Belts
  </category>
  <size>
   XL
  </size>
  <color>
   Зеленый
  </color>
  <material>
   Шерсть
  </material>
  <price>
   662404
  </price>
  <rating>
   3.27
  </rating>
  <reviews>
   890759
  </reviews>
  <exclusive>
   no
  </exclusive>
  <sporty>
   no
  </sporty>
 </clothing>
 <clothing>
  <id>
   899789385
  </id>
  <name>
   DC Gloves O-1680
  </name>
  <category>
   Gloves
  </category>
  <size>
   S
  </size>
  <color>
   Зеленый
  </color>
  <material>
   Вискоза
  </material>
  <price>
   939916
  </price>
  <rating>
   3.79
  </rating>
  <reviews>
   929480
  </reviews>
  <new>
   -
  </new>
  <exclusive>
   no
  </exclusive>
  <sporty>
   no
  </sporty>
 </clothing>
 <clothing>
  <id>
   272501321
  </id>
  <name>
   DC Skirt L-8538
  </name>
  <category>
   Skirt
  </category>
  <size>
   L
  </size>
  <color>
   Синий
  </color>
  <material>
   Нейлон
  </material>
  <price>
   162019
  </price>
  <rating>
   1.36
  </rating>
  <reviews>
   124953
  </reviews>
  <new>
   -
  </new>
  <exclusive>
   yes
  </exclusive>
 </clothing>
 <clothing>
  <id>
   775195295
  </id>
  <name>
   Ellesse Dress Z-4120
  </name>
  <category>
   Dress
  </category>
  <size>
   M
  </size>
  <color>
   Красный
  </color>
  <material>
   Нейлон
  </material>
  <price>
   388401
  </price>
  <rating>
   3.51
  </rating>
  <reviews>
   668890
  </reviews>
  <new>
   +
  </new>
  <sporty>
   no
  </sporty>
 </clothing>
 <clothing>
  <id>
   579388145
  </id>
  <name>
   Fila Umbrellas M-6375
  </name>
  <category>
   Umbrellas
  </category>
  <size>
   M
  </size>
  <color>
   Оранжевый
  </color>
  <material>
   Хлопок
  </material>
  <price>
   258502
  </price>
  <rating>
   3.21
  </rating>
  <reviews>
   416436
  </reviews>
  <exclusive>
   no
  </exclusive>
  <sporty>
   no
  </sporty>
 </clothing>
 <clothing>
  <id>
   222469424
  </id>
  <name>
   Fila Skirt K-1590
  </name>
  <category>
   Skirt
  </category>
  <size>
   S
  </size>
  <color>
   Красный
  </color>
  <material>
   Хлопок
  </material>
  <price>
   865474
  </price>
  <rating>
   4.29
  </rating>
  <reviews>
   32579
  </reviews>
  <new>
   -
  </new>
  <exclusive>
   yes
  </exclusive>
 </clothing>
 <clothing>
  <id>
   145438864
  </id>
  <name>
   Vans Gloves P-9114
  </name>
  <category>
   Gloves
  </category>
  <size>
   L
  </size>
  <color>
   Желтый
  </color>
  <material>
   Шелк
  </material>
  <price>
   842254
  </price>
  <rating>
   2.23
  </rating>
  <reviews>
   393762
  </reviews>
  <exclusive>
   no
  </exclusive>
 </clothing>
 <clothing>
  <id>
   909794574
  </id>
  <name>
   Fila Dress P-6774
  </name>
  <category>
   Dress
  </category>
  <size>
   M
  </size>
  <color>
   Синий
  </color>
  <material>
   Лен
  </material>
  <price>
   356378
  </price>
  <rating>
   2.63
  </rating>
  <reviews>
   938849
  </reviews>
  <exclusive>
   no
  </exclusive>
  <sporty>
   yes
  </sporty>
 </clothing>
 <clothing>
  <id>
   572446392
  </id>
  <name>
   Converse Hat P-1279
  </name>
  <category>
   Hat
  </category>
  <size>
   S
  </size>
  <color>
   Оранжевый
  </color>
  <material>
   Шелк
  </material>
  <price>
   573621
  </price>
  <rating>
   3.8
  </rating>
  <reviews>
   366053
  </reviews>
  <new>
   -
  </new>
 </clothing>
 <clothing>
  <id>
   806193397
  </id>
  <name>
   Fila T-shirt R-3812
  </name>
  <category>
   T-shirt
  </category>
  <size>
   M
  </size>
  <color>
   Оранжевый
  </color>
  <material>
   Хлопок
  </material>
  <price>
   345921
  </price>
  <rating>
   4.62
  </rating>
  <reviews>
   961726
  </reviews>
  <exclusive>
   yes
  </exclusive>
  <sporty>
   yes
  </sporty>
 </clothing>
 <clothing>
  <id>
   316868230
  </id>
  <name>
   Lacoste Sweater Q-2836
  </name>
  <category>
   Sweater
  </category>
  <size>
   L
  </size>
  <color>
   Оранжевый
  </color>
  <material>
   Хлопок
  </material>
  <price>
   642532
  </price>
  <rating>
   4.28
  </rating>
  <reviews>
   986332
  </reviews>
  <exclusive>
   yes
  </exclusive>
  <sporty>
   yes
  </sporty>
 </clothing>
 <clothing>
  <id>
   807706032
  </id>
  <name>
   Puma Socks P-6919
  </name>
  <category>
   Socks
  </category>
  <size>
   M
  </size>
  <color>
   Фиолетовый
  </color>
  <material>
   Хлопок
  </material>
  <price>
   444976
  </price>
  <rating>
   1.34
  </rating>
  <reviews>
   134868
  </reviews>
  <new>
   -
  </new>
  <exclusive>
   no
  </exclusive>
  <sporty>
   no
  </sporty>
 </clothing>
 <clothing>
  <id>
   345687673
  </id>
  <name>
   Nike Jacket X-4297
  </name>
  <category>
   Jacket
  </category>
  <size>
   L
  </size>
  <color>
   Зеленый
  </color>
  <material>
   Шелк
  </material>
  <price>
   850790
  </price>
  <rating>
   2.22
  </rating>
  <reviews>
   869384
  </reviews>
  <new>
   -
  </new>
  <sporty>
   no
  </sporty>
 </clothing>
 <clothing>
  <id>
   339660643
  </id>
  <name>
   Puma Dress R-9045
  </name>
  <category>
   Dress
  </category>
  <size>
   XXL
  </size>
  <color>
   Фиолетовый
  </color>
  <material>
   Хлопок
  </material>
  <price>
   436169
  </price>
  <rating>
   4.01
  </rating>
  <reviews>
   927904
  </reviews>
  <exclusive>
   no
  </exclusive>
  <sporty>
   no
  </sporty>
 </clothing>
 <clothing>
  <id>
   556491294
  </id>
  <name>
   Ellesse Sweater V-6844
  </name>
  <category>
   Sweater
  </category>
  <size>
   S
  </size>
  <color>
   Красный
  </color>
  <material>
   Шерсть
  </material>
  <price>
   806004
  </price>
  <rating>
   3.85
  </rating>
  <reviews>
   543452
  </reviews>
  <new>
   -
  </new>
  <exclusive>
   no
  </exclusive>
  <sporty>
   no
  </sporty>
 </clothing>
 <clothing>
  <id>
   849691912
  </id>
  <name>
   Lacoste Gloves H-5057
  </name>
  <category>
   Gloves
  </category>
  <size>
   L
  </size>
  <color>
   Зеленый
  </color>
  <material>
   Шелк
  </material>
  <price>
   192906
  </price>
  <rating>
   4.39
  </rating>
  <reviews>
   665582
  </reviews>
  <exclusive>
   no
  </exclusive>
  <sporty>
   yes
  </sporty>
 </clothing>
 <clothing>
  <id>
   249003410
  </id>
  <name>
   Ellesse Gloves Z-6389
  </name>
  <category>
   Gloves
  </category>
  <size>
   L
  </size>
  <color>
   Оранжевый
  </color>
  <material>
   Шелк
  </material>
  <price>
   892737
  </price>
  <rating>
   4.76
  </rating>
  <reviews>
   463647
  </reviews>
  <exclusive>
   no
  </exclusive>
  <sporty>
   no
  </sporty>
 </clothing>
 <clothing>
  <id>
   543496129
  </id>
  <name>
   Nike Handbags T-1474
  </name>
  <category>
   Handbags
  </category>
  <size>
   M
  </size>
  <color>
   Синий
  </color>
  <material>
   Кожа
  </material>
  <price>
   326882
  </price>
  <rating>
   3.35
  </rating>
  <reviews>
   295650
  </reviews>
  <new>
   +
  </new>
  <sporty>
   no
  </sporty>
 </clothing>
 <clothing>
  <id>
   350835223
  </id>
  <name>
   Converse Jacket U-1643
  </name>
  <category>
   Jacket
  </category>
  <size>
   XXL
  </size>
  <color>
   Оранжевый
  </color>
  <material>
   Шерсть
  </material>
  <price>
   160580
  </price>
  <rating>
   1.76
  </rating>
  <reviews>
   480766
  </reviews>
  <new>
   -
  </new>
  <exclusive>
   no
  </exclusive>
 </clothing>
 <clothing>
  <id>
   501091915
  </id>
  <name>
   Converse Shoes X-6501
  </name>
  <category>
   Shoes
  </category>
  <size>
   XXL
  </size>
  <color>
   Фиолетовый
  </color>
  <material>
   Вискоза
  </material>
  <price>
   982845
  </price>
  <rating>
   1.4
  </rating>
  <reviews>
   36057
  </reviews>
  <exclusive>
   yes
  </exclusive>
  <sporty>
   no
  </sporty>
 </clothing>
 <clothing>
  <id>
   628162493
  </id>
  <name>
   New Balance Sweater G-3233
  </name>
  <category>
   Sweater
  </category>
  <size>
   XL
  </size>
  <color>
   Зеленый
  </color>
  <material>
   Шелк
  </material>
  <price>
   201830
  </price>
  <rating>
   4.03
  </rating>
  <reviews>
   434997
  </reviews>
  <exclusive>
   yes
  </exclusive>
  <sporty>
   no
  </sporty>
 </clothing>
 <clothing>
  <id>
   333492773
  </id>
  <name>
   Ellesse Hat O-7433
  </name>
  <category>
   Hat
  </category>
  <size>
   M
  </size>
  <color>
   Оранжевый
  </color>
  <material>
   Полиэстер
  </material>
  <price>
   664353
  </price>
  <rating>
   1.84
  </rating>
  <reviews>
   910541
  </reviews>
  <new>
   +
  </new>
  <sporty>
   no
  </sporty>
 </clothing>
 <clothing>
  <id>
   144368663
  </id>
  <name>
   Lacoste Sweater O-7745
  </name>
  <category>
   Sweater
  </category>
  <size>
   L
  </size>
  <color>
   Зеленый
  </color>
  <material>
   Кожа
  </material>
  <price>
   974139
  </price>
  <rating>
   4.88
  </rating>
  <reviews>
   335263
  </reviews>
  <new>
   +
  </new>
  <exclusive>
   no
  </exclusive>
 </clothing>
 <clothing>
  <id>
   332306334
  </id>
  <name>
   Ellesse Shirt J-9204
  </name>
  <category>
   Shirt
  </category>
  <size>
   S
  </size>
  <color>
   Желтый
  </color>
  <material>
   Нейлон
  </material>
  <price>
   322412
  </price>
  <rating>
   3.47
  </rating>
  <reviews>
   556104
  </reviews>
  <new>
   -
  </new>
 </clothing>
 <clothing>
  <id>
   698676440
  </id>
  <name>
   Nike Shirt B-4878
  </name>
  <category>
   Shirt
  </category>
  <size>
   S
  </size>
  <color>
   Голубой
  </color>
  <material>
   Полиэстер
  </material>
  <price>
   899748
  </price>
  <rating>
   1.87
  </rating>
  <reviews>
   944417
  </reviews>
  <new>
   +
  </new>
  <exclusive>
   no
  </exclusive>
 </clothing>
 <clothing>
  <id>
   798354205
  </id>
  <name>
   Converse T-shirt F-5404
  </name>
  <category>
   T-shirt
  </category>
  <size>
   L
  </size>
  <color>
   Зеленый
  </color>
  <material>
   Кожа
  </material>
  <price>
   300242
  </price>
  <rating>
   1.11
  </rating>
  <reviews>
   796928
  </reviews>
  <new>
   +
  </new>
  <exclusive>
   no
  </exclusive>
  <sporty>
   no
  </sporty>
 </clothing>
 <clothing>
  <id>
   301735483
  </id>
  <name>
   Addidas Jeans X-7985
  </name>
  <category>
   Jeans
  </category>
  <size>
   M
  </size>
  <color>
   Желтый
  </color>
  <material>
   Нейлон
  </material>
  <price>
   500661
  </price>
  <rating>
   3.42
  </rating>
  <reviews>
   478109
  </reviews>
  <exclusive>
   no
  </exclusive>
 </clothing>
</clothing-items>
