<?xml version="1.0" encoding="utf-8"?>
<clothing-items>
 <clothing>
  <id>
   838175610
  </id>
  <name>
   Lacoste Gloves J-3813
  </name>
  <category>
   Gloves
  </category>
  <size>
   XL
  </size>
  <color>
   Фиолетовый
  </color>
  <material>
   Кожа
  </material>
  <price>
   946575
  </price>
  <rating>
   2.92
  </rating>
  <reviews>
   332923
  </reviews>
  <new>
   -
  </new>
  <exclusive>
   no
  </exclusive>
  <sporty>
   yes
  </sporty>
 </clothing>
 <clothing>
  <id>
   209392982
  </id>
  <name>
   Lacoste T-shirt Q-9967
  </name>
  <category>
   T-shirt
  </category>
  <size>
   L
  </size>
  <color>
   Желтый
  </color>
  <material>
   Нейлон
  </material>
  <price>
   437557
  </price>
  <rating>
   3.84
  </rating>
  <reviews>
   540229
  </reviews>
  <exclusive>
   yes
  </exclusive>
  <sporty>
   no
  </sporty>
 </clothing>
 <clothing>
  <id>
   943170527
  </id>
  <name>
   Puma Shoes D-1012
  </name>
  <category>
   Shoes
  </category>
  <size>
   L
  </size>
  <color>
   Зеленый
  </color>
  <material>
   Кожа
  </material>
  <price>
   585818
  </price>
  <rating>
   2.87
  </rating>
  <reviews>
   995095
  </reviews>
  <new>
   -
  </new>
 </clothing>
 <clothing>
  <id>
   789456374
  </id>
  <name>
   Addidas Skirt I-9460
  </name>
  <category>
   Skirt
  </category>
  <size>
   M
  </size>
  <color>
   Голубой
  </color>
  <material>
   Кожа
  </material>
  <price>
   369353
  </price>
  <rating>
   3.56
  </rating>
  <reviews>
   192487
  </reviews>
  <exclusive>
   yes
  </exclusive>
  <sporty>
   no
  </sporty>
 </clothing>
 <clothing>
  <id>
   308351558
  </id>
  <name>
   Converse Umbrellas R-2933
  </name>
  <category>
   Umbrellas
  </category>
  <size>
   XL
  </size>
  <color>
   Синий
  </color>
  <material>
   Вискоза
  </material>
  <price>
   438077
  </price>
  <rating>
   2.79
  </rating>
  <reviews>
   515566
  </reviews>
  <new>
   -
  </new>
  <exclusive>
   no
  </exclusive>
 </clothing>
 <clothing>
  <id>
   311594738
  </id>
  <name>
   Addidas Handbags Q-2823
  </name>
  <category>
   Handbags
  </category>
  <size>
   XXL
  </size>
  <color>
   Зеленый
  </color>
  <material>
   Лен
  </material>
  <price>
   613345
  </price>
  <rating>
   2.72
  </rating>
  <reviews>
   578177
  </reviews>
  <new>
   -
  </new>
  <exclusive>
   yes
  </exclusive>
  <sporty>
   yes
  </sporty>
 </clothing>
 <clothing>
  <id>
   523895468
  </id>
  <name>
   New Balance Hat P-9977
  </name>
  <category>
   Hat
  </category>
  <size>
   L
  </size>
  <color>
   Желтый
  </color>
  <material>
   Кожа
  </material>
  <price>
   318444
  </price>
  <rating>
   3.07
  </rating>
  <reviews>
   852997
  </reviews>
  <exclusive>
   yes
  </exclusive>
  <sporty>
   yes
  </sporty>
 </clothing>
 <clothing>
  <id>
   975087436
  </id>
  <name>
   Ellesse Socks X-5441
  </name>
  <category>
   Socks
  </category>
  <size>
   M
  </size>
  <color>
   Желтый
  </color>
  <material>
   Шерсть
  </material>
  <price>
   208189
  </price>
  <rating>
   2.21
  </rating>
  <reviews>
   638717
  </reviews>
  <new>
   +
  </new>
  <exclusive>
   yes
  </exclusive>
 </clothing>
 <clothing>
  <id>
   839840412
  </id>
  <name>
   Fila Jacket N-9940
  </name>
  <category>
   Jacket
  </category>
  <size>
   XXL
  </size>
  <color>
   Красный
  </color>
  <material>
   Шерсть
  </material>
  <price>
   268455
  </price>
  <rating>
   4.28
  </rating>
  <reviews>
   775451
  </reviews>
  <exclusive>
   yes
  </exclusive>
 </clothing>
 <clothing>
  <id>
   974282689
  </id>
  <name>
   Brooks Shoes O-2203
  </name>
  <category>
   Shoes
  </category>
  <size>
   XXL
  </size>
  <color>
   Зеленый
  </color>
  <material>
   Полиэстер
  </material>
  <price>
   387535
  </price>
  <rating>
   1.58
  </rating>
  <reviews>
   655196
  </reviews>
  <new>
   -
  </new>
 </clothing>
 <clothing>
  <id>
   316875977
  </id>
  <name>
   Brooks Pants P-7495
  </name>
  <category>
   Pants
  </category>
  <size>
   M
  </size>
  <color>
   Зеленый
  </color>
  <material>
   Полиэстер
  </material>
  <price>
   482435
  </price>
  <rating>
   1.77
  </rating>
  <reviews>
   807271
  </reviews>
  <new>
   -
  </new>
  <sporty>
   no
  </sporty>
 </clothing>
 <clothing>
  <id>
   855509590
  </id>
  <name>
   Reebok Handbags F-6097
  </name>
  <category>
   Handbags
  </category>
  <size>
   L
  </size>
  <color>
   Синий
  </color>
  <material>
   Лен
  </material>
  <price>
   133987
  </price>
  <rating>
   3.7
  </rating>
  <reviews>
   240219
  </reviews>
  <sporty>
   yes
  </sporty>
 </clothing>
 <clothing>
  <id>
   650545759
  </id>
  <name>
   Under Armour Sweater M-1156
  </name>
  <category>
   Sweater
  </category>
  <size>
   XXL
  </size>
  <color>
   Зеленый
  </color>
  <material>
   Вискоза
  </material>
  <price>
   893716
  </price>
  <rating>
   2.32
  </rating>
  <reviews>
   469751
  </reviews>
  <new>
   -
  </new>
  <sporty>
   no
  </sporty>
 </clothing>
 <clothing>
  <id>
   348925090
  </id>
  <name>
   DC Jeans A-1260
  </name>
  <category>
   Jeans
  </category>
  <size>
   L
  </size>
  <color>
   Голубой
  </color>
  <material>
   Хлопок
  </material>
  <price>
   439358
  </price>
  <rating>
   1.36
  </rating>
  <reviews>
   16442
  </reviews>
  <new>
   -
  </new>
  <sporty>
   no
  </sporty>
 </clothing>
 <clothing>
  <id>
   778475726
  </id>
  <name>
   Lacoste Blouse J-3063
  </name>
  <category>
   Blouse
  </category>
  <size>
   L
  </size>
  <color>
   Красный
  </color>
  <material>
   Хлопок
  </material>
  <price>
   171023
  </price>
  <rating>
   3.46
  </rating>
  <reviews>
   345811
  </reviews>
  <new>
   +
  </new>
  <exclusive>
   yes
  </exclusive>
  <sporty>
   no
  </sporty>
 </clothing>
 <clothing>
  <id>
   568125230
  </id>
  <name>
   Nike Blouse Q-7938
  </name>
  <category>
   Blouse
  </category>
  <size>
   L
  </size>
  <color>
   Синий
  </color>
  <material>
   Лен
  </material>
  <price>
   678467
  </price>
  <rating>
   3.06
  </rating>
  <reviews>
   246427
  </reviews>
  <new>
   -
  </new>
  <exclusive>
   no
  </exclusive>
 </clothing>
 <clothing>
  <id>
   826603760
  </id>
  <name>
   Ellesse Socks W-7857
  </name>
  <category>
   Socks
  </category>
  <size>
   XL
  </size>
  <color>
   Зеленый
  </color>
  <material>
   Полиэстер
  </material>
  <price>
   745937
  </price>
  <rating>
   1.05
  </rating>
  <reviews>
   284623
  </reviews>
  <exclusive>
   no
  </exclusive>
  <sporty>
   yes
  </sporty>
 </clothing>
 <clothing>
  <id>
   154985880
  </id>
  <name>
   DC Jeans E-4173
  </name>
  <category>
   Jeans
  </category>
  <size>
   S
  </size>
  <color>
   Зеленый
  </color>
  <material>
   Кожа
  </material>
  <price>
   746257
  </price>
  <rating>
   3.84
  </rating>
  <reviews>
   548157
  </reviews>
  <exclusive>
   no
  </exclusive>
  <sporty>
   no
  </sporty>
 </clothing>
 <clothing>
  <id>
   704512173
  </id>
  <name>
   Nike Dress O-2470
  </name>
  <category>
   Dress
  </category>
  <size>
   XXL
  </size>
  <color>
   Фиолетовый
  </color>
  <material>
   Хлопок
  </material>
  <price>
   152351
  </price>
  <rating>
   4.43
  </rating>
  <reviews>
   213764
  </reviews>
 </clothing>
 <clothing>
  <id>
   687785602
  </id>
  <name>
   DC Belts P-8268
  </name>
  <category>
   Belts
  </category>
  <size>
   XXL
  </size>
  <color>
   Зеленый
  </color>
  <material>
   Полиэстер
  </material>
  <price>
   452418
  </price>
  <rating>
   3.56
  </rating>
  <reviews>
   259184
  </reviews>
  <new>
   +
  </new>
  <exclusive>
   yes
  </exclusive>
  <sporty>
   yes
  </sporty>
 </clothing>
 <clothing>
  <id>
   565847438
  </id>
  <name>
   PleinSport Pants D-7980
  </name>
  <category>
   Pants
  </category>
  <size>
   XL
  </size>
  <color>
   Желтый
  </color>
  <material>
   Хлопок
  </material>
  <price>
   335956
  </price>
  <rating>
   1.96
  </rating>
  <reviews>
   383801
  </reviews>
  <new>
   +
  </new>
 </clothing>
 <clothing>
  <id>
   904022154
  </id>
  <name>
   Under Armour Jeans D-5548
  </name>
  <category>
   Jeans
  </category>
  <size>
   XXL
  </size>
  <color>
   Зеленый
  </color>
  <material>
   Хлопок
  </material>
  <price>
   688453
  </price>
  <rating>
   1.25
  </rating>
  <reviews>
   813158
  </reviews>
  <new>
   +
  </new>
  <exclusive>
   yes
  </exclusive>
 </clothing>
 <clothing>
  <id>
   308098827
  </id>
  <name>
   Addidas Hat J-4290
  </name>
  <category>
   Hat
  </category>
  <size>
   L
  </size>
  <color>
   Желтый
  </color>
  <material>
   Полиэстер
  </material>
  <price>
   551185
  </price>
  <rating>
   2.96
  </rating>
  <reviews>
   970451
  </reviews>
  <new>
   +
  </new>
  <exclusive>
   yes
  </exclusive>
  <sporty>
   yes
  </sporty>
 </clothing>
</clothing-items>
