<?xml version="1.0" encoding="utf-8"?>
<clothing-items>
 <clothing>
  <id>
   921077221
  </id>
  <name>
   Vans Belts R-9419
  </name>
  <category>
   Belts
  </category>
  <size>
   S
  </size>
  <color>
   Фиолетовый
  </color>
  <material>
   Вискоза
  </material>
  <price>
   496676
  </price>
  <rating>
   1.63
  </rating>
  <reviews>
   786263
  </reviews>
  <new>
   -
  </new>
  <exclusive>
   yes
  </exclusive>
  <sporty>
   no
  </sporty>
 </clothing>
 <clothing>
  <id>
   115540544
  </id>
  <name>
   Vans Hat C-6091
  </name>
  <category>
   Hat
  </category>
  <size>
   XL
  </size>
  <color>
   Синий
  </color>
  <material>
   Шелк
  </material>
  <price>
   529077
  </price>
  <rating>
   1.82
  </rating>
  <reviews>
   927604
  </reviews>
  <exclusive>
   no
  </exclusive>
 </clothing>
 <clothing>
  <id>
   849395804
  </id>
  <name>
   Adidas Jacket Z-7573
  </name>
  <category>
   Jacket
  </category>
  <size>
   XL
  </size>
  <color>
   Зеленый
  </color>
  <material>
   Кожа
  </material>
  <price>
   915600
  </price>
  <rating>
   4.62
  </rating>
  <reviews>
   648758
  </reviews>
  <new>
   +
  </new>
  <sporty>
   no
  </sporty>
 </clothing>
 <clothing>
  <id>
   384020471
  </id>
  <name>
   Asics Jeans H-4414
  </name>
  <category>
   Jeans
  </category>
  <size>
   XL
  </size>
  <color>
   Оранжевый
  </color>
  <material>
   Полиэстер
  </material>
  <price>
   972238
  </price>
  <rating>
   4.94
  </rating>
  <reviews>
   570703
  </reviews>
  <exclusive>
   no
  </exclusive>
  <sporty>
   no
  </sporty>
 </clothing>
 <clothing>
  <id>
   543020475
  </id>
  <name>
   Brooks Handbags V-3044
  </name>
  <category>
   Handbags
  </category>
  <size>
   XL
  </size>
  <color>
   Оранжевый
  </color>
  <material>
   Шелк
  </material>
  <price>
   986952
  </price>
  <rating>
   2.91
  </rating>
  <reviews>
   139951
  </reviews>
  <exclusive>
   no
  </exclusive>
  <sporty>
   no
  </sporty>
 </clothing>
 <clothing>
  <id>
   305265904
  </id>
  <name>
   Adidas Blouse K-4877
  </name>
  <category>
   Blouse
  </category>
  <size>
   S
  </size>
  <color>
   Фиолетовый
  </color>
  <material>
   Лен
  </material>
  <price>
   257443
  </price>
  <rating>
   1.45
  </rating>
  <reviews>
   529384
  </reviews>
  <exclusive>
   yes
  </exclusive>
  <sporty>
   no
  </sporty>
 </clothing>
 <clothing>
  <id>
   901655990
  </id>
  <name>
   Vans Blouse K-9126
  </name>
  <category>
   Blouse
  </category>
  <size>
   XL
  </size>
  <color>
   Голубой
  </color>
  <material>
   Шелк
  </material>
  <price>
   105813
  </price>
  <rating>
   2.47
  </rating>
  <reviews>
   531800
  </reviews>
  <new>
   -
  </new>
  <exclusive>
   no
  </exclusive>
  <sporty>
   no
  </sporty>
 </clothing>
 <clothing>
  <id>
   489767405
  </id>
  <name>
   New Balance Socks X-1907
  </name>
  <category>
   Socks
  </category>
  <size>
   XXL
  </size>
  <color>
   Голубой
  </color>
  <material>
   Кожа
  </material>
  <price>
   226725
  </price>
  <rating>
   2.79
  </rating>
  <reviews>
   952950
  </reviews>
  <new>
   +
  </new>
  <sporty>
   yes
  </sporty>
 </clothing>
 <clothing>
  <id>
   180197586
  </id>
  <name>
   Ellesse Pants Y-3915
  </name>
  <category>
   Pants
  </category>
  <size>
   S
  </size>
  <color>
   Синий
  </color>
  <material>
   Шерсть
  </material>
  <price>
   251032
  </price>
  <rating>
   2.69
  </rating>
  <reviews>
   139432
  </reviews>
  <exclusive>
   yes
  </exclusive>
 </clothing>
 <clothing>
  <id>
   277189804
  </id>
  <name>
   Brooks Jacket G-4588
  </name>
  <category>
   Jacket
  </category>
  <size>
   XL
  </size>
  <color>
   Желтый
  </color>
  <material>
   Хлопок
  </material>
  <price>
   594277
  </price>
  <rating>
   3.66
  </rating>
  <reviews>
   719449
  </reviews>
  <new>
   -
  </new>
  <exclusive>
   no
  </exclusive>
  <sporty>
   no
  </sporty>
 </clothing>
 <clothing>
  <id>
   798099220
  </id>
  <name>
   Adidas Shoes B-6887
  </name>
  <category>
   Shoes
  </category>
  <size>
   M
  </size>
  <color>
   Зеленый
  </color>
  <material>
   Хлопок
  </material>
  <price>
   689586
  </price>
  <rating>
   2.83
  </rating>
  <reviews>
   545441
  </reviews>
  <exclusive>
   yes
  </exclusive>
 </clothing>
 <clothing>
  <id>
   104993200
  </id>
  <name>
   Under Armour Hat Q-2040
  </name>
  <category>
   Hat
  </category>
  <size>
   S
  </size>
  <color>
   Синий
  </color>
  <material>
   Нейлон
  </material>
  <price>
   793637
  </price>
  <rating>
   1.82
  </rating>
  <reviews>
   267351
  </reviews>
  <new>
   +
  </new>
 </clothing>
 <clothing>
  <id>
   159277959
  </id>
  <name>
   PleinSport Socks Z-4119
  </name>
  <category>
   Socks
  </category>
  <size>
   XL
  </size>
  <color>
   Красный
  </color>
  <material>
   Хлопок
  </material>
  <price>
   515412
  </price>
  <rating>
   4.04
  </rating>
  <reviews>
   578197
  </reviews>
  <new>
   -
  </new>
  <exclusive>
   yes
  </exclusive>
  <sporty>
   no
  </sporty>
 </clothing>
 <clothing>
  <id>
   943911164
  </id>
  <name>
   Puma Hat U-8732
  </name>
  <category>
   Hat
  </category>
  <size>
   L
  </size>
  <color>
   Зеленый
  </color>
  <material>
   Шелк
  </material>
  <price>
   860662
  </price>
  <rating>
   4.73
  </rating>
  <reviews>
   366504
  </reviews>
  <new>
   +
  </new>
 </clothing>
 <clothing>
  <id>
   292942330
  </id>
  <name>
   Vans Socks N-6949
  </name>
  <category>
   Socks
  </category>
  <size>
   XL
  </size>
  <color>
   Зеленый
  </color>
  <material>
   Нейлон
  </material>
  <price>
   206698
  </price>
  <rating>
   3.88
  </rating>
  <reviews>
   863776
  </reviews>
  <new>
   -
  </new>
  <exclusive>
   yes
  </exclusive>
 </clothing>
 <clothing>
  <id>
   527874793
  </id>
  <name>
   Asics Blouse B-3677
  </name>
  <category>
   Blouse
  </category>
  <size>
   S
  </size>
  <color>
   Фиолетовый
  </color>
  <material>
   Лен
  </material>
  <price>
   494687
  </price>
  <rating>
   4.66
  </rating>
  <reviews>
   825681
  </reviews>
  <new>
   -
  </new>
 </clothing>
 <clothing>
  <id>
   795499207
  </id>
  <name>
   DC Jeans N-5711
  </name>
  <category>
   Jeans
  </category>
  <size>
   S
  </size>
  <color>
   Оранжевый
  </color>
  <material>
   Кожа
  </material>
  <price>
   150712
  </price>
  <rating>
   1.71
  </rating>
  <reviews>
   748126
  </reviews>
  <exclusive>
   no
  </exclusive>
  <sporty>
   no
  </sporty>
 </clothing>
 <clothing>
  <id>
   888266533
  </id>
  <name>
   Lacoste Umbrellas X-8481
  </name>
  <category>
   Umbrellas
  </category>
  <size>
   S
  </size>
  <color>
   Зеленый
  </color>
  <material>
   Вискоза
  </material>
  <price>
   300336
  </price>
  <rating>
   2.51
  </rating>
  <reviews>
   264503
  </reviews>
  <new>
   -
  </new>
  <exclusive>
   no
  </exclusive>
 </clothing>
 <clothing>
  <id>
   758917113
  </id>
  <name>
   Vans Skirt S-5372
  </name>
  <category>
   Skirt
  </category>
  <size>
   S
  </size>
  <color>
   Зеленый
  </color>
  <material>
   Кожа
  </material>
  <price>
   988392
  </price>
  <rating>
   1.19
  </rating>
  <reviews>
   900434
  </reviews>
  <sporty>
   no
  </sporty>
 </clothing>
 <clothing>
  <id>
   165073989
  </id>
  <name>
   Lacoste Pants V-5631
  </name>
  <category>
   Pants
  </category>
  <size>
   XL
  </size>
  <color>
   Зеленый
  </color>
  <material>
   Шерсть
  </material>
  <price>
   137893
  </price>
  <rating>
   2.64
  </rating>
  <reviews>
   133697
  </reviews>
 </clothing>
 <clothing>
  <id>
   893117794
  </id>
  <name>
   PleinSport Sweater L-9862
  </name>
  <category>
   Sweater
  </category>
  <size>
   XL
  </size>
  <color>
   Фиолетовый
  </color>
  <material>
   Нейлон
  </material>
  <price>
   693359
  </price>
  <rating>
   4.66
  </rating>
  <reviews>
   802863
  </reviews>
  <new>
   +
  </new>
  <exclusive>
   no
  </exclusive>
 </clothing>
 <clothing>
  <id>
   149647956
  </id>
  <name>
   Adidas Belts O-1894
  </name>
  <category>
   Belts
  </category>
  <size>
   XL
  </size>
  <color>
   Оранжевый
  </color>
  <material>
   Кожа
  </material>
  <price>
   730332
  </price>
  <rating>
   2.49
  </rating>
  <reviews>
   675538
  </reviews>
  <new>
   +
  </new>
 </clothing>
 <clothing>
  <id>
   258408639
  </id>
  <name>
   DC Pants X-5133
  </name>
  <category>
   Pants
  </category>
  <size>
   M
  </size>
  <color>
   Оранжевый
  </color>
  <material>
   Полиэстер
  </material>
  <price>
   806073
  </price>
  <rating>
   1.77
  </rating>
  <reviews>
   683454
  </reviews>
 </clothing>
 <clothing>
  <id>
   557914624
  </id>
  <name>
   Reebok Hat H-8494
  </name>
  <category>
   Hat
  </category>
  <size>
   XXL
  </size>
  <color>
   Зеленый
  </color>
  <material>
   Нейлон
  </material>
  <price>
   742078
  </price>
  <rating>
   3.05
  </rating>
  <reviews>
   386010
  </reviews>
  <new>
   -
  </new>
  <sporty>
   no
  </sporty>
 </clothing>
 <clothing>
  <id>
   692674568
  </id>
  <name>
   Fila Belts N-8009
  </name>
  <category>
   Belts
  </category>
  <size>
   XL
  </size>
  <color>
   Желтый
  </color>
  <material>
   Шерсть
  </material>
  <price>
   954460
  </price>
  <rating>
   3.17
  </rating>
  <reviews>
   348295
  </reviews>
  <exclusive>
   yes
  </exclusive>
 </clothing>
 <clothing>
  <id>
   493438850
  </id>
  <name>
   Adidas Umbrellas Y-3124
  </name>
  <category>
   Umbrellas
  </category>
  <size>
   L
  </size>
  <color>
   Голубой
  </color>
  <material>
   Шерсть
  </material>
  <price>
   900979
  </price>
  <rating>
   3.93
  </rating>
  <reviews>
   244944
  </reviews>
  <sporty>
   no
  </sporty>
 </clothing>
 <clothing>
  <id>
   403545203
  </id>
  <name>
   Lacoste Blouse Q-5427
  </name>
  <category>
   Blouse
  </category>
  <size>
   L
  </size>
  <color>
   Фиолетовый
  </color>
  <material>
   Кожа
  </material>
  <price>
   211378
  </price>
  <rating>
   3.27
  </rating>
  <reviews>
   895508
  </reviews>
 </clothing>
 <clothing>
  <id>
   240039874
  </id>
  <name>
   Nike Blouse M-7750
  </name>
  <category>
   Blouse
  </category>
  <size>
   S
  </size>
  <color>
   Красный
  </color>
  <material>
   Кожа
  </material>
  <price>
   972794
  </price>
  <rating>
   3.97
  </rating>
  <reviews>
   742693
  </reviews>
  <exclusive>
   no
  </exclusive>
  <sporty>
   no
  </sporty>
 </clothing>
 <clothing>
  <id>
   117862172
  </id>
  <name>
   Brooks Shoes B-7069
  </name>
  <category>
   Shoes
  </category>
  <size>
   M
  </size>
  <color>
   Голубой
  </color>
  <material>
   Полиэстер
  </material>
  <price>
   533826
  </price>
  <rating>
   3.97
  </rating>
  <reviews>
   52617
  </reviews>
  <exclusive>
   yes
  </exclusive>
  <sporty>
   yes
  </sporty>
 </clothing>
 <clothing>
  <id>
   228147100
  </id>
  <name>
   Nike Pants H-7202
  </name>
  <category>
   Pants
  </category>
  <size>
   XL
  </size>
  <color>
   Оранжевый
  </color>
  <material>
   Полиэстер
  </material>
  <price>
   716018
  </price>
  <rating>
   2.44
  </rating>
  <reviews>
   695832
  </reviews>
  <new>
   -
  </new>
  <exclusive>
   no
  </exclusive>
 </clothing>
 <clothing>
  <id>
   923018330
  </id>
  <name>
   Fila Handbags P-8424
  </name>
  <category>
   Handbags
  </category>
  <size>
   L
  </size>
  <color>
   Оранжевый
  </color>
  <material>
   Хлопок
  </material>
  <price>
   567671
  </price>
  <rating>
   2.28
  </rating>
  <reviews>
   464668
  </reviews>
  <new>
   +
  </new>
  <exclusive>
   no
  </exclusive>
  <sporty>
   no
  </sporty>
 </clothing>
 <clothing>
  <id>
   517969717
  </id>
  <name>
   Nike Socks X-1781
  </name>
  <category>
   Socks
  </category>
  <size>
   XL
  </size>
  <color>
   Оранжевый
  </color>
  <material>
   Полиэстер
  </material>
  <price>
   118924
  </price>
  <rating>
   4.28
  </rating>
  <reviews>
   200235
  </reviews>
  <new>
   +
  </new>
  <exclusive>
   no
  </exclusive>
 </clothing>
 <clothing>
  <id>
   738478876
  </id>
  <name>
   Reebok Socks K-9430
  </name>
  <category>
   Socks
  </category>
  <size>
   XL
  </size>
  <color>
   Зеленый
  </color>
  <material>
   Полиэстер
  </material>
  <price>
   489031
  </price>
  <rating>
   1.11
  </rating>
  <reviews>
   465987
  </reviews>
  <sporty>
   no
  </sporty>
 </clothing>
 <clothing>
  <id>
   877265518
  </id>
  <name>
   Fila Handbags V-6396
  </name>
  <category>
   Handbags
  </category>
  <size>
   S
  </size>
  <color>
   Желтый
  </color>
  <material>
   Нейлон
  </material>
  <price>
   473415
  </price>
  <rating>
   4.4
  </rating>
  <reviews>
   695171
  </reviews>
  <exclusive>
   yes
  </exclusive>
  <sporty>
   no
  </sporty>
 </clothing>
 <clothing>
  <id>
   954132157
  </id>
  <name>
   Addidas Shoes Y-9343
  </name>
  <category>
   Shoes
  </category>
  <size>
   M
  </size>
  <color>
   Голубой
  </color>
  <material>
   Вискоза
  </material>
  <price>
   618178
  </price>
  <rating>
   1.65
  </rating>
  <reviews>
   852961
  </reviews>
  <sporty>
   yes
  </sporty>
 </clothing>
 <clothing>
  <id>
   477695642
  </id>
  <name>
   Brooks Dress U-6661
  </name>
  <category>
   Dress
  </category>
  <size>
   L
  </size>
  <color>
   Красный
  </color>
  <material>
   Нейлон
  </material>
  <price>
   643088
  </price>
  <rating>
   4.79
  </rating>
  <reviews>
   154050
  </reviews>
  <new>
   -
  </new>
 </clothing>
 <clothing>
  <id>
   352490442
  </id>
  <name>
   New Balance Handbags I-2467
  </name>
  <category>
   Handbags
  </category>
  <size>
   L
  </size>
  <color>
   Оранжевый
  </color>
  <material>
   Кожа
  </material>
  <price>
   751320
  </price>
  <rating>
   3.5
  </rating>
  <reviews>
   652047
  </reviews>
  <new>
   -
  </new>
  <sporty>
   no
  </sporty>
 </clothing>
 <clothing>
  <id>
   366063047
  </id>
  <name>
   Reebok T-shirt C-2780
  </name>
  <category>
   T-shirt
  </category>
  <size>
   S
  </size>
  <color>
   Красный
  </color>
  <material>
   Хлопок
  </material>
  <price>
   427365
  </price>
  <rating>
   4.71
  </rating>
  <reviews>
   697085
  </reviews>
  <new>
   -
  </new>
  <exclusive>
   yes
  </exclusive>
 </clothing>
</clothing-items>
