<?xml version="1.0" encoding="utf-8"?>
<clothing-items>
 <clothing>
  <id>
   257750020
  </id>
  <name>
   Asics Umbrellas R-2684
  </name>
  <category>
   Umbrellas
  </category>
  <size>
   XXL
  </size>
  <color>
   Зеленый
  </color>
  <material>
   Лен
  </material>
  <price>
   322658
  </price>
  <rating>
   4.35
  </rating>
  <reviews>
   893965
  </reviews>
  <exclusive>
   no
  </exclusive>
  <sporty>
   yes
  </sporty>
 </clothing>
 <clothing>
  <id>
   676566729
  </id>
  <name>
   Fila Blouse D-3863
  </name>
  <category>
   Blouse
  </category>
  <size>
   S
  </size>
  <color>
   Зеленый
  </color>
  <material>
   Шелк
  </material>
  <price>
   905304
  </price>
  <rating>
   3.39
  </rating>
  <reviews>
   294112
  </reviews>
  <exclusive>
   no
  </exclusive>
  <sporty>
   yes
  </sporty>
 </clothing>
 <clothing>
  <id>
   334501963
  </id>
  <name>
   Fila Jacket H-4906
  </name>
  <category>
   Jacket
  </category>
  <size>
   XXL
  </size>
  <color>
   Красный
  </color>
  <material>
   Шерсть
  </material>
  <price>
   609640
  </price>
  <rating>
   1.29
  </rating>
  <reviews>
   838342
  </reviews>
  <new>
   -
  </new>
  <exclusive>
   no
  </exclusive>
 </clothing>
 <clothing>
  <id>
   309995108
  </id>
  <name>
   Converse Blouse N-3704
  </name>
  <category>
   Blouse
  </category>
  <size>
   S
  </size>
  <color>
   Оранжевый
  </color>
  <material>
   Лен
  </material>
  <price>
   898423
  </price>
  <rating>
   1.22
  </rating>
  <reviews>
   103500
  </reviews>
  <new>
   +
  </new>
  <exclusive>
   no
  </exclusive>
  <sporty>
   no
  </sporty>
 </clothing>
 <clothing>
  <id>
   139743742
  </id>
  <name>
   Vans Skirt P-3971
  </name>
  <category>
   Skirt
  </category>
  <size>
   XXL
  </size>
  <color>
   Фиолетовый
  </color>
  <material>
   Лен
  </material>
  <price>
   498467
  </price>
  <rating>
   2.66
  </rating>
  <reviews>
   417843
  </reviews>
  <exclusive>
   no
  </exclusive>
  <sporty>
   no
  </sporty>
 </clothing>
 <clothing>
  <id>
   777528305
  </id>
  <name>
   Asics Shirt N-1905
  </name>
  <category>
   Shirt
  </category>
  <size>
   M
  </size>
  <color>
   Зеленый
  </color>
  <material>
   Кожа
  </material>
  <price>
   425826
  </price>
  <rating>
   3.19
  </rating>
  <reviews>
   159878
  </reviews>
  <new>
   -
  </new>
  <sporty>
   no
  </sporty>
 </clothing>
 <clothing>
  <id>
   985091916
  </id>
  <name>
   Vans Dress M-8131
  </name>
  <category>
   Dress
  </category>
  <size>
   L
  </size>
  <color>
   Фиолетовый
  </color>
  <material>
   Полиэстер
  </material>
  <price>
   258990
  </price>
  <rating>
   1.97
  </rating>
  <reviews>
   206960
  </reviews>
  <new>
   -
  </new>
  <exclusive>
   yes
  </exclusive>
 </clothing>
 <clothing>
  <id>
   309286404
  </id>
  <name>
   Reebok T-shirt I-6599
  </name>
  <category>
   T-shirt
  </category>
  <size>
   M
  </size>
  <color>
   Зеленый
  </color>
  <material>
   Нейлон
  </material>
  <price>
   706200
  </price>
  <rating>
   3.53
  </rating>
  <reviews>
   834787
  </reviews>
  <new>
   -
  </new>
 </clothing>
 <clothing>
  <id>
   483487750
  </id>
  <name>
   Reebok Dress G-7199
  </name>
  <category>
   Dress
  </category>
  <size>
   M
  </size>
  <color>
   Фиолетовый
  </color>
  <material>
   Кожа
  </material>
  <price>
   440103
  </price>
  <rating>
   4.21
  </rating>
  <reviews>
   755608
  </reviews>
  <exclusive>
   no
  </exclusive>
 </clothing>
 <clothing>
  <id>
   717998077
  </id>
  <name>
   Reebok Dress G-8662
  </name>
  <category>
   Dress
  </category>
  <size>
   XL
  </size>
  <color>
   Синий
  </color>
  <material>
   Полиэстер
  </material>
  <price>
   386990
  </price>
  <rating>
   4.85
  </rating>
  <reviews>
   51081
  </reviews>
  <new>
   -
  </new>
  <sporty>
   no
  </sporty>
 </clothing>
 <clothing>
  <id>
   527498174
  </id>
  <name>
   New Balance Jeans M-7730
  </name>
  <category>
   Jeans
  </category>
  <size>
   XL
  </size>
  <color>
   Красный
  </color>
  <material>
   Полиэстер
  </material>
  <price>
   294337
  </price>
  <rating>
   3.56
  </rating>
  <reviews>
   783624
  </reviews>
  <sporty>
   yes
  </sporty>
 </clothing>
 <clothing>
  <id>
   499234049
  </id>
  <name>
   Ellesse Blouse U-1473
  </name>
  <category>
   Blouse
  </category>
  <size>
   S
  </size>
  <color>
   Фиолетовый
  </color>
  <material>
   Шерсть
  </material>
  <price>
   117901
  </price>
  <rating>
   2.96
  </rating>
  <reviews>
   13717
  </reviews>
  <exclusive>
   no
  </exclusive>
  <sporty>
   no
  </sporty>
 </clothing>
 <clothing>
  <id>
   797018292
  </id>
  <name>
   Under Armour Gloves S-3692
  </name>
  <category>
   Gloves
  </category>
  <size>
   M
  </size>
  <color>
   Желтый
  </color>
  <material>
   Шелк
  </material>
  <price>
   540031
  </price>
  <rating>
   3.36
  </rating>
  <reviews>
   823882
  </reviews>
  <new>
   -
  </new>
  <sporty>
   yes
  </sporty>
 </clothing>
 <clothing>
  <id>
   557743163
  </id>
  <name>
   PleinSport Handbags K-7518
  </name>
  <category>
   Handbags
  </category>
  <size>
   XXL
  </size>
  <color>
   Красный
  </color>
  <material>
   Шерсть
  </material>
  <price>
   907870
  </price>
  <rating>
   4.01
  </rating>
  <reviews>
   197329
  </reviews>
  <exclusive>
   no
  </exclusive>
  <sporty>
   no
  </sporty>
 </clothing>
 <clothing>
  <id>
   589697062
  </id>
  <name>
   Nike Pants U-1297
  </name>
  <category>
   Pants
  </category>
  <size>
   M
  </size>
  <color>
   Красный
  </color>
  <material>
   Шелк
  </material>
  <price>
   956224
  </price>
  <rating>
   2.24
  </rating>
  <reviews>
   258111
  </reviews>
  <exclusive>
   no
  </exclusive>
 </clothing>
 <clothing>
  <id>
   663412590
  </id>
  <name>
   Reebok Jeans I-3190
  </name>
  <category>
   Jeans
  </category>
  <size>
   M
  </size>
  <color>
   Оранжевый
  </color>
  <material>
   Кожа
  </material>
  <price>
   415503
  </price>
  <rating>
   3.91
  </rating>
  <reviews>
   55655
  </reviews>
  <new>
   +
  </new>
  <exclusive>
   no
  </exclusive>
  <sporty>
   yes
  </sporty>
 </clothing>
 <clothing>
  <id>
   724085198
  </id>
  <name>
   New Balance Belts M-7934
  </name>
  <category>
   Belts
  </category>
  <size>
   L
  </size>
  <color>
   Синий
  </color>
  <material>
   Шерсть
  </material>
  <price>
   302778
  </price>
  <rating>
   3.53
  </rating>
  <reviews>
   977650
  </reviews>
  <exclusive>
   no
  </exclusive>
  <sporty>
   yes
  </sporty>
 </clothing>
 <clothing>
  <id>
   590375547
  </id>
  <name>
   Lacoste Shoes X-5624
  </name>
  <category>
   Shoes
  </category>
  <size>
   L
  </size>
  <color>
   Желтый
  </color>
  <material>
   Шелк
  </material>
  <price>
   160680
  </price>
  <rating>
   1.97
  </rating>
  <reviews>
   36722
  </reviews>
  <new>
   -
  </new>
  <exclusive>
   yes
  </exclusive>
  <sporty>
   no
  </sporty>
 </clothing>
 <clothing>
  <id>
   600516690
  </id>
  <name>
   New Balance Hat J-8236
  </name>
  <category>
   Hat
  </category>
  <size>
   M
  </size>
  <color>
   Желтый
  </color>
  <material>
   Кожа
  </material>
  <price>
   823212
  </price>
  <rating>
   4.22
  </rating>
  <reviews>
   778160
  </reviews>
  <new>
   +
  </new>
  <exclusive>
   no
  </exclusive>
 </clothing>
 <clothing>
  <id>
   942311082
  </id>
  <name>
   Fila Shirt B-9210
  </name>
  <category>
   Shirt
  </category>
  <size>
   XXL
  </size>
  <color>
   Зеленый
  </color>
  <material>
   Кожа
  </material>
  <price>
   144248
  </price>
  <rating>
   4.28
  </rating>
  <reviews>
   313670
  </reviews>
  <new>
   +
  </new>
 </clothing>
 <clothing>
  <id>
   107601446
  </id>
  <name>
   New Balance Sweater P-7367
  </name>
  <category>
   Sweater
  </category>
  <size>
   XL
  </size>
  <color>
   Зеленый
  </color>
  <material>
   Кожа
  </material>
  <price>
   449586
  </price>
  <rating>
   1.27
  </rating>
  <reviews>
   412834
  </reviews>
  <new>
   +
  </new>
  <sporty>
   yes
  </sporty>
 </clothing>
 <clothing>
  <id>
   290579632
  </id>
  <name>
   Nike Blouse Q-1379
  </name>
  <category>
   Blouse
  </category>
  <size>
   XL
  </size>
  <color>
   Зеленый
  </color>
  <material>
   Шелк
  </material>
  <price>
   532219
  </price>
  <rating>
   2.03
  </rating>
  <reviews>
   576909
  </reviews>
 </clothing>
 <clothing>
  <id>
   293210827
  </id>
  <name>
   Reebok Umbrellas J-8754
  </name>
  <category>
   Umbrellas
  </category>
  <size>
   S
  </size>
  <color>
   Синий
  </color>
  <material>
   Кожа
  </material>
  <price>
   667048
  </price>
  <rating>
   1.23
  </rating>
  <reviews>
   323453
  </reviews>
  <new>
   -
  </new>
  <exclusive>
   no
  </exclusive>
 </clothing>
 <clothing>
  <id>
   391815065
  </id>
  <name>
   Fila Jacket W-4574
  </name>
  <category>
   Jacket
  </category>
  <size>
   L
  </size>
  <color>
   Оранжевый
  </color>
  <material>
   Шелк
  </material>
  <price>
   811320
  </price>
  <rating>
   1.23
  </rating>
  <reviews>
   792039
  </reviews>
  <exclusive>
   no
  </exclusive>
  <sporty>
   no
  </sporty>
 </clothing>
 <clothing>
  <id>
   614065847
  </id>
  <name>
   DC Handbags Y-6910
  </name>
  <category>
   Handbags
  </category>
  <size>
   L
  </size>
  <color>
   Синий
  </color>
  <material>
   Хлопок
  </material>
  <price>
   726582
  </price>
  <rating>
   4.0
  </rating>
  <reviews>
   223695
  </reviews>
  <new>
   +
  </new>
  <exclusive>
   yes
  </exclusive>
  <sporty>
   no
  </sporty>
 </clothing>
 <clothing>
  <id>
   810947474
  </id>
  <name>
   DC Jeans N-8406
  </name>
  <category>
   Jeans
  </category>
  <size>
   S
  </size>
  <color>
   Желтый
  </color>
  <material>
   Кожа
  </material>
  <price>
   745725
  </price>
  <rating>
   1.31
  </rating>
  <reviews>
   884661
  </reviews>
  <new>
   +
  </new>
  <exclusive>
   no
  </exclusive>
  <sporty>
   yes
  </sporty>
 </clothing>
 <clothing>
  <id>
   611337138
  </id>
  <name>
   Adidas Jacket E-8055
  </name>
  <category>
   Jacket
  </category>
  <size>
   L
  </size>
  <color>
   Красный
  </color>
  <material>
   Полиэстер
  </material>
  <price>
   613588
  </price>
  <rating>
   1.91
  </rating>
  <reviews>
   684296
  </reviews>
  <new>
   -
  </new>
  <exclusive>
   yes
  </exclusive>
  <sporty>
   no
  </sporty>
 </clothing>
 <clothing>
  <id>
   639842471
  </id>
  <name>
   Puma Umbrellas F-2413
  </name>
  <category>
   Umbrellas
  </category>
  <size>
   M
  </size>
  <color>
   Оранжевый
  </color>
  <material>
   Шелк
  </material>
  <price>
   245669
  </price>
  <rating>
   4.12
  </rating>
  <reviews>
   602468
  </reviews>
  <exclusive>
   no
  </exclusive>
  <sporty>
   no
  </sporty>
 </clothing>
 <clothing>
  <id>
   258540017
  </id>
  <name>
   New Balance Hat X-8975
  </name>
  <category>
   Hat
  </category>
  <size>
   M
  </size>
  <color>
   Красный
  </color>
  <material>
   Шелк
  </material>
  <price>
   126479
  </price>
  <rating>
   3.32
  </rating>
  <reviews>
   547453
  </reviews>
  <new>
   -
  </new>
 </clothing>
 <clothing>
  <id>
   454673544
  </id>
  <name>
   New Balance Hat E-6238
  </name>
  <category>
   Hat
  </category>
  <size>
   L
  </size>
  <color>
   Фиолетовый
  </color>
  <material>
   Вискоза
  </material>
  <price>
   579759
  </price>
  <rating>
   3.87
  </rating>
  <reviews>
   803472
  </reviews>
  <new>
   -
  </new>
  <sporty>
   no
  </sporty>
 </clothing>
 <clothing>
  <id>
   242886301
  </id>
  <name>
   Nike Belts I-7809
  </name>
  <category>
   Belts
  </category>
  <size>
   L
  </size>
  <color>
   Желтый
  </color>
  <material>
   Кожа
  </material>
  <price>
   528238
  </price>
  <rating>
   2.17
  </rating>
  <reviews>
   899599
  </reviews>
  <exclusive>
   no
  </exclusive>
  <sporty>
   yes
  </sporty>
 </clothing>
 <clothing>
  <id>
   903997349
  </id>
  <name>
   Nike Jacket J-3695
  </name>
  <category>
   Jacket
  </category>
  <size>
   M
  </size>
  <color>
   Желтый
  </color>
  <material>
   Вискоза
  </material>
  <price>
   865882
  </price>
  <rating>
   4.63
  </rating>
  <reviews>
   55657
  </reviews>
 </clothing>
 <clothing>
  <id>
   281327697
  </id>
  <name>
   Addidas Jeans Y-7262
  </name>
  <category>
   Jeans
  </category>
  <size>
   L
  </size>
  <color>
   Красный
  </color>
  <material>
   Лен
  </material>
  <price>
   264008
  </price>
  <rating>
   3.33
  </rating>
  <reviews>
   172668
  </reviews>
  <new>
   -
  </new>
  <sporty>
   yes
  </sporty>
 </clothing>
 <clothing>
  <id>
   708528523
  </id>
  <name>
   Converse Dress I-1838
  </name>
  <category>
   Dress
  </category>
  <size>
   L
  </size>
  <color>
   Желтый
  </color>
  <material>
   Кожа
  </material>
  <price>
   758402
  </price>
  <rating>
   1.83
  </rating>
  <reviews>
   49888
  </reviews>
  <exclusive>
   yes
  </exclusive>
  <sporty>
   yes
  </sporty>
 </clothing>
 <clothing>
  <id>
   179790238
  </id>
  <name>
   Lacoste Shirt M-9071
  </name>
  <category>
   Shirt
  </category>
  <size>
   S
  </size>
  <color>
   Желтый
  </color>
  <material>
   Лен
  </material>
  <price>
   485046
  </price>
  <rating>
   4.25
  </rating>
  <reviews>
   601223
  </reviews>
  <new>
   -
  </new>
  <sporty>
   no
  </sporty>
 </clothing>
 <clothing>
  <id>
   214196580
  </id>
  <name>
   Under Armour Blouse N-4430
  </name>
  <category>
   Blouse
  </category>
  <size>
   XL
  </size>
  <color>
   Голубой
  </color>
  <material>
   Полиэстер
  </material>
  <price>
   416827
  </price>
  <rating>
   4.11
  </rating>
  <reviews>
   856728
  </reviews>
  <new>
   -
  </new>
  <exclusive>
   no
  </exclusive>
  <sporty>
   yes
  </sporty>
 </clothing>
 <clothing>
  <id>
   934677623
  </id>
  <name>
   Ellesse Gloves V-2203
  </name>
  <category>
   Gloves
  </category>
  <size>
   XL
  </size>
  <color>
   Зеленый
  </color>
  <material>
   Вискоза
  </material>
  <price>
   106317
  </price>
  <rating>
   4.55
  </rating>
  <reviews>
   828369
  </reviews>
  <new>
   -
  </new>
 </clothing>
 <clothing>
  <id>
   723819143
  </id>
  <name>
   Addidas Jacket J-6163
  </name>
  <category>
   Jacket
  </category>
  <size>
   XXL
  </size>
  <color>
   Зеленый
  </color>
  <material>
   Кожа
  </material>
  <price>
   798734
  </price>
  <rating>
   4.57
  </rating>
  <reviews>
   821441
  </reviews>
  <new>
   -
  </new>
  <sporty>
   yes
  </sporty>
 </clothing>
 <clothing>
  <id>
   681111721
  </id>
  <name>
   Reebok Blouse H-9604
  </name>
  <category>
   Blouse
  </category>
  <size>
   M
  </size>
  <color>
   Оранжевый
  </color>
  <material>
   Шелк
  </material>
  <price>
   696631
  </price>
  <rating>
   4.8
  </rating>
  <reviews>
   518094
  </reviews>
  <new>
   +
  </new>
 </clothing>
 <clothing>
  <id>
   720472271
  </id>
  <name>
   Fila Socks A-6715
  </name>
  <category>
   Socks
  </category>
  <size>
   XL
  </size>
  <color>
   Зеленый
  </color>
  <material>
   Лен
  </material>
  <price>
   177520
  </price>
  <rating>
   4.31
  </rating>
  <reviews>
   402494
  </reviews>
  <exclusive>
   no
  </exclusive>
  <sporty>
   no
  </sporty>
 </clothing>
 <clothing>
  <id>
   825259128
  </id>
  <name>
   Puma Socks C-7754
  </name>
  <category>
   Socks
  </category>
  <size>
   XXL
  </size>
  <color>
   Желтый
  </color>
  <material>
   Шерсть
  </material>
  <price>
   951945
  </price>
  <rating>
   4.26
  </rating>
  <reviews>
   244870
  </reviews>
  <new>
   +
  </new>
 </clothing>
 <clothing>
  <id>
   704734161
  </id>
  <name>
   New Balance Jeans L-5897
  </name>
  <category>
   Jeans
  </category>
  <size>
   L
  </size>
  <color>
   Оранжевый
  </color>
  <material>
   Хлопок
  </material>
  <price>
   403457
  </price>
  <rating>
   1.6
  </rating>
  <reviews>
   445983
  </reviews>
  <new>
   -
  </new>
  <sporty>
   no
  </sporty>
 </clothing>
</clothing-items>
