<?xml version="1.0" encoding="utf-8"?>
<clothing-items>
 <clothing>
  <id>
   983235988
  </id>
  <name>
   Fila Jacket V-3938
  </name>
  <category>
   Jacket
  </category>
  <size>
   S
  </size>
  <color>
   Оранжевый
  </color>
  <material>
   Лен
  </material>
  <price>
   986117
  </price>
  <rating>
   1.93
  </rating>
  <reviews>
   698548
  </reviews>
  <new>
   -
  </new>
  <exclusive>
   yes
  </exclusive>
 </clothing>
 <clothing>
  <id>
   522880584
  </id>
  <name>
   Asics Pants C-2827
  </name>
  <category>
   Pants
  </category>
  <size>
   M
  </size>
  <color>
   Оранжевый
  </color>
  <material>
   Полиэстер
  </material>
  <price>
   327943
  </price>
  <rating>
   2.54
  </rating>
  <reviews>
   549865
  </reviews>
  <new>
   -
  </new>
  <sporty>
   yes
  </sporty>
 </clothing>
 <clothing>
  <id>
   136884273
  </id>
  <name>
   Converse T-shirt F-3719
  </name>
  <category>
   T-shirt
  </category>
  <size>
   S
  </size>
  <color>
   Синий
  </color>
  <material>
   Хлопок
  </material>
  <price>
   275854
  </price>
  <rating>
   3.53
  </rating>
  <reviews>
   177660
  </reviews>
  <exclusive>
   no
  </exclusive>
 </clothing>
 <clothing>
  <id>
   260818121
  </id>
  <name>
   Puma Jeans N-6616
  </name>
  <category>
   Jeans
  </category>
  <size>
   L
  </size>
  <color>
   Оранжевый
  </color>
  <material>
   Лен
  </material>
  <price>
   727751
  </price>
  <rating>
   4.81
  </rating>
  <reviews>
   688114
  </reviews>
  <exclusive>
   yes
  </exclusive>
  <sporty>
   no
  </sporty>
 </clothing>
 <clothing>
  <id>
   519600121
  </id>
  <name>
   New Balance Jeans E-1590
  </name>
  <category>
   Jeans
  </category>
  <size>
   M
  </size>
  <color>
   Голубой
  </color>
  <material>
   Лен
  </material>
  <price>
   516285
  </price>
  <rating>
   2.97
  </rating>
  <reviews>
   844646
  </reviews>
  <new>
   +
  </new>
  <exclusive>
   no
  </exclusive>
  <sporty>
   yes
  </sporty>
 </clothing>
 <clothing>
  <id>
   915965572
  </id>
  <name>
   Brooks Jacket T-7193
  </name>
  <category>
   Jacket
  </category>
  <size>
   S
  </size>
  <color>
   Голубой
  </color>
  <material>
   Полиэстер
  </material>
  <price>
   719590
  </price>
  <rating>
   3.71
  </rating>
  <reviews>
   732146
  </reviews>
  <new>
   +
  </new>
  <sporty>
   no
  </sporty>
 </clothing>
 <clothing>
  <id>
   142203865
  </id>
  <name>
   Lacoste Pants K-8119
  </name>
  <category>
   Pants
  </category>
  <size>
   XXL
  </size>
  <color>
   Оранжевый
  </color>
  <material>
   Полиэстер
  </material>
  <price>
   624105
  </price>
  <rating>
   3.16
  </rating>
  <reviews>
   201128
  </reviews>
  <new>
   -
  </new>
  <exclusive>
   no
  </exclusive>
  <sporty>
   no
  </sporty>
 </clothing>
 <clothing>
  <id>
   242994640
  </id>
  <name>
   New Balance Handbags L-1555
  </name>
  <category>
   Handbags
  </category>
  <size>
   XXL
  </size>
  <color>
   Голубой
  </color>
  <material>
   Нейлон
  </material>
  <price>
   285522
  </price>
  <rating>
   3.27
  </rating>
  <reviews>
   285341
  </reviews>
  <new>
   +
  </new>
  <sporty>
   no
  </sporty>
 </clothing>
 <clothing>
  <id>
   296780531
  </id>
  <name>
   Converse Skirt G-7376
  </name>
  <category>
   Skirt
  </category>
  <size>
   XXL
  </size>
  <color>
   Синий
  </color>
  <material>
   Хлопок
  </material>
  <price>
   729094
  </price>
  <rating>
   2.62
  </rating>
  <reviews>
   238232
  </reviews>
  <new>
   +
  </new>
  <sporty>
   no
  </sporty>
 </clothing>
 <clothing>
  <id>
   454914976
  </id>
  <name>
   Vans Gloves A-4368
  </name>
  <category>
   Gloves
  </category>
  <size>
   L
  </size>
  <color>
   Синий
  </color>
  <material>
   Полиэстер
  </material>
  <price>
   460404
  </price>
  <rating>
   3.31
  </rating>
  <reviews>
   199023
  </reviews>
  <sporty>
   no
  </sporty>
 </clothing>
 <clothing>
  <id>
   899315942
  </id>
  <name>
   Addidas Blouse R-5717
  </name>
  <category>
   Blouse
  </category>
  <size>
   XXL
  </size>
  <color>
   Синий
  </color>
  <material>
   Полиэстер
  </material>
  <price>
   220024
  </price>
  <rating>
   3.91
  </rating>
  <reviews>
   34838
  </reviews>
  <exclusive>
   yes
  </exclusive>
  <sporty>
   yes
  </sporty>
 </clothing>
 <clothing>
  <id>
   185579294
  </id>
  <name>
   Asics Sweater C-1812
  </name>
  <category>
   Sweater
  </category>
  <size>
   XL
  </size>
  <color>
   Красный
  </color>
  <material>
   Кожа
  </material>
  <price>
   325270
  </price>
  <rating>
   2.56
  </rating>
  <reviews>
   28798
  </reviews>
  <exclusive>
   no
  </exclusive>
 </clothing>
 <clothing>
  <id>
   472976929
  </id>
  <name>
   Addidas Hat N-2788
  </name>
  <category>
   Hat
  </category>
  <size>
   M
  </size>
  <color>
   Фиолетовый
  </color>
  <material>
   Полиэстер
  </material>
  <price>
   282063
  </price>
  <rating>
   1.21
  </rating>
  <reviews>
   946866
  </reviews>
  <new>
   +
  </new>
  <exclusive>
   no
  </exclusive>
 </clothing>
 <clothing>
  <id>
   624021348
  </id>
  <name>
   Adidas Gloves D-2297
  </name>
  <category>
   Gloves
  </category>
  <size>
   S
  </size>
  <color>
   Синий
  </color>
  <material>
   Нейлон
  </material>
  <price>
   245524
  </price>
  <rating>
   2.09
  </rating>
  <reviews>
   601655
  </reviews>
  <new>
   +
  </new>
 </clothing>
 <clothing>
  <id>
   835949138
  </id>
  <name>
   Reebok Jacket W-6248
  </name>
  <category>
   Jacket
  </category>
  <size>
   XL
  </size>
  <color>
   Красный
  </color>
  <material>
   Кожа
  </material>
  <price>
   264906
  </price>
  <rating>
   1.13
  </rating>
  <reviews>
   84306
  </reviews>
  <new>
   -
  </new>
  <exclusive>
   yes
  </exclusive>
  <sporty>
   no
  </sporty>
 </clothing>
 <clothing>
  <id>
   633826863
  </id>
  <name>
   Ellesse Socks O-3250
  </name>
  <category>
   Socks
  </category>
  <size>
   XL
  </size>
  <color>
   Оранжевый
  </color>
  <material>
   Полиэстер
  </material>
  <price>
   800242
  </price>
  <rating>
   1.86
  </rating>
  <reviews>
   781568
  </reviews>
  <exclusive>
   no
  </exclusive>
  <sporty>
   no
  </sporty>
 </clothing>
 <clothing>
  <id>
   617987699
  </id>
  <name>
   Addidas Belts R-7348
  </name>
  <category>
   Belts
  </category>
  <size>
   XL
  </size>
  <color>
   Зеленый
  </color>
  <material>
   Вискоза
  </material>
  <price>
   917657
  </price>
  <rating>
   4.8
  </rating>
  <reviews>
   554541
  </reviews>
  <exclusive>
   yes
  </exclusive>
  <sporty>
   yes
  </sporty>
 </clothing>
 <clothing>
  <id>
   148788481
  </id>
  <name>
   Under Armour Handbags F-4978
  </name>
  <category>
   Handbags
  </category>
  <size>
   XXL
  </size>
  <color>
   Оранжевый
  </color>
  <material>
   Хлопок
  </material>
  <price>
   153137
  </price>
  <rating>
   1.06
  </rating>
  <reviews>
   668945
  </reviews>
  <new>
   -
  </new>
  <sporty>
   yes
  </sporty>
 </clothing>
 <clothing>
  <id>
   520709699
  </id>
  <name>
   Under Armour Shirt J-9646
  </name>
  <category>
   Shirt
  </category>
  <size>
   L
  </size>
  <color>
   Красный
  </color>
  <material>
   Кожа
  </material>
  <price>
   918201
  </price>
  <rating>
   2.64
  </rating>
  <reviews>
   603106
  </reviews>
  <exclusive>
   yes
  </exclusive>
 </clothing>
 <clothing>
  <id>
   144769678
  </id>
  <name>
   Asics Umbrellas B-6970
  </name>
  <category>
   Umbrellas
  </category>
  <size>
   M
  </size>
  <color>
   Красный
  </color>
  <material>
   Кожа
  </material>
  <price>
   762470
  </price>
  <rating>
   2.69
  </rating>
  <reviews>
   737731
  </reviews>
  <new>
   -
  </new>
  <sporty>
   yes
  </sporty>
 </clothing>
 <clothing>
  <id>
   364540193
  </id>
  <name>
   Vans Gloves S-8389
  </name>
  <category>
   Gloves
  </category>
  <size>
   XXL
  </size>
  <color>
   Синий
  </color>
  <material>
   Нейлон
  </material>
  <price>
   200925
  </price>
  <rating>
   1.07
  </rating>
  <reviews>
   59879
  </reviews>
  <new>
   -
  </new>
  <exclusive>
   no
  </exclusive>
 </clothing>
 <clothing>
  <id>
   214388016
  </id>
  <name>
   Lacoste Handbags B-3696
  </name>
  <category>
   Handbags
  </category>
  <size>
   S
  </size>
  <color>
   Синий
  </color>
  <material>
   Шелк
  </material>
  <price>
   257832
  </price>
  <rating>
   3.18
  </rating>
  <reviews>
   571983
  </reviews>
  <new>
   -
  </new>
  <exclusive>
   no
  </exclusive>
  <sporty>
   yes
  </sporty>
 </clothing>
 <clothing>
  <id>
   587847644
  </id>
  <name>
   Addidas Shoes W-8950
  </name>
  <category>
   Shoes
  </category>
  <size>
   S
  </size>
  <color>
   Оранжевый
  </color>
  <material>
   Нейлон
  </material>
  <price>
   583621
  </price>
  <rating>
   1.55
  </rating>
  <reviews>
   48716
  </reviews>
  <new>
   -
  </new>
  <exclusive>
   yes
  </exclusive>
  <sporty>
   yes
  </sporty>
 </clothing>
 <clothing>
  <id>
   608522477
  </id>
  <name>
   New Balance Gloves N-8737
  </name>
  <category>
   Gloves
  </category>
  <size>
   XXL
  </size>
  <color>
   Красный
  </color>
  <material>
   Нейлон
  </material>
  <price>
   549558
  </price>
  <rating>
   3.14
  </rating>
  <reviews>
   631409
  </reviews>
  <new>
   -
  </new>
  <exclusive>
   no
  </exclusive>
 </clothing>
 <clothing>
  <id>
   675235725
  </id>
  <name>
   Vans Belts C-3959
  </name>
  <category>
   Belts
  </category>
  <size>
   XL
  </size>
  <color>
   Желтый
  </color>
  <material>
   Шерсть
  </material>
  <price>
   150803
  </price>
  <rating>
   3.23
  </rating>
  <reviews>
   822428
  </reviews>
  <exclusive>
   no
  </exclusive>
 </clothing>
 <clothing>
  <id>
   449499587
  </id>
  <name>
   Converse Hat K-2494
  </name>
  <category>
   Hat
  </category>
  <size>
   XL
  </size>
  <color>
   Фиолетовый
  </color>
  <material>
   Хлопок
  </material>
  <price>
   599446
  </price>
  <rating>
   1.87
  </rating>
  <reviews>
   472400
  </reviews>
  <exclusive>
   no
  </exclusive>
  <sporty>
   yes
  </sporty>
 </clothing>
 <clothing>
  <id>
   929240531
  </id>
  <name>
   DC Handbags A-5870
  </name>
  <category>
   Handbags
  </category>
  <size>
   XXL
  </size>
  <color>
   Красный
  </color>
  <material>
   Кожа
  </material>
  <price>
   863791
  </price>
  <rating>
   3.17
  </rating>
  <reviews>
   322551
  </reviews>
 </clothing>
 <clothing>
  <id>
   332062185
  </id>
  <name>
   Vans Dress H-9994
  </name>
  <category>
   Dress
  </category>
  <size>
   L
  </size>
  <color>
   Желтый
  </color>
  <material>
   Нейлон
  </material>
  <price>
   928681
  </price>
  <rating>
   3.6
  </rating>
  <reviews>
   386208
  </reviews>
  <exclusive>
   yes
  </exclusive>
 </clothing>
</clothing-items>
