<?xml version="1.0" encoding="utf-8"?>
<clothing-items>
 <clothing>
  <id>
   448523522
  </id>
  <name>
   Ellesse Sweater Q-2188
  </name>
  <category>
   Sweater
  </category>
  <size>
   XXL
  </size>
  <color>
   Желтый
  </color>
  <material>
   Лен
  </material>
  <price>
   949874
  </price>
  <rating>
   3.83
  </rating>
  <reviews>
   92075
  </reviews>
  <new>
   -
  </new>
  <exclusive>
   yes
  </exclusive>
  <sporty>
   no
  </sporty>
 </clothing>
 <clothing>
  <id>
   336567359
  </id>
  <name>
   Adidas Pants B-7140
  </name>
  <category>
   Pants
  </category>
  <size>
   L
  </size>
  <color>
   Красный
  </color>
  <material>
   Нейлон
  </material>
  <price>
   560865
  </price>
  <rating>
   4.01
  </rating>
  <reviews>
   275093
  </reviews>
  <new>
   -
  </new>
  <exclusive>
   no
  </exclusive>
  <sporty>
   no
  </sporty>
 </clothing>
 <clothing>
  <id>
   391625850
  </id>
  <name>
   Fila T-shirt O-8387
  </name>
  <category>
   T-shirt
  </category>
  <size>
   M
  </size>
  <color>
   Оранжевый
  </color>
  <material>
   Нейлон
  </material>
  <price>
   426651
  </price>
  <rating>
   1.34
  </rating>
  <reviews>
   93567
  </reviews>
  <new>
   -
  </new>
  <exclusive>
   yes
  </exclusive>
  <sporty>
   no
  </sporty>
 </clothing>
 <clothing>
  <id>
   270148418
  </id>
  <name>
   New Balance Pants X-7648
  </name>
  <category>
   Pants
  </category>
  <size>
   XL
  </size>
  <color>
   Красный
  </color>
  <material>
   Нейлон
  </material>
  <price>
   617854
  </price>
  <rating>
   2.99
  </rating>
  <reviews>
   464202
  </reviews>
  <new>
   -
  </new>
  <exclusive>
   no
  </exclusive>
  <sporty>
   yes
  </sporty>
 </clothing>
 <clothing>
  <id>
   211503300
  </id>
  <name>
   Reebok Pants V-6608
  </name>
  <category>
   Pants
  </category>
  <size>
   XXL
  </size>
  <color>
   Зеленый
  </color>
  <material>
   Кожа
  </material>
  <price>
   812842
  </price>
  <rating>
   1.56
  </rating>
  <reviews>
   884323
  </reviews>
  <new>
   +
  </new>
  <sporty>
   yes
  </sporty>
 </clothing>
 <clothing>
  <id>
   636347183
  </id>
  <name>
   Nike Shoes W-6800
  </name>
  <category>
   Shoes
  </category>
  <size>
   M
  </size>
  <color>
   Синий
  </color>
  <material>
   Нейлон
  </material>
  <price>
   906180
  </price>
  <rating>
   1.16
  </rating>
  <reviews>
   644285
  </reviews>
 </clothing>
 <clothing>
  <id>
   758950863
  </id>
  <name>
   Puma Shirt R-1395
  </name>
  <category>
   Shirt
  </category>
  <size>
   XL
  </size>
  <color>
   Красный
  </color>
  <material>
   Полиэстер
  </material>
  <price>
   190053
  </price>
  <rating>
   2.87
  </rating>
  <reviews>
   902897
  </reviews>
  <new>
   -
  </new>
  <exclusive>
   no
  </exclusive>
  <sporty>
   no
  </sporty>
 </clothing>
 <clothing>
  <id>
   274157209
  </id>
  <name>
   Lacoste Blouse F-6323
  </name>
  <category>
   Blouse
  </category>
  <size>
   L
  </size>
  <color>
   Фиолетовый
  </color>
  <material>
   Лен
  </material>
  <price>
   717617
  </price>
  <rating>
   4.73
  </rating>
  <reviews>
   392628
  </reviews>
  <exclusive>
   no
  </exclusive>
 </clothing>
 <clothing>
  <id>
   188525203
  </id>
  <name>
   Ellesse Dress S-7715
  </name>
  <category>
   Dress
  </category>
  <size>
   XXL
  </size>
  <color>
   Синий
  </color>
  <material>
   Полиэстер
  </material>
  <price>
   244483
  </price>
  <rating>
   3.88
  </rating>
  <reviews>
   943317
  </reviews>
  <new>
   -
  </new>
  <exclusive>
   yes
  </exclusive>
 </clothing>
 <clothing>
  <id>
   266671321
  </id>
  <name>
   Under Armour T-shirt A-9109
  </name>
  <category>
   T-shirt
  </category>
  <size>
   M
  </size>
  <color>
   Синий
  </color>
  <material>
   Полиэстер
  </material>
  <price>
   181518
  </price>
  <rating>
   2.88
  </rating>
  <reviews>
   720559
  </reviews>
  <exclusive>
   yes
  </exclusive>
  <sporty>
   yes
  </sporty>
 </clothing>
 <clothing>
  <id>
   303911261
  </id>
  <name>
   Lacoste Handbags L-6986
  </name>
  <category>
   Handbags
  </category>
  <size>
   L
  </size>
  <color>
   Голубой
  </color>
  <material>
   Нейлон
  </material>
  <price>
   997552
  </price>
  <rating>
   4.68
  </rating>
  <reviews>
   493104
  </reviews>
  <new>
   -
  </new>
  <sporty>
   no
  </sporty>
 </clothing>
 <clothing>
  <id>
   707464057
  </id>
  <name>
   PleinSport Skirt T-6749
  </name>
  <category>
   Skirt
  </category>
  <size>
   XXL
  </size>
  <color>
   Оранжевый
  </color>
  <material>
   Нейлон
  </material>
  <price>
   743642
  </price>
  <rating>
   2.89
  </rating>
  <reviews>
   282205
  </reviews>
 </clothing>
 <clothing>
  <id>
   951275265
  </id>
  <name>
   Brooks Belts X-2632
  </name>
  <category>
   Belts
  </category>
  <size>
   XXL
  </size>
  <color>
   Желтый
  </color>
  <material>
   Лен
  </material>
  <price>
   754849
  </price>
  <rating>
   1.36
  </rating>
  <reviews>
   18724
  </reviews>
  <new>
   -
  </new>
  <exclusive>
   no
  </exclusive>
 </clothing>
 <clothing>
  <id>
   698311919
  </id>
  <name>
   Adidas Belts U-5234
  </name>
  <category>
   Belts
  </category>
  <size>
   M
  </size>
  <color>
   Желтый
  </color>
  <material>
   Полиэстер
  </material>
  <price>
   779630
  </price>
  <rating>
   4.09
  </rating>
  <reviews>
   168693
  </reviews>
  <sporty>
   yes
  </sporty>
 </clothing>
 <clothing>
  <id>
   663658876
  </id>
  <name>
   Converse Pants U-7699
  </name>
  <category>
   Pants
  </category>
  <size>
   XXL
  </size>
  <color>
   Красный
  </color>
  <material>
   Нейлон
  </material>
  <price>
   254940
  </price>
  <rating>
   4.3
  </rating>
  <reviews>
   573046
  </reviews>
  <new>
   +
  </new>
  <exclusive>
   no
  </exclusive>
 </clothing>
 <clothing>
  <id>
   686475749
  </id>
  <name>
   New Balance Socks T-8957
  </name>
  <category>
   Socks
  </category>
  <size>
   XXL
  </size>
  <color>
   Фиолетовый
  </color>
  <material>
   Шерсть
  </material>
  <price>
   130796
  </price>
  <rating>
   1.37
  </rating>
  <reviews>
   899551
  </reviews>
  <new>
   +
  </new>
  <exclusive>
   yes
  </exclusive>
  <sporty>
   yes
  </sporty>
 </clothing>
 <clothing>
  <id>
   144232903
  </id>
  <name>
   Lacoste Umbrellas D-4365
  </name>
  <category>
   Umbrellas
  </category>
  <size>
   S
  </size>
  <color>
   Оранжевый
  </color>
  <material>
   Вискоза
  </material>
  <price>
   959676
  </price>
  <rating>
   1.58
  </rating>
  <reviews>
   516953
  </reviews>
  <exclusive>
   no
  </exclusive>
  <sporty>
   no
  </sporty>
 </clothing>
</clothing-items>
