<?xml version="1.0" encoding="utf-8"?>
<clothing-items>
 <clothing>
  <id>
   853431651
  </id>
  <name>
   Asics Handbags I-1447
  </name>
  <category>
   Handbags
  </category>
  <size>
   M
  </size>
  <color>
   Красный
  </color>
  <material>
   Кожа
  </material>
  <price>
   311249
  </price>
  <rating>
   4.56
  </rating>
  <reviews>
   743471
  </reviews>
  <new>
   -
  </new>
 </clothing>
 <clothing>
  <id>
   530845481
  </id>
  <name>
   Puma T-shirt D-3187
  </name>
  <category>
   T-shirt
  </category>
  <size>
   M
  </size>
  <color>
   Фиолетовый
  </color>
  <material>
   Шелк
  </material>
  <price>
   334987
  </price>
  <rating>
   3.35
  </rating>
  <reviews>
   140708
  </reviews>
  <exclusive>
   no
  </exclusive>
  <sporty>
   yes
  </sporty>
 </clothing>
 <clothing>
  <id>
   586221365
  </id>
  <name>
   Reebok T-shirt K-7877
  </name>
  <category>
   T-shirt
  </category>
  <size>
   XXL
  </size>
  <color>
   Синий
  </color>
  <material>
   Нейлон
  </material>
  <price>
   898269
  </price>
  <rating>
   4.94
  </rating>
  <reviews>
   160660
  </reviews>
  <new>
   -
  </new>
  <exclusive>
   yes
  </exclusive>
 </clothing>
 <clothing>
  <id>
   635290771
  </id>
  <name>
   Brooks Umbrellas H-4995
  </name>
  <category>
   Umbrellas
  </category>
  <size>
   XXL
  </size>
  <color>
   Синий
  </color>
  <material>
   Лен
  </material>
  <price>
   887882
  </price>
  <rating>
   2.2
  </rating>
  <reviews>
   923401
  </reviews>
  <sporty>
   no
  </sporty>
 </clothing>
 <clothing>
  <id>
   633425749
  </id>
  <name>
   Reebok Blouse W-6184
  </name>
  <category>
   Blouse
  </category>
  <size>
   XXL
  </size>
  <color>
   Красный
  </color>
  <material>
   Полиэстер
  </material>
  <price>
   971243
  </price>
  <rating>
   1.84
  </rating>
  <reviews>
   311630
  </reviews>
  <new>
   -
  </new>
  <exclusive>
   no
  </exclusive>
 </clothing>
 <clothing>
  <id>
   472881742
  </id>
  <name>
   Addidas Hat J-8258
  </name>
  <category>
   Hat
  </category>
  <size>
   XL
  </size>
  <color>
   Желтый
  </color>
  <material>
   Шелк
  </material>
  <price>
   780815
  </price>
  <rating>
   1.96
  </rating>
  <reviews>
   58643
  </reviews>
  <exclusive>
   no
  </exclusive>
  <sporty>
   no
  </sporty>
 </clothing>
 <clothing>
  <id>
   571712044
  </id>
  <name>
   Lacoste Gloves L-4786
  </name>
  <category>
   Gloves
  </category>
  <size>
   XXL
  </size>
  <color>
   Синий
  </color>
  <material>
   Шерсть
  </material>
  <price>
   252027
  </price>
  <rating>
   3.11
  </rating>
  <reviews>
   148722
  </reviews>
  <exclusive>
   no
  </exclusive>
  <sporty>
   no
  </sporty>
 </clothing>
 <clothing>
  <id>
   749972455
  </id>
  <name>
   Addidas Sweater U-4185
  </name>
  <category>
   Sweater
  </category>
  <size>
   S
  </size>
  <color>
   Желтый
  </color>
  <material>
   Хлопок
  </material>
  <price>
   597390
  </price>
  <rating>
   3.44
  </rating>
  <reviews>
   823302
  </reviews>
  <new>
   +
  </new>
  <exclusive>
   no
  </exclusive>
 </clothing>
 <clothing>
  <id>
   975337313
  </id>
  <name>
   Converse Belts D-4027
  </name>
  <category>
   Belts
  </category>
  <size>
   S
  </size>
  <color>
   Зеленый
  </color>
  <material>
   Кожа
  </material>
  <price>
   992719
  </price>
  <rating>
   2.22
  </rating>
  <reviews>
   614891
  </reviews>
  <new>
   -
  </new>
  <exclusive>
   no
  </exclusive>
  <sporty>
   no
  </sporty>
 </clothing>
 <clothing>
  <id>
   823148399
  </id>
  <name>
   Puma Pants U-2747
  </name>
  <category>
   Pants
  </category>
  <size>
   XL
  </size>
  <color>
   Желтый
  </color>
  <material>
   Шелк
  </material>
  <price>
   956338
  </price>
  <rating>
   4.04
  </rating>
  <reviews>
   50053
  </reviews>
  <new>
   -
  </new>
  <exclusive>
   no
  </exclusive>
 </clothing>
 <clothing>
  <id>
   783353734
  </id>
  <name>
   Reebok Sweater K-3495
  </name>
  <category>
   Sweater
  </category>
  <size>
   M
  </size>
  <color>
   Зеленый
  </color>
  <material>
   Вискоза
  </material>
  <price>
   913568
  </price>
  <rating>
   3.67
  </rating>
  <reviews>
   875665
  </reviews>
  <sporty>
   no
  </sporty>
 </clothing>
 <clothing>
  <id>
   295800584
  </id>
  <name>
   Ellesse Gloves N-2207
  </name>
  <category>
   Gloves
  </category>
  <size>
   M
  </size>
  <color>
   Желтый
  </color>
  <material>
   Вискоза
  </material>
  <price>
   300309
  </price>
  <rating>
   4.38
  </rating>
  <reviews>
   392978
  </reviews>
  <new>
   +
  </new>
  <exclusive>
   yes
  </exclusive>
  <sporty>
   yes
  </sporty>
 </clothing>
 <clothing>
  <id>
   489189292
  </id>
  <name>
   New Balance Jacket K-1924
  </name>
  <category>
   Jacket
  </category>
  <size>
   L
  </size>
  <color>
   Желтый
  </color>
  <material>
   Кожа
  </material>
  <price>
   187260
  </price>
  <rating>
   1.82
  </rating>
  <reviews>
   223089
  </reviews>
  <new>
   -
  </new>
  <exclusive>
   no
  </exclusive>
  <sporty>
   no
  </sporty>
 </clothing>
 <clothing>
  <id>
   645196128
  </id>
  <name>
   Ellesse Pants Q-2507
  </name>
  <category>
   Pants
  </category>
  <size>
   XL
  </size>
  <color>
   Синий
  </color>
  <material>
   Кожа
  </material>
  <price>
   889625
  </price>
  <rating>
   2.05
  </rating>
  <reviews>
   881232
  </reviews>
  <new>
   +
  </new>
  <exclusive>
   yes
  </exclusive>
  <sporty>
   yes
  </sporty>
 </clothing>
 <clothing>
  <id>
   844490801
  </id>
  <name>
   Vans Dress O-8630
  </name>
  <category>
   Dress
  </category>
  <size>
   L
  </size>
  <color>
   Голубой
  </color>
  <material>
   Полиэстер
  </material>
  <price>
   187142
  </price>
  <rating>
   3.75
  </rating>
  <reviews>
   112309
  </reviews>
  <new>
   -
  </new>
  <exclusive>
   yes
  </exclusive>
  <sporty>
   no
  </sporty>
 </clothing>
 <clothing>
  <id>
   420438124
  </id>
  <name>
   Adidas T-shirt K-7029
  </name>
  <category>
   T-shirt
  </category>
  <size>
   XL
  </size>
  <color>
   Фиолетовый
  </color>
  <material>
   Вискоза
  </material>
  <price>
   241406
  </price>
  <rating>
   2.95
  </rating>
  <reviews>
   670341
  </reviews>
  <new>
   -
  </new>
  <exclusive>
   no
  </exclusive>
  <sporty>
   no
  </sporty>
 </clothing>
 <clothing>
  <id>
   757580393
  </id>
  <name>
   Lacoste Pants J-3873
  </name>
  <category>
   Pants
  </category>
  <size>
   XXL
  </size>
  <color>
   Голубой
  </color>
  <material>
   Вискоза
  </material>
  <price>
   435414
  </price>
  <rating>
   2.75
  </rating>
  <reviews>
   706376
  </reviews>
  <sporty>
   no
  </sporty>
 </clothing>
 <clothing>
  <id>
   964475746
  </id>
  <name>
   Puma Shirt Z-6106
  </name>
  <category>
   Shirt
  </category>
  <size>
   XXL
  </size>
  <color>
   Желтый
  </color>
  <material>
   Нейлон
  </material>
  <price>
   341685
  </price>
  <rating>
   4.25
  </rating>
  <reviews>
   149201
  </reviews>
  <new>
   +
  </new>
  <exclusive>
   yes
  </exclusive>
  <sporty>
   no
  </sporty>
 </clothing>
 <clothing>
  <id>
   868281490
  </id>
  <name>
   Vans Pants K-9489
  </name>
  <category>
   Pants
  </category>
  <size>
   M
  </size>
  <color>
   Фиолетовый
  </color>
  <material>
   Шерсть
  </material>
  <price>
   385701
  </price>
  <rating>
   1.43
  </rating>
  <reviews>
   350411
  </reviews>
  <new>
   -
  </new>
  <sporty>
   no
  </sporty>
 </clothing>
</clothing-items>
