<?xml version="1.0" encoding="utf-8"?>
<clothing-items>
 <clothing>
  <id>
   438211782
  </id>
  <name>
   PleinSport Jacket P-6482
  </name>
  <category>
   Jacket
  </category>
  <size>
   XL
  </size>
  <color>
   Синий
  </color>
  <material>
   Хлопок
  </material>
  <price>
   342523
  </price>
  <rating>
   1.12
  </rating>
  <reviews>
   327385
  </reviews>
  <new>
   +
  </new>
  <exclusive>
   no
  </exclusive>
  <sporty>
   no
  </sporty>
 </clothing>
 <clothing>
  <id>
   298325093
  </id>
  <name>
   Under Armour Hat O-2753
  </name>
  <category>
   Hat
  </category>
  <size>
   S
  </size>
  <color>
   Оранжевый
  </color>
  <material>
   Кожа
  </material>
  <price>
   862069
  </price>
  <rating>
   4.58
  </rating>
  <reviews>
   993889
  </reviews>
  <new>
   +
  </new>
  <sporty>
   no
  </sporty>
 </clothing>
 <clothing>
  <id>
   307306839
  </id>
  <name>
   Vans Jacket M-7746
  </name>
  <category>
   Jacket
  </category>
  <size>
   M
  </size>
  <color>
   Оранжевый
  </color>
  <material>
   Вискоза
  </material>
  <price>
   479774
  </price>
  <rating>
   4.47
  </rating>
  <reviews>
   670441
  </reviews>
  <new>
   -
  </new>
 </clothing>
 <clothing>
  <id>
   238285012
  </id>
  <name>
   Reebok Jacket K-7385
  </name>
  <category>
   Jacket
  </category>
  <size>
   XL
  </size>
  <color>
   Голубой
  </color>
  <material>
   Лен
  </material>
  <price>
   487782
  </price>
  <rating>
   1.96
  </rating>
  <reviews>
   962612
  </reviews>
  <new>
   +
  </new>
  <sporty>
   no
  </sporty>
 </clothing>
 <clothing>
  <id>
   727171069
  </id>
  <name>
   Reebok Jacket Z-2088
  </name>
  <category>
   Jacket
  </category>
  <size>
   S
  </size>
  <color>
   Желтый
  </color>
  <material>
   Полиэстер
  </material>
  <price>
   920667
  </price>
  <rating>
   3.13
  </rating>
  <reviews>
   936153
  </reviews>
  <new>
   -
  </new>
  <exclusive>
   no
  </exclusive>
 </clothing>
 <clothing>
  <id>
   926015643
  </id>
  <name>
   Puma Shirt A-9206
  </name>
  <category>
   Shirt
  </category>
  <size>
   XL
  </size>
  <color>
   Желтый
  </color>
  <material>
   Лен
  </material>
  <price>
   640574
  </price>
  <rating>
   4.76
  </rating>
  <reviews>
   536200
  </reviews>
  <sporty>
   no
  </sporty>
 </clothing>
 <clothing>
  <id>
   936043229
  </id>
  <name>
   Lacoste Dress E-6590
  </name>
  <category>
   Dress
  </category>
  <size>
   S
  </size>
  <color>
   Синий
  </color>
  <material>
   Нейлон
  </material>
  <price>
   528746
  </price>
  <rating>
   2.31
  </rating>
  <reviews>
   336861
  </reviews>
  <new>
   +
  </new>
  <exclusive>
   no
  </exclusive>
 </clothing>
 <clothing>
  <id>
   884072733
  </id>
  <name>
   Nike Dress H-5605
  </name>
  <category>
   Dress
  </category>
  <size>
   L
  </size>
  <color>
   Синий
  </color>
  <material>
   Шерсть
  </material>
  <price>
   535854
  </price>
  <rating>
   2.89
  </rating>
  <reviews>
   283320
  </reviews>
  <exclusive>
   yes
  </exclusive>
 </clothing>
 <clothing>
  <id>
   753932625
  </id>
  <name>
   Ellesse Shirt R-3392
  </name>
  <category>
   Shirt
  </category>
  <size>
   XXL
  </size>
  <color>
   Желтый
  </color>
  <material>
   Лен
  </material>
  <price>
   676297
  </price>
  <rating>
   2.47
  </rating>
  <reviews>
   860764
  </reviews>
  <exclusive>
   no
  </exclusive>
 </clothing>
 <clothing>
  <id>
   936713739
  </id>
  <name>
   Vans Umbrellas R-6508
  </name>
  <category>
   Umbrellas
  </category>
  <size>
   XXL
  </size>
  <color>
   Фиолетовый
  </color>
  <material>
   Нейлон
  </material>
  <price>
   666093
  </price>
  <rating>
   1.77
  </rating>
  <reviews>
   148199
  </reviews>
 </clothing>
 <clothing>
  <id>
   935313698
  </id>
  <name>
   DC Handbags N-5733
  </name>
  <category>
   Handbags
  </category>
  <size>
   XL
  </size>
  <color>
   Оранжевый
  </color>
  <material>
   Кожа
  </material>
  <price>
   697569
  </price>
  <rating>
   2.72
  </rating>
  <reviews>
   854599
  </reviews>
  <new>
   -
  </new>
  <exclusive>
   yes
  </exclusive>
  <sporty>
   no
  </sporty>
 </clothing>
 <clothing>
  <id>
   343578893
  </id>
  <name>
   Nike Belts Z-1950
  </name>
  <category>
   Belts
  </category>
  <size>
   M
  </size>
  <color>
   Желтый
  </color>
  <material>
   Кожа
  </material>
  <price>
   991386
  </price>
  <rating>
   1.56
  </rating>
  <reviews>
   277865
  </reviews>
  <new>
   -
  </new>
  <sporty>
   no
  </sporty>
 </clothing>
 <clothing>
  <id>
   986631548
  </id>
  <name>
   Ellesse T-shirt V-2109
  </name>
  <category>
   T-shirt
  </category>
  <size>
   L
  </size>
  <color>
   Синий
  </color>
  <material>
   Шерсть
  </material>
  <price>
   437012
  </price>
  <rating>
   1.44
  </rating>
  <reviews>
   860307
  </reviews>
  <new>
   -
  </new>
  <exclusive>
   no
  </exclusive>
  <sporty>
   no
  </sporty>
 </clothing>
 <clothing>
  <id>
   161794906
  </id>
  <name>
   Vans Gloves N-5238
  </name>
  <category>
   Gloves
  </category>
  <size>
   M
  </size>
  <color>
   Фиолетовый
  </color>
  <material>
   Хлопок
  </material>
  <price>
   205481
  </price>
  <rating>
   3.42
  </rating>
  <reviews>
   501984
  </reviews>
  <new>
   +
  </new>
  <sporty>
   yes
  </sporty>
 </clothing>
 <clothing>
  <id>
   673326536
  </id>
  <name>
   Puma Shoes W-2326
  </name>
  <category>
   Shoes
  </category>
  <size>
   M
  </size>
  <color>
   Зеленый
  </color>
  <material>
   Вискоза
  </material>
  <price>
   234555
  </price>
  <rating>
   2.54
  </rating>
  <reviews>
   430174
  </reviews>
  <new>
   -
  </new>
  <exclusive>
   no
  </exclusive>
 </clothing>
 <clothing>
  <id>
   821235832
  </id>
  <name>
   Reebok Socks Z-4862
  </name>
  <category>
   Socks
  </category>
  <size>
   XL
  </size>
  <color>
   Оранжевый
  </color>
  <material>
   Полиэстер
  </material>
  <price>
   136272
  </price>
  <rating>
   1.66
  </rating>
  <reviews>
   150736
  </reviews>
  <new>
   -
  </new>
  <sporty>
   no
  </sporty>
 </clothing>
 <clothing>
  <id>
   731434309
  </id>
  <name>
   Lacoste Skirt A-2976
  </name>
  <category>
   Skirt
  </category>
  <size>
   S
  </size>
  <color>
   Зеленый
  </color>
  <material>
   Лен
  </material>
  <price>
   843796
  </price>
  <rating>
   2.23
  </rating>
  <reviews>
   464800
  </reviews>
  <new>
   -
  </new>
 </clothing>
 <clothing>
  <id>
   946677377
  </id>
  <name>
   Fila T-shirt X-9577
  </name>
  <category>
   T-shirt
  </category>
  <size>
   S
  </size>
  <color>
   Фиолетовый
  </color>
  <material>
   Шерсть
  </material>
  <price>
   411991
  </price>
  <rating>
   3.63
  </rating>
  <reviews>
   961243
  </reviews>
  <new>
   -
  </new>
  <exclusive>
   no
  </exclusive>
 </clothing>
 <clothing>
  <id>
   522958279
  </id>
  <name>
   Converse Hat K-1808
  </name>
  <category>
   Hat
  </category>
  <size>
   S
  </size>
  <color>
   Голубой
  </color>
  <material>
   Вискоза
  </material>
  <price>
   782442
  </price>
  <rating>
   1.28
  </rating>
  <reviews>
   371460
  </reviews>
  <new>
   -
  </new>
  <sporty>
   yes
  </sporty>
 </clothing>
 <clothing>
  <id>
   864901541
  </id>
  <name>
   Puma Hat R-1365
  </name>
  <category>
   Hat
  </category>
  <size>
   S
  </size>
  <color>
   Синий
  </color>
  <material>
   Шелк
  </material>
  <price>
   611799
  </price>
  <rating>
   3.21
  </rating>
  <reviews>
   659395
  </reviews>
  <new>
   +
  </new>
  <exclusive>
   yes
  </exclusive>
  <sporty>
   no
  </sporty>
 </clothing>
 <clothing>
  <id>
   669395747
  </id>
  <name>
   DC Shirt F-8228
  </name>
  <category>
   Shirt
  </category>
  <size>
   M
  </size>
  <color>
   Синий
  </color>
  <material>
   Нейлон
  </material>
  <price>
   372103
  </price>
  <rating>
   4.27
  </rating>
  <reviews>
   887711
  </reviews>
  <exclusive>
   no
  </exclusive>
 </clothing>
 <clothing>
  <id>
   976884674
  </id>
  <name>
   DC Shirt O-7400
  </name>
  <category>
   Shirt
  </category>
  <size>
   S
  </size>
  <color>
   Зеленый
  </color>
  <material>
   Полиэстер
  </material>
  <price>
   397460
  </price>
  <rating>
   1.81
  </rating>
  <reviews>
   191482
  </reviews>
  <exclusive>
   yes
  </exclusive>
  <sporty>
   no
  </sporty>
 </clothing>
 <clothing>
  <id>
   297006382
  </id>
  <name>
   Addidas Hat U-3320
  </name>
  <category>
   Hat
  </category>
  <size>
   S
  </size>
  <color>
   Голубой
  </color>
  <material>
   Лен
  </material>
  <price>
   375645
  </price>
  <rating>
   3.2
  </rating>
  <reviews>
   84658
  </reviews>
  <exclusive>
   yes
  </exclusive>
 </clothing>
 <clothing>
  <id>
   393613358
  </id>
  <name>
   Nike Pants B-3305
  </name>
  <category>
   Pants
  </category>
  <size>
   S
  </size>
  <color>
   Голубой
  </color>
  <material>
   Нейлон
  </material>
  <price>
   905075
  </price>
  <rating>
   3.18
  </rating>
  <reviews>
   565290
  </reviews>
  <new>
   +
  </new>
  <sporty>
   yes
  </sporty>
 </clothing>
 <clothing>
  <id>
   159293414
  </id>
  <name>
   Fila Hat M-7486
  </name>
  <category>
   Hat
  </category>
  <size>
   M
  </size>
  <color>
   Оранжевый
  </color>
  <material>
   Лен
  </material>
  <price>
   934687
  </price>
  <rating>
   4.96
  </rating>
  <reviews>
   844005
  </reviews>
  <new>
   +
  </new>
  <exclusive>
   yes
  </exclusive>
  <sporty>
   yes
  </sporty>
 </clothing>
 <clothing>
  <id>
   218054844
  </id>
  <name>
   Adidas Shoes F-5978
  </name>
  <category>
   Shoes
  </category>
  <size>
   S
  </size>
  <color>
   Красный
  </color>
  <material>
   Кожа
  </material>
  <price>
   417316
  </price>
  <rating>
   1.1
  </rating>
  <reviews>
   411237
  </reviews>
  <exclusive>
   no
  </exclusive>
 </clothing>
</clothing-items>
