<?xml version="1.0" encoding="utf-8"?>
<clothing-items>
 <clothing>
  <id>
   702582997
  </id>
  <name>
   PleinSport Gloves X-9373
  </name>
  <category>
   Gloves
  </category>
  <size>
   XXL
  </size>
  <color>
   Синий
  </color>
  <material>
   Шелк
  </material>
  <price>
   452351
  </price>
  <rating>
   1.6
  </rating>
  <reviews>
   502726
  </reviews>
  <new>
   +
  </new>
  <sporty>
   no
  </sporty>
 </clothing>
 <clothing>
  <id>
   861750867
  </id>
  <name>
   Vans Umbrellas P-5772
  </name>
  <category>
   Umbrellas
  </category>
  <size>
   M
  </size>
  <color>
   Фиолетовый
  </color>
  <material>
   Полиэстер
  </material>
  <price>
   609334
  </price>
  <rating>
   1.7
  </rating>
  <reviews>
   935838
  </reviews>
  <new>
   -
  </new>
  <sporty>
   yes
  </sporty>
 </clothing>
 <clothing>
  <id>
   943205143
  </id>
  <name>
   Converse Blouse N-5149
  </name>
  <category>
   Blouse
  </category>
  <size>
   L
  </size>
  <color>
   Желтый
  </color>
  <material>
   Нейлон
  </material>
  <price>
   898187
  </price>
  <rating>
   3.42
  </rating>
  <reviews>
   484265
  </reviews>
  <new>
   -
  </new>
  <exclusive>
   no
  </exclusive>
  <sporty>
   no
  </sporty>
 </clothing>
 <clothing>
  <id>
   126108573
  </id>
  <name>
   DC Socks L-1008
  </name>
  <category>
   Socks
  </category>
  <size>
   S
  </size>
  <color>
   Голубой
  </color>
  <material>
   Нейлон
  </material>
  <price>
   869375
  </price>
  <rating>
   4.05
  </rating>
  <reviews>
   182549
  </reviews>
  <new>
   +
  </new>
  <sporty>
   yes
  </sporty>
 </clothing>
 <clothing>
  <id>
   129282117
  </id>
  <name>
   Puma Umbrellas M-9536
  </name>
  <category>
   Umbrellas
  </category>
  <size>
   L
  </size>
  <color>
   Фиолетовый
  </color>
  <material>
   Кожа
  </material>
  <price>
   769225
  </price>
  <rating>
   3.65
  </rating>
  <reviews>
   858020
  </reviews>
  <new>
   -
  </new>
  <exclusive>
   no
  </exclusive>
  <sporty>
   no
  </sporty>
 </clothing>
 <clothing>
  <id>
   385215324
  </id>
  <name>
   Asics Blouse X-4939
  </name>
  <category>
   Blouse
  </category>
  <size>
   M
  </size>
  <color>
   Фиолетовый
  </color>
  <material>
   Хлопок
  </material>
  <price>
   679919
  </price>
  <rating>
   2.0
  </rating>
  <reviews>
   437152
  </reviews>
 </clothing>
 <clothing>
  <id>
   659475504
  </id>
  <name>
   Adidas Dress N-5705
  </name>
  <category>
   Dress
  </category>
  <size>
   XL
  </size>
  <color>
   Желтый
  </color>
  <material>
   Нейлон
  </material>
  <price>
   647787
  </price>
  <rating>
   3.71
  </rating>
  <reviews>
   494617
  </reviews>
  <exclusive>
   yes
  </exclusive>
  <sporty>
   no
  </sporty>
 </clothing>
 <clothing>
  <id>
   859795998
  </id>
  <name>
   Under Armour Sweater I-6048
  </name>
  <category>
   Sweater
  </category>
  <size>
   L
  </size>
  <color>
   Красный
  </color>
  <material>
   Полиэстер
  </material>
  <price>
   812455
  </price>
  <rating>
   1.08
  </rating>
  <reviews>
   377469
  </reviews>
  <exclusive>
   no
  </exclusive>
  <sporty>
   no
  </sporty>
 </clothing>
 <clothing>
  <id>
   436945946
  </id>
  <name>
   Ellesse Shirt P-2705
  </name>
  <category>
   Shirt
  </category>
  <size>
   S
  </size>
  <color>
   Фиолетовый
  </color>
  <material>
   Шерсть
  </material>
  <price>
   515429
  </price>
  <rating>
   3.41
  </rating>
  <reviews>
   268493
  </reviews>
  <exclusive>
   no
  </exclusive>
  <sporty>
   yes
  </sporty>
 </clothing>
 <clothing>
  <id>
   252150188
  </id>
  <name>
   Addidas Skirt F-7754
  </name>
  <category>
   Skirt
  </category>
  <size>
   S
  </size>
  <color>
   Синий
  </color>
  <material>
   Полиэстер
  </material>
  <price>
   166526
  </price>
  <rating>
   3.58
  </rating>
  <reviews>
   164988
  </reviews>
  <new>
   +
  </new>
  <exclusive>
   no
  </exclusive>
 </clothing>
 <clothing>
  <id>
   611861857
  </id>
  <name>
   Addidas Shoes I-2298
  </name>
  <category>
   Shoes
  </category>
  <size>
   XL
  </size>
  <color>
   Синий
  </color>
  <material>
   Полиэстер
  </material>
  <price>
   651442
  </price>
  <rating>
   1.96
  </rating>
  <reviews>
   60945
  </reviews>
  <sporty>
   no
  </sporty>
 </clothing>
 <clothing>
  <id>
   427692224
  </id>
  <name>
   Brooks Handbags C-5257
  </name>
  <category>
   Handbags
  </category>
  <size>
   XL
  </size>
  <color>
   Фиолетовый
  </color>
  <material>
   Лен
  </material>
  <price>
   507238
  </price>
  <rating>
   3.19
  </rating>
  <reviews>
   110372
  </reviews>
  <new>
   +
  </new>
  <exclusive>
   yes
  </exclusive>
 </clothing>
 <clothing>
  <id>
   404555035
  </id>
  <name>
   Nike Dress V-4796
  </name>
  <category>
   Dress
  </category>
  <size>
   S
  </size>
  <color>
   Синий
  </color>
  <material>
   Полиэстер
  </material>
  <price>
   785926
  </price>
  <rating>
   2.32
  </rating>
  <reviews>
   130895
  </reviews>
  <new>
   +
  </new>
 </clothing>
 <clothing>
  <id>
   237059405
  </id>
  <name>
   Addidas Pants D-4993
  </name>
  <category>
   Pants
  </category>
  <size>
   L
  </size>
  <color>
   Голубой
  </color>
  <material>
   Полиэстер
  </material>
  <price>
   396195
  </price>
  <rating>
   4.15
  </rating>
  <reviews>
   626983
  </reviews>
  <exclusive>
   yes
  </exclusive>
 </clothing>
 <clothing>
  <id>
   423996331
  </id>
  <name>
   New Balance Shoes E-2244
  </name>
  <category>
   Shoes
  </category>
  <size>
   S
  </size>
  <color>
   Желтый
  </color>
  <material>
   Кожа
  </material>
  <price>
   331567
  </price>
  <rating>
   1.81
  </rating>
  <reviews>
   275269
  </reviews>
  <sporty>
   no
  </sporty>
 </clothing>
 <clothing>
  <id>
   194179724
  </id>
  <name>
   Converse Jacket L-1964
  </name>
  <category>
   Jacket
  </category>
  <size>
   XL
  </size>
  <color>
   Голубой
  </color>
  <material>
   Лен
  </material>
  <price>
   890314
  </price>
  <rating>
   4.44
  </rating>
  <reviews>
   278304
  </reviews>
 </clothing>
 <clothing>
  <id>
   477400633
  </id>
  <name>
   PleinSport Gloves F-5681
  </name>
  <category>
   Gloves
  </category>
  <size>
   XXL
  </size>
  <color>
   Фиолетовый
  </color>
  <material>
   Нейлон
  </material>
  <price>
   859488
  </price>
  <rating>
   2.42
  </rating>
  <reviews>
   428206
  </reviews>
  <new>
   -
  </new>
  <sporty>
   no
  </sporty>
 </clothing>
 <clothing>
  <id>
   966344872
  </id>
  <name>
   Ellesse Socks I-4061
  </name>
  <category>
   Socks
  </category>
  <size>
   XXL
  </size>
  <color>
   Желтый
  </color>
  <material>
   Хлопок
  </material>
  <price>
   138599
  </price>
  <rating>
   4.86
  </rating>
  <reviews>
   497414
  </reviews>
  <exclusive>
   no
  </exclusive>
  <sporty>
   yes
  </sporty>
 </clothing>
 <clothing>
  <id>
   482627858
  </id>
  <name>
   Reebok Sweater J-6087
  </name>
  <category>
   Sweater
  </category>
  <size>
   M
  </size>
  <color>
   Зеленый
  </color>
  <material>
   Шерсть
  </material>
  <price>
   218744
  </price>
  <rating>
   1.78
  </rating>
  <reviews>
   267861
  </reviews>
  <new>
   -
  </new>
  <exclusive>
   yes
  </exclusive>
  <sporty>
   no
  </sporty>
 </clothing>
 <clothing>
  <id>
   102316682
  </id>
  <name>
   DC Jeans V-9539
  </name>
  <category>
   Jeans
  </category>
  <size>
   XL
  </size>
  <color>
   Фиолетовый
  </color>
  <material>
   Кожа
  </material>
  <price>
   122342
  </price>
  <rating>
   2.07
  </rating>
  <reviews>
   815304
  </reviews>
 </clothing>
 <clothing>
  <id>
   317569992
  </id>
  <name>
   Addidas Umbrellas T-6925
  </name>
  <category>
   Umbrellas
  </category>
  <size>
   L
  </size>
  <color>
   Синий
  </color>
  <material>
   Полиэстер
  </material>
  <price>
   524171
  </price>
  <rating>
   3.77
  </rating>
  <reviews>
   482540
  </reviews>
  <new>
   +
  </new>
 </clothing>
 <clothing>
  <id>
   455422019
  </id>
  <name>
   Brooks T-shirt W-1674
  </name>
  <category>
   T-shirt
  </category>
  <size>
   L
  </size>
  <color>
   Синий
  </color>
  <material>
   Полиэстер
  </material>
  <price>
   141096
  </price>
  <rating>
   1.88
  </rating>
  <reviews>
   327818
  </reviews>
  <new>
   -
  </new>
  <exclusive>
   yes
  </exclusive>
  <sporty>
   yes
  </sporty>
 </clothing>
 <clothing>
  <id>
   774334079
  </id>
  <name>
   Ellesse Jacket Y-3946
  </name>
  <category>
   Jacket
  </category>
  <size>
   XXL
  </size>
  <color>
   Фиолетовый
  </color>
  <material>
   Хлопок
  </material>
  <price>
   962311
  </price>
  <rating>
   3.85
  </rating>
  <reviews>
   7309
  </reviews>
  <new>
   -
  </new>
  <exclusive>
   yes
  </exclusive>
 </clothing>
 <clothing>
  <id>
   367133017
  </id>
  <name>
   Under Armour Sweater J-4826
  </name>
  <category>
   Sweater
  </category>
  <size>
   S
  </size>
  <color>
   Фиолетовый
  </color>
  <material>
   Шелк
  </material>
  <price>
   824808
  </price>
  <rating>
   1.24
  </rating>
  <reviews>
   212839
  </reviews>
  <new>
   +
  </new>
  <exclusive>
   no
  </exclusive>
  <sporty>
   yes
  </sporty>
 </clothing>
 <clothing>
  <id>
   416671094
  </id>
  <name>
   Vans Pants P-8785
  </name>
  <category>
   Pants
  </category>
  <size>
   M
  </size>
  <color>
   Зеленый
  </color>
  <material>
   Полиэстер
  </material>
  <price>
   910778
  </price>
  <rating>
   1.58
  </rating>
  <reviews>
   378562
  </reviews>
  <new>
   +
  </new>
  <sporty>
   yes
  </sporty>
 </clothing>
 <clothing>
  <id>
   300252415
  </id>
  <name>
   Reebok Shirt M-1546
  </name>
  <category>
   Shirt
  </category>
  <size>
   L
  </size>
  <color>
   Красный
  </color>
  <material>
   Кожа
  </material>
  <price>
   198216
  </price>
  <rating>
   2.39
  </rating>
  <reviews>
   237320
  </reviews>
  <new>
   -
  </new>
 </clothing>
 <clothing>
  <id>
   522317542
  </id>
  <name>
   Asics Hat T-3170
  </name>
  <category>
   Hat
  </category>
  <size>
   XL
  </size>
  <color>
   Зеленый
  </color>
  <material>
   Полиэстер
  </material>
  <price>
   753069
  </price>
  <rating>
   1.15
  </rating>
  <reviews>
   215675
  </reviews>
  <new>
   -
  </new>
  <exclusive>
   no
  </exclusive>
  <sporty>
   no
  </sporty>
 </clothing>
 <clothing>
  <id>
   986738270
  </id>
  <name>
   Asics T-shirt L-6821
  </name>
  <category>
   T-shirt
  </category>
  <size>
   XL
  </size>
  <color>
   Зеленый
  </color>
  <material>
   Нейлон
  </material>
  <price>
   984509
  </price>
  <rating>
   2.89
  </rating>
  <reviews>
   987360
  </reviews>
  <new>
   +
  </new>
  <exclusive>
   no
  </exclusive>
 </clothing>
 <clothing>
  <id>
   157368251
  </id>
  <name>
   PleinSport Sweater G-8958
  </name>
  <category>
   Sweater
  </category>
  <size>
   XL
  </size>
  <color>
   Синий
  </color>
  <material>
   Шерсть
  </material>
  <price>
   693932
  </price>
  <rating>
   1.05
  </rating>
  <reviews>
   305711
  </reviews>
  <new>
   -
  </new>
  <exclusive>
   yes
  </exclusive>
  <sporty>
   no
  </sporty>
 </clothing>
 <clothing>
  <id>
   320247590
  </id>
  <name>
   DC Blouse A-5569
  </name>
  <category>
   Blouse
  </category>
  <size>
   M
  </size>
  <color>
   Оранжевый
  </color>
  <material>
   Полиэстер
  </material>
  <price>
   236194
  </price>
  <rating>
   1.79
  </rating>
  <reviews>
   430990
  </reviews>
 </clothing>
 <clothing>
  <id>
   143588851
  </id>
  <name>
   Fila Skirt H-8872
  </name>
  <category>
   Skirt
  </category>
  <size>
   XL
  </size>
  <color>
   Оранжевый
  </color>
  <material>
   Шелк
  </material>
  <price>
   931254
  </price>
  <rating>
   4.47
  </rating>
  <reviews>
   925095
  </reviews>
  <new>
   +
  </new>
  <sporty>
   yes
  </sporty>
 </clothing>
 <clothing>
  <id>
   992649081
  </id>
  <name>
   Asics Hat J-2522
  </name>
  <category>
   Hat
  </category>
  <size>
   S
  </size>
  <color>
   Желтый
  </color>
  <material>
   Полиэстер
  </material>
  <price>
   179784
  </price>
  <rating>
   2.18
  </rating>
  <reviews>
   182971
  </reviews>
  <new>
   -
  </new>
  <exclusive>
   no
  </exclusive>
  <sporty>
   no
  </sporty>
 </clothing>
 <clothing>
  <id>
   892345291
  </id>
  <name>
   Fila Pants Q-1306
  </name>
  <category>
   Pants
  </category>
  <size>
   S
  </size>
  <color>
   Оранжевый
  </color>
  <material>
   Хлопок
  </material>
  <price>
   680799
  </price>
  <rating>
   3.03
  </rating>
  <reviews>
   834571
  </reviews>
  <new>
   +
  </new>
  <exclusive>
   yes
  </exclusive>
  <sporty>
   no
  </sporty>
 </clothing>
 <clothing>
  <id>
   906030494
  </id>
  <name>
   New Balance Sweater L-6118
  </name>
  <category>
   Sweater
  </category>
  <size>
   M
  </size>
  <color>
   Голубой
  </color>
  <material>
   Кожа
  </material>
  <price>
   648125
  </price>
  <rating>
   1.76
  </rating>
  <reviews>
   867495
  </reviews>
  <sporty>
   no
  </sporty>
 </clothing>
 <clothing>
  <id>
   300936980
  </id>
  <name>
   Converse Sweater B-8558
  </name>
  <category>
   Sweater
  </category>
  <size>
   S
  </size>
  <color>
   Голубой
  </color>
  <material>
   Лен
  </material>
  <price>
   812998
  </price>
  <rating>
   4.69
  </rating>
  <reviews>
   465737
  </reviews>
  <new>
   +
  </new>
  <sporty>
   yes
  </sporty>
 </clothing>
 <clothing>
  <id>
   100068642
  </id>
  <name>
   Puma Socks N-3163
  </name>
  <category>
   Socks
  </category>
  <size>
   XXL
  </size>
  <color>
   Голубой
  </color>
  <material>
   Шелк
  </material>
  <price>
   400440
  </price>
  <rating>
   4.25
  </rating>
  <reviews>
   188106
  </reviews>
  <exclusive>
   no
  </exclusive>
  <sporty>
   yes
  </sporty>
 </clothing>
 <clothing>
  <id>
   315466396
  </id>
  <name>
   Under Armour Socks T-6334
  </name>
  <category>
   Socks
  </category>
  <size>
   L
  </size>
  <color>
   Фиолетовый
  </color>
  <material>
   Нейлон
  </material>
  <price>
   733141
  </price>
  <rating>
   1.67
  </rating>
  <reviews>
   502496
  </reviews>
  <exclusive>
   no
  </exclusive>
  <sporty>
   no
  </sporty>
 </clothing>
 <clothing>
  <id>
   417144632
  </id>
  <name>
   Fila Shirt C-4888
  </name>
  <category>
   Shirt
  </category>
  <size>
   XL
  </size>
  <color>
   Синий
  </color>
  <material>
   Шерсть
  </material>
  <price>
   267896
  </price>
  <rating>
   3.11
  </rating>
  <reviews>
   174780
  </reviews>
  <new>
   -
  </new>
  <exclusive>
   no
  </exclusive>
 </clothing>
 <clothing>
  <id>
   865219125
  </id>
  <name>
   Ellesse Belts U-9428
  </name>
  <category>
   Belts
  </category>
  <size>
   L
  </size>
  <color>
   Голубой
  </color>
  <material>
   Нейлон
  </material>
  <price>
   297091
  </price>
  <rating>
   4.95
  </rating>
  <reviews>
   608402
  </reviews>
  <new>
   +
  </new>
  <sporty>
   yes
  </sporty>
 </clothing>
 <clothing>
  <id>
   253233097
  </id>
  <name>
   Addidas Sweater D-9043
  </name>
  <category>
   Sweater
  </category>
  <size>
   M
  </size>
  <color>
   Оранжевый
  </color>
  <material>
   Кожа
  </material>
  <price>
   348105
  </price>
  <rating>
   3.73
  </rating>
  <reviews>
   164032
  </reviews>
  <new>
   -
  </new>
  <exclusive>
   yes
  </exclusive>
  <sporty>
   yes
  </sporty>
 </clothing>
 <clothing>
  <id>
   241509419
  </id>
  <name>
   Puma Gloves Z-8272
  </name>
  <category>
   Gloves
  </category>
  <size>
   S
  </size>
  <color>
   Желтый
  </color>
  <material>
   Полиэстер
  </material>
  <price>
   126796
  </price>
  <rating>
   3.15
  </rating>
  <reviews>
   78715
  </reviews>
  <new>
   -
  </new>
  <sporty>
   no
  </sporty>
 </clothing>
 <clothing>
  <id>
   777055791
  </id>
  <name>
   Asics Pants T-7457
  </name>
  <category>
   Pants
  </category>
  <size>
   L
  </size>
  <color>
   Фиолетовый
  </color>
  <material>
   Хлопок
  </material>
  <price>
   817509
  </price>
  <rating>
   1.95
  </rating>
  <reviews>
   333978
  </reviews>
  <exclusive>
   no
  </exclusive>
  <sporty>
   no
  </sporty>
 </clothing>
 <clothing>
  <id>
   882026835
  </id>
  <name>
   Adidas Socks G-6280
  </name>
  <category>
   Socks
  </category>
  <size>
   XXL
  </size>
  <color>
   Голубой
  </color>
  <material>
   Хлопок
  </material>
  <price>
   493260
  </price>
  <rating>
   1.4
  </rating>
  <reviews>
   901727
  </reviews>
  <new>
   +
  </new>
  <exclusive>
   no
  </exclusive>
 </clothing>
 <clothing>
  <id>
   864732994
  </id>
  <name>
   Asics Gloves Q-7996
  </name>
  <category>
   Gloves
  </category>
  <size>
   M
  </size>
  <color>
   Синий
  </color>
  <material>
   Шерсть
  </material>
  <price>
   949249
  </price>
  <rating>
   3.0
  </rating>
  <reviews>
   985104
  </reviews>
  <new>
   +
  </new>
  <exclusive>
   yes
  </exclusive>
  <sporty>
   yes
  </sporty>
 </clothing>
 <clothing>
  <id>
   649630420
  </id>
  <name>
   Ellesse Sweater M-3656
  </name>
  <category>
   Sweater
  </category>
  <size>
   XL
  </size>
  <color>
   Синий
  </color>
  <material>
   Лен
  </material>
  <price>
   837488
  </price>
  <rating>
   3.72
  </rating>
  <reviews>
   382546
  </reviews>
  <sporty>
   no
  </sporty>
 </clothing>
 <clothing>
  <id>
   780467082
  </id>
  <name>
   DC Jacket W-1129
  </name>
  <category>
   Jacket
  </category>
  <size>
   M
  </size>
  <color>
   Фиолетовый
  </color>
  <material>
   Вискоза
  </material>
  <price>
   888732
  </price>
  <rating>
   1.91
  </rating>
  <reviews>
   332391
  </reviews>
  <new>
   +
  </new>
 </clothing>
 <clothing>
  <id>
   743239619
  </id>
  <name>
   PleinSport Jacket H-7031
  </name>
  <category>
   Jacket
  </category>
  <size>
   XL
  </size>
  <color>
   Зеленый
  </color>
  <material>
   Полиэстер
  </material>
  <price>
   567704
  </price>
  <rating>
   3.72
  </rating>
  <reviews>
   850011
  </reviews>
  <new>
   -
  </new>
  <exclusive>
   no
  </exclusive>
  <sporty>
   no
  </sporty>
 </clothing>
 <clothing>
  <id>
   276558714
  </id>
  <name>
   DC Skirt W-9916
  </name>
  <category>
   Skirt
  </category>
  <size>
   M
  </size>
  <color>
   Синий
  </color>
  <material>
   Хлопок
  </material>
  <price>
   862035
  </price>
  <rating>
   1.66
  </rating>
  <reviews>
   696479
  </reviews>
  <new>
   -
  </new>
  <exclusive>
   yes
  </exclusive>
 </clothing>
 <clothing>
  <id>
   742994267
  </id>
  <name>
   New Balance Jeans Q-8611
  </name>
  <category>
   Jeans
  </category>
  <size>
   S
  </size>
  <color>
   Оранжевый
  </color>
  <material>
   Шелк
  </material>
  <price>
   175887
  </price>
  <rating>
   2.99
  </rating>
  <reviews>
   562128
  </reviews>
  <exclusive>
   no
  </exclusive>
  <sporty>
   no
  </sporty>
 </clothing>
 <clothing>
  <id>
   398547941
  </id>
  <name>
   Puma Pants M-3496
  </name>
  <category>
   Pants
  </category>
  <size>
   M
  </size>
  <color>
   Оранжевый
  </color>
  <material>
   Полиэстер
  </material>
  <price>
   642524
  </price>
  <rating>
   3.94
  </rating>
  <reviews>
   561414
  </reviews>
  <new>
   -
  </new>
 </clothing>
</clothing-items>
