<?xml version="1.0" encoding="utf-8"?>
<clothing-items>
 <clothing>
  <id>
   879477938
  </id>
  <name>
   Reebok Shirt G-9308
  </name>
  <category>
   Shirt
  </category>
  <size>
   XL
  </size>
  <color>
   Синий
  </color>
  <material>
   Шелк
  </material>
  <price>
   415035
  </price>
  <rating>
   1.55
  </rating>
  <reviews>
   545742
  </reviews>
 </clothing>
 <clothing>
  <id>
   601940621
  </id>
  <name>
   Adidas Belts P-2887
  </name>
  <category>
   Belts
  </category>
  <size>
   S
  </size>
  <color>
   Красный
  </color>
  <material>
   Шерсть
  </material>
  <price>
   870431
  </price>
  <rating>
   3.01
  </rating>
  <reviews>
   774803
  </reviews>
  <exclusive>
   no
  </exclusive>
  <sporty>
   yes
  </sporty>
 </clothing>
 <clothing>
  <id>
   212836703
  </id>
  <name>
   New Balance Socks G-8828
  </name>
  <category>
   Socks
  </category>
  <size>
   XXL
  </size>
  <color>
   Голубой
  </color>
  <material>
   Лен
  </material>
  <price>
   957221
  </price>
  <rating>
   1.13
  </rating>
  <reviews>
   626453
  </reviews>
  <exclusive>
   no
  </exclusive>
 </clothing>
 <clothing>
  <id>
   367616919
  </id>
  <name>
   Reebok Socks Q-8618
  </name>
  <category>
   Socks
  </category>
  <size>
   M
  </size>
  <color>
   Желтый
  </color>
  <material>
   Хлопок
  </material>
  <price>
   727277
  </price>
  <rating>
   1.99
  </rating>
  <reviews>
   266794
  </reviews>
  <new>
   -
  </new>
  <exclusive>
   no
  </exclusive>
  <sporty>
   no
  </sporty>
 </clothing>
 <clothing>
  <id>
   983909053
  </id>
  <name>
   Under Armour Umbrellas A-9469
  </name>
  <category>
   Umbrellas
  </category>
  <size>
   M
  </size>
  <color>
   Желтый
  </color>
  <material>
   Вискоза
  </material>
  <price>
   145863
  </price>
  <rating>
   2.13
  </rating>
  <reviews>
   681746
  </reviews>
  <new>
   -
  </new>
  <exclusive>
   no
  </exclusive>
  <sporty>
   no
  </sporty>
 </clothing>
 <clothing>
  <id>
   858355838
  </id>
  <name>
   Fila Shirt S-1740
  </name>
  <category>
   Shirt
  </category>
  <size>
   M
  </size>
  <color>
   Зеленый
  </color>
  <material>
   Кожа
  </material>
  <price>
   137725
  </price>
  <rating>
   2.35
  </rating>
  <reviews>
   502467
  </reviews>
  <new>
   +
  </new>
  <exclusive>
   no
  </exclusive>
 </clothing>
 <clothing>
  <id>
   399546257
  </id>
  <name>
   Lacoste Umbrellas G-4323
  </name>
  <category>
   Umbrellas
  </category>
  <size>
   L
  </size>
  <color>
   Фиолетовый
  </color>
  <material>
   Кожа
  </material>
  <price>
   756371
  </price>
  <rating>
   2.4
  </rating>
  <reviews>
   277748
  </reviews>
  <exclusive>
   no
  </exclusive>
  <sporty>
   no
  </sporty>
 </clothing>
 <clothing>
  <id>
   349889157
  </id>
  <name>
   Brooks Shoes E-8579
  </name>
  <category>
   Shoes
  </category>
  <size>
   S
  </size>
  <color>
   Фиолетовый
  </color>
  <material>
   Хлопок
  </material>
  <price>
   862825
  </price>
  <rating>
   2.0
  </rating>
  <reviews>
   68888
  </reviews>
  <exclusive>
   no
  </exclusive>
  <sporty>
   yes
  </sporty>
 </clothing>
 <clothing>
  <id>
   299471543
  </id>
  <name>
   Adidas Belts V-7391
  </name>
  <category>
   Belts
  </category>
  <size>
   XL
  </size>
  <color>
   Голубой
  </color>
  <material>
   Хлопок
  </material>
  <price>
   576506
  </price>
  <rating>
   1.14
  </rating>
  <reviews>
   115141
  </reviews>
  <new>
   -
  </new>
 </clothing>
 <clothing>
  <id>
   815084930
  </id>
  <name>
   Addidas T-shirt P-9335
  </name>
  <category>
   T-shirt
  </category>
  <size>
   XL
  </size>
  <color>
   Красный
  </color>
  <material>
   Хлопок
  </material>
  <price>
   552725
  </price>
  <rating>
   2.64
  </rating>
  <reviews>
   380557
  </reviews>
 </clothing>
 <clothing>
  <id>
   962154522
  </id>
  <name>
   Converse Skirt V-1277
  </name>
  <category>
   Skirt
  </category>
  <size>
   L
  </size>
  <color>
   Оранжевый
  </color>
  <material>
   Шелк
  </material>
  <price>
   911322
  </price>
  <rating>
   1.74
  </rating>
  <reviews>
   989996
  </reviews>
  <new>
   -
  </new>
  <exclusive>
   no
  </exclusive>
  <sporty>
   yes
  </sporty>
 </clothing>
 <clothing>
  <id>
   679013321
  </id>
  <name>
   Brooks Skirt Z-8319
  </name>
  <category>
   Skirt
  </category>
  <size>
   XL
  </size>
  <color>
   Желтый
  </color>
  <material>
   Хлопок
  </material>
  <price>
   484517
  </price>
  <rating>
   4.43
  </rating>
  <reviews>
   892947
  </reviews>
  <new>
   +
  </new>
 </clothing>
 <clothing>
  <id>
   829907404
  </id>
  <name>
   Fila Handbags K-6544
  </name>
  <category>
   Handbags
  </category>
  <size>
   XL
  </size>
  <color>
   Оранжевый
  </color>
  <material>
   Лен
  </material>
  <price>
   475107
  </price>
  <rating>
   4.11
  </rating>
  <reviews>
   963250
  </reviews>
  <new>
   +
  </new>
  <exclusive>
   no
  </exclusive>
  <sporty>
   no
  </sporty>
 </clothing>
 <clothing>
  <id>
   611971955
  </id>
  <name>
   Under Armour Umbrellas E-1965
  </name>
  <category>
   Umbrellas
  </category>
  <size>
   XXL
  </size>
  <color>
   Оранжевый
  </color>
  <material>
   Шерсть
  </material>
  <price>
   399611
  </price>
  <rating>
   4.25
  </rating>
  <reviews>
   460256
  </reviews>
  <new>
   +
  </new>
  <sporty>
   no
  </sporty>
 </clothing>
 <clothing>
  <id>
   756767801
  </id>
  <name>
   Reebok Sweater V-6878
  </name>
  <category>
   Sweater
  </category>
  <size>
   XL
  </size>
  <color>
   Голубой
  </color>
  <material>
   Нейлон
  </material>
  <price>
   779702
  </price>
  <rating>
   3.93
  </rating>
  <reviews>
   416443
  </reviews>
  <new>
   +
  </new>
  <exclusive>
   no
  </exclusive>
 </clothing>
 <clothing>
  <id>
   194631529
  </id>
  <name>
   Fila Belts Z-4419
  </name>
  <category>
   Belts
  </category>
  <size>
   L
  </size>
  <color>
   Фиолетовый
  </color>
  <material>
   Лен
  </material>
  <price>
   275974
  </price>
  <rating>
   3.89
  </rating>
  <reviews>
   489343
  </reviews>
  <exclusive>
   yes
  </exclusive>
 </clothing>
 <clothing>
  <id>
   702086433
  </id>
  <name>
   Vans Blouse V-6166
  </name>
  <category>
   Blouse
  </category>
  <size>
   L
  </size>
  <color>
   Синий
  </color>
  <material>
   Кожа
  </material>
  <price>
   410860
  </price>
  <rating>
   1.39
  </rating>
  <reviews>
   135391
  </reviews>
  <new>
   +
  </new>
  <exclusive>
   no
  </exclusive>
 </clothing>
 <clothing>
  <id>
   167504921
  </id>
  <name>
   Nike Blouse W-9008
  </name>
  <category>
   Blouse
  </category>
  <size>
   L
  </size>
  <color>
   Синий
  </color>
  <material>
   Шерсть
  </material>
  <price>
   552837
  </price>
  <rating>
   2.88
  </rating>
  <reviews>
   613702
  </reviews>
  <new>
   -
  </new>
  <exclusive>
   no
  </exclusive>
  <sporty>
   yes
  </sporty>
 </clothing>
 <clothing>
  <id>
   887045305
  </id>
  <name>
   PleinSport Umbrellas A-6192
  </name>
  <category>
   Umbrellas
  </category>
  <size>
   XXL
  </size>
  <color>
   Голубой
  </color>
  <material>
   Кожа
  </material>
  <price>
   645996
  </price>
  <rating>
   1.22
  </rating>
  <reviews>
   731445
  </reviews>
  <new>
   +
  </new>
  <sporty>
   no
  </sporty>
 </clothing>
 <clothing>
  <id>
   678347122
  </id>
  <name>
   Addidas Pants Y-3794
  </name>
  <category>
   Pants
  </category>
  <size>
   L
  </size>
  <color>
   Оранжевый
  </color>
  <material>
   Полиэстер
  </material>
  <price>
   892205
  </price>
  <rating>
   2.15
  </rating>
  <reviews>
   580720
  </reviews>
  <new>
   +
  </new>
  <exclusive>
   no
  </exclusive>
  <sporty>
   no
  </sporty>
 </clothing>
 <clothing>
  <id>
   484249842
  </id>
  <name>
   Ellesse Dress H-4796
  </name>
  <category>
   Dress
  </category>
  <size>
   M
  </size>
  <color>
   Оранжевый
  </color>
  <material>
   Шелк
  </material>
  <price>
   550126
  </price>
  <rating>
   3.43
  </rating>
  <reviews>
   504304
  </reviews>
  <sporty>
   yes
  </sporty>
 </clothing>
 <clothing>
  <id>
   359748999
  </id>
  <name>
   Vans Shoes N-2038
  </name>
  <category>
   Shoes
  </category>
  <size>
   XL
  </size>
  <color>
   Оранжевый
  </color>
  <material>
   Вискоза
  </material>
  <price>
   891542
  </price>
  <rating>
   2.7
  </rating>
  <reviews>
   600046
  </reviews>
  <new>
   -
  </new>
  <exclusive>
   yes
  </exclusive>
  <sporty>
   yes
  </sporty>
 </clothing>
 <clothing>
  <id>
   368137789
  </id>
  <name>
   Puma T-shirt G-2160
  </name>
  <category>
   T-shirt
  </category>
  <size>
   M
  </size>
  <color>
   Оранжевый
  </color>
  <material>
   Полиэстер
  </material>
  <price>
   821157
  </price>
  <rating>
   4.72
  </rating>
  <reviews>
   913888
  </reviews>
  <new>
   -
  </new>
  <exclusive>
   no
  </exclusive>
 </clothing>
 <clothing>
  <id>
   308015650
  </id>
  <name>
   DC Sweater P-6207
  </name>
  <category>
   Sweater
  </category>
  <size>
   M
  </size>
  <color>
   Желтый
  </color>
  <material>
   Вискоза
  </material>
  <price>
   524226
  </price>
  <rating>
   1.51
  </rating>
  <reviews>
   329183
  </reviews>
  <new>
   +
  </new>
  <exclusive>
   yes
  </exclusive>
 </clothing>
 <clothing>
  <id>
   366897982
  </id>
  <name>
   Fila T-shirt O-8372
  </name>
  <category>
   T-shirt
  </category>
  <size>
   XL
  </size>
  <color>
   Желтый
  </color>
  <material>
   Нейлон
  </material>
  <price>
   458692
  </price>
  <rating>
   2.44
  </rating>
  <reviews>
   440080
  </reviews>
  <exclusive>
   no
  </exclusive>
 </clothing>
 <clothing>
  <id>
   916395735
  </id>
  <name>
   Lacoste Belts B-3328
  </name>
  <category>
   Belts
  </category>
  <size>
   M
  </size>
  <color>
   Голубой
  </color>
  <material>
   Лен
  </material>
  <price>
   526862
  </price>
  <rating>
   2.73
  </rating>
  <reviews>
   406464
  </reviews>
  <new>
   +
  </new>
  <sporty>
   yes
  </sporty>
 </clothing>
 <clothing>
  <id>
   926061573
  </id>
  <name>
   Brooks Skirt S-8630
  </name>
  <category>
   Skirt
  </category>
  <size>
   M
  </size>
  <color>
   Красный
  </color>
  <material>
   Нейлон
  </material>
  <price>
   749684
  </price>
  <rating>
   2.54
  </rating>
  <reviews>
   462587
  </reviews>
  <new>
   +
  </new>
  <exclusive>
   yes
  </exclusive>
  <sporty>
   yes
  </sporty>
 </clothing>
 <clothing>
  <id>
   528386119
  </id>
  <name>
   Brooks Skirt O-2863
  </name>
  <category>
   Skirt
  </category>
  <size>
   XXL
  </size>
  <color>
   Фиолетовый
  </color>
  <material>
   Шерсть
  </material>
  <price>
   643295
  </price>
  <rating>
   1.77
  </rating>
  <reviews>
   776976
  </reviews>
  <exclusive>
   yes
  </exclusive>
  <sporty>
   yes
  </sporty>
 </clothing>
 <clothing>
  <id>
   574146339
  </id>
  <name>
   Nike Sweater V-2711
  </name>
  <category>
   Sweater
  </category>
  <size>
   S
  </size>
  <color>
   Желтый
  </color>
  <material>
   Хлопок
  </material>
  <price>
   852296
  </price>
  <rating>
   3.52
  </rating>
  <reviews>
   229916
  </reviews>
  <new>
   -
  </new>
  <sporty>
   no
  </sporty>
 </clothing>
 <clothing>
  <id>
   364116784
  </id>
  <name>
   Reebok T-shirt G-7227
  </name>
  <category>
   T-shirt
  </category>
  <size>
   M
  </size>
  <color>
   Красный
  </color>
  <material>
   Вискоза
  </material>
  <price>
   328044
  </price>
  <rating>
   3.33
  </rating>
  <reviews>
   152990
  </reviews>
  <new>
   -
  </new>
 </clothing>
 <clothing>
  <id>
   125910236
  </id>
  <name>
   Ellesse Pants D-3030
  </name>
  <category>
   Pants
  </category>
  <size>
   M
  </size>
  <color>
   Оранжевый
  </color>
  <material>
   Кожа
  </material>
  <price>
   522631
  </price>
  <rating>
   4.61
  </rating>
  <reviews>
   182810
  </reviews>
  <new>
   -
  </new>
  <exclusive>
   no
  </exclusive>
  <sporty>
   yes
  </sporty>
 </clothing>
 <clothing>
  <id>
   915549021
  </id>
  <name>
   New Balance Belts N-8024
  </name>
  <category>
   Belts
  </category>
  <size>
   L
  </size>
  <color>
   Красный
  </color>
  <material>
   Полиэстер
  </material>
  <price>
   690213
  </price>
  <rating>
   3.8
  </rating>
  <reviews>
   914890
  </reviews>
  <new>
   -
  </new>
 </clothing>
 <clothing>
  <id>
   425429328
  </id>
  <name>
   Converse Socks R-6582
  </name>
  <category>
   Socks
  </category>
  <size>
   XXL
  </size>
  <color>
   Желтый
  </color>
  <material>
   Хлопок
  </material>
  <price>
   612859
  </price>
  <rating>
   2.24
  </rating>
  <reviews>
   581598
  </reviews>
  <exclusive>
   yes
  </exclusive>
 </clothing>
 <clothing>
  <id>
   390633530
  </id>
  <name>
   Nike Pants G-9576
  </name>
  <category>
   Pants
  </category>
  <size>
   XL
  </size>
  <color>
   Красный
  </color>
  <material>
   Нейлон
  </material>
  <price>
   732881
  </price>
  <rating>
   4.11
  </rating>
  <reviews>
   982795
  </reviews>
  <exclusive>
   yes
  </exclusive>
  <sporty>
   no
  </sporty>
 </clothing>
</clothing-items>
