<?xml version="1.0" encoding="utf-8"?>
<clothing-items>
 <clothing>
  <id>
   304431192
  </id>
  <name>
   Lacoste Blouse T-1708
  </name>
  <category>
   Blouse
  </category>
  <size>
   XL
  </size>
  <color>
   Синий
  </color>
  <material>
   Шерсть
  </material>
  <price>
   131435
  </price>
  <rating>
   1.78
  </rating>
  <reviews>
   961623
  </reviews>
  <new>
   +
  </new>
 </clothing>
 <clothing>
  <id>
   141416569
  </id>
  <name>
   Vans Gloves L-3625
  </name>
  <category>
   Gloves
  </category>
  <size>
   XL
  </size>
  <color>
   Красный
  </color>
  <material>
   Шелк
  </material>
  <price>
   848709
  </price>
  <rating>
   4.73
  </rating>
  <reviews>
   28957
  </reviews>
  <new>
   -
  </new>
  <exclusive>
   no
  </exclusive>
  <sporty>
   no
  </sporty>
 </clothing>
 <clothing>
  <id>
   675801458
  </id>
  <name>
   Asics Dress O-9169
  </name>
  <category>
   Dress
  </category>
  <size>
   L
  </size>
  <color>
   Синий
  </color>
  <material>
   Шерсть
  </material>
  <price>
   113042
  </price>
  <rating>
   1.03
  </rating>
  <reviews>
   815559
  </reviews>
  <sporty>
   no
  </sporty>
 </clothing>
 <clothing>
  <id>
   234426381
  </id>
  <name>
   Converse T-shirt V-7888
  </name>
  <category>
   T-shirt
  </category>
  <size>
   L
  </size>
  <color>
   Синий
  </color>
  <material>
   Нейлон
  </material>
  <price>
   535341
  </price>
  <rating>
   1.24
  </rating>
  <reviews>
   275843
  </reviews>
  <new>
   -
  </new>
  <exclusive>
   yes
  </exclusive>
  <sporty>
   yes
  </sporty>
 </clothing>
 <clothing>
  <id>
   755876221
  </id>
  <name>
   Ellesse Hat C-3789
  </name>
  <category>
   Hat
  </category>
  <size>
   XXL
  </size>
  <color>
   Фиолетовый
  </color>
  <material>
   Кожа
  </material>
  <price>
   512813
  </price>
  <rating>
   4.23
  </rating>
  <reviews>
   958354
  </reviews>
  <new>
   +
  </new>
  <exclusive>
   no
  </exclusive>
  <sporty>
   yes
  </sporty>
 </clothing>
 <clothing>
  <id>
   935869119
  </id>
  <name>
   Asics Gloves Z-8210
  </name>
  <category>
   Gloves
  </category>
  <size>
   XL
  </size>
  <color>
   Оранжевый
  </color>
  <material>
   Хлопок
  </material>
  <price>
   135616
  </price>
  <rating>
   1.47
  </rating>
  <reviews>
   478532
  </reviews>
  <exclusive>
   yes
  </exclusive>
  <sporty>
   no
  </sporty>
 </clothing>
 <clothing>
  <id>
   462550314
  </id>
  <name>
   PleinSport Belts P-4084
  </name>
  <category>
   Belts
  </category>
  <size>
   XXL
  </size>
  <color>
   Желтый
  </color>
  <material>
   Шерсть
  </material>
  <price>
   522503
  </price>
  <rating>
   1.12
  </rating>
  <reviews>
   442901
  </reviews>
  <new>
   +
  </new>
  <exclusive>
   yes
  </exclusive>
  <sporty>
   no
  </sporty>
 </clothing>
 <clothing>
  <id>
   851194791
  </id>
  <name>
   Brooks Shoes B-4972
  </name>
  <category>
   Shoes
  </category>
  <size>
   XXL
  </size>
  <color>
   Голубой
  </color>
  <material>
   Вискоза
  </material>
  <price>
   234702
  </price>
  <rating>
   2.3
  </rating>
  <reviews>
   638021
  </reviews>
  <new>
   +
  </new>
  <sporty>
   yes
  </sporty>
 </clothing>
 <clothing>
  <id>
   152429601
  </id>
  <name>
   Converse Shirt G-7430
  </name>
  <category>
   Shirt
  </category>
  <size>
   XXL
  </size>
  <color>
   Оранжевый
  </color>
  <material>
   Кожа
  </material>
  <price>
   230295
  </price>
  <rating>
   1.06
  </rating>
  <reviews>
   546736
  </reviews>
  <exclusive>
   yes
  </exclusive>
 </clothing>
 <clothing>
  <id>
   418526377
  </id>
  <name>
   Under Armour Shirt I-4011
  </name>
  <category>
   Shirt
  </category>
  <size>
   XXL
  </size>
  <color>
   Фиолетовый
  </color>
  <material>
   Полиэстер
  </material>
  <price>
   606380
  </price>
  <rating>
   2.75
  </rating>
  <reviews>
   644748
  </reviews>
  <new>
   +
  </new>
  <exclusive>
   yes
  </exclusive>
  <sporty>
   no
  </sporty>
 </clothing>
 <clothing>
  <id>
   169171890
  </id>
  <name>
   Puma Pants V-9001
  </name>
  <category>
   Pants
  </category>
  <size>
   M
  </size>
  <color>
   Синий
  </color>
  <material>
   Вискоза
  </material>
  <price>
   163686
  </price>
  <rating>
   1.41
  </rating>
  <reviews>
   848760
  </reviews>
  <new>
   +
  </new>
 </clothing>
 <clothing>
  <id>
   847201818
  </id>
  <name>
   DC Dress T-2439
  </name>
  <category>
   Dress
  </category>
  <size>
   S
  </size>
  <color>
   Красный
  </color>
  <material>
   Кожа
  </material>
  <price>
   530495
  </price>
  <rating>
   4.02
  </rating>
  <reviews>
   391457
  </reviews>
  <new>
   +
  </new>
  <exclusive>
   no
  </exclusive>
 </clothing>
 <clothing>
  <id>
   548194490
  </id>
  <name>
   Adidas Sweater V-9831
  </name>
  <category>
   Sweater
  </category>
  <size>
   XXL
  </size>
  <color>
   Зеленый
  </color>
  <material>
   Нейлон
  </material>
  <price>
   985890
  </price>
  <rating>
   1.13
  </rating>
  <reviews>
   640645
  </reviews>
  <exclusive>
   no
  </exclusive>
 </clothing>
 <clothing>
  <id>
   743936949
  </id>
  <name>
   Converse Belts N-4798
  </name>
  <category>
   Belts
  </category>
  <size>
   M
  </size>
  <color>
   Желтый
  </color>
  <material>
   Вискоза
  </material>
  <price>
   339541
  </price>
  <rating>
   4.06
  </rating>
  <reviews>
   637724
  </reviews>
  <exclusive>
   no
  </exclusive>
 </clothing>
 <clothing>
  <id>
   364496272
  </id>
  <name>
   Fila Jeans S-6914
  </name>
  <category>
   Jeans
  </category>
  <size>
   L
  </size>
  <color>
   Голубой
  </color>
  <material>
   Шерсть
  </material>
  <price>
   906659
  </price>
  <rating>
   5.0
  </rating>
  <reviews>
   892354
  </reviews>
  <exclusive>
   yes
  </exclusive>
  <sporty>
   no
  </sporty>
 </clothing>
 <clothing>
  <id>
   728455495
  </id>
  <name>
   Converse Pants I-2781
  </name>
  <category>
   Pants
  </category>
  <size>
   L
  </size>
  <color>
   Желтый
  </color>
  <material>
   Хлопок
  </material>
  <price>
   158589
  </price>
  <rating>
   3.56
  </rating>
  <reviews>
   803974
  </reviews>
  <new>
   +
  </new>
  <sporty>
   no
  </sporty>
 </clothing>
 <clothing>
  <id>
   100091892
  </id>
  <name>
   Puma Jacket S-8123
  </name>
  <category>
   Jacket
  </category>
  <size>
   XXL
  </size>
  <color>
   Фиолетовый
  </color>
  <material>
   Кожа
  </material>
  <price>
   456502
  </price>
  <rating>
   4.53
  </rating>
  <reviews>
   217811
  </reviews>
  <new>
   +
  </new>
  <exclusive>
   yes
  </exclusive>
  <sporty>
   yes
  </sporty>
 </clothing>
 <clothing>
  <id>
   626548968
  </id>
  <name>
   New Balance T-shirt F-5383
  </name>
  <category>
   T-shirt
  </category>
  <size>
   L
  </size>
  <color>
   Фиолетовый
  </color>
  <material>
   Лен
  </material>
  <price>
   527053
  </price>
  <rating>
   3.45
  </rating>
  <reviews>
   484885
  </reviews>
  <new>
   -
  </new>
 </clothing>
 <clothing>
  <id>
   734262370
  </id>
  <name>
   Addidas T-shirt K-1888
  </name>
  <category>
   T-shirt
  </category>
  <size>
   XL
  </size>
  <color>
   Оранжевый
  </color>
  <material>
   Кожа
  </material>
  <price>
   352950
  </price>
  <rating>
   1.44
  </rating>
  <reviews>
   891009
  </reviews>
  <new>
   +
  </new>
  <exclusive>
   no
  </exclusive>
 </clothing>
 <clothing>
  <id>
   923742882
  </id>
  <name>
   Puma Jeans F-3921
  </name>
  <category>
   Jeans
  </category>
  <size>
   S
  </size>
  <color>
   Фиолетовый
  </color>
  <material>
   Полиэстер
  </material>
  <price>
   208094
  </price>
  <rating>
   3.01
  </rating>
  <reviews>
   186582
  </reviews>
  <exclusive>
   yes
  </exclusive>
  <sporty>
   yes
  </sporty>
 </clothing>
 <clothing>
  <id>
   932444314
  </id>
  <name>
   Reebok Sweater S-6077
  </name>
  <category>
   Sweater
  </category>
  <size>
   XXL
  </size>
  <color>
   Красный
  </color>
  <material>
   Полиэстер
  </material>
  <price>
   644201
  </price>
  <rating>
   3.07
  </rating>
  <reviews>
   252458
  </reviews>
 </clothing>
 <clothing>
  <id>
   224288211
  </id>
  <name>
   Brooks Socks Z-5267
  </name>
  <category>
   Socks
  </category>
  <size>
   S
  </size>
  <color>
   Желтый
  </color>
  <material>
   Лен
  </material>
  <price>
   871460
  </price>
  <rating>
   2.26
  </rating>
  <reviews>
   523693
  </reviews>
  <new>
   -
  </new>
  <exclusive>
   no
  </exclusive>
 </clothing>
 <clothing>
  <id>
   951713510
  </id>
  <name>
   PleinSport Shirt L-4043
  </name>
  <category>
   Shirt
  </category>
  <size>
   L
  </size>
  <color>
   Зеленый
  </color>
  <material>
   Шерсть
  </material>
  <price>
   292927
  </price>
  <rating>
   2.5
  </rating>
  <reviews>
   282408
  </reviews>
  <exclusive>
   yes
  </exclusive>
  <sporty>
   no
  </sporty>
 </clothing>
 <clothing>
  <id>
   549198415
  </id>
  <name>
   Ellesse Hat S-7162
  </name>
  <category>
   Hat
  </category>
  <size>
   L
  </size>
  <color>
   Синий
  </color>
  <material>
   Вискоза
  </material>
  <price>
   789463
  </price>
  <rating>
   3.6
  </rating>
  <reviews>
   979021
  </reviews>
  <exclusive>
   no
  </exclusive>
 </clothing>
 <clothing>
  <id>
   118481652
  </id>
  <name>
   Puma Hat F-1968
  </name>
  <category>
   Hat
  </category>
  <size>
   S
  </size>
  <color>
   Красный
  </color>
  <material>
   Вискоза
  </material>
  <price>
   248900
  </price>
  <rating>
   2.35
  </rating>
  <reviews>
   847467
  </reviews>
  <new>
   -
  </new>
 </clothing>
 <clothing>
  <id>
   786261705
  </id>
  <name>
   PleinSport Pants F-4460
  </name>
  <category>
   Pants
  </category>
  <size>
   S
  </size>
  <color>
   Голубой
  </color>
  <material>
   Шерсть
  </material>
  <price>
   536369
  </price>
  <rating>
   2.75
  </rating>
  <reviews>
   694192
  </reviews>
  <new>
   -
  </new>
  <exclusive>
   no
  </exclusive>
 </clothing>
 <clothing>
  <id>
   309274455
  </id>
  <name>
   Adidas Jacket G-4708
  </name>
  <category>
   Jacket
  </category>
  <size>
   L
  </size>
  <color>
   Красный
  </color>
  <material>
   Кожа
  </material>
  <price>
   589245
  </price>
  <rating>
   1.01
  </rating>
  <reviews>
   599166
  </reviews>
  <exclusive>
   no
  </exclusive>
  <sporty>
   no
  </sporty>
 </clothing>
</clothing-items>
