<?xml version="1.0" encoding="utf-8"?>
<clothing-items>
 <clothing>
  <id>
   749643298
  </id>
  <name>
   Ellesse Jeans U-3120
  </name>
  <category>
   Jeans
  </category>
  <size>
   S
  </size>
  <color>
   Фиолетовый
  </color>
  <material>
   Шерсть
  </material>
  <price>
   416221
  </price>
  <rating>
   3.25
  </rating>
  <reviews>
   497006
  </reviews>
  <exclusive>
   yes
  </exclusive>
  <sporty>
   yes
  </sporty>
 </clothing>
 <clothing>
  <id>
   813081005
  </id>
  <name>
   Vans Jacket X-9062
  </name>
  <category>
   Jacket
  </category>
  <size>
   S
  </size>
  <color>
   Красный
  </color>
  <material>
   Нейлон
  </material>
  <price>
   948745
  </price>
  <rating>
   4.07
  </rating>
  <reviews>
   564045
  </reviews>
  <exclusive>
   no
  </exclusive>
 </clothing>
 <clothing>
  <id>
   918043103
  </id>
  <name>
   Asics Gloves G-7630
  </name>
  <category>
   Gloves
  </category>
  <size>
   L
  </size>
  <color>
   Зеленый
  </color>
  <material>
   Вискоза
  </material>
  <price>
   921862
  </price>
  <rating>
   1.5
  </rating>
  <reviews>
   755268
  </reviews>
  <new>
   -
  </new>
  <exclusive>
   yes
  </exclusive>
 </clothing>
 <clothing>
  <id>
   236702874
  </id>
  <name>
   Reebok Socks W-4963
  </name>
  <category>
   Socks
  </category>
  <size>
   XL
  </size>
  <color>
   Оранжевый
  </color>
  <material>
   Шерсть
  </material>
  <price>
   262581
  </price>
  <rating>
   3.12
  </rating>
  <reviews>
   128244
  </reviews>
  <sporty>
   no
  </sporty>
 </clothing>
 <clothing>
  <id>
   321103468
  </id>
  <name>
   Converse Shoes S-6006
  </name>
  <category>
   Shoes
  </category>
  <size>
   S
  </size>
  <color>
   Желтый
  </color>
  <material>
   Нейлон
  </material>
  <price>
   430563
  </price>
  <rating>
   1.49
  </rating>
  <reviews>
   973702
  </reviews>
  <exclusive>
   no
  </exclusive>
  <sporty>
   yes
  </sporty>
 </clothing>
 <clothing>
  <id>
   632238024
  </id>
  <name>
   Brooks Shoes K-7630
  </name>
  <category>
   Shoes
  </category>
  <size>
   XXL
  </size>
  <color>
   Голубой
  </color>
  <material>
   Лен
  </material>
  <price>
   495364
  </price>
  <rating>
   3.81
  </rating>
  <reviews>
   62908
  </reviews>
  <new>
   +
  </new>
  <exclusive>
   yes
  </exclusive>
  <sporty>
   no
  </sporty>
 </clothing>
 <clothing>
  <id>
   321940346
  </id>
  <name>
   New Balance Shirt I-6971
  </name>
  <category>
   Shirt
  </category>
  <size>
   XXL
  </size>
  <color>
   Зеленый
  </color>
  <material>
   Кожа
  </material>
  <price>
   396936
  </price>
  <rating>
   3.55
  </rating>
  <reviews>
   749585
  </reviews>
  <new>
   +
  </new>
  <exclusive>
   no
  </exclusive>
  <sporty>
   no
  </sporty>
 </clothing>
 <clothing>
  <id>
   978451141
  </id>
  <name>
   Adidas Skirt V-8012
  </name>
  <category>
   Skirt
  </category>
  <size>
   S
  </size>
  <color>
   Фиолетовый
  </color>
  <material>
   Шерсть
  </material>
  <price>
   531534
  </price>
  <rating>
   2.92
  </rating>
  <reviews>
   736402
  </reviews>
  <new>
   +
  </new>
  <exclusive>
   no
  </exclusive>
  <sporty>
   yes
  </sporty>
 </clothing>
 <clothing>
  <id>
   477863393
  </id>
  <name>
   Ellesse Skirt W-8539
  </name>
  <category>
   Skirt
  </category>
  <size>
   XL
  </size>
  <color>
   Голубой
  </color>
  <material>
   Хлопок
  </material>
  <price>
   128386
  </price>
  <rating>
   3.27
  </rating>
  <reviews>
   53926
  </reviews>
  <new>
   -
  </new>
  <exclusive>
   no
  </exclusive>
  <sporty>
   no
  </sporty>
 </clothing>
 <clothing>
  <id>
   127351327
  </id>
  <name>
   Puma Skirt S-8635
  </name>
  <category>
   Skirt
  </category>
  <size>
   M
  </size>
  <color>
   Оранжевый
  </color>
  <material>
   Кожа
  </material>
  <price>
   278251
  </price>
  <rating>
   4.05
  </rating>
  <reviews>
   880158
  </reviews>
  <new>
   -
  </new>
  <sporty>
   no
  </sporty>
 </clothing>
 <clothing>
  <id>
   832939407
  </id>
  <name>
   DC Handbags X-8155
  </name>
  <category>
   Handbags
  </category>
  <size>
   XXL
  </size>
  <color>
   Оранжевый
  </color>
  <material>
   Полиэстер
  </material>
  <price>
   209212
  </price>
  <rating>
   2.93
  </rating>
  <reviews>
   989501
  </reviews>
 </clothing>
 <clothing>
  <id>
   852819061
  </id>
  <name>
   Lacoste Skirt K-3811
  </name>
  <category>
   Skirt
  </category>
  <size>
   L
  </size>
  <color>
   Желтый
  </color>
  <material>
   Шелк
  </material>
  <price>
   677956
  </price>
  <rating>
   1.11
  </rating>
  <reviews>
   595381
  </reviews>
  <exclusive>
   no
  </exclusive>
  <sporty>
   yes
  </sporty>
 </clothing>
 <clothing>
  <id>
   525641130
  </id>
  <name>
   Addidas T-shirt Q-7148
  </name>
  <category>
   T-shirt
  </category>
  <size>
   XL
  </size>
  <color>
   Желтый
  </color>
  <material>
   Шелк
  </material>
  <price>
   282163
  </price>
  <rating>
   4.34
  </rating>
  <reviews>
   124272
  </reviews>
  <exclusive>
   yes
  </exclusive>
  <sporty>
   no
  </sporty>
 </clothing>
 <clothing>
  <id>
   510721906
  </id>
  <name>
   Brooks Belts R-2828
  </name>
  <category>
   Belts
  </category>
  <size>
   S
  </size>
  <color>
   Фиолетовый
  </color>
  <material>
   Вискоза
  </material>
  <price>
   892780
  </price>
  <rating>
   3.97
  </rating>
  <reviews>
   162359
  </reviews>
  <new>
   -
  </new>
  <exclusive>
   yes
  </exclusive>
  <sporty>
   no
  </sporty>
 </clothing>
 <clothing>
  <id>
   347165127
  </id>
  <name>
   PleinSport Shirt L-3750
  </name>
  <category>
   Shirt
  </category>
  <size>
   S
  </size>
  <color>
   Красный
  </color>
  <material>
   Хлопок
  </material>
  <price>
   544822
  </price>
  <rating>
   3.13
  </rating>
  <reviews>
   285615
  </reviews>
  <exclusive>
   no
  </exclusive>
  <sporty>
   yes
  </sporty>
 </clothing>
 <clothing>
  <id>
   580701527
  </id>
  <name>
   Addidas Skirt S-5745
  </name>
  <category>
   Skirt
  </category>
  <size>
   S
  </size>
  <color>
   Оранжевый
  </color>
  <material>
   Вискоза
  </material>
  <price>
   192293
  </price>
  <rating>
   4.63
  </rating>
  <reviews>
   98263
  </reviews>
  <new>
   -
  </new>
  <exclusive>
   no
  </exclusive>
 </clothing>
 <clothing>
  <id>
   371512472
  </id>
  <name>
   Fila Blouse Z-2175
  </name>
  <category>
   Blouse
  </category>
  <size>
   M
  </size>
  <color>
   Фиолетовый
  </color>
  <material>
   Нейлон
  </material>
  <price>
   712165
  </price>
  <rating>
   1.23
  </rating>
  <reviews>
   5596
  </reviews>
  <new>
   +
  </new>
 </clothing>
 <clothing>
  <id>
   958778700
  </id>
  <name>
   Adidas Skirt Y-6336
  </name>
  <category>
   Skirt
  </category>
  <size>
   XXL
  </size>
  <color>
   Зеленый
  </color>
  <material>
   Полиэстер
  </material>
  <price>
   905234
  </price>
  <rating>
   2.29
  </rating>
  <reviews>
   402910
  </reviews>
  <new>
   +
  </new>
  <exclusive>
   no
  </exclusive>
  <sporty>
   no
  </sporty>
 </clothing>
 <clothing>
  <id>
   878990900
  </id>
  <name>
   Reebok Belts H-6689
  </name>
  <category>
   Belts
  </category>
  <size>
   XL
  </size>
  <color>
   Синий
  </color>
  <material>
   Лен
  </material>
  <price>
   660613
  </price>
  <rating>
   3.41
  </rating>
  <reviews>
   918258
  </reviews>
  <new>
   -
  </new>
  <exclusive>
   yes
  </exclusive>
 </clothing>
 <clothing>
  <id>
   570179233
  </id>
  <name>
   Reebok Sweater U-5171
  </name>
  <category>
   Sweater
  </category>
  <size>
   S
  </size>
  <color>
   Оранжевый
  </color>
  <material>
   Вискоза
  </material>
  <price>
   552204
  </price>
  <rating>
   3.0
  </rating>
  <reviews>
   980104
  </reviews>
  <sporty>
   no
  </sporty>
 </clothing>
 <clothing>
  <id>
   191458850
  </id>
  <name>
   DC Sweater V-2058
  </name>
  <category>
   Sweater
  </category>
  <size>
   S
  </size>
  <color>
   Синий
  </color>
  <material>
   Шелк
  </material>
  <price>
   984136
  </price>
  <rating>
   3.04
  </rating>
  <reviews>
   47171
  </reviews>
  <exclusive>
   no
  </exclusive>
  <sporty>
   yes
  </sporty>
 </clothing>
 <clothing>
  <id>
   658911755
  </id>
  <name>
   Under Armour Jacket D-6992
  </name>
  <category>
   Jacket
  </category>
  <size>
   XL
  </size>
  <color>
   Оранжевый
  </color>
  <material>
   Вискоза
  </material>
  <price>
   218343
  </price>
  <rating>
   2.28
  </rating>
  <reviews>
   317572
  </reviews>
  <new>
   +
  </new>
  <exclusive>
   no
  </exclusive>
  <sporty>
   yes
  </sporty>
 </clothing>
 <clothing>
  <id>
   642117915
  </id>
  <name>
   Reebok Sweater C-2442
  </name>
  <category>
   Sweater
  </category>
  <size>
   M
  </size>
  <color>
   Фиолетовый
  </color>
  <material>
   Лен
  </material>
  <price>
   358224
  </price>
  <rating>
   4.17
  </rating>
  <reviews>
   691162
  </reviews>
  <new>
   +
  </new>
  <exclusive>
   no
  </exclusive>
 </clothing>
 <clothing>
  <id>
   273502401
  </id>
  <name>
   DC Sweater D-2601
  </name>
  <category>
   Sweater
  </category>
  <size>
   XXL
  </size>
  <color>
   Голубой
  </color>
  <material>
   Лен
  </material>
  <price>
   676767
  </price>
  <rating>
   4.42
  </rating>
  <reviews>
   693365
  </reviews>
  <exclusive>
   no
  </exclusive>
  <sporty>
   no
  </sporty>
 </clothing>
 <clothing>
  <id>
   464175318
  </id>
  <name>
   Reebok Sweater K-1021
  </name>
  <category>
   Sweater
  </category>
  <size>
   S
  </size>
  <color>
   Фиолетовый
  </color>
  <material>
   Вискоза
  </material>
  <price>
   746001
  </price>
  <rating>
   1.11
  </rating>
  <reviews>
   259826
  </reviews>
  <new>
   -
  </new>
  <exclusive>
   yes
  </exclusive>
  <sporty>
   no
  </sporty>
 </clothing>
 <clothing>
  <id>
   393739338
  </id>
  <name>
   Asics Jeans D-9440
  </name>
  <category>
   Jeans
  </category>
  <size>
   XXL
  </size>
  <color>
   Желтый
  </color>
  <material>
   Кожа
  </material>
  <price>
   279360
  </price>
  <rating>
   2.78
  </rating>
  <reviews>
   510192
  </reviews>
  <new>
   -
  </new>
 </clothing>
 <clothing>
  <id>
   322417146
  </id>
  <name>
   Lacoste Hat S-7680
  </name>
  <category>
   Hat
  </category>
  <size>
   XL
  </size>
  <color>
   Желтый
  </color>
  <material>
   Полиэстер
  </material>
  <price>
   777896
  </price>
  <rating>
   2.49
  </rating>
  <reviews>
   50808
  </reviews>
 </clothing>
 <clothing>
  <id>
   632327970
  </id>
  <name>
   Asics Handbags M-9340
  </name>
  <category>
   Handbags
  </category>
  <size>
   XXL
  </size>
  <color>
   Красный
  </color>
  <material>
   Полиэстер
  </material>
  <price>
   472045
  </price>
  <rating>
   4.04
  </rating>
  <reviews>
   499042
  </reviews>
  <sporty>
   yes
  </sporty>
 </clothing>
 <clothing>
  <id>
   264885846
  </id>
  <name>
   Ellesse Shirt B-1952
  </name>
  <category>
   Shirt
  </category>
  <size>
   S
  </size>
  <color>
   Фиолетовый
  </color>
  <material>
   Вискоза
  </material>
  <price>
   828038
  </price>
  <rating>
   1.47
  </rating>
  <reviews>
   756874
  </reviews>
  <new>
   -
  </new>
  <exclusive>
   yes
  </exclusive>
 </clothing>
 <clothing>
  <id>
   913665215
  </id>
  <name>
   Lacoste T-shirt S-5985
  </name>
  <category>
   T-shirt
  </category>
  <size>
   XL
  </size>
  <color>
   Голубой
  </color>
  <material>
   Шерсть
  </material>
  <price>
   386688
  </price>
  <rating>
   1.67
  </rating>
  <reviews>
   931347
  </reviews>
  <new>
   -
  </new>
 </clothing>
 <clothing>
  <id>
   626665178
  </id>
  <name>
   Brooks Belts T-2638
  </name>
  <category>
   Belts
  </category>
  <size>
   L
  </size>
  <color>
   Голубой
  </color>
  <material>
   Шелк
  </material>
  <price>
   901059
  </price>
  <rating>
   1.51
  </rating>
  <reviews>
   728075
  </reviews>
  <new>
   -
  </new>
  <sporty>
   yes
  </sporty>
 </clothing>
 <clothing>
  <id>
   207326170
  </id>
  <name>
   Converse Jeans M-8362
  </name>
  <category>
   Jeans
  </category>
  <size>
   M
  </size>
  <color>
   Оранжевый
  </color>
  <material>
   Полиэстер
  </material>
  <price>
   655220
  </price>
  <rating>
   1.12
  </rating>
  <reviews>
   782800
  </reviews>
  <exclusive>
   no
  </exclusive>
 </clothing>
 <clothing>
  <id>
   728230892
  </id>
  <name>
   Under Armour Skirt Z-5509
  </name>
  <category>
   Skirt
  </category>
  <size>
   XXL
  </size>
  <color>
   Фиолетовый
  </color>
  <material>
   Хлопок
  </material>
  <price>
   285878
  </price>
  <rating>
   3.0
  </rating>
  <reviews>
   607003
  </reviews>
  <new>
   -
  </new>
  <sporty>
   no
  </sporty>
 </clothing>
 <clothing>
  <id>
   236506152
  </id>
  <name>
   Lacoste Hat A-1343
  </name>
  <category>
   Hat
  </category>
  <size>
   S
  </size>
  <color>
   Красный
  </color>
  <material>
   Нейлон
  </material>
  <price>
   210119
  </price>
  <rating>
   4.16
  </rating>
  <reviews>
   212478
  </reviews>
  <exclusive>
   no
  </exclusive>
  <sporty>
   no
  </sporty>
 </clothing>
 <clothing>
  <id>
   994808651
  </id>
  <name>
   Lacoste Handbags D-3989
  </name>
  <category>
   Handbags
  </category>
  <size>
   XL
  </size>
  <color>
   Зеленый
  </color>
  <material>
   Шерсть
  </material>
  <price>
   484279
  </price>
  <rating>
   3.99
  </rating>
  <reviews>
   846818
  </reviews>
  <new>
   +
  </new>
  <exclusive>
   no
  </exclusive>
  <sporty>
   no
  </sporty>
 </clothing>
 <clothing>
  <id>
   775386782
  </id>
  <name>
   Under Armour Dress G-4541
  </name>
  <category>
   Dress
  </category>
  <size>
   XXL
  </size>
  <color>
   Красный
  </color>
  <material>
   Лен
  </material>
  <price>
   668236
  </price>
  <rating>
   1.09
  </rating>
  <reviews>
   270628
  </reviews>
  <exclusive>
   no
  </exclusive>
  <sporty>
   yes
  </sporty>
 </clothing>
 <clothing>
  <id>
   994227426
  </id>
  <name>
   Reebok Jeans K-3370
  </name>
  <category>
   Jeans
  </category>
  <size>
   L
  </size>
  <color>
   Красный
  </color>
  <material>
   Шерсть
  </material>
  <price>
   164567
  </price>
  <rating>
   1.77
  </rating>
  <reviews>
   226553
  </reviews>
  <new>
   -
  </new>
  <exclusive>
   no
  </exclusive>
  <sporty>
   yes
  </sporty>
 </clothing>
 <clothing>
  <id>
   710144571
  </id>
  <name>
   Lacoste Jacket J-6533
  </name>
  <category>
   Jacket
  </category>
  <size>
   XXL
  </size>
  <color>
   Зеленый
  </color>
  <material>
   Шелк
  </material>
  <price>
   372376
  </price>
  <rating>
   2.1
  </rating>
  <reviews>
   399850
  </reviews>
  <new>
   -
  </new>
  <sporty>
   yes
  </sporty>
 </clothing>
 <clothing>
  <id>
   857522528
  </id>
  <name>
   Brooks Socks J-4596
  </name>
  <category>
   Socks
  </category>
  <size>
   S
  </size>
  <color>
   Зеленый
  </color>
  <material>
   Хлопок
  </material>
  <price>
   297721
  </price>
  <rating>
   1.79
  </rating>
  <reviews>
   696785
  </reviews>
  <new>
   +
  </new>
  <sporty>
   no
  </sporty>
 </clothing>
 <clothing>
  <id>
   391804029
  </id>
  <name>
   Converse Belts M-2090
  </name>
  <category>
   Belts
  </category>
  <size>
   S
  </size>
  <color>
   Зеленый
  </color>
  <material>
   Шерсть
  </material>
  <price>
   304271
  </price>
  <rating>
   3.18
  </rating>
  <reviews>
   382857
  </reviews>
 </clothing>
 <clothing>
  <id>
   913883436
  </id>
  <name>
   Lacoste Sweater O-2553
  </name>
  <category>
   Sweater
  </category>
  <size>
   XL
  </size>
  <color>
   Красный
  </color>
  <material>
   Нейлон
  </material>
  <price>
   104503
  </price>
  <rating>
   2.16
  </rating>
  <reviews>
   723673
  </reviews>
  <exclusive>
   no
  </exclusive>
  <sporty>
   no
  </sporty>
 </clothing>
 <clothing>
  <id>
   394922507
  </id>
  <name>
   Puma Jeans P-6087
  </name>
  <category>
   Jeans
  </category>
  <size>
   XXL
  </size>
  <color>
   Зеленый
  </color>
  <material>
   Кожа
  </material>
  <price>
   376175
  </price>
  <rating>
   3.56
  </rating>
  <reviews>
   929514
  </reviews>
  <new>
   +
  </new>
  <sporty>
   yes
  </sporty>
 </clothing>
 <clothing>
  <id>
   454877775
  </id>
  <name>
   Adidas Dress D-3724
  </name>
  <category>
   Dress
  </category>
  <size>
   XXL
  </size>
  <color>
   Зеленый
  </color>
  <material>
   Полиэстер
  </material>
  <price>
   976280
  </price>
  <rating>
   2.29
  </rating>
  <reviews>
   326399
  </reviews>
  <new>
   +
  </new>
  <exclusive>
   no
  </exclusive>
  <sporty>
   no
  </sporty>
 </clothing>
 <clothing>
  <id>
   317101893
  </id>
  <name>
   Nike T-shirt K-9530
  </name>
  <category>
   T-shirt
  </category>
  <size>
   XL
  </size>
  <color>
   Зеленый
  </color>
  <material>
   Шелк
  </material>
  <price>
   852427
  </price>
  <rating>
   3.43
  </rating>
  <reviews>
   956198
  </reviews>
  <sporty>
   no
  </sporty>
 </clothing>
 <clothing>
  <id>
   193304947
  </id>
  <name>
   Lacoste Jacket F-8722
  </name>
  <category>
   Jacket
  </category>
  <size>
   L
  </size>
  <color>
   Оранжевый
  </color>
  <material>
   Шелк
  </material>
  <price>
   791642
  </price>
  <rating>
   3.37
  </rating>
  <reviews>
   701203
  </reviews>
  <sporty>
   no
  </sporty>
 </clothing>
 <clothing>
  <id>
   643917022
  </id>
  <name>
   Fila Handbags D-3554
  </name>
  <category>
   Handbags
  </category>
  <size>
   S
  </size>
  <color>
   Красный
  </color>
  <material>
   Полиэстер
  </material>
  <price>
   874016
  </price>
  <rating>
   4.16
  </rating>
  <reviews>
   7866
  </reviews>
  <exclusive>
   no
  </exclusive>
  <sporty>
   no
  </sporty>
 </clothing>
 <clothing>
  <id>
   648280700
  </id>
  <name>
   Nike T-shirt L-5320
  </name>
  <category>
   T-shirt
  </category>
  <size>
   XL
  </size>
  <color>
   Оранжевый
  </color>
  <material>
   Хлопок
  </material>
  <price>
   790632
  </price>
  <rating>
   3.3
  </rating>
  <reviews>
   527019
  </reviews>
  <exclusive>
   no
  </exclusive>
 </clothing>
 <clothing>
  <id>
   945715409
  </id>
  <name>
   Fila Pants L-9898
  </name>
  <category>
   Pants
  </category>
  <size>
   XXL
  </size>
  <color>
   Оранжевый
  </color>
  <material>
   Кожа
  </material>
  <price>
   961632
  </price>
  <rating>
   3.46
  </rating>
  <reviews>
   267329
  </reviews>
  <new>
   +
  </new>
  <exclusive>
   yes
  </exclusive>
  <sporty>
   yes
  </sporty>
 </clothing>
</clothing-items>
