<?xml version="1.0" encoding="utf-8"?>
<clothing-items>
 <clothing>
  <id>
   286734222
  </id>
  <name>
   PleinSport Blouse V-5961
  </name>
  <category>
   Blouse
  </category>
  <size>
   XXL
  </size>
  <color>
   Зеленый
  </color>
  <material>
   Нейлон
  </material>
  <price>
   161409
  </price>
  <rating>
   3.76
  </rating>
  <reviews>
   97430
  </reviews>
  <new>
   -
  </new>
  <sporty>
   yes
  </sporty>
 </clothing>
 <clothing>
  <id>
   524365261
  </id>
  <name>
   Ellesse Jacket H-1613
  </name>
  <category>
   Jacket
  </category>
  <size>
   M
  </size>
  <color>
   Синий
  </color>
  <material>
   Вискоза
  </material>
  <price>
   287455
  </price>
  <rating>
   1.08
  </rating>
  <reviews>
   309639
  </reviews>
  <exclusive>
   yes
  </exclusive>
 </clothing>
 <clothing>
  <id>
   617744340
  </id>
  <name>
   Brooks Sweater N-5676
  </name>
  <category>
   Sweater
  </category>
  <size>
   XXL
  </size>
  <color>
   Красный
  </color>
  <material>
   Вискоза
  </material>
  <price>
   944877
  </price>
  <rating>
   2.21
  </rating>
  <reviews>
   684670
  </reviews>
  <exclusive>
   no
  </exclusive>
  <sporty>
   yes
  </sporty>
 </clothing>
 <clothing>
  <id>
   290612455
  </id>
  <name>
   Under Armour T-shirt Q-9246
  </name>
  <category>
   T-shirt
  </category>
  <size>
   XXL
  </size>
  <color>
   Фиолетовый
  </color>
  <material>
   Нейлон
  </material>
  <price>
   435059
  </price>
  <rating>
   3.57
  </rating>
  <reviews>
   697894
  </reviews>
  <exclusive>
   yes
  </exclusive>
 </clothing>
 <clothing>
  <id>
   781114674
  </id>
  <name>
   Vans Pants A-5007
  </name>
  <category>
   Pants
  </category>
  <size>
   L
  </size>
  <color>
   Фиолетовый
  </color>
  <material>
   Полиэстер
  </material>
  <price>
   797376
  </price>
  <rating>
   2.92
  </rating>
  <reviews>
   266699
  </reviews>
  <new>
   -
  </new>
  <exclusive>
   no
  </exclusive>
  <sporty>
   no
  </sporty>
 </clothing>
 <clothing>
  <id>
   525193602
  </id>
  <name>
   Addidas Socks T-1972
  </name>
  <category>
   Socks
  </category>
  <size>
   M
  </size>
  <color>
   Голубой
  </color>
  <material>
   Шелк
  </material>
  <price>
   764726
  </price>
  <rating>
   3.77
  </rating>
  <reviews>
   264265
  </reviews>
  <exclusive>
   no
  </exclusive>
 </clothing>
 <clothing>
  <id>
   339612093
  </id>
  <name>
   Addidas Jacket H-7255
  </name>
  <category>
   Jacket
  </category>
  <size>
   L
  </size>
  <color>
   Синий
  </color>
  <material>
   Хлопок
  </material>
  <price>
   140329
  </price>
  <rating>
   2.58
  </rating>
  <reviews>
   215279
  </reviews>
  <new>
   +
  </new>
 </clothing>
 <clothing>
  <id>
   173526812
  </id>
  <name>
   Vans Pants R-2057
  </name>
  <category>
   Pants
  </category>
  <size>
   L
  </size>
  <color>
   Оранжевый
  </color>
  <material>
   Шелк
  </material>
  <price>
   421410
  </price>
  <rating>
   3.55
  </rating>
  <reviews>
   851067
  </reviews>
  <exclusive>
   no
  </exclusive>
  <sporty>
   no
  </sporty>
 </clothing>
 <clothing>
  <id>
   975511248
  </id>
  <name>
   Addidas Socks R-2027
  </name>
  <category>
   Socks
  </category>
  <size>
   S
  </size>
  <color>
   Синий
  </color>
  <material>
   Хлопок
  </material>
  <price>
   702423
  </price>
  <rating>
   4.74
  </rating>
  <reviews>
   846175
  </reviews>
  <exclusive>
   yes
  </exclusive>
 </clothing>
 <clothing>
  <id>
   822219176
  </id>
  <name>
   Reebok Shirt D-6741
  </name>
  <category>
   Shirt
  </category>
  <size>
   L
  </size>
  <color>
   Красный
  </color>
  <material>
   Лен
  </material>
  <price>
   937158
  </price>
  <rating>
   4.62
  </rating>
  <reviews>
   495424
  </reviews>
  <new>
   +
  </new>
  <exclusive>
   yes
  </exclusive>
 </clothing>
 <clothing>
  <id>
   265714218
  </id>
  <name>
   Asics Skirt U-5998
  </name>
  <category>
   Skirt
  </category>
  <size>
   S
  </size>
  <color>
   Фиолетовый
  </color>
  <material>
   Нейлон
  </material>
  <price>
   188984
  </price>
  <rating>
   1.68
  </rating>
  <reviews>
   941241
  </reviews>
 </clothing>
 <clothing>
  <id>
   656234218
  </id>
  <name>
   New Balance Shirt H-3189
  </name>
  <category>
   Shirt
  </category>
  <size>
   L
  </size>
  <color>
   Голубой
  </color>
  <material>
   Кожа
  </material>
  <price>
   237018
  </price>
  <rating>
   1.06
  </rating>
  <reviews>
   817254
  </reviews>
  <new>
   -
  </new>
  <sporty>
   no
  </sporty>
 </clothing>
 <clothing>
  <id>
   929931251
  </id>
  <name>
   Converse Dress G-7020
  </name>
  <category>
   Dress
  </category>
  <size>
   S
  </size>
  <color>
   Синий
  </color>
  <material>
   Нейлон
  </material>
  <price>
   813857
  </price>
  <rating>
   4.34
  </rating>
  <reviews>
   520585
  </reviews>
  <exclusive>
   no
  </exclusive>
  <sporty>
   yes
  </sporty>
 </clothing>
 <clothing>
  <id>
   712317670
  </id>
  <name>
   Asics Jeans R-9102
  </name>
  <category>
   Jeans
  </category>
  <size>
   XL
  </size>
  <color>
   Голубой
  </color>
  <material>
   Нейлон
  </material>
  <price>
   354447
  </price>
  <rating>
   4.66
  </rating>
  <reviews>
   121584
  </reviews>
  <new>
   +
  </new>
  <exclusive>
   yes
  </exclusive>
 </clothing>
 <clothing>
  <id>
   777743659
  </id>
  <name>
   Addidas Hat R-4662
  </name>
  <category>
   Hat
  </category>
  <size>
   XL
  </size>
  <color>
   Красный
  </color>
  <material>
   Шелк
  </material>
  <price>
   925055
  </price>
  <rating>
   3.58
  </rating>
  <reviews>
   213748
  </reviews>
  <new>
   +
  </new>
  <exclusive>
   no
  </exclusive>
  <sporty>
   yes
  </sporty>
 </clothing>
 <clothing>
  <id>
   620667117
  </id>
  <name>
   PleinSport Jacket P-4525
  </name>
  <category>
   Jacket
  </category>
  <size>
   M
  </size>
  <color>
   Голубой
  </color>
  <material>
   Хлопок
  </material>
  <price>
   480703
  </price>
  <rating>
   4.38
  </rating>
  <reviews>
   853968
  </reviews>
  <new>
   -
  </new>
  <exclusive>
   yes
  </exclusive>
 </clothing>
 <clothing>
  <id>
   591690511
  </id>
  <name>
   Adidas Shoes W-9472
  </name>
  <category>
   Shoes
  </category>
  <size>
   M
  </size>
  <color>
   Голубой
  </color>
  <material>
   Кожа
  </material>
  <price>
   773641
  </price>
  <rating>
   2.82
  </rating>
  <reviews>
   579672
  </reviews>
  <new>
   +
  </new>
 </clothing>
 <clothing>
  <id>
   456197810
  </id>
  <name>
   Fila Umbrellas H-3222
  </name>
  <category>
   Umbrellas
  </category>
  <size>
   S
  </size>
  <color>
   Оранжевый
  </color>
  <material>
   Нейлон
  </material>
  <price>
   794890
  </price>
  <rating>
   1.62
  </rating>
  <reviews>
   262114
  </reviews>
  <exclusive>
   yes
  </exclusive>
  <sporty>
   no
  </sporty>
 </clothing>
 <clothing>
  <id>
   699432907
  </id>
  <name>
   Adidas Umbrellas X-8994
  </name>
  <category>
   Umbrellas
  </category>
  <size>
   XXL
  </size>
  <color>
   Зеленый
  </color>
  <material>
   Вискоза
  </material>
  <price>
   559990
  </price>
  <rating>
   4.36
  </rating>
  <reviews>
   877347
  </reviews>
  <sporty>
   no
  </sporty>
 </clothing>
 <clothing>
  <id>
   517033202
  </id>
  <name>
   Reebok Pants L-1726
  </name>
  <category>
   Pants
  </category>
  <size>
   M
  </size>
  <color>
   Оранжевый
  </color>
  <material>
   Шерсть
  </material>
  <price>
   324006
  </price>
  <rating>
   3.88
  </rating>
  <reviews>
   807942
  </reviews>
  <new>
   -
  </new>
  <exclusive>
   no
  </exclusive>
  <sporty>
   no
  </sporty>
 </clothing>
 <clothing>
  <id>
   355219688
  </id>
  <name>
   PleinSport Belts X-3627
  </name>
  <category>
   Belts
  </category>
  <size>
   XXL
  </size>
  <color>
   Оранжевый
  </color>
  <material>
   Шелк
  </material>
  <price>
   342080
  </price>
  <rating>
   1.74
  </rating>
  <reviews>
   863222
  </reviews>
  <exclusive>
   no
  </exclusive>
 </clothing>
 <clothing>
  <id>
   385682511
  </id>
  <name>
   Nike Dress W-3862
  </name>
  <category>
   Dress
  </category>
  <size>
   S
  </size>
  <color>
   Красный
  </color>
  <material>
   Лен
  </material>
  <price>
   160266
  </price>
  <rating>
   2.39
  </rating>
  <reviews>
   90087
  </reviews>
  <exclusive>
   no
  </exclusive>
  <sporty>
   yes
  </sporty>
 </clothing>
 <clothing>
  <id>
   637692284
  </id>
  <name>
   Brooks Jeans H-4021
  </name>
  <category>
   Jeans
  </category>
  <size>
   L
  </size>
  <color>
   Зеленый
  </color>
  <material>
   Лен
  </material>
  <price>
   919749
  </price>
  <rating>
   1.14
  </rating>
  <reviews>
   394001
  </reviews>
  <new>
   +
  </new>
  <exclusive>
   no
  </exclusive>
 </clothing>
 <clothing>
  <id>
   338654312
  </id>
  <name>
   Reebok Blouse T-5627
  </name>
  <category>
   Blouse
  </category>
  <size>
   S
  </size>
  <color>
   Зеленый
  </color>
  <material>
   Хлопок
  </material>
  <price>
   414361
  </price>
  <rating>
   4.31
  </rating>
  <reviews>
   667857
  </reviews>
  <new>
   +
  </new>
 </clothing>
 <clothing>
  <id>
   707115595
  </id>
  <name>
   New Balance Dress C-6810
  </name>
  <category>
   Dress
  </category>
  <size>
   S
  </size>
  <color>
   Красный
  </color>
  <material>
   Шерсть
  </material>
  <price>
   426770
  </price>
  <rating>
   1.18
  </rating>
  <reviews>
   55143
  </reviews>
  <new>
   +
  </new>
  <exclusive>
   yes
  </exclusive>
  <sporty>
   yes
  </sporty>
 </clothing>
 <clothing>
  <id>
   809473604
  </id>
  <name>
   Lacoste Shirt J-4272
  </name>
  <category>
   Shirt
  </category>
  <size>
   XXL
  </size>
  <color>
   Зеленый
  </color>
  <material>
   Шерсть
  </material>
  <price>
   842316
  </price>
  <rating>
   3.52
  </rating>
  <reviews>
   479303
  </reviews>
  <new>
   -
  </new>
  <sporty>
   no
  </sporty>
 </clothing>
 <clothing>
  <id>
   215182381
  </id>
  <name>
   Addidas Jacket C-9565
  </name>
  <category>
   Jacket
  </category>
  <size>
   S
  </size>
  <color>
   Оранжевый
  </color>
  <material>
   Шелк
  </material>
  <price>
   757900
  </price>
  <rating>
   4.49
  </rating>
  <reviews>
   815888
  </reviews>
  <exclusive>
   no
  </exclusive>
  <sporty>
   yes
  </sporty>
 </clothing>
 <clothing>
  <id>
   827793084
  </id>
  <name>
   Ellesse Blouse J-9930
  </name>
  <category>
   Blouse
  </category>
  <size>
   XL
  </size>
  <color>
   Синий
  </color>
  <material>
   Нейлон
  </material>
  <price>
   262042
  </price>
  <rating>
   2.71
  </rating>
  <reviews>
   792846
  </reviews>
 </clothing>
 <clothing>
  <id>
   391652586
  </id>
  <name>
   Addidas Handbags T-3227
  </name>
  <category>
   Handbags
  </category>
  <size>
   M
  </size>
  <color>
   Красный
  </color>
  <material>
   Кожа
  </material>
  <price>
   649851
  </price>
  <rating>
   2.42
  </rating>
  <reviews>
   676326
  </reviews>
  <new>
   -
  </new>
  <exclusive>
   yes
  </exclusive>
 </clothing>
 <clothing>
  <id>
   778304505
  </id>
  <name>
   Adidas T-shirt U-5277
  </name>
  <category>
   T-shirt
  </category>
  <size>
   S
  </size>
  <color>
   Зеленый
  </color>
  <material>
   Полиэстер
  </material>
  <price>
   893394
  </price>
  <rating>
   1.9
  </rating>
  <reviews>
   749052
  </reviews>
  <new>
   +
  </new>
  <exclusive>
   yes
  </exclusive>
  <sporty>
   yes
  </sporty>
 </clothing>
 <clothing>
  <id>
   583944988
  </id>
  <name>
   Addidas Blouse K-3137
  </name>
  <category>
   Blouse
  </category>
  <size>
   L
  </size>
  <color>
   Голубой
  </color>
  <material>
   Вискоза
  </material>
  <price>
   711465
  </price>
  <rating>
   2.21
  </rating>
  <reviews>
   925897
  </reviews>
  <new>
   -
  </new>
 </clothing>
 <clothing>
  <id>
   538482362
  </id>
  <name>
   Lacoste Handbags E-4975
  </name>
  <category>
   Handbags
  </category>
  <size>
   S
  </size>
  <color>
   Оранжевый
  </color>
  <material>
   Вискоза
  </material>
  <price>
   948838
  </price>
  <rating>
   3.6
  </rating>
  <reviews>
   190856
  </reviews>
  <new>
   -
  </new>
  <exclusive>
   yes
  </exclusive>
  <sporty>
   no
  </sporty>
 </clothing>
 <clothing>
  <id>
   816475670
  </id>
  <name>
   Addidas Umbrellas B-4416
  </name>
  <category>
   Umbrellas
  </category>
  <size>
   XXL
  </size>
  <color>
   Красный
  </color>
  <material>
   Шелк
  </material>
  <price>
   413581
  </price>
  <rating>
   4.89
  </rating>
  <reviews>
   506316
  </reviews>
  <exclusive>
   no
  </exclusive>
  <sporty>
   yes
  </sporty>
 </clothing>
 <clothing>
  <id>
   617479109
  </id>
  <name>
   Converse Jacket Q-4811
  </name>
  <category>
   Jacket
  </category>
  <size>
   XXL
  </size>
  <color>
   Зеленый
  </color>
  <material>
   Лен
  </material>
  <price>
   943148
  </price>
  <rating>
   1.1
  </rating>
  <reviews>
   378674
  </reviews>
  <new>
   -
  </new>
  <exclusive>
   no
  </exclusive>
 </clothing>
 <clothing>
  <id>
   892593567
  </id>
  <name>
   Reebok Hat Q-3145
  </name>
  <category>
   Hat
  </category>
  <size>
   L
  </size>
  <color>
   Фиолетовый
  </color>
  <material>
   Нейлон
  </material>
  <price>
   917516
  </price>
  <rating>
   2.08
  </rating>
  <reviews>
   114672
  </reviews>
  <new>
   -
  </new>
  <exclusive>
   yes
  </exclusive>
  <sporty>
   yes
  </sporty>
 </clothing>
 <clothing>
  <id>
   614146166
  </id>
  <name>
   Vans Blouse L-3986
  </name>
  <category>
   Blouse
  </category>
  <size>
   M
  </size>
  <color>
   Оранжевый
  </color>
  <material>
   Хлопок
  </material>
  <price>
   661031
  </price>
  <rating>
   4.18
  </rating>
  <reviews>
   438984
  </reviews>
 </clothing>
 <clothing>
  <id>
   791760223
  </id>
  <name>
   Addidas T-shirt G-1162
  </name>
  <category>
   T-shirt
  </category>
  <size>
   XL
  </size>
  <color>
   Оранжевый
  </color>
  <material>
   Кожа
  </material>
  <price>
   970426
  </price>
  <rating>
   1.96
  </rating>
  <reviews>
   768366
  </reviews>
  <new>
   +
  </new>
  <exclusive>
   yes
  </exclusive>
  <sporty>
   no
  </sporty>
 </clothing>
 <clothing>
  <id>
   419014683
  </id>
  <name>
   Nike Shirt O-5523
  </name>
  <category>
   Shirt
  </category>
  <size>
   S
  </size>
  <color>
   Желтый
  </color>
  <material>
   Шелк
  </material>
  <price>
   990330
  </price>
  <rating>
   4.18
  </rating>
  <reviews>
   681212
  </reviews>
  <new>
   +
  </new>
  <exclusive>
   yes
  </exclusive>
  <sporty>
   no
  </sporty>
 </clothing>
 <clothing>
  <id>
   424513862
  </id>
  <name>
   Puma Shirt N-3532
  </name>
  <category>
   Shirt
  </category>
  <size>
   XXL
  </size>
  <color>
   Голубой
  </color>
  <material>
   Нейлон
  </material>
  <price>
   933143
  </price>
  <rating>
   4.25
  </rating>
  <reviews>
   420048
  </reviews>
  <new>
   +
  </new>
  <exclusive>
   no
  </exclusive>
 </clothing>
 <clothing>
  <id>
   356857744
  </id>
  <name>
   Addidas Handbags N-1698
  </name>
  <category>
   Handbags
  </category>
  <size>
   S
  </size>
  <color>
   Голубой
  </color>
  <material>
   Лен
  </material>
  <price>
   271476
  </price>
  <rating>
   3.46
  </rating>
  <reviews>
   27023
  </reviews>
  <new>
   -
  </new>
  <exclusive>
   no
  </exclusive>
 </clothing>
 <clothing>
  <id>
   290440430
  </id>
  <name>
   PleinSport Handbags Z-2962
  </name>
  <category>
   Handbags
  </category>
  <size>
   S
  </size>
  <color>
   Фиолетовый
  </color>
  <material>
   Шерсть
  </material>
  <price>
   236770
  </price>
  <rating>
   2.87
  </rating>
  <reviews>
   944587
  </reviews>
  <sporty>
   no
  </sporty>
 </clothing>
 <clothing>
  <id>
   337624546
  </id>
  <name>
   DC Jacket G-2045
  </name>
  <category>
   Jacket
  </category>
  <size>
   M
  </size>
  <color>
   Оранжевый
  </color>
  <material>
   Лен
  </material>
  <price>
   599205
  </price>
  <rating>
   1.17
  </rating>
  <reviews>
   552798
  </reviews>
  <new>
   -
  </new>
  <exclusive>
   no
  </exclusive>
 </clothing>
 <clothing>
  <id>
   547435005
  </id>
  <name>
   Reebok Pants T-7472
  </name>
  <category>
   Pants
  </category>
  <size>
   M
  </size>
  <color>
   Желтый
  </color>
  <material>
   Шелк
  </material>
  <price>
   640478
  </price>
  <rating>
   3.78
  </rating>
  <reviews>
   346637
  </reviews>
  <new>
   -
  </new>
  <exclusive>
   no
  </exclusive>
  <sporty>
   yes
  </sporty>
 </clothing>
 <clothing>
  <id>
   493646807
  </id>
  <name>
   Converse Pants Q-9983
  </name>
  <category>
   Pants
  </category>
  <size>
   XXL
  </size>
  <color>
   Оранжевый
  </color>
  <material>
   Шелк
  </material>
  <price>
   945083
  </price>
  <rating>
   4.53
  </rating>
  <reviews>
   765304
  </reviews>
  <sporty>
   yes
  </sporty>
 </clothing>
 <clothing>
  <id>
   306805061
  </id>
  <name>
   Addidas T-shirt P-9240
  </name>
  <category>
   T-shirt
  </category>
  <size>
   M
  </size>
  <color>
   Фиолетовый
  </color>
  <material>
   Кожа
  </material>
  <price>
   310416
  </price>
  <rating>
   3.35
  </rating>
  <reviews>
   100709
  </reviews>
  <new>
   +
  </new>
 </clothing>
 <clothing>
  <id>
   413644339
  </id>
  <name>
   Asics Gloves N-2416
  </name>
  <category>
   Gloves
  </category>
  <size>
   XL
  </size>
  <color>
   Зеленый
  </color>
  <material>
   Вискоза
  </material>
  <price>
   226052
  </price>
  <rating>
   3.83
  </rating>
  <reviews>
   134449
  </reviews>
  <new>
   -
  </new>
  <exclusive>
   yes
  </exclusive>
  <sporty>
   no
  </sporty>
 </clothing>
 <clothing>
  <id>
   314569120
  </id>
  <name>
   Reebok T-shirt Z-4500
  </name>
  <category>
   T-shirt
  </category>
  <size>
   M
  </size>
  <color>
   Голубой
  </color>
  <material>
   Вискоза
  </material>
  <price>
   578774
  </price>
  <rating>
   3.85
  </rating>
  <reviews>
   472571
  </reviews>
  <sporty>
   no
  </sporty>
 </clothing>
 <clothing>
  <id>
   666007548
  </id>
  <name>
   Lacoste Hat T-4189
  </name>
  <category>
   Hat
  </category>
  <size>
   M
  </size>
  <color>
   Зеленый
  </color>
  <material>
   Шелк
  </material>
  <price>
   938929
  </price>
  <rating>
   3.45
  </rating>
  <reviews>
   312353
  </reviews>
  <new>
   +
  </new>
  <sporty>
   no
  </sporty>
 </clothing>
 <clothing>
  <id>
   250619012
  </id>
  <name>
   Vans Socks O-7120
  </name>
  <category>
   Socks
  </category>
  <size>
   S
  </size>
  <color>
   Синий
  </color>
  <material>
   Вискоза
  </material>
  <price>
   872109
  </price>
  <rating>
   1.13
  </rating>
  <reviews>
   964682
  </reviews>
  <exclusive>
   no
  </exclusive>
  <sporty>
   no
  </sporty>
 </clothing>
 <clothing>
  <id>
   843249720
  </id>
  <name>
   DC Handbags P-3549
  </name>
  <category>
   Handbags
  </category>
  <size>
   S
  </size>
  <color>
   Синий
  </color>
  <material>
   Нейлон
  </material>
  <price>
   996622
  </price>
  <rating>
   4.43
  </rating>
  <reviews>
   62328
  </reviews>
  <new>
   -
  </new>
  <exclusive>
   no
  </exclusive>
  <sporty>
   yes
  </sporty>
 </clothing>
</clothing-items>
