<?xml version="1.0" encoding="utf-8"?>
<clothing-items>
 <clothing>
  <id>
   104384641
  </id>
  <name>
   Puma Belts I-1212
  </name>
  <category>
   Belts
  </category>
  <size>
   M
  </size>
  <color>
   Фиолетовый
  </color>
  <material>
   Шерсть
  </material>
  <price>
   682418
  </price>
  <rating>
   4.19
  </rating>
  <reviews>
   397955
  </reviews>
  <new>
   +
  </new>
  <exclusive>
   no
  </exclusive>
  <sporty>
   no
  </sporty>
 </clothing>
 <clothing>
  <id>
   309293408
  </id>
  <name>
   Nike Belts O-9040
  </name>
  <category>
   Belts
  </category>
  <size>
   XXL
  </size>
  <color>
   Желтый
  </color>
  <material>
   Лен
  </material>
  <price>
   338444
  </price>
  <rating>
   2.13
  </rating>
  <reviews>
   305832
  </reviews>
  <exclusive>
   no
  </exclusive>
 </clothing>
 <clothing>
  <id>
   789585081
  </id>
  <name>
   New Balance Socks G-2251
  </name>
  <category>
   Socks
  </category>
  <size>
   M
  </size>
  <color>
   Оранжевый
  </color>
  <material>
   Шелк
  </material>
  <price>
   851452
  </price>
  <rating>
   3.37
  </rating>
  <reviews>
   422758
  </reviews>
  <new>
   +
  </new>
  <sporty>
   no
  </sporty>
 </clothing>
 <clothing>
  <id>
   693527185
  </id>
  <name>
   Fila Handbags F-4380
  </name>
  <category>
   Handbags
  </category>
  <size>
   XL
  </size>
  <color>
   Фиолетовый
  </color>
  <material>
   Нейлон
  </material>
  <price>
   857998
  </price>
  <rating>
   3.39
  </rating>
  <reviews>
   290194
  </reviews>
  <new>
   -
  </new>
  <exclusive>
   no
  </exclusive>
  <sporty>
   no
  </sporty>
 </clothing>
 <clothing>
  <id>
   503690232
  </id>
  <name>
   Lacoste Shoes J-3396
  </name>
  <category>
   Shoes
  </category>
  <size>
   XXL
  </size>
  <color>
   Зеленый
  </color>
  <material>
   Хлопок
  </material>
  <price>
   978275
  </price>
  <rating>
   4.38
  </rating>
  <reviews>
   524251
  </reviews>
  <exclusive>
   no
  </exclusive>
  <sporty>
   yes
  </sporty>
 </clothing>
 <clothing>
  <id>
   131432168
  </id>
  <name>
   PleinSport Umbrellas H-1287
  </name>
  <category>
   Umbrellas
  </category>
  <size>
   M
  </size>
  <color>
   Фиолетовый
  </color>
  <material>
   Кожа
  </material>
  <price>
   177051
  </price>
  <rating>
   2.55
  </rating>
  <reviews>
   908646
  </reviews>
  <new>
   -
  </new>
  <sporty>
   yes
  </sporty>
 </clothing>
 <clothing>
  <id>
   124943982
  </id>
  <name>
   New Balance Hat T-2723
  </name>
  <category>
   Hat
  </category>
  <size>
   XXL
  </size>
  <color>
   Фиолетовый
  </color>
  <material>
   Лен
  </material>
  <price>
   999881
  </price>
  <rating>
   3.07
  </rating>
  <reviews>
   106734
  </reviews>
  <new>
   -
  </new>
  <exclusive>
   no
  </exclusive>
  <sporty>
   yes
  </sporty>
 </clothing>
 <clothing>
  <id>
   431647685
  </id>
  <name>
   Brooks Socks X-3778
  </name>
  <category>
   Socks
  </category>
  <size>
   L
  </size>
  <color>
   Желтый
  </color>
  <material>
   Лен
  </material>
  <price>
   302504
  </price>
  <rating>
   1.74
  </rating>
  <reviews>
   813515
  </reviews>
  <new>
   -
  </new>
  <sporty>
   yes
  </sporty>
 </clothing>
 <clothing>
  <id>
   298817241
  </id>
  <name>
   Addidas Jacket M-3303
  </name>
  <category>
   Jacket
  </category>
  <size>
   XL
  </size>
  <color>
   Фиолетовый
  </color>
  <material>
   Шерсть
  </material>
  <price>
   396079
  </price>
  <rating>
   3.86
  </rating>
  <reviews>
   530490
  </reviews>
  <sporty>
   no
  </sporty>
 </clothing>
 <clothing>
  <id>
   587594049
  </id>
  <name>
   Ellesse Hat Y-2227
  </name>
  <category>
   Hat
  </category>
  <size>
   S
  </size>
  <color>
   Синий
  </color>
  <material>
   Нейлон
  </material>
  <price>
   428051
  </price>
  <rating>
   1.65
  </rating>
  <reviews>
   251892
  </reviews>
  <new>
   -
  </new>
  <sporty>
   no
  </sporty>
 </clothing>
 <clothing>
  <id>
   375697955
  </id>
  <name>
   Adidas Belts S-3131
  </name>
  <category>
   Belts
  </category>
  <size>
   M
  </size>
  <color>
   Желтый
  </color>
  <material>
   Лен
  </material>
  <price>
   221602
  </price>
  <rating>
   3.36
  </rating>
  <reviews>
   553817
  </reviews>
  <sporty>
   yes
  </sporty>
 </clothing>
 <clothing>
  <id>
   699951321
  </id>
  <name>
   Brooks Gloves D-8199
  </name>
  <category>
   Gloves
  </category>
  <size>
   L
  </size>
  <color>
   Фиолетовый
  </color>
  <material>
   Шерсть
  </material>
  <price>
   748004
  </price>
  <rating>
   3.4
  </rating>
  <reviews>
   41074
  </reviews>
 </clothing>
 <clothing>
  <id>
   221566417
  </id>
  <name>
   PleinSport Belts T-5542
  </name>
  <category>
   Belts
  </category>
  <size>
   XL
  </size>
  <color>
   Желтый
  </color>
  <material>
   Вискоза
  </material>
  <price>
   844451
  </price>
  <rating>
   4.93
  </rating>
  <reviews>
   945814
  </reviews>
  <new>
   -
  </new>
  <exclusive>
   no
  </exclusive>
  <sporty>
   no
  </sporty>
 </clothing>
 <clothing>
  <id>
   133298590
  </id>
  <name>
   Puma Jacket D-9876
  </name>
  <category>
   Jacket
  </category>
  <size>
   L
  </size>
  <color>
   Голубой
  </color>
  <material>
   Шерсть
  </material>
  <price>
   335509
  </price>
  <rating>
   1.77
  </rating>
  <reviews>
   257204
  </reviews>
  <new>
   -
  </new>
  <sporty>
   no
  </sporty>
 </clothing>
 <clothing>
  <id>
   576552295
  </id>
  <name>
   Reebok Pants B-4410
  </name>
  <category>
   Pants
  </category>
  <size>
   S
  </size>
  <color>
   Оранжевый
  </color>
  <material>
   Хлопок
  </material>
  <price>
   102885
  </price>
  <rating>
   2.58
  </rating>
  <reviews>
   47543
  </reviews>
  <new>
   -
  </new>
  <sporty>
   yes
  </sporty>
 </clothing>
</clothing-items>
