<?xml version="1.0" encoding="utf-8"?>
<clothing-items>
 <clothing>
  <id>
   306288591
  </id>
  <name>
   DC Belts Z-9918
  </name>
  <category>
   Belts
  </category>
  <size>
   XL
  </size>
  <color>
   Красный
  </color>
  <material>
   Шелк
  </material>
  <price>
   643231
  </price>
  <rating>
   3.43
  </rating>
  <reviews>
   164822
  </reviews>
 </clothing>
 <clothing>
  <id>
   357968872
  </id>
  <name>
   Puma Skirt M-4407
  </name>
  <category>
   Skirt
  </category>
  <size>
   XXL
  </size>
  <color>
   Фиолетовый
  </color>
  <material>
   Шерсть
  </material>
  <price>
   204006
  </price>
  <rating>
   4.39
  </rating>
  <reviews>
   592247
  </reviews>
  <exclusive>
   no
  </exclusive>
  <sporty>
   no
  </sporty>
 </clothing>
 <clothing>
  <id>
   195233368
  </id>
  <name>
   Puma Dress U-5166
  </name>
  <category>
   Dress
  </category>
  <size>
   S
  </size>
  <color>
   Красный
  </color>
  <material>
   Шелк
  </material>
  <price>
   393455
  </price>
  <rating>
   1.82
  </rating>
  <reviews>
   434177
  </reviews>
  <new>
   -
  </new>
  <exclusive>
   yes
  </exclusive>
 </clothing>
 <clothing>
  <id>
   246492914
  </id>
  <name>
   Ellesse Shoes G-3954
  </name>
  <category>
   Shoes
  </category>
  <size>
   XL
  </size>
  <color>
   Оранжевый
  </color>
  <material>
   Шерсть
  </material>
  <price>
   802965
  </price>
  <rating>
   2.22
  </rating>
  <reviews>
   745526
  </reviews>
  <new>
   -
  </new>
  <exclusive>
   yes
  </exclusive>
  <sporty>
   no
  </sporty>
 </clothing>
 <clothing>
  <id>
   129921041
  </id>
  <name>
   Puma Shirt I-8873
  </name>
  <category>
   Shirt
  </category>
  <size>
   XXL
  </size>
  <color>
   Зеленый
  </color>
  <material>
   Вискоза
  </material>
  <price>
   562534
  </price>
  <rating>
   2.67
  </rating>
  <reviews>
   975665
  </reviews>
  <sporty>
   yes
  </sporty>
 </clothing>
 <clothing>
  <id>
   840055523
  </id>
  <name>
   Nike Dress E-9516
  </name>
  <category>
   Dress
  </category>
  <size>
   L
  </size>
  <color>
   Синий
  </color>
  <material>
   Хлопок
  </material>
  <price>
   976762
  </price>
  <rating>
   1.6
  </rating>
  <reviews>
   231567
  </reviews>
  <new>
   -
  </new>
 </clothing>
 <clothing>
  <id>
   165316603
  </id>
  <name>
   Asics Jacket W-2359
  </name>
  <category>
   Jacket
  </category>
  <size>
   S
  </size>
  <color>
   Желтый
  </color>
  <material>
   Вискоза
  </material>
  <price>
   347865
  </price>
  <rating>
   2.2
  </rating>
  <reviews>
   29397
  </reviews>
  <new>
   +
  </new>
  <exclusive>
   no
  </exclusive>
  <sporty>
   yes
  </sporty>
 </clothing>
 <clothing>
  <id>
   892779239
  </id>
  <name>
   New Balance Jeans L-1288
  </name>
  <category>
   Jeans
  </category>
  <size>
   XL
  </size>
  <color>
   Желтый
  </color>
  <material>
   Нейлон
  </material>
  <price>
   891051
  </price>
  <rating>
   3.36
  </rating>
  <reviews>
   76730
  </reviews>
  <new>
   -
  </new>
  <exclusive>
   no
  </exclusive>
  <sporty>
   no
  </sporty>
 </clothing>
 <clothing>
  <id>
   392387600
  </id>
  <name>
   Brooks Blouse M-2280
  </name>
  <category>
   Blouse
  </category>
  <size>
   XXL
  </size>
  <color>
   Красный
  </color>
  <material>
   Кожа
  </material>
  <price>
   875895
  </price>
  <rating>
   3.84
  </rating>
  <reviews>
   580134
  </reviews>
  <new>
   +
  </new>
 </clothing>
 <clothing>
  <id>
   838405838
  </id>
  <name>
   DC Umbrellas T-7220
  </name>
  <category>
   Umbrellas
  </category>
  <size>
   S
  </size>
  <color>
   Желтый
  </color>
  <material>
   Шерсть
  </material>
  <price>
   917795
  </price>
  <rating>
   4.18
  </rating>
  <reviews>
   179069
  </reviews>
 </clothing>
 <clothing>
  <id>
   936815445
  </id>
  <name>
   PleinSport Belts O-6584
  </name>
  <category>
   Belts
  </category>
  <size>
   M
  </size>
  <color>
   Зеленый
  </color>
  <material>
   Хлопок
  </material>
  <price>
   233566
  </price>
  <rating>
   4.64
  </rating>
  <reviews>
   590207
  </reviews>
  <exclusive>
   no
  </exclusive>
 </clothing>
 <clothing>
  <id>
   892179313
  </id>
  <name>
   Fila Shoes D-7519
  </name>
  <category>
   Shoes
  </category>
  <size>
   L
  </size>
  <color>
   Красный
  </color>
  <material>
   Кожа
  </material>
  <price>
   339649
  </price>
  <rating>
   2.34
  </rating>
  <reviews>
   922540
  </reviews>
  <new>
   +
  </new>
  <sporty>
   no
  </sporty>
 </clothing>
 <clothing>
  <id>
   272373186
  </id>
  <name>
   Lacoste Blouse I-9659
  </name>
  <category>
   Blouse
  </category>
  <size>
   L
  </size>
  <color>
   Желтый
  </color>
  <material>
   Полиэстер
  </material>
  <price>
   892607
  </price>
  <rating>
   3.87
  </rating>
  <reviews>
   957372
  </reviews>
  <new>
   +
  </new>
  <exclusive>
   no
  </exclusive>
 </clothing>
 <clothing>
  <id>
   489470670
  </id>
  <name>
   Brooks Jeans N-2885
  </name>
  <category>
   Jeans
  </category>
  <size>
   M
  </size>
  <color>
   Фиолетовый
  </color>
  <material>
   Шерсть
  </material>
  <price>
   223443
  </price>
  <rating>
   4.45
  </rating>
  <reviews>
   793806
  </reviews>
  <sporty>
   yes
  </sporty>
 </clothing>
 <clothing>
  <id>
   467771708
  </id>
  <name>
   Nike Belts T-9489
  </name>
  <category>
   Belts
  </category>
  <size>
   XL
  </size>
  <color>
   Фиолетовый
  </color>
  <material>
   Шелк
  </material>
  <price>
   236389
  </price>
  <rating>
   3.63
  </rating>
  <reviews>
   663845
  </reviews>
  <new>
   +
  </new>
  <exclusive>
   yes
  </exclusive>
  <sporty>
   no
  </sporty>
 </clothing>
 <clothing>
  <id>
   865703756
  </id>
  <name>
   Reebok Blouse F-5582
  </name>
  <category>
   Blouse
  </category>
  <size>
   L
  </size>
  <color>
   Голубой
  </color>
  <material>
   Шерсть
  </material>
  <price>
   114009
  </price>
  <rating>
   2.29
  </rating>
  <reviews>
   847734
  </reviews>
 </clothing>
 <clothing>
  <id>
   982222549
  </id>
  <name>
   Lacoste Belts B-1386
  </name>
  <category>
   Belts
  </category>
  <size>
   M
  </size>
  <color>
   Голубой
  </color>
  <material>
   Лен
  </material>
  <price>
   596103
  </price>
  <rating>
   2.15
  </rating>
  <reviews>
   246832
  </reviews>
  <exclusive>
   no
  </exclusive>
 </clothing>
 <clothing>
  <id>
   739551511
  </id>
  <name>
   Brooks Belts G-9663
  </name>
  <category>
   Belts
  </category>
  <size>
   XL
  </size>
  <color>
   Оранжевый
  </color>
  <material>
   Полиэстер
  </material>
  <price>
   615206
  </price>
  <rating>
   2.53
  </rating>
  <reviews>
   929676
  </reviews>
  <new>
   -
  </new>
  <sporty>
   no
  </sporty>
 </clothing>
</clothing-items>
