<?xml version="1.0" encoding="utf-8"?>
<clothing-items>
 <clothing>
  <id>
   202534641
  </id>
  <name>
   Vans Dress D-4052
  </name>
  <category>
   Dress
  </category>
  <size>
   S
  </size>
  <color>
   Синий
  </color>
  <material>
   Полиэстер
  </material>
  <price>
   939820
  </price>
  <rating>
   4.08
  </rating>
  <reviews>
   846020
  </reviews>
  <exclusive>
   yes
  </exclusive>
  <sporty>
   no
  </sporty>
 </clothing>
 <clothing>
  <id>
   906500032
  </id>
  <name>
   Lacoste Belts A-3400
  </name>
  <category>
   Belts
  </category>
  <size>
   XXL
  </size>
  <color>
   Оранжевый
  </color>
  <material>
   Хлопок
  </material>
  <price>
   316231
  </price>
  <rating>
   3.91
  </rating>
  <reviews>
   963160
  </reviews>
  <new>
   -
  </new>
  <sporty>
   yes
  </sporty>
 </clothing>
 <clothing>
  <id>
   219709286
  </id>
  <name>
   Addidas Jacket Y-1845
  </name>
  <category>
   Jacket
  </category>
  <size>
   XXL
  </size>
  <color>
   Зеленый
  </color>
  <material>
   Кожа
  </material>
  <price>
   928519
  </price>
  <rating>
   2.76
  </rating>
  <reviews>
   844660
  </reviews>
  <exclusive>
   no
  </exclusive>
  <sporty>
   yes
  </sporty>
 </clothing>
 <clothing>
  <id>
   442691799
  </id>
  <name>
   Reebok Skirt B-7392
  </name>
  <category>
   Skirt
  </category>
  <size>
   S
  </size>
  <color>
   Голубой
  </color>
  <material>
   Полиэстер
  </material>
  <price>
   386965
  </price>
  <rating>
   2.73
  </rating>
  <reviews>
   723997
  </reviews>
  <new>
   -
  </new>
  <exclusive>
   yes
  </exclusive>
  <sporty>
   yes
  </sporty>
 </clothing>
 <clothing>
  <id>
   979322222
  </id>
  <name>
   Under Armour Gloves R-6624
  </name>
  <category>
   Gloves
  </category>
  <size>
   M
  </size>
  <color>
   Зеленый
  </color>
  <material>
   Шерсть
  </material>
  <price>
   849365
  </price>
  <rating>
   3.09
  </rating>
  <reviews>
   405433
  </reviews>
 </clothing>
 <clothing>
  <id>
   680458109
  </id>
  <name>
   Reebok Belts E-4582
  </name>
  <category>
   Belts
  </category>
  <size>
   L
  </size>
  <color>
   Красный
  </color>
  <material>
   Хлопок
  </material>
  <price>
   305163
  </price>
  <rating>
   4.53
  </rating>
  <reviews>
   709890
  </reviews>
  <exclusive>
   no
  </exclusive>
 </clothing>
 <clothing>
  <id>
   241679671
  </id>
  <name>
   Under Armour Belts D-5736
  </name>
  <category>
   Belts
  </category>
  <size>
   XL
  </size>
  <color>
   Желтый
  </color>
  <material>
   Кожа
  </material>
  <price>
   850645
  </price>
  <rating>
   3.99
  </rating>
  <reviews>
   808749
  </reviews>
  <new>
   +
  </new>
  <exclusive>
   no
  </exclusive>
  <sporty>
   no
  </sporty>
 </clothing>
 <clothing>
  <id>
   559481930
  </id>
  <name>
   Asics Handbags K-5234
  </name>
  <category>
   Handbags
  </category>
  <size>
   M
  </size>
  <color>
   Красный
  </color>
  <material>
   Полиэстер
  </material>
  <price>
   451283
  </price>
  <rating>
   1.9
  </rating>
  <reviews>
   566044
  </reviews>
  <exclusive>
   yes
  </exclusive>
  <sporty>
   no
  </sporty>
 </clothing>
 <clothing>
  <id>
   757825018
  </id>
  <name>
   Fila Gloves W-5259
  </name>
  <category>
   Gloves
  </category>
  <size>
   XXL
  </size>
  <color>
   Оранжевый
  </color>
  <material>
   Полиэстер
  </material>
  <price>
   818072
  </price>
  <rating>
   4.11
  </rating>
  <reviews>
   379190
  </reviews>
  <new>
   -
  </new>
 </clothing>
 <clothing>
  <id>
   740244476
  </id>
  <name>
   Reebok Jacket F-2474
  </name>
  <category>
   Jacket
  </category>
  <size>
   XL
  </size>
  <color>
   Зеленый
  </color>
  <material>
   Кожа
  </material>
  <price>
   312254
  </price>
  <rating>
   1.26
  </rating>
  <reviews>
   840925
  </reviews>
  <exclusive>
   no
  </exclusive>
 </clothing>
 <clothing>
  <id>
   704877805
  </id>
  <name>
   Ellesse Jeans B-5148
  </name>
  <category>
   Jeans
  </category>
  <size>
   M
  </size>
  <color>
   Оранжевый
  </color>
  <material>
   Полиэстер
  </material>
  <price>
   109282
  </price>
  <rating>
   3.96
  </rating>
  <reviews>
   35187
  </reviews>
  <new>
   -
  </new>
  <exclusive>
   no
  </exclusive>
 </clothing>
 <clothing>
  <id>
   558035887
  </id>
  <name>
   Reebok Skirt I-2592
  </name>
  <category>
   Skirt
  </category>
  <size>
   XXL
  </size>
  <color>
   Фиолетовый
  </color>
  <material>
   Лен
  </material>
  <price>
   558827
  </price>
  <rating>
   2.58
  </rating>
  <reviews>
   910919
  </reviews>
  <new>
   -
  </new>
  <exclusive>
   no
  </exclusive>
 </clothing>
 <clothing>
  <id>
   730055064
  </id>
  <name>
   Reebok Skirt M-8626
  </name>
  <category>
   Skirt
  </category>
  <size>
   XL
  </size>
  <color>
   Красный
  </color>
  <material>
   Кожа
  </material>
  <price>
   153512
  </price>
  <rating>
   4.74
  </rating>
  <reviews>
   708741
  </reviews>
  <new>
   +
  </new>
  <exclusive>
   no
  </exclusive>
  <sporty>
   no
  </sporty>
 </clothing>
 <clothing>
  <id>
   170127841
  </id>
  <name>
   Reebok Socks O-5135
  </name>
  <category>
   Socks
  </category>
  <size>
   XXL
  </size>
  <color>
   Оранжевый
  </color>
  <material>
   Нейлон
  </material>
  <price>
   101804
  </price>
  <rating>
   1.24
  </rating>
  <reviews>
   76675
  </reviews>
  <exclusive>
   yes
  </exclusive>
 </clothing>
 <clothing>
  <id>
   139516818
  </id>
  <name>
   Under Armour Socks V-1695
  </name>
  <category>
   Socks
  </category>
  <size>
   S
  </size>
  <color>
   Зеленый
  </color>
  <material>
   Нейлон
  </material>
  <price>
   859550
  </price>
  <rating>
   3.25
  </rating>
  <reviews>
   397916
  </reviews>
 </clothing>
 <clothing>
  <id>
   840474508
  </id>
  <name>
   Puma Blouse L-6229
  </name>
  <category>
   Blouse
  </category>
  <size>
   M
  </size>
  <color>
   Оранжевый
  </color>
  <material>
   Вискоза
  </material>
  <price>
   695805
  </price>
  <rating>
   3.52
  </rating>
  <reviews>
   934415
  </reviews>
  <sporty>
   no
  </sporty>
 </clothing>
 <clothing>
  <id>
   422765775
  </id>
  <name>
   Nike Gloves R-2587
  </name>
  <category>
   Gloves
  </category>
  <size>
   M
  </size>
  <color>
   Фиолетовый
  </color>
  <material>
   Хлопок
  </material>
  <price>
   696260
  </price>
  <rating>
   3.6
  </rating>
  <reviews>
   801950
  </reviews>
  <new>
   +
  </new>
  <sporty>
   no
  </sporty>
 </clothing>
 <clothing>
  <id>
   904534289
  </id>
  <name>
   Fila Hat E-4079
  </name>
  <category>
   Hat
  </category>
  <size>
   S
  </size>
  <color>
   Голубой
  </color>
  <material>
   Шерсть
  </material>
  <price>
   948117
  </price>
  <rating>
   1.73
  </rating>
  <reviews>
   919428
  </reviews>
  <new>
   +
  </new>
  <exclusive>
   no
  </exclusive>
  <sporty>
   no
  </sporty>
 </clothing>
 <clothing>
  <id>
   420649205
  </id>
  <name>
   Nike Pants X-8759
  </name>
  <category>
   Pants
  </category>
  <size>
   XL
  </size>
  <color>
   Красный
  </color>
  <material>
   Лен
  </material>
  <price>
   304951
  </price>
  <rating>
   3.45
  </rating>
  <reviews>
   58671
  </reviews>
  <exclusive>
   no
  </exclusive>
  <sporty>
   no
  </sporty>
 </clothing>
 <clothing>
  <id>
   298219082
  </id>
  <name>
   Under Armour T-shirt N-4427
  </name>
  <category>
   T-shirt
  </category>
  <size>
   M
  </size>
  <color>
   Голубой
  </color>
  <material>
   Нейлон
  </material>
  <price>
   842340
  </price>
  <rating>
   1.08
  </rating>
  <reviews>
   928620
  </reviews>
  <new>
   +
  </new>
 </clothing>
 <clothing>
  <id>
   288048311
  </id>
  <name>
   Under Armour T-shirt U-9861
  </name>
  <category>
   T-shirt
  </category>
  <size>
   XXL
  </size>
  <color>
   Голубой
  </color>
  <material>
   Нейлон
  </material>
  <price>
   543826
  </price>
  <rating>
   4.25
  </rating>
  <reviews>
   884047
  </reviews>
  <exclusive>
   yes
  </exclusive>
 </clothing>
 <clothing>
  <id>
   496913432
  </id>
  <name>
   Puma Pants X-6091
  </name>
  <category>
   Pants
  </category>
  <size>
   XXL
  </size>
  <color>
   Красный
  </color>
  <material>
   Хлопок
  </material>
  <price>
   520553
  </price>
  <rating>
   3.43
  </rating>
  <reviews>
   194491
  </reviews>
  <new>
   -
  </new>
  <exclusive>
   no
  </exclusive>
  <sporty>
   yes
  </sporty>
 </clothing>
 <clothing>
  <id>
   507409863
  </id>
  <name>
   Fila Socks Z-1203
  </name>
  <category>
   Socks
  </category>
  <size>
   XXL
  </size>
  <color>
   Желтый
  </color>
  <material>
   Шелк
  </material>
  <price>
   877229
  </price>
  <rating>
   3.18
  </rating>
  <reviews>
   388639
  </reviews>
  <new>
   +
  </new>
  <sporty>
   no
  </sporty>
 </clothing>
 <clothing>
  <id>
   472943025
  </id>
  <name>
   Addidas Socks H-2383
  </name>
  <category>
   Socks
  </category>
  <size>
   L
  </size>
  <color>
   Оранжевый
  </color>
  <material>
   Вискоза
  </material>
  <price>
   453584
  </price>
  <rating>
   1.04
  </rating>
  <reviews>
   844179
  </reviews>
  <new>
   +
  </new>
  <exclusive>
   no
  </exclusive>
 </clothing>
 <clothing>
  <id>
   864976368
  </id>
  <name>
   Puma Umbrellas Y-2970
  </name>
  <category>
   Umbrellas
  </category>
  <size>
   XL
  </size>
  <color>
   Зеленый
  </color>
  <material>
   Нейлон
  </material>
  <price>
   248903
  </price>
  <rating>
   4.0
  </rating>
  <reviews>
   952845
  </reviews>
 </clothing>
 <clothing>
  <id>
   790006662
  </id>
  <name>
   New Balance Handbags F-3744
  </name>
  <category>
   Handbags
  </category>
  <size>
   L
  </size>
  <color>
   Голубой
  </color>
  <material>
   Лен
  </material>
  <price>
   824138
  </price>
  <rating>
   2.85
  </rating>
  <reviews>
   225442
  </reviews>
 </clothing>
 <clothing>
  <id>
   495328819
  </id>
  <name>
   Vans Belts F-4957
  </name>
  <category>
   Belts
  </category>
  <size>
   L
  </size>
  <color>
   Голубой
  </color>
  <material>
   Шелк
  </material>
  <price>
   695349
  </price>
  <rating>
   2.93
  </rating>
  <reviews>
   759125
  </reviews>
  <exclusive>
   no
  </exclusive>
 </clothing>
 <clothing>
  <id>
   409717600
  </id>
  <name>
   Adidas Pants B-2211
  </name>
  <category>
   Pants
  </category>
  <size>
   M
  </size>
  <color>
   Зеленый
  </color>
  <material>
   Шелк
  </material>
  <price>
   317040
  </price>
  <rating>
   4.84
  </rating>
  <reviews>
   379564
  </reviews>
  <new>
   +
  </new>
  <exclusive>
   yes
  </exclusive>
  <sporty>
   yes
  </sporty>
 </clothing>
 <clothing>
  <id>
   547521925
  </id>
  <name>
   Converse Skirt Y-7227
  </name>
  <category>
   Skirt
  </category>
  <size>
   XL
  </size>
  <color>
   Оранжевый
  </color>
  <material>
   Нейлон
  </material>
  <price>
   845702
  </price>
  <rating>
   2.11
  </rating>
  <reviews>
   620123
  </reviews>
  <new>
   -
  </new>
  <sporty>
   no
  </sporty>
 </clothing>
 <clothing>
  <id>
   978141987
  </id>
  <name>
   Adidas Hat B-3148
  </name>
  <category>
   Hat
  </category>
  <size>
   S
  </size>
  <color>
   Синий
  </color>
  <material>
   Лен
  </material>
  <price>
   770762
  </price>
  <rating>
   2.32
  </rating>
  <reviews>
   734868
  </reviews>
  <new>
   -
  </new>
  <exclusive>
   yes
  </exclusive>
  <sporty>
   yes
  </sporty>
 </clothing>
 <clothing>
  <id>
   285017546
  </id>
  <name>
   Ellesse Socks P-1688
  </name>
  <category>
   Socks
  </category>
  <size>
   M
  </size>
  <color>
   Оранжевый
  </color>
  <material>
   Лен
  </material>
  <price>
   429111
  </price>
  <rating>
   3.77
  </rating>
  <reviews>
   665734
  </reviews>
  <sporty>
   yes
  </sporty>
 </clothing>
 <clothing>
  <id>
   111350762
  </id>
  <name>
   Adidas Skirt E-3893
  </name>
  <category>
   Skirt
  </category>
  <size>
   L
  </size>
  <color>
   Желтый
  </color>
  <material>
   Кожа
  </material>
  <price>
   665676
  </price>
  <rating>
   3.08
  </rating>
  <reviews>
   998097
  </reviews>
  <exclusive>
   yes
  </exclusive>
  <sporty>
   yes
  </sporty>
 </clothing>
 <clothing>
  <id>
   754101359
  </id>
  <name>
   Ellesse Jeans G-3393
  </name>
  <category>
   Jeans
  </category>
  <size>
   XXL
  </size>
  <color>
   Желтый
  </color>
  <material>
   Шелк
  </material>
  <price>
   899299
  </price>
  <rating>
   3.78
  </rating>
  <reviews>
   792950
  </reviews>
  <sporty>
   no
  </sporty>
 </clothing>
 <clothing>
  <id>
   556976697
  </id>
  <name>
   Under Armour Umbrellas N-4663
  </name>
  <category>
   Umbrellas
  </category>
  <size>
   S
  </size>
  <color>
   Фиолетовый
  </color>
  <material>
   Нейлон
  </material>
  <price>
   536831
  </price>
  <rating>
   4.29
  </rating>
  <reviews>
   632769
  </reviews>
  <exclusive>
   no
  </exclusive>
  <sporty>
   no
  </sporty>
 </clothing>
 <clothing>
  <id>
   349515953
  </id>
  <name>
   New Balance Sweater N-2966
  </name>
  <category>
   Sweater
  </category>
  <size>
   S
  </size>
  <color>
   Желтый
  </color>
  <material>
   Хлопок
  </material>
  <price>
   905347
  </price>
  <rating>
   2.18
  </rating>
  <reviews>
   859937
  </reviews>
  <new>
   -
  </new>
  <exclusive>
   yes
  </exclusive>
  <sporty>
   yes
  </sporty>
 </clothing>
 <clothing>
  <id>
   511019194
  </id>
  <name>
   DC Belts K-5652
  </name>
  <category>
   Belts
  </category>
  <size>
   XL
  </size>
  <color>
   Синий
  </color>
  <material>
   Лен
  </material>
  <price>
   259231
  </price>
  <rating>
   2.26
  </rating>
  <reviews>
   359499
  </reviews>
  <new>
   -
  </new>
  <exclusive>
   yes
  </exclusive>
 </clothing>
 <clothing>
  <id>
   540295557
  </id>
  <name>
   Addidas Gloves Q-7801
  </name>
  <category>
   Gloves
  </category>
  <size>
   L
  </size>
  <color>
   Фиолетовый
  </color>
  <material>
   Полиэстер
  </material>
  <price>
   847913
  </price>
  <rating>
   3.66
  </rating>
  <reviews>
   976595
  </reviews>
  <new>
   -
  </new>
  <exclusive>
   no
  </exclusive>
 </clothing>
 <clothing>
  <id>
   328975054
  </id>
  <name>
   DC Jeans J-1771
  </name>
  <category>
   Jeans
  </category>
  <size>
   XXL
  </size>
  <color>
   Зеленый
  </color>
  <material>
   Хлопок
  </material>
  <price>
   758444
  </price>
  <rating>
   1.24
  </rating>
  <reviews>
   358187
  </reviews>
  <new>
   -
  </new>
  <exclusive>
   no
  </exclusive>
 </clothing>
 <clothing>
  <id>
   743903416
  </id>
  <name>
   Adidas Socks I-4080
  </name>
  <category>
   Socks
  </category>
  <size>
   XL
  </size>
  <color>
   Оранжевый
  </color>
  <material>
   Шерсть
  </material>
  <price>
   313250
  </price>
  <rating>
   4.64
  </rating>
  <reviews>
   269290
  </reviews>
  <new>
   +
  </new>
  <exclusive>
   yes
  </exclusive>
  <sporty>
   no
  </sporty>
 </clothing>
</clothing-items>
