<?xml version="1.0" encoding="utf-8"?>
<clothing-items>
 <clothing>
  <id>
   513088762
  </id>
  <name>
   New Balance Sweater N-9789
  </name>
  <category>
   Sweater
  </category>
  <size>
   L
  </size>
  <color>
   Фиолетовый
  </color>
  <material>
   Полиэстер
  </material>
  <price>
   887412
  </price>
  <rating>
   3.21
  </rating>
  <reviews>
   949002
  </reviews>
  <new>
   -
  </new>
  <exclusive>
   no
  </exclusive>
 </clothing>
 <clothing>
  <id>
   491709844
  </id>
  <name>
   Lacoste Sweater T-3794
  </name>
  <category>
   Sweater
  </category>
  <size>
   XL
  </size>
  <color>
   Синий
  </color>
  <material>
   Полиэстер
  </material>
  <price>
   179412
  </price>
  <rating>
   2.76
  </rating>
  <reviews>
   901826
  </reviews>
  <new>
   +
  </new>
  <sporty>
   yes
  </sporty>
 </clothing>
 <clothing>
  <id>
   514118261
  </id>
  <name>
   Converse Blouse D-6647
  </name>
  <category>
   Blouse
  </category>
  <size>
   S
  </size>
  <color>
   Фиолетовый
  </color>
  <material>
   Шерсть
  </material>
  <price>
   791788
  </price>
  <rating>
   1.06
  </rating>
  <reviews>
   224524
  </reviews>
  <new>
   -
  </new>
  <sporty>
   yes
  </sporty>
 </clothing>
 <clothing>
  <id>
   170913725
  </id>
  <name>
   PleinSport Jeans L-1411
  </name>
  <category>
   Jeans
  </category>
  <size>
   L
  </size>
  <color>
   Красный
  </color>
  <material>
   Лен
  </material>
  <price>
   449692
  </price>
  <rating>
   2.87
  </rating>
  <reviews>
   531260
  </reviews>
  <new>
   +
  </new>
  <exclusive>
   no
  </exclusive>
  <sporty>
   yes
  </sporty>
 </clothing>
 <clothing>
  <id>
   862536880
  </id>
  <name>
   Brooks T-shirt R-4106
  </name>
  <category>
   T-shirt
  </category>
  <size>
   XXL
  </size>
  <color>
   Желтый
  </color>
  <material>
   Шерсть
  </material>
  <price>
   886338
  </price>
  <rating>
   3.07
  </rating>
  <reviews>
   137246
  </reviews>
  <new>
   +
  </new>
  <sporty>
   yes
  </sporty>
 </clothing>
 <clothing>
  <id>
   268670675
  </id>
  <name>
   Asics Belts F-3924
  </name>
  <category>
   Belts
  </category>
  <size>
   XXL
  </size>
  <color>
   Зеленый
  </color>
  <material>
   Полиэстер
  </material>
  <price>
   578508
  </price>
  <rating>
   3.08
  </rating>
  <reviews>
   904597
  </reviews>
 </clothing>
 <clothing>
  <id>
   545858841
  </id>
  <name>
   Ellesse Dress I-9142
  </name>
  <category>
   Dress
  </category>
  <size>
   XXL
  </size>
  <color>
   Голубой
  </color>
  <material>
   Полиэстер
  </material>
  <price>
   305082
  </price>
  <rating>
   4.76
  </rating>
  <reviews>
   542952
  </reviews>
  <new>
   +
  </new>
  <exclusive>
   yes
  </exclusive>
 </clothing>
 <clothing>
  <id>
   279954647
  </id>
  <name>
   Converse Dress X-5528
  </name>
  <category>
   Dress
  </category>
  <size>
   XXL
  </size>
  <color>
   Голубой
  </color>
  <material>
   Шелк
  </material>
  <price>
   431440
  </price>
  <rating>
   4.52
  </rating>
  <reviews>
   559467
  </reviews>
  <new>
   +
  </new>
 </clothing>
 <clothing>
  <id>
   244924926
  </id>
  <name>
   Puma Jeans U-7322
  </name>
  <category>
   Jeans
  </category>
  <size>
   L
  </size>
  <color>
   Зеленый
  </color>
  <material>
   Кожа
  </material>
  <price>
   656263
  </price>
  <rating>
   1.67
  </rating>
  <reviews>
   821667
  </reviews>
  <exclusive>
   no
  </exclusive>
  <sporty>
   no
  </sporty>
 </clothing>
 <clothing>
  <id>
   102497687
  </id>
  <name>
   DC Handbags A-7931
  </name>
  <category>
   Handbags
  </category>
  <size>
   L
  </size>
  <color>
   Синий
  </color>
  <material>
   Лен
  </material>
  <price>
   360971
  </price>
  <rating>
   2.94
  </rating>
  <reviews>
   890630
  </reviews>
  <new>
   +
  </new>
  <sporty>
   no
  </sporty>
 </clothing>
 <clothing>
  <id>
   883354735
  </id>
  <name>
   New Balance Jeans B-1484
  </name>
  <category>
   Jeans
  </category>
  <size>
   L
  </size>
  <color>
   Оранжевый
  </color>
  <material>
   Хлопок
  </material>
  <price>
   818122
  </price>
  <rating>
   4.78
  </rating>
  <reviews>
   96381
  </reviews>
  <exclusive>
   no
  </exclusive>
 </clothing>
 <clothing>
  <id>
   877523170
  </id>
  <name>
   Nike Skirt R-8017
  </name>
  <category>
   Skirt
  </category>
  <size>
   M
  </size>
  <color>
   Красный
  </color>
  <material>
   Лен
  </material>
  <price>
   906328
  </price>
  <rating>
   2.32
  </rating>
  <reviews>
   273230
  </reviews>
  <exclusive>
   no
  </exclusive>
 </clothing>
 <clothing>
  <id>
   793896272
  </id>
  <name>
   Reebok Umbrellas B-3479
  </name>
  <category>
   Umbrellas
  </category>
  <size>
   XL
  </size>
  <color>
   Синий
  </color>
  <material>
   Шерсть
  </material>
  <price>
   679081
  </price>
  <rating>
   4.01
  </rating>
  <reviews>
   375536
  </reviews>
  <new>
   -
  </new>
  <exclusive>
   no
  </exclusive>
 </clothing>
</clothing-items>
