<?xml version="1.0" encoding="utf-8"?>
<clothing-items>
 <clothing>
  <id>
   728096986
  </id>
  <name>
   DC Dress A-2228
  </name>
  <category>
   Dress
  </category>
  <size>
   XL
  </size>
  <color>
   Оранжевый
  </color>
  <material>
   Шелк
  </material>
  <price>
   490044
  </price>
  <rating>
   3.18
  </rating>
  <reviews>
   378831
  </reviews>
  <exclusive>
   yes
  </exclusive>
  <sporty>
   yes
  </sporty>
 </clothing>
 <clothing>
  <id>
   252969882
  </id>
  <name>
   Asics Blouse B-5731
  </name>
  <category>
   Blouse
  </category>
  <size>
   XL
  </size>
  <color>
   Синий
  </color>
  <material>
   Нейлон
  </material>
  <price>
   792721
  </price>
  <rating>
   1.78
  </rating>
  <reviews>
   502607
  </reviews>
  <sporty>
   yes
  </sporty>
 </clothing>
 <clothing>
  <id>
   675279579
  </id>
  <name>
   Reebok Socks L-4792
  </name>
  <category>
   Socks
  </category>
  <size>
   L
  </size>
  <color>
   Красный
  </color>
  <material>
   Полиэстер
  </material>
  <price>
   752802
  </price>
  <rating>
   4.81
  </rating>
  <reviews>
   758457
  </reviews>
  <new>
   +
  </new>
  <exclusive>
   yes
  </exclusive>
  <sporty>
   yes
  </sporty>
 </clothing>
 <clothing>
  <id>
   765794811
  </id>
  <name>
   Vans Blouse W-5325
  </name>
  <category>
   Blouse
  </category>
  <size>
   XL
  </size>
  <color>
   Оранжевый
  </color>
  <material>
   Вискоза
  </material>
  <price>
   687749
  </price>
  <rating>
   1.47
  </rating>
  <reviews>
   846871
  </reviews>
  <new>
   -
  </new>
  <sporty>
   no
  </sporty>
 </clothing>
 <clothing>
  <id>
   347146913
  </id>
  <name>
   DC Hat J-8305
  </name>
  <category>
   Hat
  </category>
  <size>
   S
  </size>
  <color>
   Голубой
  </color>
  <material>
   Кожа
  </material>
  <price>
   361784
  </price>
  <rating>
   3.92
  </rating>
  <reviews>
   246725
  </reviews>
  <exclusive>
   no
  </exclusive>
  <sporty>
   no
  </sporty>
 </clothing>
 <clothing>
  <id>
   813429661
  </id>
  <name>
   Nike Blouse X-6041
  </name>
  <category>
   Blouse
  </category>
  <size>
   M
  </size>
  <color>
   Зеленый
  </color>
  <material>
   Кожа
  </material>
  <price>
   798749
  </price>
  <rating>
   2.74
  </rating>
  <reviews>
   146961
  </reviews>
 </clothing>
 <clothing>
  <id>
   587306601
  </id>
  <name>
   Brooks Belts H-2906
  </name>
  <category>
   Belts
  </category>
  <size>
   L
  </size>
  <color>
   Фиолетовый
  </color>
  <material>
   Полиэстер
  </material>
  <price>
   584686
  </price>
  <rating>
   3.93
  </rating>
  <reviews>
   470625
  </reviews>
 </clothing>
 <clothing>
  <id>
   733868126
  </id>
  <name>
   Asics Socks B-3028
  </name>
  <category>
   Socks
  </category>
  <size>
   S
  </size>
  <color>
   Красный
  </color>
  <material>
   Хлопок
  </material>
  <price>
   910470
  </price>
  <rating>
   4.3
  </rating>
  <reviews>
   796722
  </reviews>
  <sporty>
   no
  </sporty>
 </clothing>
 <clothing>
  <id>
   467689175
  </id>
  <name>
   PleinSport Jeans N-4046
  </name>
  <category>
   Jeans
  </category>
  <size>
   XL
  </size>
  <color>
   Голубой
  </color>
  <material>
   Полиэстер
  </material>
  <price>
   724202
  </price>
  <rating>
   1.26
  </rating>
  <reviews>
   943055
  </reviews>
  <exclusive>
   no
  </exclusive>
 </clothing>
 <clothing>
  <id>
   818993875
  </id>
  <name>
   Reebok Jeans Z-9818
  </name>
  <category>
   Jeans
  </category>
  <size>
   S
  </size>
  <color>
   Оранжевый
  </color>
  <material>
   Полиэстер
  </material>
  <price>
   865296
  </price>
  <rating>
   4.51
  </rating>
  <reviews>
   535664
  </reviews>
  <new>
   +
  </new>
 </clothing>
 <clothing>
  <id>
   192211378
  </id>
  <name>
   Fila Shoes F-4674
  </name>
  <category>
   Shoes
  </category>
  <size>
   XL
  </size>
  <color>
   Фиолетовый
  </color>
  <material>
   Нейлон
  </material>
  <price>
   132896
  </price>
  <rating>
   4.45
  </rating>
  <reviews>
   722793
  </reviews>
  <new>
   -
  </new>
  <sporty>
   yes
  </sporty>
 </clothing>
 <clothing>
  <id>
   674896815
  </id>
  <name>
   New Balance Belts H-1470
  </name>
  <category>
   Belts
  </category>
  <size>
   S
  </size>
  <color>
   Синий
  </color>
  <material>
   Лен
  </material>
  <price>
   760164
  </price>
  <rating>
   3.11
  </rating>
  <reviews>
   707827
  </reviews>
  <new>
   +
  </new>
  <exclusive>
   no
  </exclusive>
  <sporty>
   no
  </sporty>
 </clothing>
 <clothing>
  <id>
   164566808
  </id>
  <name>
   Vans Sweater K-7384
  </name>
  <category>
   Sweater
  </category>
  <size>
   XXL
  </size>
  <color>
   Голубой
  </color>
  <material>
   Шелк
  </material>
  <price>
   315616
  </price>
  <rating>
   2.59
  </rating>
  <reviews>
   851934
  </reviews>
  <sporty>
   yes
  </sporty>
 </clothing>
 <clothing>
  <id>
   336703241
  </id>
  <name>
   DC Blouse X-9749
  </name>
  <category>
   Blouse
  </category>
  <size>
   L
  </size>
  <color>
   Голубой
  </color>
  <material>
   Нейлон
  </material>
  <price>
   454443
  </price>
  <rating>
   2.64
  </rating>
  <reviews>
   330736
  </reviews>
  <new>
   +
  </new>
  <exclusive>
   yes
  </exclusive>
 </clothing>
 <clothing>
  <id>
   304802233
  </id>
  <name>
   DC Handbags W-4431
  </name>
  <category>
   Handbags
  </category>
  <size>
   XL
  </size>
  <color>
   Фиолетовый
  </color>
  <material>
   Хлопок
  </material>
  <price>
   836250
  </price>
  <rating>
   4.86
  </rating>
  <reviews>
   277057
  </reviews>
  <exclusive>
   yes
  </exclusive>
  <sporty>
   no
  </sporty>
 </clothing>
 <clothing>
  <id>
   613712197
  </id>
  <name>
   Fila Skirt P-5072
  </name>
  <category>
   Skirt
  </category>
  <size>
   M
  </size>
  <color>
   Зеленый
  </color>
  <material>
   Кожа
  </material>
  <price>
   199131
  </price>
  <rating>
   1.89
  </rating>
  <reviews>
   530389
  </reviews>
  <new>
   -
  </new>
  <exclusive>
   yes
  </exclusive>
 </clothing>
 <clothing>
  <id>
   503852439
  </id>
  <name>
   Adidas T-shirt N-4728
  </name>
  <category>
   T-shirt
  </category>
  <size>
   M
  </size>
  <color>
   Зеленый
  </color>
  <material>
   Хлопок
  </material>
  <price>
   464840
  </price>
  <rating>
   1.49
  </rating>
  <reviews>
   84069
  </reviews>
  <new>
   -
  </new>
  <exclusive>
   yes
  </exclusive>
  <sporty>
   yes
  </sporty>
 </clothing>
 <clothing>
  <id>
   572363569
  </id>
  <name>
   Brooks Skirt F-8305
  </name>
  <category>
   Skirt
  </category>
  <size>
   S
  </size>
  <color>
   Синий
  </color>
  <material>
   Шелк
  </material>
  <price>
   570844
  </price>
  <rating>
   1.56
  </rating>
  <reviews>
   924387
  </reviews>
  <new>
   -
  </new>
  <sporty>
   yes
  </sporty>
 </clothing>
 <clothing>
  <id>
   892098516
  </id>
  <name>
   Puma Pants A-2130
  </name>
  <category>
   Pants
  </category>
  <size>
   XL
  </size>
  <color>
   Оранжевый
  </color>
  <material>
   Нейлон
  </material>
  <price>
   389704
  </price>
  <rating>
   1.97
  </rating>
  <reviews>
   610800
  </reviews>
 </clothing>
 <clothing>
  <id>
   733637277
  </id>
  <name>
   Addidas Handbags F-5313
  </name>
  <category>
   Handbags
  </category>
  <size>
   M
  </size>
  <color>
   Синий
  </color>
  <material>
   Шелк
  </material>
  <price>
   460831
  </price>
  <rating>
   3.32
  </rating>
  <reviews>
   155557
  </reviews>
  <exclusive>
   no
  </exclusive>
 </clothing>
 <clothing>
  <id>
   971594146
  </id>
  <name>
   Under Armour Handbags U-3651
  </name>
  <category>
   Handbags
  </category>
  <size>
   M
  </size>
  <color>
   Синий
  </color>
  <material>
   Вискоза
  </material>
  <price>
   678769
  </price>
  <rating>
   4.59
  </rating>
  <reviews>
   645977
  </reviews>
  <exclusive>
   no
  </exclusive>
  <sporty>
   no
  </sporty>
 </clothing>
 <clothing>
  <id>
   714895944
  </id>
  <name>
   Nike Dress G-5959
  </name>
  <category>
   Dress
  </category>
  <size>
   M
  </size>
  <color>
   Фиолетовый
  </color>
  <material>
   Шерсть
  </material>
  <price>
   518422
  </price>
  <rating>
   2.01
  </rating>
  <reviews>
   746119
  </reviews>
  <new>
   +
  </new>
  <exclusive>
   yes
  </exclusive>
  <sporty>
   yes
  </sporty>
 </clothing>
 <clothing>
  <id>
   356847028
  </id>
  <name>
   Under Armour Shoes I-1577
  </name>
  <category>
   Shoes
  </category>
  <size>
   S
  </size>
  <color>
   Желтый
  </color>
  <material>
   Шелк
  </material>
  <price>
   457772
  </price>
  <rating>
   4.44
  </rating>
  <reviews>
   201437
  </reviews>
  <new>
   -
  </new>
  <sporty>
   no
  </sporty>
 </clothing>
 <clothing>
  <id>
   227585604
  </id>
  <name>
   Brooks T-shirt Y-1491
  </name>
  <category>
   T-shirt
  </category>
  <size>
   S
  </size>
  <color>
   Фиолетовый
  </color>
  <material>
   Кожа
  </material>
  <price>
   122753
  </price>
  <rating>
   4.7
  </rating>
  <reviews>
   86808
  </reviews>
  <new>
   -
  </new>
 </clothing>
 <clothing>
  <id>
   393883619
  </id>
  <name>
   Adidas Jeans D-3157
  </name>
  <category>
   Jeans
  </category>
  <size>
   XXL
  </size>
  <color>
   Оранжевый
  </color>
  <material>
   Лен
  </material>
  <price>
   606612
  </price>
  <rating>
   4.09
  </rating>
  <reviews>
   919034
  </reviews>
  <sporty>
   no
  </sporty>
 </clothing>
 <clothing>
  <id>
   321705693
  </id>
  <name>
   New Balance Jacket F-7726
  </name>
  <category>
   Jacket
  </category>
  <size>
   M
  </size>
  <color>
   Фиолетовый
  </color>
  <material>
   Лен
  </material>
  <price>
   485764
  </price>
  <rating>
   4.74
  </rating>
  <reviews>
   16909
  </reviews>
  <new>
   -
  </new>
  <exclusive>
   yes
  </exclusive>
 </clothing>
 <clothing>
  <id>
   221501353
  </id>
  <name>
   Ellesse Socks P-8635
  </name>
  <category>
   Socks
  </category>
  <size>
   XXL
  </size>
  <color>
   Синий
  </color>
  <material>
   Шерсть
  </material>
  <price>
   830764
  </price>
  <rating>
   3.81
  </rating>
  <reviews>
   901063
  </reviews>
  <new>
   -
  </new>
  <exclusive>
   yes
  </exclusive>
  <sporty>
   yes
  </sporty>
 </clothing>
 <clothing>
  <id>
   659651689
  </id>
  <name>
   Lacoste Gloves L-8650
  </name>
  <category>
   Gloves
  </category>
  <size>
   S
  </size>
  <color>
   Синий
  </color>
  <material>
   Полиэстер
  </material>
  <price>
   615518
  </price>
  <rating>
   2.24
  </rating>
  <reviews>
   52502
  </reviews>
  <exclusive>
   yes
  </exclusive>
  <sporty>
   yes
  </sporty>
 </clothing>
 <clothing>
  <id>
   444062887
  </id>
  <name>
   Reebok Jeans N-8180
  </name>
  <category>
   Jeans
  </category>
  <size>
   L
  </size>
  <color>
   Синий
  </color>
  <material>
   Шерсть
  </material>
  <price>
   959140
  </price>
  <rating>
   1.22
  </rating>
  <reviews>
   388284
  </reviews>
  <sporty>
   no
  </sporty>
 </clothing>
</clothing-items>
