<?xml version="1.0" encoding="utf-8"?>
<clothing-items>
 <clothing>
  <id>
   809949762
  </id>
  <name>
   Asics Hat O-6918
  </name>
  <category>
   Hat
  </category>
  <size>
   XXL
  </size>
  <color>
   Голубой
  </color>
  <material>
   Полиэстер
  </material>
  <price>
   126760
  </price>
  <rating>
   4.21
  </rating>
  <reviews>
   671248
  </reviews>
  <new>
   -
  </new>
  <exclusive>
   no
  </exclusive>
 </clothing>
 <clothing>
  <id>
   481668348
  </id>
  <name>
   Addidas Belts Y-9834
  </name>
  <category>
   Belts
  </category>
  <size>
   XXL
  </size>
  <color>
   Зеленый
  </color>
  <material>
   Хлопок
  </material>
  <price>
   946419
  </price>
  <rating>
   2.25
  </rating>
  <reviews>
   166443
  </reviews>
  <exclusive>
   no
  </exclusive>
  <sporty>
   no
  </sporty>
 </clothing>
 <clothing>
  <id>
   365466366
  </id>
  <name>
   Asics Jeans Y-2811
  </name>
  <category>
   Jeans
  </category>
  <size>
   S
  </size>
  <color>
   Синий
  </color>
  <material>
   Шерсть
  </material>
  <price>
   624559
  </price>
  <rating>
   4.95
  </rating>
  <reviews>
   4758
  </reviews>
  <new>
   -
  </new>
  <exclusive>
   yes
  </exclusive>
  <sporty>
   yes
  </sporty>
 </clothing>
 <clothing>
  <id>
   947929522
  </id>
  <name>
   Addidas Handbags V-3443
  </name>
  <category>
   Handbags
  </category>
  <size>
   XL
  </size>
  <color>
   Голубой
  </color>
  <material>
   Шелк
  </material>
  <price>
   151361
  </price>
  <rating>
   3.61
  </rating>
  <reviews>
   31895
  </reviews>
  <new>
   +
  </new>
  <exclusive>
   no
  </exclusive>
 </clothing>
 <clothing>
  <id>
   445223721
  </id>
  <name>
   Fila Shirt B-4407
  </name>
  <category>
   Shirt
  </category>
  <size>
   L
  </size>
  <color>
   Желтый
  </color>
  <material>
   Полиэстер
  </material>
  <price>
   756361
  </price>
  <rating>
   2.3
  </rating>
  <reviews>
   619363
  </reviews>
  <new>
   -
  </new>
  <sporty>
   yes
  </sporty>
 </clothing>
 <clothing>
  <id>
   671094505
  </id>
  <name>
   Nike Shoes O-3934
  </name>
  <category>
   Shoes
  </category>
  <size>
   L
  </size>
  <color>
   Оранжевый
  </color>
  <material>
   Полиэстер
  </material>
  <price>
   197996
  </price>
  <rating>
   2.8
  </rating>
  <reviews>
   92058
  </reviews>
  <new>
   -
  </new>
  <sporty>
   no
  </sporty>
 </clothing>
 <clothing>
  <id>
   429218952
  </id>
  <name>
   Ellesse Belts D-8933
  </name>
  <category>
   Belts
  </category>
  <size>
   L
  </size>
  <color>
   Фиолетовый
  </color>
  <material>
   Шерсть
  </material>
  <price>
   164032
  </price>
  <rating>
   3.85
  </rating>
  <reviews>
   984457
  </reviews>
  <sporty>
   yes
  </sporty>
 </clothing>
 <clothing>
  <id>
   505818206
  </id>
  <name>
   Lacoste Handbags Q-1246
  </name>
  <category>
   Handbags
  </category>
  <size>
   L
  </size>
  <color>
   Зеленый
  </color>
  <material>
   Кожа
  </material>
  <price>
   973862
  </price>
  <rating>
   4.44
  </rating>
  <reviews>
   560291
  </reviews>
  <new>
   +
  </new>
  <exclusive>
   yes
  </exclusive>
  <sporty>
   no
  </sporty>
 </clothing>
 <clothing>
  <id>
   887426292
  </id>
  <name>
   New Balance Handbags W-3064
  </name>
  <category>
   Handbags
  </category>
  <size>
   S
  </size>
  <color>
   Голубой
  </color>
  <material>
   Кожа
  </material>
  <price>
   306238
  </price>
  <rating>
   4.87
  </rating>
  <reviews>
   535820
  </reviews>
  <sporty>
   yes
  </sporty>
 </clothing>
 <clothing>
  <id>
   766801234
  </id>
  <name>
   Reebok Umbrellas E-1645
  </name>
  <category>
   Umbrellas
  </category>
  <size>
   XL
  </size>
  <color>
   Оранжевый
  </color>
  <material>
   Хлопок
  </material>
  <price>
   635353
  </price>
  <rating>
   2.06
  </rating>
  <reviews>
   77955
  </reviews>
  <new>
   +
  </new>
  <sporty>
   yes
  </sporty>
 </clothing>
 <clothing>
  <id>
   203532522
  </id>
  <name>
   Converse Blouse R-8198
  </name>
  <category>
   Blouse
  </category>
  <size>
   L
  </size>
  <color>
   Красный
  </color>
  <material>
   Полиэстер
  </material>
  <price>
   790701
  </price>
  <rating>
   2.79
  </rating>
  <reviews>
   148482
  </reviews>
  <new>
   +
  </new>
  <sporty>
   yes
  </sporty>
 </clothing>
 <clothing>
  <id>
   121685742
  </id>
  <name>
   PleinSport Umbrellas N-2369
  </name>
  <category>
   Umbrellas
  </category>
  <size>
   L
  </size>
  <color>
   Зеленый
  </color>
  <material>
   Кожа
  </material>
  <price>
   777725
  </price>
  <rating>
   1.68
  </rating>
  <reviews>
   729924
  </reviews>
 </clothing>
 <clothing>
  <id>
   299468476
  </id>
  <name>
   Lacoste Pants G-1383
  </name>
  <category>
   Pants
  </category>
  <size>
   M
  </size>
  <color>
   Синий
  </color>
  <material>
   Вискоза
  </material>
  <price>
   914588
  </price>
  <rating>
   4.36
  </rating>
  <reviews>
   334790
  </reviews>
  <new>
   +
  </new>
  <exclusive>
   yes
  </exclusive>
 </clothing>
 <clothing>
  <id>
   274389261
  </id>
  <name>
   Asics Shirt G-8756
  </name>
  <category>
   Shirt
  </category>
  <size>
   S
  </size>
  <color>
   Желтый
  </color>
  <material>
   Полиэстер
  </material>
  <price>
   579319
  </price>
  <rating>
   2.83
  </rating>
  <reviews>
   161559
  </reviews>
  <new>
   +
  </new>
  <sporty>
   yes
  </sporty>
 </clothing>
 <clothing>
  <id>
   563150411
  </id>
  <name>
   Lacoste Skirt Z-8054
  </name>
  <category>
   Skirt
  </category>
  <size>
   M
  </size>
  <color>
   Красный
  </color>
  <material>
   Вискоза
  </material>
  <price>
   677290
  </price>
  <rating>
   1.9
  </rating>
  <reviews>
   453516
  </reviews>
  <new>
   +
  </new>
  <exclusive>
   yes
  </exclusive>
  <sporty>
   yes
  </sporty>
 </clothing>
 <clothing>
  <id>
   979821564
  </id>
  <name>
   Asics Shirt M-2823
  </name>
  <category>
   Shirt
  </category>
  <size>
   XL
  </size>
  <color>
   Зеленый
  </color>
  <material>
   Кожа
  </material>
  <price>
   440452
  </price>
  <rating>
   1.35
  </rating>
  <reviews>
   1473
  </reviews>
  <new>
   -
  </new>
  <sporty>
   no
  </sporty>
 </clothing>
 <clothing>
  <id>
   226425913
  </id>
  <name>
   Under Armour Gloves Z-7979
  </name>
  <category>
   Gloves
  </category>
  <size>
   S
  </size>
  <color>
   Голубой
  </color>
  <material>
   Шерсть
  </material>
  <price>
   103881
  </price>
  <rating>
   3.66
  </rating>
  <reviews>
   752292
  </reviews>
  <new>
   -
  </new>
  <exclusive>
   yes
  </exclusive>
 </clothing>
</clothing-items>
