<?xml version="1.0" encoding="utf-8"?>
<clothing-items>
 <clothing>
  <id>
   554524515
  </id>
  <name>
   Asics T-shirt R-8108
  </name>
  <category>
   T-shirt
  </category>
  <size>
   XXL
  </size>
  <color>
   Голубой
  </color>
  <material>
   Шелк
  </material>
  <price>
   104205
  </price>
  <rating>
   4.3
  </rating>
  <reviews>
   150961
  </reviews>
  <exclusive>
   no
  </exclusive>
 </clothing>
 <clothing>
  <id>
   816583006
  </id>
  <name>
   Brooks Jacket D-3153
  </name>
  <category>
   Jacket
  </category>
  <size>
   XXL
  </size>
  <color>
   Оранжевый
  </color>
  <material>
   Хлопок
  </material>
  <price>
   520758
  </price>
  <rating>
   2.39
  </rating>
  <reviews>
   527002
  </reviews>
  <exclusive>
   yes
  </exclusive>
 </clothing>
 <clothing>
  <id>
   848148413
  </id>
  <name>
   Nike Jeans Q-2384
  </name>
  <category>
   Jeans
  </category>
  <size>
   M
  </size>
  <color>
   Оранжевый
  </color>
  <material>
   Кожа
  </material>
  <price>
   460664
  </price>
  <rating>
   4.92
  </rating>
  <reviews>
   624712
  </reviews>
  <exclusive>
   no
  </exclusive>
  <sporty>
   no
  </sporty>
 </clothing>
 <clothing>
  <id>
   408863791
  </id>
  <name>
   Under Armour Shoes E-7807
  </name>
  <category>
   Shoes
  </category>
  <size>
   S
  </size>
  <color>
   Голубой
  </color>
  <material>
   Шерсть
  </material>
  <price>
   898829
  </price>
  <rating>
   2.51
  </rating>
  <reviews>
   326858
  </reviews>
  <new>
   -
  </new>
  <sporty>
   yes
  </sporty>
 </clothing>
 <clothing>
  <id>
   914595365
  </id>
  <name>
   DC Dress T-9741
  </name>
  <category>
   Dress
  </category>
  <size>
   M
  </size>
  <color>
   Зеленый
  </color>
  <material>
   Шерсть
  </material>
  <price>
   414478
  </price>
  <rating>
   4.95
  </rating>
  <reviews>
   205760
  </reviews>
  <new>
   -
  </new>
  <exclusive>
   yes
  </exclusive>
 </clothing>
 <clothing>
  <id>
   934112345
  </id>
  <name>
   Nike Belts D-1102
  </name>
  <category>
   Belts
  </category>
  <size>
   L
  </size>
  <color>
   Фиолетовый
  </color>
  <material>
   Полиэстер
  </material>
  <price>
   628150
  </price>
  <rating>
   3.27
  </rating>
  <reviews>
   129872
  </reviews>
  <new>
   -
  </new>
  <exclusive>
   no
  </exclusive>
 </clothing>
 <clothing>
  <id>
   739901613
  </id>
  <name>
   Fila Umbrellas U-6973
  </name>
  <category>
   Umbrellas
  </category>
  <size>
   XL
  </size>
  <color>
   Красный
  </color>
  <material>
   Полиэстер
  </material>
  <price>
   631480
  </price>
  <rating>
   1.38
  </rating>
  <reviews>
   62103
  </reviews>
  <new>
   +
  </new>
  <sporty>
   no
  </sporty>
 </clothing>
 <clothing>
  <id>
   452181538
  </id>
  <name>
   Converse Gloves N-2766
  </name>
  <category>
   Gloves
  </category>
  <size>
   M
  </size>
  <color>
   Оранжевый
  </color>
  <material>
   Шерсть
  </material>
  <price>
   327789
  </price>
  <rating>
   1.27
  </rating>
  <reviews>
   883660
  </reviews>
  <new>
   -
  </new>
  <exclusive>
   no
  </exclusive>
  <sporty>
   yes
  </sporty>
 </clothing>
 <clothing>
  <id>
   844852004
  </id>
  <name>
   PleinSport Gloves F-3565
  </name>
  <category>
   Gloves
  </category>
  <size>
   XL
  </size>
  <color>
   Синий
  </color>
  <material>
   Вискоза
  </material>
  <price>
   517356
  </price>
  <rating>
   2.17
  </rating>
  <reviews>
   341348
  </reviews>
  <new>
   -
  </new>
  <exclusive>
   no
  </exclusive>
 </clothing>
 <clothing>
  <id>
   658043872
  </id>
  <name>
   Vans Skirt V-4062
  </name>
  <category>
   Skirt
  </category>
  <size>
   S
  </size>
  <color>
   Красный
  </color>
  <material>
   Хлопок
  </material>
  <price>
   648731
  </price>
  <rating>
   1.46
  </rating>
  <reviews>
   476843
  </reviews>
  <sporty>
   yes
  </sporty>
 </clothing>
 <clothing>
  <id>
   230962601
  </id>
  <name>
   Puma Sweater E-4829
  </name>
  <category>
   Sweater
  </category>
  <size>
   XXL
  </size>
  <color>
   Фиолетовый
  </color>
  <material>
   Шерсть
  </material>
  <price>
   851890
  </price>
  <rating>
   3.96
  </rating>
  <reviews>
   65312
  </reviews>
  <exclusive>
   no
  </exclusive>
  <sporty>
   yes
  </sporty>
 </clothing>
 <clothing>
  <id>
   552372976
  </id>
  <name>
   Vans Blouse S-7745
  </name>
  <category>
   Blouse
  </category>
  <size>
   XXL
  </size>
  <color>
   Оранжевый
  </color>
  <material>
   Вискоза
  </material>
  <price>
   491944
  </price>
  <rating>
   3.12
  </rating>
  <reviews>
   119812
  </reviews>
  <new>
   -
  </new>
 </clothing>
 <clothing>
  <id>
   411462758
  </id>
  <name>
   Puma Blouse A-6803
  </name>
  <category>
   Blouse
  </category>
  <size>
   XL
  </size>
  <color>
   Оранжевый
  </color>
  <material>
   Вискоза
  </material>
  <price>
   605232
  </price>
  <rating>
   3.8
  </rating>
  <reviews>
   984877
  </reviews>
  <exclusive>
   no
  </exclusive>
 </clothing>
 <clothing>
  <id>
   851837230
  </id>
  <name>
   New Balance T-shirt T-9648
  </name>
  <category>
   T-shirt
  </category>
  <size>
   S
  </size>
  <color>
   Голубой
  </color>
  <material>
   Нейлон
  </material>
  <price>
   791040
  </price>
  <rating>
   1.7
  </rating>
  <reviews>
   616286
  </reviews>
  <exclusive>
   yes
  </exclusive>
 </clothing>
 <clothing>
  <id>
   901768668
  </id>
  <name>
   Brooks Handbags K-3478
  </name>
  <category>
   Handbags
  </category>
  <size>
   L
  </size>
  <color>
   Красный
  </color>
  <material>
   Лен
  </material>
  <price>
   167231
  </price>
  <rating>
   2.71
  </rating>
  <reviews>
   275193
  </reviews>
  <exclusive>
   no
  </exclusive>
 </clothing>
 <clothing>
  <id>
   558376908
  </id>
  <name>
   Lacoste Gloves Q-1486
  </name>
  <category>
   Gloves
  </category>
  <size>
   XXL
  </size>
  <color>
   Синий
  </color>
  <material>
   Вискоза
  </material>
  <price>
   677521
  </price>
  <rating>
   4.66
  </rating>
  <reviews>
   687594
  </reviews>
 </clothing>
 <clothing>
  <id>
   610110832
  </id>
  <name>
   Addidas Belts Y-9715
  </name>
  <category>
   Belts
  </category>
  <size>
   XXL
  </size>
  <color>
   Синий
  </color>
  <material>
   Вискоза
  </material>
  <price>
   434500
  </price>
  <rating>
   1.3
  </rating>
  <reviews>
   395570
  </reviews>
  <new>
   +
  </new>
  <exclusive>
   no
  </exclusive>
 </clothing>
 <clothing>
  <id>
   435976660
  </id>
  <name>
   Addidas Hat K-4076
  </name>
  <category>
   Hat
  </category>
  <size>
   S
  </size>
  <color>
   Оранжевый
  </color>
  <material>
   Вискоза
  </material>
  <price>
   916378
  </price>
  <rating>
   3.86
  </rating>
  <reviews>
   531057
  </reviews>
  <new>
   -
  </new>
  <sporty>
   no
  </sporty>
 </clothing>
 <clothing>
  <id>
   290855747
  </id>
  <name>
   Asics Jeans V-6935
  </name>
  <category>
   Jeans
  </category>
  <size>
   XXL
  </size>
  <color>
   Синий
  </color>
  <material>
   Хлопок
  </material>
  <price>
   333852
  </price>
  <rating>
   1.45
  </rating>
  <reviews>
   828510
  </reviews>
  <exclusive>
   no
  </exclusive>
 </clothing>
 <clothing>
  <id>
   752036678
  </id>
  <name>
   Reebok Jeans Y-6006
  </name>
  <category>
   Jeans
  </category>
  <size>
   XXL
  </size>
  <color>
   Зеленый
  </color>
  <material>
   Нейлон
  </material>
  <price>
   747499
  </price>
  <rating>
   3.35
  </rating>
  <reviews>
   968815
  </reviews>
  <new>
   +
  </new>
  <exclusive>
   yes
  </exclusive>
  <sporty>
   no
  </sporty>
 </clothing>
 <clothing>
  <id>
   778849276
  </id>
  <name>
   Nike Skirt X-1790
  </name>
  <category>
   Skirt
  </category>
  <size>
   L
  </size>
  <color>
   Фиолетовый
  </color>
  <material>
   Шерсть
  </material>
  <price>
   229629
  </price>
  <rating>
   4.4
  </rating>
  <reviews>
   656776
  </reviews>
  <exclusive>
   no
  </exclusive>
  <sporty>
   no
  </sporty>
 </clothing>
 <clothing>
  <id>
   325894141
  </id>
  <name>
   New Balance Pants E-8445
  </name>
  <category>
   Pants
  </category>
  <size>
   S
  </size>
  <color>
   Красный
  </color>
  <material>
   Хлопок
  </material>
  <price>
   452176
  </price>
  <rating>
   4.21
  </rating>
  <reviews>
   853167
  </reviews>
  <exclusive>
   no
  </exclusive>
  <sporty>
   no
  </sporty>
 </clothing>
 <clothing>
  <id>
   250116833
  </id>
  <name>
   DC Belts I-4782
  </name>
  <category>
   Belts
  </category>
  <size>
   M
  </size>
  <color>
   Фиолетовый
  </color>
  <material>
   Полиэстер
  </material>
  <price>
   659729
  </price>
  <rating>
   3.09
  </rating>
  <reviews>
   853892
  </reviews>
  <new>
   +
  </new>
  <exclusive>
   no
  </exclusive>
 </clothing>
 <clothing>
  <id>
   237548681
  </id>
  <name>
   Lacoste Gloves S-1559
  </name>
  <category>
   Gloves
  </category>
  <size>
   L
  </size>
  <color>
   Голубой
  </color>
  <material>
   Шелк
  </material>
  <price>
   283789
  </price>
  <rating>
   2.97
  </rating>
  <reviews>
   637822
  </reviews>
  <new>
   +
  </new>
  <sporty>
   no
  </sporty>
 </clothing>
 <clothing>
  <id>
   185080912
  </id>
  <name>
   Asics Handbags P-5033
  </name>
  <category>
   Handbags
  </category>
  <size>
   M
  </size>
  <color>
   Желтый
  </color>
  <material>
   Вискоза
  </material>
  <price>
   106976
  </price>
  <rating>
   4.77
  </rating>
  <reviews>
   906896
  </reviews>
  <new>
   -
  </new>
  <exclusive>
   yes
  </exclusive>
 </clothing>
 <clothing>
  <id>
   864907477
  </id>
  <name>
   Ellesse Socks Y-7020
  </name>
  <category>
   Socks
  </category>
  <size>
   XXL
  </size>
  <color>
   Желтый
  </color>
  <material>
   Нейлон
  </material>
  <price>
   141089
  </price>
  <rating>
   2.12
  </rating>
  <reviews>
   57901
  </reviews>
  <new>
   -
  </new>
  <exclusive>
   no
  </exclusive>
  <sporty>
   yes
  </sporty>
 </clothing>
 <clothing>
  <id>
   414474750
  </id>
  <name>
   Under Armour Hat G-5264
  </name>
  <category>
   Hat
  </category>
  <size>
   M
  </size>
  <color>
   Красный
  </color>
  <material>
   Кожа
  </material>
  <price>
   714594
  </price>
  <rating>
   3.25
  </rating>
  <reviews>
   560744
  </reviews>
  <new>
   +
  </new>
  <sporty>
   no
  </sporty>
 </clothing>
 <clothing>
  <id>
   734841269
  </id>
  <name>
   PleinSport T-shirt A-2284
  </name>
  <category>
   T-shirt
  </category>
  <size>
   L
  </size>
  <color>
   Фиолетовый
  </color>
  <material>
   Вискоза
  </material>
  <price>
   194456
  </price>
  <rating>
   3.6
  </rating>
  <reviews>
   32817
  </reviews>
  <new>
   -
  </new>
  <sporty>
   yes
  </sporty>
 </clothing>
 <clothing>
  <id>
   139383743
  </id>
  <name>
   Reebok Jeans N-3176
  </name>
  <category>
   Jeans
  </category>
  <size>
   XL
  </size>
  <color>
   Синий
  </color>
  <material>
   Полиэстер
  </material>
  <price>
   556681
  </price>
  <rating>
   1.78
  </rating>
  <reviews>
   417388
  </reviews>
  <sporty>
   no
  </sporty>
 </clothing>
 <clothing>
  <id>
   901159973
  </id>
  <name>
   Asics Shoes J-9475
  </name>
  <category>
   Shoes
  </category>
  <size>
   XXL
  </size>
  <color>
   Голубой
  </color>
  <material>
   Нейлон
  </material>
  <price>
   766047
  </price>
  <rating>
   3.72
  </rating>
  <reviews>
   490672
  </reviews>
 </clothing>
 <clothing>
  <id>
   993806629
  </id>
  <name>
   Puma Socks A-6453
  </name>
  <category>
   Socks
  </category>
  <size>
   XXL
  </size>
  <color>
   Желтый
  </color>
  <material>
   Вискоза
  </material>
  <price>
   666058
  </price>
  <rating>
   4.89
  </rating>
  <reviews>
   486678
  </reviews>
  <new>
   +
  </new>
 </clothing>
 <clothing>
  <id>
   193439249
  </id>
  <name>
   Ellesse Shirt W-4611
  </name>
  <category>
   Shirt
  </category>
  <size>
   XXL
  </size>
  <color>
   Фиолетовый
  </color>
  <material>
   Вискоза
  </material>
  <price>
   474502
  </price>
  <rating>
   2.94
  </rating>
  <reviews>
   767266
  </reviews>
  <new>
   -
  </new>
  <exclusive>
   yes
  </exclusive>
 </clothing>
 <clothing>
  <id>
   848409712
  </id>
  <name>
   Puma Handbags N-3082
  </name>
  <category>
   Handbags
  </category>
  <size>
   L
  </size>
  <color>
   Голубой
  </color>
  <material>
   Хлопок
  </material>
  <price>
   483138
  </price>
  <rating>
   1.11
  </rating>
  <reviews>
   702076
  </reviews>
  <exclusive>
   yes
  </exclusive>
  <sporty>
   yes
  </sporty>
 </clothing>
 <clothing>
  <id>
   553107108
  </id>
  <name>
   Fila Jeans P-5943
  </name>
  <category>
   Jeans
  </category>
  <size>
   M
  </size>
  <color>
   Оранжевый
  </color>
  <material>
   Кожа
  </material>
  <price>
   494138
  </price>
  <rating>
   3.69
  </rating>
  <reviews>
   963388
  </reviews>
  <exclusive>
   no
  </exclusive>
  <sporty>
   yes
  </sporty>
 </clothing>
 <clothing>
  <id>
   847238085
  </id>
  <name>
   New Balance Sweater Q-3952
  </name>
  <category>
   Sweater
  </category>
  <size>
   XL
  </size>
  <color>
   Красный
  </color>
  <material>
   Лен
  </material>
  <price>
   176178
  </price>
  <rating>
   1.78
  </rating>
  <reviews>
   150476
  </reviews>
  <new>
   +
  </new>
  <exclusive>
   no
  </exclusive>
 </clothing>
 <clothing>
  <id>
   441947506
  </id>
  <name>
   Puma Belts K-5856
  </name>
  <category>
   Belts
  </category>
  <size>
   XXL
  </size>
  <color>
   Оранжевый
  </color>
  <material>
   Полиэстер
  </material>
  <price>
   362563
  </price>
  <rating>
   2.55
  </rating>
  <reviews>
   570644
  </reviews>
  <sporty>
   yes
  </sporty>
 </clothing>
 <clothing>
  <id>
   705534540
  </id>
  <name>
   Fila Socks B-2478
  </name>
  <category>
   Socks
  </category>
  <size>
   XL
  </size>
  <color>
   Голубой
  </color>
  <material>
   Кожа
  </material>
  <price>
   187897
  </price>
  <rating>
   2.75
  </rating>
  <reviews>
   578828
  </reviews>
  <new>
   -
  </new>
  <exclusive>
   no
  </exclusive>
  <sporty>
   no
  </sporty>
 </clothing>
 <clothing>
  <id>
   585186903
  </id>
  <name>
   Asics Pants P-3737
  </name>
  <category>
   Pants
  </category>
  <size>
   XL
  </size>
  <color>
   Зеленый
  </color>
  <material>
   Шерсть
  </material>
  <price>
   606578
  </price>
  <rating>
   2.23
  </rating>
  <reviews>
   748628
  </reviews>
 </clothing>
 <clothing>
  <id>
   942593636
  </id>
  <name>
   Nike Belts R-6021
  </name>
  <category>
   Belts
  </category>
  <size>
   M
  </size>
  <color>
   Оранжевый
  </color>
  <material>
   Нейлон
  </material>
  <price>
   965239
  </price>
  <rating>
   2.97
  </rating>
  <reviews>
   999148
  </reviews>
  <new>
   -
  </new>
  <sporty>
   yes
  </sporty>
 </clothing>
 <clothing>
  <id>
   328711608
  </id>
  <name>
   Lacoste Belts G-6067
  </name>
  <category>
   Belts
  </category>
  <size>
   XXL
  </size>
  <color>
   Синий
  </color>
  <material>
   Полиэстер
  </material>
  <price>
   431820
  </price>
  <rating>
   4.52
  </rating>
  <reviews>
   972237
  </reviews>
  <new>
   -
  </new>
  <sporty>
   yes
  </sporty>
 </clothing>
 <clothing>
  <id>
   705051986
  </id>
  <name>
   Addidas Dress U-4508
  </name>
  <category>
   Dress
  </category>
  <size>
   XXL
  </size>
  <color>
   Синий
  </color>
  <material>
   Хлопок
  </material>
  <price>
   598458
  </price>
  <rating>
   1.37
  </rating>
  <reviews>
   383688
  </reviews>
  <sporty>
   no
  </sporty>
 </clothing>
 <clothing>
  <id>
   698817088
  </id>
  <name>
   Puma Socks L-4235
  </name>
  <category>
   Socks
  </category>
  <size>
   L
  </size>
  <color>
   Синий
  </color>
  <material>
   Хлопок
  </material>
  <price>
   168212
  </price>
  <rating>
   2.96
  </rating>
  <reviews>
   661786
  </reviews>
  <new>
   +
  </new>
  <exclusive>
   no
  </exclusive>
  <sporty>
   no
  </sporty>
 </clothing>
 <clothing>
  <id>
   861799371
  </id>
  <name>
   Under Armour Blouse E-4909
  </name>
  <category>
   Blouse
  </category>
  <size>
   XL
  </size>
  <color>
   Зеленый
  </color>
  <material>
   Нейлон
  </material>
  <price>
   861222
  </price>
  <rating>
   3.77
  </rating>
  <reviews>
   625774
  </reviews>
  <exclusive>
   no
  </exclusive>
  <sporty>
   no
  </sporty>
 </clothing>
</clothing-items>
