<?xml version="1.0" encoding="utf-8"?>
<clothing-items>
 <clothing>
  <id>
   194823474
  </id>
  <name>
   Ellesse Shirt U-7001
  </name>
  <category>
   Shirt
  </category>
  <size>
   M
  </size>
  <color>
   Оранжевый
  </color>
  <material>
   Полиэстер
  </material>
  <price>
   783273
  </price>
  <rating>
   1.92
  </rating>
  <reviews>
   476100
  </reviews>
  <new>
   -
  </new>
  <exclusive>
   yes
  </exclusive>
 </clothing>
 <clothing>
  <id>
   788810523
  </id>
  <name>
   Adidas Umbrellas J-8856
  </name>
  <category>
   Umbrellas
  </category>
  <size>
   L
  </size>
  <color>
   Красный
  </color>
  <material>
   Полиэстер
  </material>
  <price>
   948849
  </price>
  <rating>
   1.59
  </rating>
  <reviews>
   635798
  </reviews>
  <new>
   -
  </new>
  <exclusive>
   no
  </exclusive>
 </clothing>
 <clothing>
  <id>
   178395508
  </id>
  <name>
   New Balance Gloves O-6910
  </name>
  <category>
   Gloves
  </category>
  <size>
   S
  </size>
  <color>
   Оранжевый
  </color>
  <material>
   Полиэстер
  </material>
  <price>
   814521
  </price>
  <rating>
   3.89
  </rating>
  <reviews>
   143723
  </reviews>
  <new>
   +
  </new>
  <exclusive>
   no
  </exclusive>
 </clothing>
 <clothing>
  <id>
   153229883
  </id>
  <name>
   Lacoste Sweater P-1117
  </name>
  <category>
   Sweater
  </category>
  <size>
   XL
  </size>
  <color>
   Желтый
  </color>
  <material>
   Полиэстер
  </material>
  <price>
   537756
  </price>
  <rating>
   3.16
  </rating>
  <reviews>
   191804
  </reviews>
  <new>
   +
  </new>
  <exclusive>
   no
  </exclusive>
 </clothing>
 <clothing>
  <id>
   814201240
  </id>
  <name>
   Fila Gloves O-1790
  </name>
  <category>
   Gloves
  </category>
  <size>
   XXL
  </size>
  <color>
   Голубой
  </color>
  <material>
   Лен
  </material>
  <price>
   491889
  </price>
  <rating>
   3.88
  </rating>
  <reviews>
   879926
  </reviews>
  <exclusive>
   yes
  </exclusive>
 </clothing>
 <clothing>
  <id>
   659216077
  </id>
  <name>
   Fila Sweater F-6100
  </name>
  <category>
   Sweater
  </category>
  <size>
   L
  </size>
  <color>
   Синий
  </color>
  <material>
   Нейлон
  </material>
  <price>
   949359
  </price>
  <rating>
   1.47
  </rating>
  <reviews>
   106528
  </reviews>
  <exclusive>
   no
  </exclusive>
 </clothing>
 <clothing>
  <id>
   520704950
  </id>
  <name>
   Converse Socks B-5606
  </name>
  <category>
   Socks
  </category>
  <size>
   XXL
  </size>
  <color>
   Красный
  </color>
  <material>
   Лен
  </material>
  <price>
   937383
  </price>
  <rating>
   2.6
  </rating>
  <reviews>
   541513
  </reviews>
  <exclusive>
   no
  </exclusive>
 </clothing>
 <clothing>
  <id>
   582273210
  </id>
  <name>
   Converse Jacket W-5128
  </name>
  <category>
   Jacket
  </category>
  <size>
   XXL
  </size>
  <color>
   Зеленый
  </color>
  <material>
   Нейлон
  </material>
  <price>
   875343
  </price>
  <rating>
   2.48
  </rating>
  <reviews>
   91979
  </reviews>
  <new>
   +
  </new>
  <sporty>
   yes
  </sporty>
 </clothing>
 <clothing>
  <id>
   599942225
  </id>
  <name>
   Asics Shirt Y-2913
  </name>
  <category>
   Shirt
  </category>
  <size>
   M
  </size>
  <color>
   Голубой
  </color>
  <material>
   Шерсть
  </material>
  <price>
   797044
  </price>
  <rating>
   3.08
  </rating>
  <reviews>
   866687
  </reviews>
 </clothing>
 <clothing>
  <id>
   314987912
  </id>
  <name>
   Adidas Handbags Q-4265
  </name>
  <category>
   Handbags
  </category>
  <size>
   L
  </size>
  <color>
   Оранжевый
  </color>
  <material>
   Полиэстер
  </material>
  <price>
   887855
  </price>
  <rating>
   3.77
  </rating>
  <reviews>
   329310
  </reviews>
  <new>
   -
  </new>
  <sporty>
   no
  </sporty>
 </clothing>
 <clothing>
  <id>
   457840079
  </id>
  <name>
   Under Armour T-shirt B-2301
  </name>
  <category>
   T-shirt
  </category>
  <size>
   L
  </size>
  <color>
   Желтый
  </color>
  <material>
   Нейлон
  </material>
  <price>
   397609
  </price>
  <rating>
   3.25
  </rating>
  <reviews>
   848748
  </reviews>
  <new>
   -
  </new>
  <exclusive>
   no
  </exclusive>
  <sporty>
   no
  </sporty>
 </clothing>
 <clothing>
  <id>
   960576247
  </id>
  <name>
   Ellesse Handbags F-6874
  </name>
  <category>
   Handbags
  </category>
  <size>
   XXL
  </size>
  <color>
   Фиолетовый
  </color>
  <material>
   Нейлон
  </material>
  <price>
   559300
  </price>
  <rating>
   3.82
  </rating>
  <reviews>
   821932
  </reviews>
  <exclusive>
   yes
  </exclusive>
 </clothing>
 <clothing>
  <id>
   371966404
  </id>
  <name>
   Brooks Jacket C-5508
  </name>
  <category>
   Jacket
  </category>
  <size>
   M
  </size>
  <color>
   Синий
  </color>
  <material>
   Хлопок
  </material>
  <price>
   345636
  </price>
  <rating>
   3.28
  </rating>
  <reviews>
   11081
  </reviews>
  <new>
   -
  </new>
 </clothing>
 <clothing>
  <id>
   838483870
  </id>
  <name>
   Asics Socks M-3674
  </name>
  <category>
   Socks
  </category>
  <size>
   M
  </size>
  <color>
   Синий
  </color>
  <material>
   Нейлон
  </material>
  <price>
   255430
  </price>
  <rating>
   4.73
  </rating>
  <reviews>
   14210
  </reviews>
  <new>
   -
  </new>
 </clothing>
 <clothing>
  <id>
   558618106
  </id>
  <name>
   Puma Jeans C-3695
  </name>
  <category>
   Jeans
  </category>
  <size>
   M
  </size>
  <color>
   Голубой
  </color>
  <material>
   Полиэстер
  </material>
  <price>
   696390
  </price>
  <rating>
   3.26
  </rating>
  <reviews>
   849417
  </reviews>
  <new>
   +
  </new>
  <sporty>
   yes
  </sporty>
 </clothing>
 <clothing>
  <id>
   644352272
  </id>
  <name>
   Puma Jacket X-8945
  </name>
  <category>
   Jacket
  </category>
  <size>
   L
  </size>
  <color>
   Оранжевый
  </color>
  <material>
   Полиэстер
  </material>
  <price>
   589106
  </price>
  <rating>
   4.89
  </rating>
  <reviews>
   697635
  </reviews>
  <new>
   -
  </new>
  <sporty>
   no
  </sporty>
 </clothing>
 <clothing>
  <id>
   859929141
  </id>
  <name>
   Converse Jacket E-9985
  </name>
  <category>
   Jacket
  </category>
  <size>
   S
  </size>
  <color>
   Голубой
  </color>
  <material>
   Полиэстер
  </material>
  <price>
   361128
  </price>
  <rating>
   1.63
  </rating>
  <reviews>
   295937
  </reviews>
  <exclusive>
   yes
  </exclusive>
  <sporty>
   yes
  </sporty>
 </clothing>
 <clothing>
  <id>
   576248564
  </id>
  <name>
   Vans Jeans Z-9220
  </name>
  <category>
   Jeans
  </category>
  <size>
   L
  </size>
  <color>
   Голубой
  </color>
  <material>
   Полиэстер
  </material>
  <price>
   306220
  </price>
  <rating>
   1.86
  </rating>
  <reviews>
   449025
  </reviews>
  <sporty>
   yes
  </sporty>
 </clothing>
 <clothing>
  <id>
   394650328
  </id>
  <name>
   Vans Dress X-7451
  </name>
  <category>
   Dress
  </category>
  <size>
   XXL
  </size>
  <color>
   Голубой
  </color>
  <material>
   Кожа
  </material>
  <price>
   227510
  </price>
  <rating>
   3.63
  </rating>
  <reviews>
   171884
  </reviews>
  <sporty>
   no
  </sporty>
 </clothing>
 <clothing>
  <id>
   484638802
  </id>
  <name>
   Nike Blouse I-8792
  </name>
  <category>
   Blouse
  </category>
  <size>
   XL
  </size>
  <color>
   Оранжевый
  </color>
  <material>
   Шерсть
  </material>
  <price>
   983512
  </price>
  <rating>
   2.43
  </rating>
  <reviews>
   453709
  </reviews>
  <new>
   -
  </new>
  <exclusive>
   no
  </exclusive>
 </clothing>
 <clothing>
  <id>
   680868988
  </id>
  <name>
   Adidas Umbrellas X-8413
  </name>
  <category>
   Umbrellas
  </category>
  <size>
   L
  </size>
  <color>
   Оранжевый
  </color>
  <material>
   Шелк
  </material>
  <price>
   686869
  </price>
  <rating>
   1.27
  </rating>
  <reviews>
   109276
  </reviews>
  <exclusive>
   no
  </exclusive>
 </clothing>
 <clothing>
  <id>
   544992292
  </id>
  <name>
   Adidas Shoes K-9016
  </name>
  <category>
   Shoes
  </category>
  <size>
   XXL
  </size>
  <color>
   Синий
  </color>
  <material>
   Шелк
  </material>
  <price>
   186825
  </price>
  <rating>
   2.83
  </rating>
  <reviews>
   297239
  </reviews>
  <new>
   +
  </new>
  <exclusive>
   no
  </exclusive>
  <sporty>
   no
  </sporty>
 </clothing>
 <clothing>
  <id>
   553280908
  </id>
  <name>
   New Balance Pants C-7234
  </name>
  <category>
   Pants
  </category>
  <size>
   L
  </size>
  <color>
   Красный
  </color>
  <material>
   Хлопок
  </material>
  <price>
   204359
  </price>
  <rating>
   4.0
  </rating>
  <reviews>
   188074
  </reviews>
  <exclusive>
   no
  </exclusive>
  <sporty>
   no
  </sporty>
 </clothing>
 <clothing>
  <id>
   136928064
  </id>
  <name>
   Lacoste Blouse Y-5878
  </name>
  <category>
   Blouse
  </category>
  <size>
   S
  </size>
  <color>
   Желтый
  </color>
  <material>
   Кожа
  </material>
  <price>
   394500
  </price>
  <rating>
   2.72
  </rating>
  <reviews>
   162483
  </reviews>
 </clothing>
 <clothing>
  <id>
   232405804
  </id>
  <name>
   New Balance Blouse L-1219
  </name>
  <category>
   Blouse
  </category>
  <size>
   XL
  </size>
  <color>
   Зеленый
  </color>
  <material>
   Вискоза
  </material>
  <price>
   250084
  </price>
  <rating>
   1.86
  </rating>
  <reviews>
   723880
  </reviews>
  <new>
   -
  </new>
  <sporty>
   yes
  </sporty>
 </clothing>
 <clothing>
  <id>
   672616755
  </id>
  <name>
   Converse Belts E-1697
  </name>
  <category>
   Belts
  </category>
  <size>
   XL
  </size>
  <color>
   Фиолетовый
  </color>
  <material>
   Кожа
  </material>
  <price>
   791582
  </price>
  <rating>
   4.72
  </rating>
  <reviews>
   16182
  </reviews>
  <new>
   +
  </new>
  <sporty>
   no
  </sporty>
 </clothing>
 <clothing>
  <id>
   829980496
  </id>
  <name>
   Converse Dress C-9576
  </name>
  <category>
   Dress
  </category>
  <size>
   L
  </size>
  <color>
   Фиолетовый
  </color>
  <material>
   Вискоза
  </material>
  <price>
   967569
  </price>
  <rating>
   4.47
  </rating>
  <reviews>
   264805
  </reviews>
 </clothing>
 <clothing>
  <id>
   639326977
  </id>
  <name>
   PleinSport Dress S-5635
  </name>
  <category>
   Dress
  </category>
  <size>
   XL
  </size>
  <color>
   Синий
  </color>
  <material>
   Лен
  </material>
  <price>
   454971
  </price>
  <rating>
   2.16
  </rating>
  <reviews>
   392320
  </reviews>
  <new>
   -
  </new>
 </clothing>
 <clothing>
  <id>
   544457788
  </id>
  <name>
   New Balance Jacket C-7816
  </name>
  <category>
   Jacket
  </category>
  <size>
   L
  </size>
  <color>
   Зеленый
  </color>
  <material>
   Лен
  </material>
  <price>
   489501
  </price>
  <rating>
   2.32
  </rating>
  <reviews>
   504276
  </reviews>
  <new>
   -
  </new>
  <sporty>
   no
  </sporty>
 </clothing>
</clothing-items>
