<?xml version="1.0" encoding="utf-8"?>
<clothing-items>
 <clothing>
  <id>
   982894752
  </id>
  <name>
   DC Jacket Y-6345
  </name>
  <category>
   Jacket
  </category>
  <size>
   S
  </size>
  <color>
   Синий
  </color>
  <material>
   Вискоза
  </material>
  <price>
   692979
  </price>
  <rating>
   4.4
  </rating>
  <reviews>
   621052
  </reviews>
  <exclusive>
   no
  </exclusive>
  <sporty>
   yes
  </sporty>
 </clothing>
 <clothing>
  <id>
   524075781
  </id>
  <name>
   Converse Dress V-7749
  </name>
  <category>
   Dress
  </category>
  <size>
   M
  </size>
  <color>
   Желтый
  </color>
  <material>
   Лен
  </material>
  <price>
   728062
  </price>
  <rating>
   4.76
  </rating>
  <reviews>
   282939
  </reviews>
  <exclusive>
   yes
  </exclusive>
  <sporty>
   no
  </sporty>
 </clothing>
 <clothing>
  <id>
   543220153
  </id>
  <name>
   Asics Skirt M-4668
  </name>
  <category>
   Skirt
  </category>
  <size>
   S
  </size>
  <color>
   Зеленый
  </color>
  <material>
   Вискоза
  </material>
  <price>
   141811
  </price>
  <rating>
   2.29
  </rating>
  <reviews>
   842056
  </reviews>
  <new>
   -
  </new>
 </clothing>
 <clothing>
  <id>
   682951646
  </id>
  <name>
   PleinSport Blouse B-9753
  </name>
  <category>
   Blouse
  </category>
  <size>
   XL
  </size>
  <color>
   Фиолетовый
  </color>
  <material>
   Шелк
  </material>
  <price>
   377354
  </price>
  <rating>
   3.74
  </rating>
  <reviews>
   736834
  </reviews>
 </clothing>
 <clothing>
  <id>
   212060334
  </id>
  <name>
   Reebok T-shirt A-2993
  </name>
  <category>
   T-shirt
  </category>
  <size>
   L
  </size>
  <color>
   Фиолетовый
  </color>
  <material>
   Шерсть
  </material>
  <price>
   535038
  </price>
  <rating>
   3.92
  </rating>
  <reviews>
   74785
  </reviews>
  <new>
   +
  </new>
  <exclusive>
   no
  </exclusive>
 </clothing>
 <clothing>
  <id>
   271256300
  </id>
  <name>
   Asics Skirt Y-6388
  </name>
  <category>
   Skirt
  </category>
  <size>
   XL
  </size>
  <color>
   Синий
  </color>
  <material>
   Полиэстер
  </material>
  <price>
   791848
  </price>
  <rating>
   3.3
  </rating>
  <reviews>
   728731
  </reviews>
  <sporty>
   yes
  </sporty>
 </clothing>
 <clothing>
  <id>
   322200435
  </id>
  <name>
   Fila Shirt A-7955
  </name>
  <category>
   Shirt
  </category>
  <size>
   XL
  </size>
  <color>
   Зеленый
  </color>
  <material>
   Вискоза
  </material>
  <price>
   904937
  </price>
  <rating>
   1.15
  </rating>
  <reviews>
   321473
  </reviews>
  <new>
   +
  </new>
  <sporty>
   no
  </sporty>
 </clothing>
 <clothing>
  <id>
   211268376
  </id>
  <name>
   Adidas Hat V-2192
  </name>
  <category>
   Hat
  </category>
  <size>
   M
  </size>
  <color>
   Зеленый
  </color>
  <material>
   Полиэстер
  </material>
  <price>
   365141
  </price>
  <rating>
   3.95
  </rating>
  <reviews>
   882960
  </reviews>
  <new>
   +
  </new>
 </clothing>
 <clothing>
  <id>
   730862674
  </id>
  <name>
   DC Shirt J-7051
  </name>
  <category>
   Shirt
  </category>
  <size>
   L
  </size>
  <color>
   Оранжевый
  </color>
  <material>
   Кожа
  </material>
  <price>
   560113
  </price>
  <rating>
   4.85
  </rating>
  <reviews>
   996571
  </reviews>
  <sporty>
   no
  </sporty>
 </clothing>
 <clothing>
  <id>
   982061319
  </id>
  <name>
   PleinSport Belts Y-3017
  </name>
  <category>
   Belts
  </category>
  <size>
   XL
  </size>
  <color>
   Зеленый
  </color>
  <material>
   Полиэстер
  </material>
  <price>
   448558
  </price>
  <rating>
   2.17
  </rating>
  <reviews>
   905856
  </reviews>
  <new>
   +
  </new>
 </clothing>
 <clothing>
  <id>
   946690053
  </id>
  <name>
   Fila Shirt C-6919
  </name>
  <category>
   Shirt
  </category>
  <size>
   L
  </size>
  <color>
   Синий
  </color>
  <material>
   Вискоза
  </material>
  <price>
   208966
  </price>
  <rating>
   1.81
  </rating>
  <reviews>
   747424
  </reviews>
  <new>
   -
  </new>
  <exclusive>
   yes
  </exclusive>
 </clothing>
 <clothing>
  <id>
   850825324
  </id>
  <name>
   Vans Hat S-9343
  </name>
  <category>
   Hat
  </category>
  <size>
   L
  </size>
  <color>
   Желтый
  </color>
  <material>
   Лен
  </material>
  <price>
   956455
  </price>
  <rating>
   1.11
  </rating>
  <reviews>
   947491
  </reviews>
  <new>
   -
  </new>
  <sporty>
   yes
  </sporty>
 </clothing>
 <clothing>
  <id>
   817600356
  </id>
  <name>
   Addidas Sweater P-1304
  </name>
  <category>
   Sweater
  </category>
  <size>
   M
  </size>
  <color>
   Желтый
  </color>
  <material>
   Шерсть
  </material>
  <price>
   164191
  </price>
  <rating>
   4.96
  </rating>
  <reviews>
   994036
  </reviews>
  <sporty>
   yes
  </sporty>
 </clothing>
 <clothing>
  <id>
   869378796
  </id>
  <name>
   Reebok Skirt W-7989
  </name>
  <category>
   Skirt
  </category>
  <size>
   S
  </size>
  <color>
   Красный
  </color>
  <material>
   Полиэстер
  </material>
  <price>
   295310
  </price>
  <rating>
   1.08
  </rating>
  <reviews>
   917531
  </reviews>
  <new>
   -
  </new>
  <exclusive>
   no
  </exclusive>
 </clothing>
 <clothing>
  <id>
   238439303
  </id>
  <name>
   Adidas Sweater K-7164
  </name>
  <category>
   Sweater
  </category>
  <size>
   L
  </size>
  <color>
   Зеленый
  </color>
  <material>
   Шелк
  </material>
  <price>
   645186
  </price>
  <rating>
   4.86
  </rating>
  <reviews>
   28305
  </reviews>
  <exclusive>
   yes
  </exclusive>
  <sporty>
   yes
  </sporty>
 </clothing>
 <clothing>
  <id>
   551996138
  </id>
  <name>
   Adidas Gloves K-6755
  </name>
  <category>
   Gloves
  </category>
  <size>
   S
  </size>
  <color>
   Фиолетовый
  </color>
  <material>
   Лен
  </material>
  <price>
   308216
  </price>
  <rating>
   4.58
  </rating>
  <reviews>
   570509
  </reviews>
  <new>
   -
  </new>
 </clothing>
 <clothing>
  <id>
   675149261
  </id>
  <name>
   New Balance Blouse R-9271
  </name>
  <category>
   Blouse
  </category>
  <size>
   XL
  </size>
  <color>
   Красный
  </color>
  <material>
   Нейлон
  </material>
  <price>
   473937
  </price>
  <rating>
   3.39
  </rating>
  <reviews>
   932385
  </reviews>
  <new>
   -
  </new>
  <exclusive>
   no
  </exclusive>
 </clothing>
 <clothing>
  <id>
   700119144
  </id>
  <name>
   Adidas Blouse H-6302
  </name>
  <category>
   Blouse
  </category>
  <size>
   S
  </size>
  <color>
   Синий
  </color>
  <material>
   Лен
  </material>
  <price>
   749848
  </price>
  <rating>
   4.17
  </rating>
  <reviews>
   196629
  </reviews>
  <exclusive>
   yes
  </exclusive>
  <sporty>
   yes
  </sporty>
 </clothing>
 <clothing>
  <id>
   612051652
  </id>
  <name>
   Fila Blouse Z-4361
  </name>
  <category>
   Blouse
  </category>
  <size>
   M
  </size>
  <color>
   Оранжевый
  </color>
  <material>
   Шерсть
  </material>
  <price>
   378856
  </price>
  <rating>
   3.43
  </rating>
  <reviews>
   304383
  </reviews>
  <sporty>
   yes
  </sporty>
 </clothing>
</clothing-items>
