<?xml version="1.0" encoding="utf-8"?>
<clothing-items>
 <clothing>
  <id>
   678029489
  </id>
  <name>
   Addidas Blouse N-9012
  </name>
  <category>
   Blouse
  </category>
  <size>
   XL
  </size>
  <color>
   Красный
  </color>
  <material>
   Вискоза
  </material>
  <price>
   159356
  </price>
  <rating>
   4.33
  </rating>
  <reviews>
   803796
  </reviews>
  <exclusive>
   no
  </exclusive>
  <sporty>
   yes
  </sporty>
 </clothing>
 <clothing>
  <id>
   864029398
  </id>
  <name>
   Converse Shirt J-1638
  </name>
  <category>
   Shirt
  </category>
  <size>
   M
  </size>
  <color>
   Фиолетовый
  </color>
  <material>
   Вискоза
  </material>
  <price>
   629542
  </price>
  <rating>
   4.01
  </rating>
  <reviews>
   537084
  </reviews>
 </clothing>
 <clothing>
  <id>
   865826734
  </id>
  <name>
   PleinSport Dress C-3309
  </name>
  <category>
   Dress
  </category>
  <size>
   M
  </size>
  <color>
   Зеленый
  </color>
  <material>
   Лен
  </material>
  <price>
   106326
  </price>
  <rating>
   4.84
  </rating>
  <reviews>
   899211
  </reviews>
  <exclusive>
   no
  </exclusive>
  <sporty>
   yes
  </sporty>
 </clothing>
 <clothing>
  <id>
   487819620
  </id>
  <name>
   Fila Jacket U-1289
  </name>
  <category>
   Jacket
  </category>
  <size>
   S
  </size>
  <color>
   Голубой
  </color>
  <material>
   Шелк
  </material>
  <price>
   542163
  </price>
  <rating>
   1.74
  </rating>
  <reviews>
   622333
  </reviews>
  <new>
   -
  </new>
  <exclusive>
   no
  </exclusive>
  <sporty>
   yes
  </sporty>
 </clothing>
 <clothing>
  <id>
   174070699
  </id>
  <name>
   Converse Sweater O-9397
  </name>
  <category>
   Sweater
  </category>
  <size>
   XXL
  </size>
  <color>
   Голубой
  </color>
  <material>
   Хлопок
  </material>
  <price>
   227605
  </price>
  <rating>
   4.81
  </rating>
  <reviews>
   775510
  </reviews>
  <new>
   -
  </new>
  <exclusive>
   yes
  </exclusive>
  <sporty>
   no
  </sporty>
 </clothing>
 <clothing>
  <id>
   505520255
  </id>
  <name>
   Brooks Jeans O-7856
  </name>
  <category>
   Jeans
  </category>
  <size>
   XXL
  </size>
  <color>
   Фиолетовый
  </color>
  <material>
   Нейлон
  </material>
  <price>
   326338
  </price>
  <rating>
   2.83
  </rating>
  <reviews>
   397505
  </reviews>
  <exclusive>
   no
  </exclusive>
  <sporty>
   no
  </sporty>
 </clothing>
 <clothing>
  <id>
   273209048
  </id>
  <name>
   Converse Belts W-6431
  </name>
  <category>
   Belts
  </category>
  <size>
   M
  </size>
  <color>
   Зеленый
  </color>
  <material>
   Шерсть
  </material>
  <price>
   919270
  </price>
  <rating>
   1.96
  </rating>
  <reviews>
   905969
  </reviews>
  <new>
   +
  </new>
  <exclusive>
   no
  </exclusive>
 </clothing>
 <clothing>
  <id>
   805643827
  </id>
  <name>
   Fila Pants H-4271
  </name>
  <category>
   Pants
  </category>
  <size>
   L
  </size>
  <color>
   Фиолетовый
  </color>
  <material>
   Лен
  </material>
  <price>
   526459
  </price>
  <rating>
   1.99
  </rating>
  <reviews>
   84025
  </reviews>
  <sporty>
   no
  </sporty>
 </clothing>
 <clothing>
  <id>
   205132948
  </id>
  <name>
   Addidas Umbrellas Z-6044
  </name>
  <category>
   Umbrellas
  </category>
  <size>
   L
  </size>
  <color>
   Зеленый
  </color>
  <material>
   Шерсть
  </material>
  <price>
   476757
  </price>
  <rating>
   2.46
  </rating>
  <reviews>
   72138
  </reviews>
 </clothing>
 <clothing>
  <id>
   351288299
  </id>
  <name>
   PleinSport Sweater W-8360
  </name>
  <category>
   Sweater
  </category>
  <size>
   M
  </size>
  <color>
   Желтый
  </color>
  <material>
   Нейлон
  </material>
  <price>
   685402
  </price>
  <rating>
   1.14
  </rating>
  <reviews>
   903372
  </reviews>
  <new>
   -
  </new>
  <exclusive>
   yes
  </exclusive>
 </clothing>
 <clothing>
  <id>
   249323188
  </id>
  <name>
   Nike Skirt A-1808
  </name>
  <category>
   Skirt
  </category>
  <size>
   S
  </size>
  <color>
   Голубой
  </color>
  <material>
   Вискоза
  </material>
  <price>
   236666
  </price>
  <rating>
   4.63
  </rating>
  <reviews>
   377146
  </reviews>
  <new>
   -
  </new>
  <exclusive>
   no
  </exclusive>
  <sporty>
   yes
  </sporty>
 </clothing>
 <clothing>
  <id>
   754457087
  </id>
  <name>
   Under Armour Dress N-3278
  </name>
  <category>
   Dress
  </category>
  <size>
   XL
  </size>
  <color>
   Красный
  </color>
  <material>
   Кожа
  </material>
  <price>
   574885
  </price>
  <rating>
   1.52
  </rating>
  <reviews>
   642664
  </reviews>
  <exclusive>
   no
  </exclusive>
  <sporty>
   yes
  </sporty>
 </clothing>
 <clothing>
  <id>
   869111063
  </id>
  <name>
   Asics Jeans C-4771
  </name>
  <category>
   Jeans
  </category>
  <size>
   M
  </size>
  <color>
   Красный
  </color>
  <material>
   Шелк
  </material>
  <price>
   187932
  </price>
  <rating>
   4.63
  </rating>
  <reviews>
   653729
  </reviews>
 </clothing>
 <clothing>
  <id>
   376723006
  </id>
  <name>
   Under Armour Umbrellas U-6379
  </name>
  <category>
   Umbrellas
  </category>
  <size>
   XXL
  </size>
  <color>
   Оранжевый
  </color>
  <material>
   Шелк
  </material>
  <price>
   968851
  </price>
  <rating>
   3.29
  </rating>
  <reviews>
   440768
  </reviews>
  <new>
   -
  </new>
  <sporty>
   no
  </sporty>
 </clothing>
 <clothing>
  <id>
   458945335
  </id>
  <name>
   DC Socks L-5602
  </name>
  <category>
   Socks
  </category>
  <size>
   M
  </size>
  <color>
   Синий
  </color>
  <material>
   Хлопок
  </material>
  <price>
   379308
  </price>
  <rating>
   1.62
  </rating>
  <reviews>
   483521
  </reviews>
  <exclusive>
   no
  </exclusive>
  <sporty>
   no
  </sporty>
 </clothing>
 <clothing>
  <id>
   365549648
  </id>
  <name>
   Brooks Jeans D-7480
  </name>
  <category>
   Jeans
  </category>
  <size>
   XXL
  </size>
  <color>
   Оранжевый
  </color>
  <material>
   Лен
  </material>
  <price>
   507967
  </price>
  <rating>
   3.39
  </rating>
  <reviews>
   576541
  </reviews>
  <new>
   +
  </new>
  <exclusive>
   yes
  </exclusive>
  <sporty>
   no
  </sporty>
 </clothing>
 <clothing>
  <id>
   946056094
  </id>
  <name>
   PleinSport Socks P-2833
  </name>
  <category>
   Socks
  </category>
  <size>
   L
  </size>
  <color>
   Голубой
  </color>
  <material>
   Шерсть
  </material>
  <price>
   404252
  </price>
  <rating>
   2.39
  </rating>
  <reviews>
   475200
  </reviews>
  <sporty>
   yes
  </sporty>
 </clothing>
 <clothing>
  <id>
   788088552
  </id>
  <name>
   Under Armour Skirt U-2443
  </name>
  <category>
   Skirt
  </category>
  <size>
   M
  </size>
  <color>
   Синий
  </color>
  <material>
   Кожа
  </material>
  <price>
   740309
  </price>
  <rating>
   2.6
  </rating>
  <reviews>
   26232
  </reviews>
  <new>
   -
  </new>
 </clothing>
 <clothing>
  <id>
   929270279
  </id>
  <name>
   Adidas Skirt G-1740
  </name>
  <category>
   Skirt
  </category>
  <size>
   L
  </size>
  <color>
   Желтый
  </color>
  <material>
   Шелк
  </material>
  <price>
   694675
  </price>
  <rating>
   2.76
  </rating>
  <reviews>
   244691
  </reviews>
  <new>
   -
  </new>
  <exclusive>
   yes
  </exclusive>
  <sporty>
   yes
  </sporty>
 </clothing>
 <clothing>
  <id>
   716428137
  </id>
  <name>
   Reebok Blouse L-3568
  </name>
  <category>
   Blouse
  </category>
  <size>
   XL
  </size>
  <color>
   Голубой
  </color>
  <material>
   Нейлон
  </material>
  <price>
   952984
  </price>
  <rating>
   3.23
  </rating>
  <reviews>
   154309
  </reviews>
  <sporty>
   no
  </sporty>
 </clothing>
 <clothing>
  <id>
   219423123
  </id>
  <name>
   Adidas Jeans G-4768
  </name>
  <category>
   Jeans
  </category>
  <size>
   S
  </size>
  <color>
   Зеленый
  </color>
  <material>
   Шелк
  </material>
  <price>
   890595
  </price>
  <rating>
   2.42
  </rating>
  <reviews>
   131104
  </reviews>
  <new>
   +
  </new>
  <exclusive>
   no
  </exclusive>
 </clothing>
 <clothing>
  <id>
   931356964
  </id>
  <name>
   Under Armour Hat X-9634
  </name>
  <category>
   Hat
  </category>
  <size>
   XL
  </size>
  <color>
   Красный
  </color>
  <material>
   Лен
  </material>
  <price>
   114174
  </price>
  <rating>
   4.33
  </rating>
  <reviews>
   641906
  </reviews>
  <new>
   -
  </new>
  <exclusive>
   no
  </exclusive>
  <sporty>
   no
  </sporty>
 </clothing>
 <clothing>
  <id>
   899487787
  </id>
  <name>
   Under Armour Dress A-4645
  </name>
  <category>
   Dress
  </category>
  <size>
   XL
  </size>
  <color>
   Желтый
  </color>
  <material>
   Шерсть
  </material>
  <price>
   260692
  </price>
  <rating>
   1.13
  </rating>
  <reviews>
   441592
  </reviews>
  <new>
   +
  </new>
  <exclusive>
   no
  </exclusive>
  <sporty>
   no
  </sporty>
 </clothing>
 <clothing>
  <id>
   215931674
  </id>
  <name>
   Asics Pants C-5994
  </name>
  <category>
   Pants
  </category>
  <size>
   L
  </size>
  <color>
   Фиолетовый
  </color>
  <material>
   Вискоза
  </material>
  <price>
   493659
  </price>
  <rating>
   3.63
  </rating>
  <reviews>
   845060
  </reviews>
  <new>
   -
  </new>
  <exclusive>
   yes
  </exclusive>
  <sporty>
   no
  </sporty>
 </clothing>
 <clothing>
  <id>
   155798906
  </id>
  <name>
   New Balance Handbags K-9695
  </name>
  <category>
   Handbags
  </category>
  <size>
   M
  </size>
  <color>
   Синий
  </color>
  <material>
   Шелк
  </material>
  <price>
   229224
  </price>
  <rating>
   3.9
  </rating>
  <reviews>
   680597
  </reviews>
  <new>
   -
  </new>
  <sporty>
   yes
  </sporty>
 </clothing>
 <clothing>
  <id>
   513729226
  </id>
  <name>
   Converse Umbrellas O-7810
  </name>
  <category>
   Umbrellas
  </category>
  <size>
   M
  </size>
  <color>
   Красный
  </color>
  <material>
   Лен
  </material>
  <price>
   970242
  </price>
  <rating>
   2.69
  </rating>
  <reviews>
   810655
  </reviews>
  <new>
   +
  </new>
  <sporty>
   yes
  </sporty>
 </clothing>
 <clothing>
  <id>
   278517400
  </id>
  <name>
   Adidas Handbags N-3387
  </name>
  <category>
   Handbags
  </category>
  <size>
   S
  </size>
  <color>
   Голубой
  </color>
  <material>
   Кожа
  </material>
  <price>
   415504
  </price>
  <rating>
   4.45
  </rating>
  <reviews>
   888666
  </reviews>
  <exclusive>
   yes
  </exclusive>
  <sporty>
   no
  </sporty>
 </clothing>
 <clothing>
  <id>
   595231810
  </id>
  <name>
   Adidas Sweater Q-8052
  </name>
  <category>
   Sweater
  </category>
  <size>
   L
  </size>
  <color>
   Красный
  </color>
  <material>
   Лен
  </material>
  <price>
   833165
  </price>
  <rating>
   2.67
  </rating>
  <reviews>
   38761
  </reviews>
  <new>
   -
  </new>
  <sporty>
   yes
  </sporty>
 </clothing>
 <clothing>
  <id>
   950005229
  </id>
  <name>
   Vans Blouse O-8343
  </name>
  <category>
   Blouse
  </category>
  <size>
   XXL
  </size>
  <color>
   Оранжевый
  </color>
  <material>
   Лен
  </material>
  <price>
   926224
  </price>
  <rating>
   1.14
  </rating>
  <reviews>
   777838
  </reviews>
  <sporty>
   yes
  </sporty>
 </clothing>
 <clothing>
  <id>
   447987293
  </id>
  <name>
   Brooks Hat L-8183
  </name>
  <category>
   Hat
  </category>
  <size>
   L
  </size>
  <color>
   Красный
  </color>
  <material>
   Кожа
  </material>
  <price>
   639684
  </price>
  <rating>
   3.09
  </rating>
  <reviews>
   467837
  </reviews>
  <exclusive>
   yes
  </exclusive>
 </clothing>
 <clothing>
  <id>
   947594127
  </id>
  <name>
   Fila Dress B-3278
  </name>
  <category>
   Dress
  </category>
  <size>
   XXL
  </size>
  <color>
   Желтый
  </color>
  <material>
   Нейлон
  </material>
  <price>
   980805
  </price>
  <rating>
   4.72
  </rating>
  <reviews>
   275433
  </reviews>
  <exclusive>
   no
  </exclusive>
 </clothing>
 <clothing>
  <id>
   897699364
  </id>
  <name>
   Fila Sweater C-2588
  </name>
  <category>
   Sweater
  </category>
  <size>
   XXL
  </size>
  <color>
   Желтый
  </color>
  <material>
   Шерсть
  </material>
  <price>
   644351
  </price>
  <rating>
   4.71
  </rating>
  <reviews>
   229437
  </reviews>
  <new>
   -
  </new>
  <sporty>
   no
  </sporty>
 </clothing>
 <clothing>
  <id>
   980303741
  </id>
  <name>
   Fila Umbrellas Q-9829
  </name>
  <category>
   Umbrellas
  </category>
  <size>
   XL
  </size>
  <color>
   Голубой
  </color>
  <material>
   Шерсть
  </material>
  <price>
   584737
  </price>
  <rating>
   3.95
  </rating>
  <reviews>
   8370
  </reviews>
  <new>
   -
  </new>
  <exclusive>
   yes
  </exclusive>
 </clothing>
 <clothing>
  <id>
   894218095
  </id>
  <name>
   PleinSport Handbags O-6576
  </name>
  <category>
   Handbags
  </category>
  <size>
   XL
  </size>
  <color>
   Синий
  </color>
  <material>
   Хлопок
  </material>
  <price>
   312453
  </price>
  <rating>
   4.36
  </rating>
  <reviews>
   560626
  </reviews>
  <exclusive>
   no
  </exclusive>
  <sporty>
   yes
  </sporty>
 </clothing>
 <clothing>
  <id>
   243261931
  </id>
  <name>
   Nike Hat Q-2546
  </name>
  <category>
   Hat
  </category>
  <size>
   S
  </size>
  <color>
   Синий
  </color>
  <material>
   Вискоза
  </material>
  <price>
   217879
  </price>
  <rating>
   1.66
  </rating>
  <reviews>
   814471
  </reviews>
  <new>
   -
  </new>
 </clothing>
</clothing-items>
