<?xml version="1.0" encoding="utf-8"?>
<clothing-items>
 <clothing>
  <id>
   471801637
  </id>
  <name>
   Fila Blouse P-3566
  </name>
  <category>
   Blouse
  </category>
  <size>
   S
  </size>
  <color>
   Желтый
  </color>
  <material>
   Шерсть
  </material>
  <price>
   968178
  </price>
  <rating>
   1.39
  </rating>
  <reviews>
   425036
  </reviews>
  <new>
   +
  </new>
  <exclusive>
   no
  </exclusive>
 </clothing>
 <clothing>
  <id>
   957460023
  </id>
  <name>
   Asics Pants Y-6220
  </name>
  <category>
   Pants
  </category>
  <size>
   L
  </size>
  <color>
   Фиолетовый
  </color>
  <material>
   Хлопок
  </material>
  <price>
   918240
  </price>
  <rating>
   1.66
  </rating>
  <reviews>
   261797
  </reviews>
  <exclusive>
   yes
  </exclusive>
  <sporty>
   yes
  </sporty>
 </clothing>
 <clothing>
  <id>
   430659380
  </id>
  <name>
   Adidas Sweater X-1130
  </name>
  <category>
   Sweater
  </category>
  <size>
   S
  </size>
  <color>
   Желтый
  </color>
  <material>
   Нейлон
  </material>
  <price>
   264149
  </price>
  <rating>
   3.52
  </rating>
  <reviews>
   878958
  </reviews>
  <new>
   +
  </new>
  <exclusive>
   no
  </exclusive>
 </clothing>
 <clothing>
  <id>
   505823893
  </id>
  <name>
   Addidas Gloves K-2470
  </name>
  <category>
   Gloves
  </category>
  <size>
   S
  </size>
  <color>
   Синий
  </color>
  <material>
   Кожа
  </material>
  <price>
   856578
  </price>
  <rating>
   4.12
  </rating>
  <reviews>
   422228
  </reviews>
  <new>
   -
  </new>
  <exclusive>
   no
  </exclusive>
 </clothing>
 <clothing>
  <id>
   507800099
  </id>
  <name>
   Asics Skirt N-6263
  </name>
  <category>
   Skirt
  </category>
  <size>
   M
  </size>
  <color>
   Зеленый
  </color>
  <material>
   Кожа
  </material>
  <price>
   207163
  </price>
  <rating>
   4.51
  </rating>
  <reviews>
   144142
  </reviews>
  <new>
   -
  </new>
  <exclusive>
   no
  </exclusive>
  <sporty>
   no
  </sporty>
 </clothing>
 <clothing>
  <id>
   992679773
  </id>
  <name>
   Brooks Jeans O-1673
  </name>
  <category>
   Jeans
  </category>
  <size>
   M
  </size>
  <color>
   Фиолетовый
  </color>
  <material>
   Шелк
  </material>
  <price>
   970312
  </price>
  <rating>
   3.92
  </rating>
  <reviews>
   806918
  </reviews>
  <new>
   +
  </new>
  <sporty>
   yes
  </sporty>
 </clothing>
 <clothing>
  <id>
   378880452
  </id>
  <name>
   Puma T-shirt D-9594
  </name>
  <category>
   T-shirt
  </category>
  <size>
   L
  </size>
  <color>
   Голубой
  </color>
  <material>
   Кожа
  </material>
  <price>
   938369
  </price>
  <rating>
   1.32
  </rating>
  <reviews>
   674261
  </reviews>
  <exclusive>
   no
  </exclusive>
  <sporty>
   yes
  </sporty>
 </clothing>
 <clothing>
  <id>
   216625926
  </id>
  <name>
   Puma Dress J-9803
  </name>
  <category>
   Dress
  </category>
  <size>
   S
  </size>
  <color>
   Фиолетовый
  </color>
  <material>
   Шерсть
  </material>
  <price>
   194170
  </price>
  <rating>
   2.83
  </rating>
  <reviews>
   301262
  </reviews>
  <new>
   -
  </new>
  <exclusive>
   no
  </exclusive>
  <sporty>
   no
  </sporty>
 </clothing>
 <clothing>
  <id>
   304492018
  </id>
  <name>
   Ellesse Jeans R-6091
  </name>
  <category>
   Jeans
  </category>
  <size>
   XL
  </size>
  <color>
   Синий
  </color>
  <material>
   Полиэстер
  </material>
  <price>
   638214
  </price>
  <rating>
   2.53
  </rating>
  <reviews>
   479240
  </reviews>
  <new>
   +
  </new>
  <sporty>
   yes
  </sporty>
 </clothing>
 <clothing>
  <id>
   487498089
  </id>
  <name>
   Reebok Handbags Q-8508
  </name>
  <category>
   Handbags
  </category>
  <size>
   XL
  </size>
  <color>
   Голубой
  </color>
  <material>
   Кожа
  </material>
  <price>
   893176
  </price>
  <rating>
   3.13
  </rating>
  <reviews>
   290842
  </reviews>
  <exclusive>
   no
  </exclusive>
  <sporty>
   yes
  </sporty>
 </clothing>
 <clothing>
  <id>
   163165270
  </id>
  <name>
   Lacoste Jeans B-8841
  </name>
  <category>
   Jeans
  </category>
  <size>
   L
  </size>
  <color>
   Желтый
  </color>
  <material>
   Вискоза
  </material>
  <price>
   386524
  </price>
  <rating>
   3.04
  </rating>
  <reviews>
   756752
  </reviews>
  <new>
   -
  </new>
  <sporty>
   yes
  </sporty>
 </clothing>
 <clothing>
  <id>
   727480288
  </id>
  <name>
   Vans Jacket G-5556
  </name>
  <category>
   Jacket
  </category>
  <size>
   M
  </size>
  <color>
   Голубой
  </color>
  <material>
   Кожа
  </material>
  <price>
   247557
  </price>
  <rating>
   3.64
  </rating>
  <reviews>
   668486
  </reviews>
  <sporty>
   no
  </sporty>
 </clothing>
 <clothing>
  <id>
   813768855
  </id>
  <name>
   Converse Jacket B-3714
  </name>
  <category>
   Jacket
  </category>
  <size>
   XXL
  </size>
  <color>
   Синий
  </color>
  <material>
   Нейлон
  </material>
  <price>
   383924
  </price>
  <rating>
   4.29
  </rating>
  <reviews>
   637429
  </reviews>
  <new>
   +
  </new>
 </clothing>
 <clothing>
  <id>
   593460353
  </id>
  <name>
   Vans Skirt B-4473
  </name>
  <category>
   Skirt
  </category>
  <size>
   XL
  </size>
  <color>
   Синий
  </color>
  <material>
   Хлопок
  </material>
  <price>
   654132
  </price>
  <rating>
   4.0
  </rating>
  <reviews>
   262820
  </reviews>
  <exclusive>
   no
  </exclusive>
 </clothing>
 <clothing>
  <id>
   545848465
  </id>
  <name>
   Under Armour Pants D-1433
  </name>
  <category>
   Pants
  </category>
  <size>
   S
  </size>
  <color>
   Красный
  </color>
  <material>
   Полиэстер
  </material>
  <price>
   656569
  </price>
  <rating>
   2.49
  </rating>
  <reviews>
   85468
  </reviews>
  <exclusive>
   yes
  </exclusive>
  <sporty>
   no
  </sporty>
 </clothing>
 <clothing>
  <id>
   145558339
  </id>
  <name>
   Lacoste Socks O-3586
  </name>
  <category>
   Socks
  </category>
  <size>
   M
  </size>
  <color>
   Красный
  </color>
  <material>
   Шелк
  </material>
  <price>
   938280
  </price>
  <rating>
   2.95
  </rating>
  <reviews>
   573756
  </reviews>
  <sporty>
   yes
  </sporty>
 </clothing>
 <clothing>
  <id>
   994871393
  </id>
  <name>
   Ellesse Dress C-3962
  </name>
  <category>
   Dress
  </category>
  <size>
   L
  </size>
  <color>
   Фиолетовый
  </color>
  <material>
   Шерсть
  </material>
  <price>
   536333
  </price>
  <rating>
   2.11
  </rating>
  <reviews>
   677087
  </reviews>
  <new>
   -
  </new>
  <exclusive>
   no
  </exclusive>
 </clothing>
 <clothing>
  <id>
   493514052
  </id>
  <name>
   Adidas Shirt R-9269
  </name>
  <category>
   Shirt
  </category>
  <size>
   L
  </size>
  <color>
   Желтый
  </color>
  <material>
   Лен
  </material>
  <price>
   506716
  </price>
  <rating>
   2.51
  </rating>
  <reviews>
   468465
  </reviews>
  <new>
   -
  </new>
  <exclusive>
   no
  </exclusive>
  <sporty>
   no
  </sporty>
 </clothing>
 <clothing>
  <id>
   340338075
  </id>
  <name>
   Under Armour Shirt G-3729
  </name>
  <category>
   Shirt
  </category>
  <size>
   S
  </size>
  <color>
   Зеленый
  </color>
  <material>
   Полиэстер
  </material>
  <price>
   175257
  </price>
  <rating>
   1.32
  </rating>
  <reviews>
   824961
  </reviews>
  <sporty>
   no
  </sporty>
 </clothing>
 <clothing>
  <id>
   893224656
  </id>
  <name>
   Converse Jeans N-4974
  </name>
  <category>
   Jeans
  </category>
  <size>
   M
  </size>
  <color>
   Красный
  </color>
  <material>
   Шерсть
  </material>
  <price>
   508639
  </price>
  <rating>
   4.21
  </rating>
  <reviews>
   200520
  </reviews>
  <new>
   +
  </new>
  <exclusive>
   no
  </exclusive>
 </clothing>
 <clothing>
  <id>
   250745135
  </id>
  <name>
   Brooks Socks P-6964
  </name>
  <category>
   Socks
  </category>
  <size>
   S
  </size>
  <color>
   Синий
  </color>
  <material>
   Шерсть
  </material>
  <price>
   221770
  </price>
  <rating>
   4.69
  </rating>
  <reviews>
   982005
  </reviews>
  <new>
   -
  </new>
  <exclusive>
   no
  </exclusive>
  <sporty>
   yes
  </sporty>
 </clothing>
 <clothing>
  <id>
   367773126
  </id>
  <name>
   Puma Belts D-2980
  </name>
  <category>
   Belts
  </category>
  <size>
   S
  </size>
  <color>
   Фиолетовый
  </color>
  <material>
   Полиэстер
  </material>
  <price>
   103224
  </price>
  <rating>
   3.5
  </rating>
  <reviews>
   581833
  </reviews>
  <new>
   -
  </new>
  <exclusive>
   no
  </exclusive>
 </clothing>
 <clothing>
  <id>
   790118494
  </id>
  <name>
   DC Dress N-3337
  </name>
  <category>
   Dress
  </category>
  <size>
   XL
  </size>
  <color>
   Голубой
  </color>
  <material>
   Хлопок
  </material>
  <price>
   262462
  </price>
  <rating>
   3.1
  </rating>
  <reviews>
   10665
  </reviews>
  <exclusive>
   no
  </exclusive>
 </clothing>
 <clothing>
  <id>
   559784008
  </id>
  <name>
   Reebok Handbags O-1466
  </name>
  <category>
   Handbags
  </category>
  <size>
   S
  </size>
  <color>
   Желтый
  </color>
  <material>
   Вискоза
  </material>
  <price>
   436403
  </price>
  <rating>
   3.17
  </rating>
  <reviews>
   369425
  </reviews>
  <exclusive>
   no
  </exclusive>
  <sporty>
   yes
  </sporty>
 </clothing>
 <clothing>
  <id>
   302039015
  </id>
  <name>
   Nike Hat T-4923
  </name>
  <category>
   Hat
  </category>
  <size>
   XXL
  </size>
  <color>
   Синий
  </color>
  <material>
   Кожа
  </material>
  <price>
   529758
  </price>
  <rating>
   3.41
  </rating>
  <reviews>
   729098
  </reviews>
  <new>
   -
  </new>
  <exclusive>
   no
  </exclusive>
  <sporty>
   no
  </sporty>
 </clothing>
 <clothing>
  <id>
   552044453
  </id>
  <name>
   Asics Sweater Q-8021
  </name>
  <category>
   Sweater
  </category>
  <size>
   L
  </size>
  <color>
   Желтый
  </color>
  <material>
   Лен
  </material>
  <price>
   193578
  </price>
  <rating>
   2.4
  </rating>
  <reviews>
   267212
  </reviews>
  <new>
   -
  </new>
 </clothing>
 <clothing>
  <id>
   632822342
  </id>
  <name>
   Fila Pants W-1354
  </name>
  <category>
   Pants
  </category>
  <size>
   L
  </size>
  <color>
   Оранжевый
  </color>
  <material>
   Шелк
  </material>
  <price>
   982249
  </price>
  <rating>
   3.9
  </rating>
  <reviews>
   9473
  </reviews>
 </clothing>
 <clothing>
  <id>
   613247661
  </id>
  <name>
   Brooks Jeans H-6558
  </name>
  <category>
   Jeans
  </category>
  <size>
   M
  </size>
  <color>
   Зеленый
  </color>
  <material>
   Шерсть
  </material>
  <price>
   347383
  </price>
  <rating>
   3.93
  </rating>
  <reviews>
   442904
  </reviews>
  <sporty>
   no
  </sporty>
 </clothing>
 <clothing>
  <id>
   227704957
  </id>
  <name>
   DC Blouse Y-5389
  </name>
  <category>
   Blouse
  </category>
  <size>
   L
  </size>
  <color>
   Голубой
  </color>
  <material>
   Шелк
  </material>
  <price>
   113229
  </price>
  <rating>
   1.71
  </rating>
  <reviews>
   866956
  </reviews>
  <new>
   -
  </new>
  <sporty>
   no
  </sporty>
 </clothing>
 <clothing>
  <id>
   250940049
  </id>
  <name>
   Vans Sweater G-9669
  </name>
  <category>
   Sweater
  </category>
  <size>
   L
  </size>
  <color>
   Оранжевый
  </color>
  <material>
   Шерсть
  </material>
  <price>
   736025
  </price>
  <rating>
   4.37
  </rating>
  <reviews>
   197865
  </reviews>
  <new>
   +
  </new>
 </clothing>
 <clothing>
  <id>
   994440437
  </id>
  <name>
   Nike Shoes G-6691
  </name>
  <category>
   Shoes
  </category>
  <size>
   S
  </size>
  <color>
   Желтый
  </color>
  <material>
   Шелк
  </material>
  <price>
   292569
  </price>
  <rating>
   1.51
  </rating>
  <reviews>
   486820
  </reviews>
  <new>
   -
  </new>
  <exclusive>
   no
  </exclusive>
  <sporty>
   yes
  </sporty>
 </clothing>
 <clothing>
  <id>
   609615042
  </id>
  <name>
   Adidas Sweater S-3270
  </name>
  <category>
   Sweater
  </category>
  <size>
   L
  </size>
  <color>
   Голубой
  </color>
  <material>
   Хлопок
  </material>
  <price>
   375101
  </price>
  <rating>
   1.53
  </rating>
  <reviews>
   193454
  </reviews>
  <new>
   -
  </new>
  <sporty>
   no
  </sporty>
 </clothing>
 <clothing>
  <id>
   160665886
  </id>
  <name>
   Nike Belts I-8743
  </name>
  <category>
   Belts
  </category>
  <size>
   XXL
  </size>
  <color>
   Фиолетовый
  </color>
  <material>
   Лен
  </material>
  <price>
   721111
  </price>
  <rating>
   1.22
  </rating>
  <reviews>
   529256
  </reviews>
  <new>
   -
  </new>
 </clothing>
 <clothing>
  <id>
   735207096
  </id>
  <name>
   New Balance Blouse A-6068
  </name>
  <category>
   Blouse
  </category>
  <size>
   XL
  </size>
  <color>
   Голубой
  </color>
  <material>
   Лен
  </material>
  <price>
   624543
  </price>
  <rating>
   2.48
  </rating>
  <reviews>
   730336
  </reviews>
  <new>
   -
  </new>
  <exclusive>
   no
  </exclusive>
 </clothing>
 <clothing>
  <id>
   937146753
  </id>
  <name>
   Nike Belts P-6341
  </name>
  <category>
   Belts
  </category>
  <size>
   S
  </size>
  <color>
   Фиолетовый
  </color>
  <material>
   Шелк
  </material>
  <price>
   258785
  </price>
  <rating>
   1.09
  </rating>
  <reviews>
   587895
  </reviews>
  <new>
   -
  </new>
  <exclusive>
   no
  </exclusive>
  <sporty>
   no
  </sporty>
 </clothing>
 <clothing>
  <id>
   224581625
  </id>
  <name>
   Addidas Jacket H-7539
  </name>
  <category>
   Jacket
  </category>
  <size>
   M
  </size>
  <color>
   Фиолетовый
  </color>
  <material>
   Нейлон
  </material>
  <price>
   182416
  </price>
  <rating>
   4.5
  </rating>
  <reviews>
   513530
  </reviews>
  <exclusive>
   yes
  </exclusive>
 </clothing>
 <clothing>
  <id>
   204952097
  </id>
  <name>
   New Balance Dress U-3867
  </name>
  <category>
   Dress
  </category>
  <size>
   XXL
  </size>
  <color>
   Синий
  </color>
  <material>
   Кожа
  </material>
  <price>
   413290
  </price>
  <rating>
   2.87
  </rating>
  <reviews>
   600913
  </reviews>
  <exclusive>
   no
  </exclusive>
 </clothing>
</clothing-items>
