<?xml version="1.0" encoding="utf-8"?>
<clothing-items>
 <clothing>
  <id>
   235661053
  </id>
  <name>
   Puma Jacket V-2002
  </name>
  <category>
   Jacket
  </category>
  <size>
   L
  </size>
  <color>
   Синий
  </color>
  <material>
   Вискоза
  </material>
  <price>
   900756
  </price>
  <rating>
   4.04
  </rating>
  <reviews>
   945504
  </reviews>
  <exclusive>
   no
  </exclusive>
  <sporty>
   no
  </sporty>
 </clothing>
 <clothing>
  <id>
   495773658
  </id>
  <name>
   Brooks Dress C-4144
  </name>
  <category>
   Dress
  </category>
  <size>
   S
  </size>
  <color>
   Голубой
  </color>
  <material>
   Хлопок
  </material>
  <price>
   392093
  </price>
  <rating>
   1.05
  </rating>
  <reviews>
   108787
  </reviews>
  <new>
   -
  </new>
  <exclusive>
   no
  </exclusive>
  <sporty>
   no
  </sporty>
 </clothing>
 <clothing>
  <id>
   286214003
  </id>
  <name>
   Puma Belts S-5031
  </name>
  <category>
   Belts
  </category>
  <size>
   S
  </size>
  <color>
   Красный
  </color>
  <material>
   Кожа
  </material>
  <price>
   987507
  </price>
  <rating>
   3.45
  </rating>
  <reviews>
   812733
  </reviews>
  <new>
   +
  </new>
  <exclusive>
   no
  </exclusive>
 </clothing>
 <clothing>
  <id>
   637865069
  </id>
  <name>
   Lacoste Gloves X-2697
  </name>
  <category>
   Gloves
  </category>
  <size>
   XXL
  </size>
  <color>
   Фиолетовый
  </color>
  <material>
   Вискоза
  </material>
  <price>
   973465
  </price>
  <rating>
   1.49
  </rating>
  <reviews>
   740769
  </reviews>
  <new>
   +
  </new>
  <sporty>
   yes
  </sporty>
 </clothing>
 <clothing>
  <id>
   144571616
  </id>
  <name>
   Under Armour Pants K-5647
  </name>
  <category>
   Pants
  </category>
  <size>
   XL
  </size>
  <color>
   Зеленый
  </color>
  <material>
   Шерсть
  </material>
  <price>
   420727
  </price>
  <rating>
   3.93
  </rating>
  <reviews>
   277369
  </reviews>
  <new>
   -
  </new>
  <exclusive>
   yes
  </exclusive>
  <sporty>
   no
  </sporty>
 </clothing>
 <clothing>
  <id>
   156691650
  </id>
  <name>
   Fila Blouse E-6911
  </name>
  <category>
   Blouse
  </category>
  <size>
   M
  </size>
  <color>
   Зеленый
  </color>
  <material>
   Шелк
  </material>
  <price>
   926548
  </price>
  <rating>
   3.47
  </rating>
  <reviews>
   765941
  </reviews>
  <sporty>
   no
  </sporty>
 </clothing>
 <clothing>
  <id>
   151794913
  </id>
  <name>
   Adidas Blouse S-8037
  </name>
  <category>
   Blouse
  </category>
  <size>
   L
  </size>
  <color>
   Синий
  </color>
  <material>
   Лен
  </material>
  <price>
   222507
  </price>
  <rating>
   4.5
  </rating>
  <reviews>
   618045
  </reviews>
  <new>
   -
  </new>
  <sporty>
   no
  </sporty>
 </clothing>
 <clothing>
  <id>
   564699044
  </id>
  <name>
   New Balance Blouse N-1332
  </name>
  <category>
   Blouse
  </category>
  <size>
   L
  </size>
  <color>
   Фиолетовый
  </color>
  <material>
   Шелк
  </material>
  <price>
   997311
  </price>
  <rating>
   1.63
  </rating>
  <reviews>
   356217
  </reviews>
  <new>
   -
  </new>
  <exclusive>
   no
  </exclusive>
 </clothing>
 <clothing>
  <id>
   847029855
  </id>
  <name>
   DC Sweater F-5299
  </name>
  <category>
   Sweater
  </category>
  <size>
   L
  </size>
  <color>
   Оранжевый
  </color>
  <material>
   Шелк
  </material>
  <price>
   736029
  </price>
  <rating>
   4.3
  </rating>
  <reviews>
   754401
  </reviews>
  <new>
   -
  </new>
  <sporty>
   no
  </sporty>
 </clothing>
 <clothing>
  <id>
   587894206
  </id>
  <name>
   Ellesse Pants B-3027
  </name>
  <category>
   Pants
  </category>
  <size>
   XL
  </size>
  <color>
   Красный
  </color>
  <material>
   Полиэстер
  </material>
  <price>
   657106
  </price>
  <rating>
   1.46
  </rating>
  <reviews>
   980571
  </reviews>
  <new>
   -
  </new>
  <exclusive>
   yes
  </exclusive>
 </clothing>
 <clothing>
  <id>
   841558808
  </id>
  <name>
   Asics Shoes E-2315
  </name>
  <category>
   Shoes
  </category>
  <size>
   XXL
  </size>
  <color>
   Синий
  </color>
  <material>
   Нейлон
  </material>
  <price>
   403917
  </price>
  <rating>
   2.31
  </rating>
  <reviews>
   726159
  </reviews>
  <new>
   +
  </new>
  <exclusive>
   no
  </exclusive>
  <sporty>
   yes
  </sporty>
 </clothing>
 <clothing>
  <id>
   922491532
  </id>
  <name>
   Addidas Blouse P-8175
  </name>
  <category>
   Blouse
  </category>
  <size>
   S
  </size>
  <color>
   Желтый
  </color>
  <material>
   Полиэстер
  </material>
  <price>
   526549
  </price>
  <rating>
   3.29
  </rating>
  <reviews>
   273639
  </reviews>
  <new>
   -
  </new>
  <sporty>
   no
  </sporty>
 </clothing>
 <clothing>
  <id>
   749137256
  </id>
  <name>
   Asics Sweater M-1327
  </name>
  <category>
   Sweater
  </category>
  <size>
   XXL
  </size>
  <color>
   Зеленый
  </color>
  <material>
   Нейлон
  </material>
  <price>
   370044
  </price>
  <rating>
   3.02
  </rating>
  <reviews>
   78927
  </reviews>
  <new>
   +
  </new>
  <exclusive>
   yes
  </exclusive>
 </clothing>
 <clothing>
  <id>
   450434567
  </id>
  <name>
   DC Blouse Q-9744
  </name>
  <category>
   Blouse
  </category>
  <size>
   S
  </size>
  <color>
   Фиолетовый
  </color>
  <material>
   Хлопок
  </material>
  <price>
   401920
  </price>
  <rating>
   1.24
  </rating>
  <reviews>
   468361
  </reviews>
  <sporty>
   no
  </sporty>
 </clothing>
 <clothing>
  <id>
   812229100
  </id>
  <name>
   Reebok Gloves B-3381
  </name>
  <category>
   Gloves
  </category>
  <size>
   XXL
  </size>
  <color>
   Желтый
  </color>
  <material>
   Вискоза
  </material>
  <price>
   847708
  </price>
  <rating>
   4.77
  </rating>
  <reviews>
   403628
  </reviews>
  <new>
   +
  </new>
  <sporty>
   no
  </sporty>
 </clothing>
 <clothing>
  <id>
   950464663
  </id>
  <name>
   Brooks Skirt J-9496
  </name>
  <category>
   Skirt
  </category>
  <size>
   L
  </size>
  <color>
   Фиолетовый
  </color>
  <material>
   Вискоза
  </material>
  <price>
   627357
  </price>
  <rating>
   3.47
  </rating>
  <reviews>
   990306
  </reviews>
  <new>
   +
  </new>
  <exclusive>
   no
  </exclusive>
  <sporty>
   no
  </sporty>
 </clothing>
 <clothing>
  <id>
   497299284
  </id>
  <name>
   New Balance Belts W-4809
  </name>
  <category>
   Belts
  </category>
  <size>
   XXL
  </size>
  <color>
   Голубой
  </color>
  <material>
   Нейлон
  </material>
  <price>
   654962
  </price>
  <rating>
   1.33
  </rating>
  <reviews>
   278723
  </reviews>
  <new>
   -
  </new>
  <exclusive>
   no
  </exclusive>
 </clothing>
 <clothing>
  <id>
   373331067
  </id>
  <name>
   Asics Blouse L-2882
  </name>
  <category>
   Blouse
  </category>
  <size>
   S
  </size>
  <color>
   Оранжевый
  </color>
  <material>
   Полиэстер
  </material>
  <price>
   944484
  </price>
  <rating>
   4.04
  </rating>
  <reviews>
   600363
  </reviews>
  <new>
   +
  </new>
  <exclusive>
   yes
  </exclusive>
 </clothing>
 <clothing>
  <id>
   873632831
  </id>
  <name>
   DC Handbags C-1894
  </name>
  <category>
   Handbags
  </category>
  <size>
   L
  </size>
  <color>
   Зеленый
  </color>
  <material>
   Полиэстер
  </material>
  <price>
   860307
  </price>
  <rating>
   4.38
  </rating>
  <reviews>
   500796
  </reviews>
  <new>
   -
  </new>
  <exclusive>
   no
  </exclusive>
  <sporty>
   no
  </sporty>
 </clothing>
 <clothing>
  <id>
   131812937
  </id>
  <name>
   Adidas Skirt W-1723
  </name>
  <category>
   Skirt
  </category>
  <size>
   L
  </size>
  <color>
   Синий
  </color>
  <material>
   Шелк
  </material>
  <price>
   257438
  </price>
  <rating>
   4.81
  </rating>
  <reviews>
   440830
  </reviews>
  <new>
   +
  </new>
 </clothing>
 <clothing>
  <id>
   273375024
  </id>
  <name>
   Fila Belts D-7652
  </name>
  <category>
   Belts
  </category>
  <size>
   XXL
  </size>
  <color>
   Фиолетовый
  </color>
  <material>
   Вискоза
  </material>
  <price>
   921135
  </price>
  <rating>
   4.65
  </rating>
  <reviews>
   667563
  </reviews>
  <sporty>
   yes
  </sporty>
 </clothing>
 <clothing>
  <id>
   111299547
  </id>
  <name>
   Fila Skirt A-1573
  </name>
  <category>
   Skirt
  </category>
  <size>
   XL
  </size>
  <color>
   Синий
  </color>
  <material>
   Шелк
  </material>
  <price>
   154733
  </price>
  <rating>
   3.81
  </rating>
  <reviews>
   132914
  </reviews>
  <new>
   -
  </new>
  <exclusive>
   yes
  </exclusive>
  <sporty>
   no
  </sporty>
 </clothing>
 <clothing>
  <id>
   599468713
  </id>
  <name>
   Converse T-shirt U-7691
  </name>
  <category>
   T-shirt
  </category>
  <size>
   XL
  </size>
  <color>
   Желтый
  </color>
  <material>
   Лен
  </material>
  <price>
   534961
  </price>
  <rating>
   3.33
  </rating>
  <reviews>
   364945
  </reviews>
  <new>
   +
  </new>
  <exclusive>
   yes
  </exclusive>
  <sporty>
   no
  </sporty>
 </clothing>
 <clothing>
  <id>
   221573682
  </id>
  <name>
   Adidas Umbrellas R-5274
  </name>
  <category>
   Umbrellas
  </category>
  <size>
   XL
  </size>
  <color>
   Зеленый
  </color>
  <material>
   Кожа
  </material>
  <price>
   719083
  </price>
  <rating>
   2.3
  </rating>
  <reviews>
   548092
  </reviews>
  <exclusive>
   no
  </exclusive>
  <sporty>
   yes
  </sporty>
 </clothing>
 <clothing>
  <id>
   740851519
  </id>
  <name>
   New Balance Gloves H-5455
  </name>
  <category>
   Gloves
  </category>
  <size>
   S
  </size>
  <color>
   Зеленый
  </color>
  <material>
   Лен
  </material>
  <price>
   943191
  </price>
  <rating>
   1.18
  </rating>
  <reviews>
   473285
  </reviews>
  <exclusive>
   no
  </exclusive>
 </clothing>
 <clothing>
  <id>
   437418473
  </id>
  <name>
   PleinSport Jacket Y-6757
  </name>
  <category>
   Jacket
  </category>
  <size>
   XL
  </size>
  <color>
   Оранжевый
  </color>
  <material>
   Кожа
  </material>
  <price>
   396790
  </price>
  <rating>
   3.88
  </rating>
  <reviews>
   394226
  </reviews>
  <new>
   +
  </new>
  <exclusive>
   no
  </exclusive>
  <sporty>
   yes
  </sporty>
 </clothing>
 <clothing>
  <id>
   667877252
  </id>
  <name>
   Brooks Jacket V-8745
  </name>
  <category>
   Jacket
  </category>
  <size>
   L
  </size>
  <color>
   Синий
  </color>
  <material>
   Нейлон
  </material>
  <price>
   207753
  </price>
  <rating>
   1.61
  </rating>
  <reviews>
   65303
  </reviews>
  <exclusive>
   no
  </exclusive>
  <sporty>
   yes
  </sporty>
 </clothing>
 <clothing>
  <id>
   348240126
  </id>
  <name>
   Lacoste Gloves Z-9074
  </name>
  <category>
   Gloves
  </category>
  <size>
   XXL
  </size>
  <color>
   Фиолетовый
  </color>
  <material>
   Лен
  </material>
  <price>
   717794
  </price>
  <rating>
   2.63
  </rating>
  <reviews>
   343396
  </reviews>
  <new>
   -
  </new>
  <exclusive>
   no
  </exclusive>
  <sporty>
   no
  </sporty>
 </clothing>
 <clothing>
  <id>
   697076238
  </id>
  <name>
   Lacoste Hat T-6267
  </name>
  <category>
   Hat
  </category>
  <size>
   XXL
  </size>
  <color>
   Оранжевый
  </color>
  <material>
   Шелк
  </material>
  <price>
   519674
  </price>
  <rating>
   2.56
  </rating>
  <reviews>
   621938
  </reviews>
  <new>
   -
  </new>
  <exclusive>
   yes
  </exclusive>
  <sporty>
   no
  </sporty>
 </clothing>
 <clothing>
  <id>
   498257859
  </id>
  <name>
   New Balance Shoes V-2391
  </name>
  <category>
   Shoes
  </category>
  <size>
   XL
  </size>
  <color>
   Голубой
  </color>
  <material>
   Шелк
  </material>
  <price>
   248179
  </price>
  <rating>
   3.8
  </rating>
  <reviews>
   251750
  </reviews>
  <new>
   +
  </new>
  <exclusive>
   yes
  </exclusive>
  <sporty>
   no
  </sporty>
 </clothing>
 <clothing>
  <id>
   270239903
  </id>
  <name>
   Ellesse Pants Z-3209
  </name>
  <category>
   Pants
  </category>
  <size>
   XL
  </size>
  <color>
   Желтый
  </color>
  <material>
   Кожа
  </material>
  <price>
   616628
  </price>
  <rating>
   3.39
  </rating>
  <reviews>
   512596
  </reviews>
  <new>
   -
  </new>
  <exclusive>
   no
  </exclusive>
 </clothing>
 <clothing>
  <id>
   445654716
  </id>
  <name>
   Adidas Gloves X-4182
  </name>
  <category>
   Gloves
  </category>
  <size>
   XXL
  </size>
  <color>
   Желтый
  </color>
  <material>
   Лен
  </material>
  <price>
   897069
  </price>
  <rating>
   4.25
  </rating>
  <reviews>
   370793
  </reviews>
 </clothing>
 <clothing>
  <id>
   269948998
  </id>
  <name>
   Addidas Dress D-2320
  </name>
  <category>
   Dress
  </category>
  <size>
   XL
  </size>
  <color>
   Голубой
  </color>
  <material>
   Шерсть
  </material>
  <price>
   501153
  </price>
  <rating>
   4.32
  </rating>
  <reviews>
   939825
  </reviews>
  <exclusive>
   yes
  </exclusive>
 </clothing>
 <clothing>
  <id>
   762059600
  </id>
  <name>
   Under Armour Hat O-7780
  </name>
  <category>
   Hat
  </category>
  <size>
   XXL
  </size>
  <color>
   Желтый
  </color>
  <material>
   Хлопок
  </material>
  <price>
   400403
  </price>
  <rating>
   4.13
  </rating>
  <reviews>
   300100
  </reviews>
  <new>
   -
  </new>
  <exclusive>
   yes
  </exclusive>
 </clothing>
 <clothing>
  <id>
   149904862
  </id>
  <name>
   New Balance Hat U-4857
  </name>
  <category>
   Hat
  </category>
  <size>
   M
  </size>
  <color>
   Фиолетовый
  </color>
  <material>
   Полиэстер
  </material>
  <price>
   388200
  </price>
  <rating>
   2.86
  </rating>
  <reviews>
   16210
  </reviews>
  <new>
   -
  </new>
  <exclusive>
   yes
  </exclusive>
  <sporty>
   yes
  </sporty>
 </clothing>
 <clothing>
  <id>
   453566059
  </id>
  <name>
   Addidas Belts Q-9502
  </name>
  <category>
   Belts
  </category>
  <size>
   L
  </size>
  <color>
   Красный
  </color>
  <material>
   Нейлон
  </material>
  <price>
   657663
  </price>
  <rating>
   1.53
  </rating>
  <reviews>
   437352
  </reviews>
  <new>
   -
  </new>
  <exclusive>
   no
  </exclusive>
  <sporty>
   no
  </sporty>
 </clothing>
 <clothing>
  <id>
   561352492
  </id>
  <name>
   Adidas Hat J-5050
  </name>
  <category>
   Hat
  </category>
  <size>
   L
  </size>
  <color>
   Фиолетовый
  </color>
  <material>
   Лен
  </material>
  <price>
   688557
  </price>
  <rating>
   3.09
  </rating>
  <reviews>
   221220
  </reviews>
  <new>
   +
  </new>
  <sporty>
   no
  </sporty>
 </clothing>
 <clothing>
  <id>
   922696489
  </id>
  <name>
   Brooks Hat P-6160
  </name>
  <category>
   Hat
  </category>
  <size>
   XL
  </size>
  <color>
   Фиолетовый
  </color>
  <material>
   Шерсть
  </material>
  <price>
   720300
  </price>
  <rating>
   4.92
  </rating>
  <reviews>
   92801
  </reviews>
 </clothing>
 <clothing>
  <id>
   950978454
  </id>
  <name>
   Nike Umbrellas I-3950
  </name>
  <category>
   Umbrellas
  </category>
  <size>
   S
  </size>
  <color>
   Фиолетовый
  </color>
  <material>
   Полиэстер
  </material>
  <price>
   389225
  </price>
  <rating>
   4.87
  </rating>
  <reviews>
   254275
  </reviews>
  <new>
   -
  </new>
 </clothing>
 <clothing>
  <id>
   428114207
  </id>
  <name>
   Adidas Skirt W-1924
  </name>
  <category>
   Skirt
  </category>
  <size>
   M
  </size>
  <color>
   Красный
  </color>
  <material>
   Полиэстер
  </material>
  <price>
   661357
  </price>
  <rating>
   2.79
  </rating>
  <reviews>
   569917
  </reviews>
  <sporty>
   no
  </sporty>
 </clothing>
 <clothing>
  <id>
   928529923
  </id>
  <name>
   Converse Handbags Z-4518
  </name>
  <category>
   Handbags
  </category>
  <size>
   S
  </size>
  <color>
   Зеленый
  </color>
  <material>
   Нейлон
  </material>
  <price>
   327885
  </price>
  <rating>
   2.91
  </rating>
  <reviews>
   656662
  </reviews>
  <new>
   +
  </new>
  <exclusive>
   no
  </exclusive>
 </clothing>
 <clothing>
  <id>
   704885943
  </id>
  <name>
   Converse Belts X-5383
  </name>
  <category>
   Belts
  </category>
  <size>
   L
  </size>
  <color>
   Фиолетовый
  </color>
  <material>
   Нейлон
  </material>
  <price>
   594208
  </price>
  <rating>
   4.96
  </rating>
  <reviews>
   215894
  </reviews>
  <new>
   -
  </new>
 </clothing>
 <clothing>
  <id>
   127346696
  </id>
  <name>
   Under Armour Shirt L-4523
  </name>
  <category>
   Shirt
  </category>
  <size>
   L
  </size>
  <color>
   Фиолетовый
  </color>
  <material>
   Хлопок
  </material>
  <price>
   351496
  </price>
  <rating>
   3.97
  </rating>
  <reviews>
   119248
  </reviews>
  <exclusive>
   yes
  </exclusive>
  <sporty>
   yes
  </sporty>
 </clothing>
</clothing-items>
