<?xml version="1.0" encoding="utf-8"?>
<clothing-items>
 <clothing>
  <id>
   582465301
  </id>
  <name>
   Under Armour Umbrellas D-9709
  </name>
  <category>
   Umbrellas
  </category>
  <size>
   S
  </size>
  <color>
   Зеленый
  </color>
  <material>
   Шелк
  </material>
  <price>
   978112
  </price>
  <rating>
   2.86
  </rating>
  <reviews>
   969272
  </reviews>
  <new>
   +
  </new>
 </clothing>
 <clothing>
  <id>
   252657518
  </id>
  <name>
   Adidas Jeans V-7154
  </name>
  <category>
   Jeans
  </category>
  <size>
   L
  </size>
  <color>
   Синий
  </color>
  <material>
   Лен
  </material>
  <price>
   694104
  </price>
  <rating>
   4.13
  </rating>
  <reviews>
   872998
  </reviews>
  <exclusive>
   no
  </exclusive>
  <sporty>
   no
  </sporty>
 </clothing>
 <clothing>
  <id>
   649505784
  </id>
  <name>
   Converse Gloves B-7915
  </name>
  <category>
   Gloves
  </category>
  <size>
   XL
  </size>
  <color>
   Зеленый
  </color>
  <material>
   Хлопок
  </material>
  <price>
   362164
  </price>
  <rating>
   4.25
  </rating>
  <reviews>
   645173
  </reviews>
 </clothing>
 <clothing>
  <id>
   164625275
  </id>
  <name>
   Lacoste Belts O-8515
  </name>
  <category>
   Belts
  </category>
  <size>
   S
  </size>
  <color>
   Оранжевый
  </color>
  <material>
   Шерсть
  </material>
  <price>
   951243
  </price>
  <rating>
   2.8
  </rating>
  <reviews>
   498405
  </reviews>
  <new>
   +
  </new>
  <exclusive>
   yes
  </exclusive>
 </clothing>
 <clothing>
  <id>
   334654206
  </id>
  <name>
   Fila Sweater D-7982
  </name>
  <category>
   Sweater
  </category>
  <size>
   S
  </size>
  <color>
   Синий
  </color>
  <material>
   Хлопок
  </material>
  <price>
   279500
  </price>
  <rating>
   4.63
  </rating>
  <reviews>
   457341
  </reviews>
  <new>
   -
  </new>
  <exclusive>
   yes
  </exclusive>
 </clothing>
 <clothing>
  <id>
   470562319
  </id>
  <name>
   Addidas Shirt Z-3684
  </name>
  <category>
   Shirt
  </category>
  <size>
   L
  </size>
  <color>
   Желтый
  </color>
  <material>
   Шерсть
  </material>
  <price>
   311345
  </price>
  <rating>
   3.9
  </rating>
  <reviews>
   529064
  </reviews>
  <new>
   -
  </new>
  <exclusive>
   no
  </exclusive>
  <sporty>
   no
  </sporty>
 </clothing>
 <clothing>
  <id>
   368679948
  </id>
  <name>
   Nike Handbags L-8072
  </name>
  <category>
   Handbags
  </category>
  <size>
   L
  </size>
  <color>
   Голубой
  </color>
  <material>
   Шелк
  </material>
  <price>
   685879
  </price>
  <rating>
   1.92
  </rating>
  <reviews>
   337335
  </reviews>
  <new>
   -
  </new>
  <exclusive>
   no
  </exclusive>
  <sporty>
   no
  </sporty>
 </clothing>
 <clothing>
  <id>
   199779067
  </id>
  <name>
   Addidas Sweater V-8832
  </name>
  <category>
   Sweater
  </category>
  <size>
   XL
  </size>
  <color>
   Оранжевый
  </color>
  <material>
   Вискоза
  </material>
  <price>
   998773
  </price>
  <rating>
   4.39
  </rating>
  <reviews>
   798504
  </reviews>
  <new>
   -
  </new>
  <exclusive>
   no
  </exclusive>
  <sporty>
   yes
  </sporty>
 </clothing>
 <clothing>
  <id>
   135004656
  </id>
  <name>
   Converse Blouse H-8996
  </name>
  <category>
   Blouse
  </category>
  <size>
   M
  </size>
  <color>
   Оранжевый
  </color>
  <material>
   Шерсть
  </material>
  <price>
   630685
  </price>
  <rating>
   1.9
  </rating>
  <reviews>
   694861
  </reviews>
  <new>
   +
  </new>
 </clothing>
 <clothing>
  <id>
   788820369
  </id>
  <name>
   New Balance Dress D-6761
  </name>
  <category>
   Dress
  </category>
  <size>
   M
  </size>
  <color>
   Желтый
  </color>
  <material>
   Нейлон
  </material>
  <price>
   976020
  </price>
  <rating>
   1.71
  </rating>
  <reviews>
   297676
  </reviews>
 </clothing>
 <clothing>
  <id>
   280532373
  </id>
  <name>
   Ellesse Handbags P-4350
  </name>
  <category>
   Handbags
  </category>
  <size>
   XL
  </size>
  <color>
   Фиолетовый
  </color>
  <material>
   Шерсть
  </material>
  <price>
   499334
  </price>
  <rating>
   3.95
  </rating>
  <reviews>
   750791
  </reviews>
  <exclusive>
   no
  </exclusive>
 </clothing>
 <clothing>
  <id>
   757973443
  </id>
  <name>
   Puma Pants E-2957
  </name>
  <category>
   Pants
  </category>
  <size>
   XL
  </size>
  <color>
   Желтый
  </color>
  <material>
   Полиэстер
  </material>
  <price>
   378331
  </price>
  <rating>
   3.45
  </rating>
  <reviews>
   552073
  </reviews>
  <new>
   +
  </new>
 </clothing>
 <clothing>
  <id>
   566349458
  </id>
  <name>
   New Balance Umbrellas Y-9592
  </name>
  <category>
   Umbrellas
  </category>
  <size>
   M
  </size>
  <color>
   Зеленый
  </color>
  <material>
   Шелк
  </material>
  <price>
   161454
  </price>
  <rating>
   4.82
  </rating>
  <reviews>
   604656
  </reviews>
  <exclusive>
   yes
  </exclusive>
  <sporty>
   no
  </sporty>
 </clothing>
 <clothing>
  <id>
   526480452
  </id>
  <name>
   Brooks Sweater H-7195
  </name>
  <category>
   Sweater
  </category>
  <size>
   XL
  </size>
  <color>
   Фиолетовый
  </color>
  <material>
   Шелк
  </material>
  <price>
   423300
  </price>
  <rating>
   1.01
  </rating>
  <reviews>
   784435
  </reviews>
  <new>
   -
  </new>
  <exclusive>
   no
  </exclusive>
  <sporty>
   no
  </sporty>
 </clothing>
 <clothing>
  <id>
   587446726
  </id>
  <name>
   Puma Belts N-5919
  </name>
  <category>
   Belts
  </category>
  <size>
   L
  </size>
  <color>
   Оранжевый
  </color>
  <material>
   Шерсть
  </material>
  <price>
   856457
  </price>
  <rating>
   4.83
  </rating>
  <reviews>
   687050
  </reviews>
  <exclusive>
   yes
  </exclusive>
  <sporty>
   yes
  </sporty>
 </clothing>
 <clothing>
  <id>
   599069569
  </id>
  <name>
   DC Jeans J-3711
  </name>
  <category>
   Jeans
  </category>
  <size>
   XXL
  </size>
  <color>
   Синий
  </color>
  <material>
   Шерсть
  </material>
  <price>
   922180
  </price>
  <rating>
   2.8
  </rating>
  <reviews>
   437653
  </reviews>
  <new>
   -
  </new>
  <exclusive>
   no
  </exclusive>
  <sporty>
   no
  </sporty>
 </clothing>
 <clothing>
  <id>
   205715811
  </id>
  <name>
   Vans Pants X-6315
  </name>
  <category>
   Pants
  </category>
  <size>
   M
  </size>
  <color>
   Голубой
  </color>
  <material>
   Нейлон
  </material>
  <price>
   561336
  </price>
  <rating>
   3.75
  </rating>
  <reviews>
   324266
  </reviews>
  <new>
   +
  </new>
 </clothing>
 <clothing>
  <id>
   599146742
  </id>
  <name>
   Nike Gloves P-2068
  </name>
  <category>
   Gloves
  </category>
  <size>
   L
  </size>
  <color>
   Желтый
  </color>
  <material>
   Вискоза
  </material>
  <price>
   940836
  </price>
  <rating>
   3.22
  </rating>
  <reviews>
   6174
  </reviews>
  <exclusive>
   yes
  </exclusive>
  <sporty>
   yes
  </sporty>
 </clothing>
 <clothing>
  <id>
   462470061
  </id>
  <name>
   Asics Gloves A-7259
  </name>
  <category>
   Gloves
  </category>
  <size>
   XXL
  </size>
  <color>
   Фиолетовый
  </color>
  <material>
   Полиэстер
  </material>
  <price>
   254385
  </price>
  <rating>
   4.11
  </rating>
  <reviews>
   583429
  </reviews>
  <exclusive>
   yes
  </exclusive>
  <sporty>
   yes
  </sporty>
 </clothing>
</clothing-items>
