<?xml version="1.0" encoding="utf-8"?>
<clothing-items>
 <clothing>
  <id>
   137315366
  </id>
  <name>
   DC Shirt N-1640
  </name>
  <category>
   Shirt
  </category>
  <size>
   S
  </size>
  <color>
   Зеленый
  </color>
  <material>
   Лен
  </material>
  <price>
   258919
  </price>
  <rating>
   1.21
  </rating>
  <reviews>
   128302
  </reviews>
  <exclusive>
   no
  </exclusive>
  <sporty>
   no
  </sporty>
 </clothing>
 <clothing>
  <id>
   825941897
  </id>
  <name>
   New Balance Gloves J-6239
  </name>
  <category>
   Gloves
  </category>
  <size>
   XL
  </size>
  <color>
   Оранжевый
  </color>
  <material>
   Вискоза
  </material>
  <price>
   550055
  </price>
  <rating>
   3.01
  </rating>
  <reviews>
   490639
  </reviews>
  <new>
   -
  </new>
  <exclusive>
   no
  </exclusive>
  <sporty>
   yes
  </sporty>
 </clothing>
 <clothing>
  <id>
   210701275
  </id>
  <name>
   Addidas Gloves Q-2417
  </name>
  <category>
   Gloves
  </category>
  <size>
   XXL
  </size>
  <color>
   Оранжевый
  </color>
  <material>
   Лен
  </material>
  <price>
   174183
  </price>
  <rating>
   2.19
  </rating>
  <reviews>
   849031
  </reviews>
  <new>
   -
  </new>
  <sporty>
   no
  </sporty>
 </clothing>
 <clothing>
  <id>
   850143063
  </id>
  <name>
   DC Sweater I-1774
  </name>
  <category>
   Sweater
  </category>
  <size>
   XXL
  </size>
  <color>
   Зеленый
  </color>
  <material>
   Вискоза
  </material>
  <price>
   242515
  </price>
  <rating>
   3.4
  </rating>
  <reviews>
   232515
  </reviews>
  <new>
   +
  </new>
  <exclusive>
   yes
  </exclusive>
 </clothing>
 <clothing>
  <id>
   460528429
  </id>
  <name>
   New Balance Handbags Z-2583
  </name>
  <category>
   Handbags
  </category>
  <size>
   M
  </size>
  <color>
   Синий
  </color>
  <material>
   Шелк
  </material>
  <price>
   602186
  </price>
  <rating>
   1.69
  </rating>
  <reviews>
   691227
  </reviews>
  <new>
   -
  </new>
  <exclusive>
   no
  </exclusive>
  <sporty>
   no
  </sporty>
 </clothing>
 <clothing>
  <id>
   598111233
  </id>
  <name>
   Nike Pants Y-2874
  </name>
  <category>
   Pants
  </category>
  <size>
   XL
  </size>
  <color>
   Фиолетовый
  </color>
  <material>
   Хлопок
  </material>
  <price>
   322204
  </price>
  <rating>
   2.67
  </rating>
  <reviews>
   887540
  </reviews>
  <sporty>
   no
  </sporty>
 </clothing>
 <clothing>
  <id>
   605358262
  </id>
  <name>
   Puma Shoes Y-6707
  </name>
  <category>
   Shoes
  </category>
  <size>
   XXL
  </size>
  <color>
   Оранжевый
  </color>
  <material>
   Нейлон
  </material>
  <price>
   896950
  </price>
  <rating>
   2.17
  </rating>
  <reviews>
   981559
  </reviews>
  <exclusive>
   no
  </exclusive>
  <sporty>
   yes
  </sporty>
 </clothing>
 <clothing>
  <id>
   653506558
  </id>
  <name>
   Vans Jacket P-4706
  </name>
  <category>
   Jacket
  </category>
  <size>
   S
  </size>
  <color>
   Голубой
  </color>
  <material>
   Шелк
  </material>
  <price>
   137232
  </price>
  <rating>
   1.83
  </rating>
  <reviews>
   693662
  </reviews>
  <new>
   -
  </new>
  <exclusive>
   no
  </exclusive>
 </clothing>
 <clothing>
  <id>
   418011492
  </id>
  <name>
   PleinSport Umbrellas E-5836
  </name>
  <category>
   Umbrellas
  </category>
  <size>
   XXL
  </size>
  <color>
   Желтый
  </color>
  <material>
   Полиэстер
  </material>
  <price>
   329123
  </price>
  <rating>
   3.17
  </rating>
  <reviews>
   220437
  </reviews>
  <new>
   -
  </new>
  <sporty>
   no
  </sporty>
 </clothing>
 <clothing>
  <id>
   607438007
  </id>
  <name>
   Vans Hat M-4062
  </name>
  <category>
   Hat
  </category>
  <size>
   S
  </size>
  <color>
   Зеленый
  </color>
  <material>
   Нейлон
  </material>
  <price>
   266103
  </price>
  <rating>
   3.0
  </rating>
  <reviews>
   731250
  </reviews>
  <new>
   +
  </new>
 </clothing>
 <clothing>
  <id>
   989095439
  </id>
  <name>
   Converse Sweater C-5145
  </name>
  <category>
   Sweater
  </category>
  <size>
   XL
  </size>
  <color>
   Синий
  </color>
  <material>
   Шерсть
  </material>
  <price>
   403095
  </price>
  <rating>
   4.77
  </rating>
  <reviews>
   785356
  </reviews>
  <new>
   -
  </new>
 </clothing>
 <clothing>
  <id>
   741012449
  </id>
  <name>
   Lacoste Jacket L-7242
  </name>
  <category>
   Jacket
  </category>
  <size>
   M
  </size>
  <color>
   Фиолетовый
  </color>
  <material>
   Шерсть
  </material>
  <price>
   729668
  </price>
  <rating>
   4.28
  </rating>
  <reviews>
   548255
  </reviews>
  <exclusive>
   yes
  </exclusive>
  <sporty>
   yes
  </sporty>
 </clothing>
 <clothing>
  <id>
   909890134
  </id>
  <name>
   Adidas Blouse F-6726
  </name>
  <category>
   Blouse
  </category>
  <size>
   L
  </size>
  <color>
   Оранжевый
  </color>
  <material>
   Шерсть
  </material>
  <price>
   326010
  </price>
  <rating>
   1.55
  </rating>
  <reviews>
   362304
  </reviews>
  <new>
   +
  </new>
 </clothing>
 <clothing>
  <id>
   254701396
  </id>
  <name>
   PleinSport Pants O-1339
  </name>
  <category>
   Pants
  </category>
  <size>
   L
  </size>
  <color>
   Фиолетовый
  </color>
  <material>
   Хлопок
  </material>
  <price>
   520456
  </price>
  <rating>
   2.85
  </rating>
  <reviews>
   161360
  </reviews>
  <new>
   -
  </new>
  <exclusive>
   no
  </exclusive>
 </clothing>
 <clothing>
  <id>
   293850206
  </id>
  <name>
   Reebok Sweater R-6831
  </name>
  <category>
   Sweater
  </category>
  <size>
   M
  </size>
  <color>
   Фиолетовый
  </color>
  <material>
   Лен
  </material>
  <price>
   445487
  </price>
  <rating>
   1.88
  </rating>
  <reviews>
   143984
  </reviews>
  <new>
   -
  </new>
  <exclusive>
   no
  </exclusive>
 </clothing>
 <clothing>
  <id>
   544002895
  </id>
  <name>
   Fila Jacket Y-2326
  </name>
  <category>
   Jacket
  </category>
  <size>
   XXL
  </size>
  <color>
   Зеленый
  </color>
  <material>
   Шелк
  </material>
  <price>
   602500
  </price>
  <rating>
   2.4
  </rating>
  <reviews>
   55868
  </reviews>
  <exclusive>
   no
  </exclusive>
 </clothing>
 <clothing>
  <id>
   311616427
  </id>
  <name>
   Addidas T-shirt D-7516
  </name>
  <category>
   T-shirt
  </category>
  <size>
   S
  </size>
  <color>
   Желтый
  </color>
  <material>
   Нейлон
  </material>
  <price>
   997601
  </price>
  <rating>
   4.74
  </rating>
  <reviews>
   720076
  </reviews>
  <exclusive>
   no
  </exclusive>
 </clothing>
 <clothing>
  <id>
   815127738
  </id>
  <name>
   New Balance Jacket W-1229
  </name>
  <category>
   Jacket
  </category>
  <size>
   L
  </size>
  <color>
   Оранжевый
  </color>
  <material>
   Шелк
  </material>
  <price>
   413265
  </price>
  <rating>
   3.22
  </rating>
  <reviews>
   319756
  </reviews>
  <sporty>
   yes
  </sporty>
 </clothing>
 <clothing>
  <id>
   757317601
  </id>
  <name>
   Adidas Jeans Y-9295
  </name>
  <category>
   Jeans
  </category>
  <size>
   M
  </size>
  <color>
   Красный
  </color>
  <material>
   Хлопок
  </material>
  <price>
   841718
  </price>
  <rating>
   4.2
  </rating>
  <reviews>
   453112
  </reviews>
  <exclusive>
   yes
  </exclusive>
 </clothing>
 <clothing>
  <id>
   875409956
  </id>
  <name>
   Converse Sweater N-8681
  </name>
  <category>
   Sweater
  </category>
  <size>
   XXL
  </size>
  <color>
   Оранжевый
  </color>
  <material>
   Шелк
  </material>
  <price>
   126565
  </price>
  <rating>
   1.57
  </rating>
  <reviews>
   408628
  </reviews>
  <new>
   +
  </new>
  <sporty>
   yes
  </sporty>
 </clothing>
 <clothing>
  <id>
   971007436
  </id>
  <name>
   Converse Skirt I-6379
  </name>
  <category>
   Skirt
  </category>
  <size>
   L
  </size>
  <color>
   Оранжевый
  </color>
  <material>
   Шерсть
  </material>
  <price>
   928441
  </price>
  <rating>
   3.74
  </rating>
  <reviews>
   25160
  </reviews>
  <exclusive>
   no
  </exclusive>
  <sporty>
   no
  </sporty>
 </clothing>
 <clothing>
  <id>
   297399825
  </id>
  <name>
   Brooks Jeans N-3023
  </name>
  <category>
   Jeans
  </category>
  <size>
   XL
  </size>
  <color>
   Синий
  </color>
  <material>
   Полиэстер
  </material>
  <price>
   526192
  </price>
  <rating>
   2.93
  </rating>
  <reviews>
   607997
  </reviews>
  <sporty>
   no
  </sporty>
 </clothing>
 <clothing>
  <id>
   922468618
  </id>
  <name>
   Brooks Belts V-3979
  </name>
  <category>
   Belts
  </category>
  <size>
   L
  </size>
  <color>
   Фиолетовый
  </color>
  <material>
   Шелк
  </material>
  <price>
   151271
  </price>
  <rating>
   3.92
  </rating>
  <reviews>
   157717
  </reviews>
  <exclusive>
   yes
  </exclusive>
  <sporty>
   no
  </sporty>
 </clothing>
 <clothing>
  <id>
   954280527
  </id>
  <name>
   Lacoste Handbags X-6874
  </name>
  <category>
   Handbags
  </category>
  <size>
   XXL
  </size>
  <color>
   Оранжевый
  </color>
  <material>
   Шерсть
  </material>
  <price>
   101224
  </price>
  <rating>
   2.83
  </rating>
  <reviews>
   327225
  </reviews>
  <new>
   +
  </new>
  <exclusive>
   yes
  </exclusive>
  <sporty>
   yes
  </sporty>
 </clothing>
 <clothing>
  <id>
   924646165
  </id>
  <name>
   Brooks Handbags X-8863
  </name>
  <category>
   Handbags
  </category>
  <size>
   L
  </size>
  <color>
   Желтый
  </color>
  <material>
   Кожа
  </material>
  <price>
   489880
  </price>
  <rating>
   2.44
  </rating>
  <reviews>
   533803
  </reviews>
  <new>
   +
  </new>
  <exclusive>
   no
  </exclusive>
 </clothing>
 <clothing>
  <id>
   377128188
  </id>
  <name>
   Fila Hat L-9696
  </name>
  <category>
   Hat
  </category>
  <size>
   L
  </size>
  <color>
   Фиолетовый
  </color>
  <material>
   Шерсть
  </material>
  <price>
   215727
  </price>
  <rating>
   1.84
  </rating>
  <reviews>
   47579
  </reviews>
  <exclusive>
   no
  </exclusive>
  <sporty>
   no
  </sporty>
 </clothing>
 <clothing>
  <id>
   320257319
  </id>
  <name>
   Converse Blouse R-1563
  </name>
  <category>
   Blouse
  </category>
  <size>
   L
  </size>
  <color>
   Желтый
  </color>
  <material>
   Кожа
  </material>
  <price>
   835461
  </price>
  <rating>
   1.18
  </rating>
  <reviews>
   658731
  </reviews>
  <new>
   -
  </new>
 </clothing>
 <clothing>
  <id>
   222337570
  </id>
  <name>
   Vans Hat F-7599
  </name>
  <category>
   Hat
  </category>
  <size>
   XXL
  </size>
  <color>
   Желтый
  </color>
  <material>
   Лен
  </material>
  <price>
   738314
  </price>
  <rating>
   2.69
  </rating>
  <reviews>
   917892
  </reviews>
  <new>
   -
  </new>
  <exclusive>
   no
  </exclusive>
 </clothing>
 <clothing>
  <id>
   999680156
  </id>
  <name>
   Puma Jacket L-7195
  </name>
  <category>
   Jacket
  </category>
  <size>
   L
  </size>
  <color>
   Голубой
  </color>
  <material>
   Шелк
  </material>
  <price>
   408065
  </price>
  <rating>
   2.56
  </rating>
  <reviews>
   946125
  </reviews>
  <new>
   -
  </new>
  <sporty>
   no
  </sporty>
 </clothing>
 <clothing>
  <id>
   522734402
  </id>
  <name>
   Nike Dress O-9062
  </name>
  <category>
   Dress
  </category>
  <size>
   XL
  </size>
  <color>
   Оранжевый
  </color>
  <material>
   Шелк
  </material>
  <price>
   229049
  </price>
  <rating>
   2.02
  </rating>
  <reviews>
   303656
  </reviews>
  <new>
   +
  </new>
  <sporty>
   yes
  </sporty>
 </clothing>
 <clothing>
  <id>
   624892032
  </id>
  <name>
   Nike Shoes B-2572
  </name>
  <category>
   Shoes
  </category>
  <size>
   XL
  </size>
  <color>
   Фиолетовый
  </color>
  <material>
   Вискоза
  </material>
  <price>
   835217
  </price>
  <rating>
   3.39
  </rating>
  <reviews>
   826248
  </reviews>
  <new>
   -
  </new>
  <exclusive>
   no
  </exclusive>
 </clothing>
 <clothing>
  <id>
   190608332
  </id>
  <name>
   Puma T-shirt S-8776
  </name>
  <category>
   T-shirt
  </category>
  <size>
   L
  </size>
  <color>
   Зеленый
  </color>
  <material>
   Полиэстер
  </material>
  <price>
   587511
  </price>
  <rating>
   1.32
  </rating>
  <reviews>
   182306
  </reviews>
  <exclusive>
   no
  </exclusive>
 </clothing>
 <clothing>
  <id>
   611340326
  </id>
  <name>
   Ellesse Blouse C-4493
  </name>
  <category>
   Blouse
  </category>
  <size>
   M
  </size>
  <color>
   Оранжевый
  </color>
  <material>
   Полиэстер
  </material>
  <price>
   292137
  </price>
  <rating>
   2.2
  </rating>
  <reviews>
   710848
  </reviews>
  <new>
   +
  </new>
  <exclusive>
   yes
  </exclusive>
 </clothing>
 <clothing>
  <id>
   652599725
  </id>
  <name>
   Reebok T-shirt N-5449
  </name>
  <category>
   T-shirt
  </category>
  <size>
   M
  </size>
  <color>
   Оранжевый
  </color>
  <material>
   Лен
  </material>
  <price>
   369735
  </price>
  <rating>
   4.38
  </rating>
  <reviews>
   772783
  </reviews>
  <new>
   -
  </new>
  <sporty>
   no
  </sporty>
 </clothing>
 <clothing>
  <id>
   391129547
  </id>
  <name>
   Converse Umbrellas P-5452
  </name>
  <category>
   Umbrellas
  </category>
  <size>
   XXL
  </size>
  <color>
   Фиолетовый
  </color>
  <material>
   Хлопок
  </material>
  <price>
   779373
  </price>
  <rating>
   4.63
  </rating>
  <reviews>
   33133
  </reviews>
 </clothing>
 <clothing>
  <id>
   862869714
  </id>
  <name>
   Lacoste Shirt L-9296
  </name>
  <category>
   Shirt
  </category>
  <size>
   S
  </size>
  <color>
   Голубой
  </color>
  <material>
   Лен
  </material>
  <price>
   158442
  </price>
  <rating>
   3.92
  </rating>
  <reviews>
   636230
  </reviews>
  <new>
   -
  </new>
  <exclusive>
   no
  </exclusive>
 </clothing>
 <clothing>
  <id>
   160232582
  </id>
  <name>
   PleinSport Dress F-4377
  </name>
  <category>
   Dress
  </category>
  <size>
   XXL
  </size>
  <color>
   Желтый
  </color>
  <material>
   Кожа
  </material>
  <price>
   362248
  </price>
  <rating>
   4.93
  </rating>
  <reviews>
   109593
  </reviews>
  <sporty>
   no
  </sporty>
 </clothing>
</clothing-items>
