<?xml version="1.0" encoding="utf-8"?>
<clothing-items>
 <clothing>
  <id>
   131480226
  </id>
  <name>
   Vans T-shirt S-3427
  </name>
  <category>
   T-shirt
  </category>
  <size>
   XXL
  </size>
  <color>
   Красный
  </color>
  <material>
   Лен
  </material>
  <price>
   226256
  </price>
  <rating>
   3.12
  </rating>
  <reviews>
   962124
  </reviews>
  <new>
   +
  </new>
  <exclusive>
   no
  </exclusive>
  <sporty>
   yes
  </sporty>
 </clothing>
 <clothing>
  <id>
   216645377
  </id>
  <name>
   New Balance Socks N-8025
  </name>
  <category>
   Socks
  </category>
  <size>
   L
  </size>
  <color>
   Оранжевый
  </color>
  <material>
   Нейлон
  </material>
  <price>
   890562
  </price>
  <rating>
   4.42
  </rating>
  <reviews>
   368706
  </reviews>
  <new>
   +
  </new>
  <exclusive>
   no
  </exclusive>
  <sporty>
   yes
  </sporty>
 </clothing>
 <clothing>
  <id>
   116514263
  </id>
  <name>
   New Balance Dress V-1285
  </name>
  <category>
   Dress
  </category>
  <size>
   L
  </size>
  <color>
   Фиолетовый
  </color>
  <material>
   Лен
  </material>
  <price>
   747462
  </price>
  <rating>
   1.84
  </rating>
  <reviews>
   234512
  </reviews>
  <sporty>
   no
  </sporty>
 </clothing>
 <clothing>
  <id>
   861291510
  </id>
  <name>
   Adidas Blouse G-3748
  </name>
  <category>
   Blouse
  </category>
  <size>
   M
  </size>
  <color>
   Оранжевый
  </color>
  <material>
   Шерсть
  </material>
  <price>
   668410
  </price>
  <rating>
   4.9
  </rating>
  <reviews>
   745901
  </reviews>
  <exclusive>
   no
  </exclusive>
 </clothing>
 <clothing>
  <id>
   866275341
  </id>
  <name>
   Vans Belts X-3963
  </name>
  <category>
   Belts
  </category>
  <size>
   M
  </size>
  <color>
   Желтый
  </color>
  <material>
   Полиэстер
  </material>
  <price>
   231445
  </price>
  <rating>
   4.21
  </rating>
  <reviews>
   628437
  </reviews>
  <exclusive>
   no
  </exclusive>
  <sporty>
   no
  </sporty>
 </clothing>
 <clothing>
  <id>
   858771888
  </id>
  <name>
   New Balance Jeans B-6859
  </name>
  <category>
   Jeans
  </category>
  <size>
   L
  </size>
  <color>
   Зеленый
  </color>
  <material>
   Шерсть
  </material>
  <price>
   324323
  </price>
  <rating>
   3.98
  </rating>
  <reviews>
   607178
  </reviews>
  <new>
   -
  </new>
  <exclusive>
   yes
  </exclusive>
  <sporty>
   no
  </sporty>
 </clothing>
 <clothing>
  <id>
   225495581
  </id>
  <name>
   Vans Pants D-9769
  </name>
  <category>
   Pants
  </category>
  <size>
   M
  </size>
  <color>
   Желтый
  </color>
  <material>
   Шелк
  </material>
  <price>
   336541
  </price>
  <rating>
   3.19
  </rating>
  <reviews>
   839437
  </reviews>
  <new>
   +
  </new>
  <exclusive>
   yes
  </exclusive>
  <sporty>
   yes
  </sporty>
 </clothing>
 <clothing>
  <id>
   979921609
  </id>
  <name>
   Lacoste Jacket I-8827
  </name>
  <category>
   Jacket
  </category>
  <size>
   XL
  </size>
  <color>
   Фиолетовый
  </color>
  <material>
   Хлопок
  </material>
  <price>
   459152
  </price>
  <rating>
   4.65
  </rating>
  <reviews>
   70802
  </reviews>
  <new>
   +
  </new>
 </clothing>
 <clothing>
  <id>
   634823312
  </id>
  <name>
   Adidas Socks K-2043
  </name>
  <category>
   Socks
  </category>
  <size>
   L
  </size>
  <color>
   Красный
  </color>
  <material>
   Шелк
  </material>
  <price>
   823598
  </price>
  <rating>
   2.48
  </rating>
  <reviews>
   892298
  </reviews>
  <exclusive>
   yes
  </exclusive>
  <sporty>
   no
  </sporty>
 </clothing>
 <clothing>
  <id>
   379572415
  </id>
  <name>
   Lacoste Blouse X-2514
  </name>
  <category>
   Blouse
  </category>
  <size>
   L
  </size>
  <color>
   Синий
  </color>
  <material>
   Шелк
  </material>
  <price>
   614076
  </price>
  <rating>
   1.3
  </rating>
  <reviews>
   83043
  </reviews>
  <exclusive>
   no
  </exclusive>
  <sporty>
   yes
  </sporty>
 </clothing>
 <clothing>
  <id>
   698686632
  </id>
  <name>
   Brooks Belts O-3355
  </name>
  <category>
   Belts
  </category>
  <size>
   S
  </size>
  <color>
   Красный
  </color>
  <material>
   Шерсть
  </material>
  <price>
   619591
  </price>
  <rating>
   2.98
  </rating>
  <reviews>
   713568
  </reviews>
  <new>
   -
  </new>
  <exclusive>
   no
  </exclusive>
  <sporty>
   no
  </sporty>
 </clothing>
 <clothing>
  <id>
   508784091
  </id>
  <name>
   Adidas Belts I-3143
  </name>
  <category>
   Belts
  </category>
  <size>
   M
  </size>
  <color>
   Фиолетовый
  </color>
  <material>
   Кожа
  </material>
  <price>
   828876
  </price>
  <rating>
   3.74
  </rating>
  <reviews>
   825853
  </reviews>
  <new>
   +
  </new>
  <exclusive>
   no
  </exclusive>
 </clothing>
 <clothing>
  <id>
   556814059
  </id>
  <name>
   Reebok Dress K-2659
  </name>
  <category>
   Dress
  </category>
  <size>
   M
  </size>
  <color>
   Фиолетовый
  </color>
  <material>
   Хлопок
  </material>
  <price>
   190607
  </price>
  <rating>
   3.52
  </rating>
  <reviews>
   870329
  </reviews>
  <new>
   +
  </new>
  <exclusive>
   yes
  </exclusive>
 </clothing>
 <clothing>
  <id>
   514732821
  </id>
  <name>
   Ellesse Belts E-9679
  </name>
  <category>
   Belts
  </category>
  <size>
   XL
  </size>
  <color>
   Зеленый
  </color>
  <material>
   Шелк
  </material>
  <price>
   734184
  </price>
  <rating>
   4.86
  </rating>
  <reviews>
   389082
  </reviews>
  <new>
   -
  </new>
 </clothing>
 <clothing>
  <id>
   104497474
  </id>
  <name>
   Converse Jeans G-1295
  </name>
  <category>
   Jeans
  </category>
  <size>
   M
  </size>
  <color>
   Зеленый
  </color>
  <material>
   Нейлон
  </material>
  <price>
   197247
  </price>
  <rating>
   1.94
  </rating>
  <reviews>
   127986
  </reviews>
  <new>
   -
  </new>
  <sporty>
   no
  </sporty>
 </clothing>
 <clothing>
  <id>
   515598959
  </id>
  <name>
   Brooks T-shirt M-8875
  </name>
  <category>
   T-shirt
  </category>
  <size>
   XL
  </size>
  <color>
   Оранжевый
  </color>
  <material>
   Вискоза
  </material>
  <price>
   384447
  </price>
  <rating>
   4.87
  </rating>
  <reviews>
   43753
  </reviews>
  <new>
   -
  </new>
  <exclusive>
   no
  </exclusive>
  <sporty>
   yes
  </sporty>
 </clothing>
 <clothing>
  <id>
   249551920
  </id>
  <name>
   Converse Belts T-9029
  </name>
  <category>
   Belts
  </category>
  <size>
   M
  </size>
  <color>
   Фиолетовый
  </color>
  <material>
   Шелк
  </material>
  <price>
   415527
  </price>
  <rating>
   2.15
  </rating>
  <reviews>
   539046
  </reviews>
  <new>
   +
  </new>
  <sporty>
   no
  </sporty>
 </clothing>
 <clothing>
  <id>
   947305478
  </id>
  <name>
   Converse Dress Z-1017
  </name>
  <category>
   Dress
  </category>
  <size>
   S
  </size>
  <color>
   Фиолетовый
  </color>
  <material>
   Кожа
  </material>
  <price>
   918308
  </price>
  <rating>
   3.01
  </rating>
  <reviews>
   938170
  </reviews>
  <new>
   -
  </new>
  <exclusive>
   yes
  </exclusive>
  <sporty>
   yes
  </sporty>
 </clothing>
 <clothing>
  <id>
   713890899
  </id>
  <name>
   DC Umbrellas H-1278
  </name>
  <category>
   Umbrellas
  </category>
  <size>
   XXL
  </size>
  <color>
   Красный
  </color>
  <material>
   Шелк
  </material>
  <price>
   290966
  </price>
  <rating>
   2.7
  </rating>
  <reviews>
   365581
  </reviews>
  <sporty>
   no
  </sporty>
 </clothing>
 <clothing>
  <id>
   987305280
  </id>
  <name>
   Puma Jacket C-1777
  </name>
  <category>
   Jacket
  </category>
  <size>
   S
  </size>
  <color>
   Зеленый
  </color>
  <material>
   Шелк
  </material>
  <price>
   870214
  </price>
  <rating>
   1.08
  </rating>
  <reviews>
   270467
  </reviews>
  <new>
   -
  </new>
  <exclusive>
   yes
  </exclusive>
 </clothing>
 <clothing>
  <id>
   720179353
  </id>
  <name>
   Under Armour Belts R-8088
  </name>
  <category>
   Belts
  </category>
  <size>
   L
  </size>
  <color>
   Желтый
  </color>
  <material>
   Полиэстер
  </material>
  <price>
   684910
  </price>
  <rating>
   2.06
  </rating>
  <reviews>
   927518
  </reviews>
  <new>
   -
  </new>
  <sporty>
   no
  </sporty>
 </clothing>
 <clothing>
  <id>
   372383210
  </id>
  <name>
   Vans Umbrellas H-6089
  </name>
  <category>
   Umbrellas
  </category>
  <size>
   XXL
  </size>
  <color>
   Красный
  </color>
  <material>
   Шерсть
  </material>
  <price>
   801402
  </price>
  <rating>
   2.57
  </rating>
  <reviews>
   536072
  </reviews>
  <new>
   +
  </new>
 </clothing>
 <clothing>
  <id>
   609484768
  </id>
  <name>
   Puma T-shirt Y-6709
  </name>
  <category>
   T-shirt
  </category>
  <size>
   M
  </size>
  <color>
   Оранжевый
  </color>
  <material>
   Лен
  </material>
  <price>
   288558
  </price>
  <rating>
   4.55
  </rating>
  <reviews>
   922948
  </reviews>
  <new>
   -
  </new>
  <exclusive>
   yes
  </exclusive>
  <sporty>
   no
  </sporty>
 </clothing>
 <clothing>
  <id>
   565781908
  </id>
  <name>
   Reebok Umbrellas X-2720
  </name>
  <category>
   Umbrellas
  </category>
  <size>
   XL
  </size>
  <color>
   Оранжевый
  </color>
  <material>
   Вискоза
  </material>
  <price>
   887843
  </price>
  <rating>
   4.53
  </rating>
  <reviews>
   590903
  </reviews>
  <new>
   +
  </new>
  <exclusive>
   yes
  </exclusive>
  <sporty>
   no
  </sporty>
 </clothing>
 <clothing>
  <id>
   603998969
  </id>
  <name>
   Reebok Shoes P-9342
  </name>
  <category>
   Shoes
  </category>
  <size>
   M
  </size>
  <color>
   Синий
  </color>
  <material>
   Полиэстер
  </material>
  <price>
   241980
  </price>
  <rating>
   4.47
  </rating>
  <reviews>
   651651
  </reviews>
  <new>
   +
  </new>
  <sporty>
   no
  </sporty>
 </clothing>
 <clothing>
  <id>
   701374493
  </id>
  <name>
   Under Armour Pants T-9804
  </name>
  <category>
   Pants
  </category>
  <size>
   XXL
  </size>
  <color>
   Оранжевый
  </color>
  <material>
   Хлопок
  </material>
  <price>
   277562
  </price>
  <rating>
   1.06
  </rating>
  <reviews>
   618316
  </reviews>
  <new>
   +
  </new>
 </clothing>
</clothing-items>
