<?xml version="1.0" encoding="utf-8"?>
<clothing-items>
 <clothing>
  <id>
   675585614
  </id>
  <name>
   Reebok Socks T-6010
  </name>
  <category>
   Socks
  </category>
  <size>
   M
  </size>
  <color>
   Красный
  </color>
  <material>
   Нейлон
  </material>
  <price>
   375746
  </price>
  <rating>
   3.88
  </rating>
  <reviews>
   224963
  </reviews>
  <sporty>
   yes
  </sporty>
 </clothing>
 <clothing>
  <id>
   207208619
  </id>
  <name>
   Lacoste Shirt O-4337
  </name>
  <category>
   Shirt
  </category>
  <size>
   M
  </size>
  <color>
   Голубой
  </color>
  <material>
   Шерсть
  </material>
  <price>
   352828
  </price>
  <rating>
   1.02
  </rating>
  <reviews>
   874491
  </reviews>
  <sporty>
   yes
  </sporty>
 </clothing>
 <clothing>
  <id>
   975774965
  </id>
  <name>
   Adidas Sweater O-3545
  </name>
  <category>
   Sweater
  </category>
  <size>
   S
  </size>
  <color>
   Синий
  </color>
  <material>
   Шелк
  </material>
  <price>
   440706
  </price>
  <rating>
   4.51
  </rating>
  <reviews>
   653956
  </reviews>
 </clothing>
 <clothing>
  <id>
   138382211
  </id>
  <name>
   Reebok Belts R-9604
  </name>
  <category>
   Belts
  </category>
  <size>
   XL
  </size>
  <color>
   Зеленый
  </color>
  <material>
   Лен
  </material>
  <price>
   902641
  </price>
  <rating>
   2.64
  </rating>
  <reviews>
   998721
  </reviews>
  <new>
   -
  </new>
  <exclusive>
   no
  </exclusive>
  <sporty>
   no
  </sporty>
 </clothing>
 <clothing>
  <id>
   179321800
  </id>
  <name>
   PleinSport Gloves O-9581
  </name>
  <category>
   Gloves
  </category>
  <size>
   XL
  </size>
  <color>
   Фиолетовый
  </color>
  <material>
   Нейлон
  </material>
  <price>
   834632
  </price>
  <rating>
   3.87
  </rating>
  <reviews>
   887374
  </reviews>
  <exclusive>
   yes
  </exclusive>
 </clothing>
 <clothing>
  <id>
   991817524
  </id>
  <name>
   Fila Shirt B-5706
  </name>
  <category>
   Shirt
  </category>
  <size>
   XXL
  </size>
  <color>
   Оранжевый
  </color>
  <material>
   Хлопок
  </material>
  <price>
   161733
  </price>
  <rating>
   1.6
  </rating>
  <reviews>
   433097
  </reviews>
  <exclusive>
   no
  </exclusive>
  <sporty>
   yes
  </sporty>
 </clothing>
 <clothing>
  <id>
   487421646
  </id>
  <name>
   Converse Umbrellas E-6283
  </name>
  <category>
   Umbrellas
  </category>
  <size>
   L
  </size>
  <color>
   Желтый
  </color>
  <material>
   Нейлон
  </material>
  <price>
   694151
  </price>
  <rating>
   3.76
  </rating>
  <reviews>
   199322
  </reviews>
  <exclusive>
   yes
  </exclusive>
 </clothing>
 <clothing>
  <id>
   749718668
  </id>
  <name>
   Lacoste Socks Z-2964
  </name>
  <category>
   Socks
  </category>
  <size>
   L
  </size>
  <color>
   Желтый
  </color>
  <material>
   Шерсть
  </material>
  <price>
   188191
  </price>
  <rating>
   2.76
  </rating>
  <reviews>
   403992
  </reviews>
  <sporty>
   no
  </sporty>
 </clothing>
 <clothing>
  <id>
   318357082
  </id>
  <name>
   Adidas Sweater J-1658
  </name>
  <category>
   Sweater
  </category>
  <size>
   XXL
  </size>
  <color>
   Оранжевый
  </color>
  <material>
   Вискоза
  </material>
  <price>
   303625
  </price>
  <rating>
   4.62
  </rating>
  <reviews>
   550085
  </reviews>
  <new>
   -
  </new>
  <exclusive>
   no
  </exclusive>
  <sporty>
   no
  </sporty>
 </clothing>
 <clothing>
  <id>
   873566070
  </id>
  <name>
   Fila Jacket O-5845
  </name>
  <category>
   Jacket
  </category>
  <size>
   XXL
  </size>
  <color>
   Красный
  </color>
  <material>
   Лен
  </material>
  <price>
   901462
  </price>
  <rating>
   3.93
  </rating>
  <reviews>
   268608
  </reviews>
  <new>
   -
  </new>
  <sporty>
   no
  </sporty>
 </clothing>
 <clothing>
  <id>
   252491329
  </id>
  <name>
   New Balance Umbrellas S-7125
  </name>
  <category>
   Umbrellas
  </category>
  <size>
   XXL
  </size>
  <color>
   Синий
  </color>
  <material>
   Лен
  </material>
  <price>
   988414
  </price>
  <rating>
   2.43
  </rating>
  <reviews>
   217783
  </reviews>
  <new>
   +
  </new>
  <exclusive>
   yes
  </exclusive>
  <sporty>
   no
  </sporty>
 </clothing>
 <clothing>
  <id>
   100202303
  </id>
  <name>
   Reebok Pants H-6102
  </name>
  <category>
   Pants
  </category>
  <size>
   L
  </size>
  <color>
   Голубой
  </color>
  <material>
   Полиэстер
  </material>
  <price>
   645303
  </price>
  <rating>
   2.88
  </rating>
  <reviews>
   651665
  </reviews>
  <exclusive>
   no
  </exclusive>
  <sporty>
   no
  </sporty>
 </clothing>
 <clothing>
  <id>
   100442945
  </id>
  <name>
   Fila Socks X-7886
  </name>
  <category>
   Socks
  </category>
  <size>
   S
  </size>
  <color>
   Фиолетовый
  </color>
  <material>
   Шерсть
  </material>
  <price>
   325932
  </price>
  <rating>
   2.71
  </rating>
  <reviews>
   472507
  </reviews>
  <new>
   -
  </new>
  <exclusive>
   yes
  </exclusive>
  <sporty>
   no
  </sporty>
 </clothing>
 <clothing>
  <id>
   294868897
  </id>
  <name>
   Lacoste Shoes F-4412
  </name>
  <category>
   Shoes
  </category>
  <size>
   M
  </size>
  <color>
   Голубой
  </color>
  <material>
   Кожа
  </material>
  <price>
   325512
  </price>
  <rating>
   1.92
  </rating>
  <reviews>
   565706
  </reviews>
  <sporty>
   no
  </sporty>
 </clothing>
 <clothing>
  <id>
   814092622
  </id>
  <name>
   Fila Shoes N-3917
  </name>
  <category>
   Shoes
  </category>
  <size>
   XL
  </size>
  <color>
   Оранжевый
  </color>
  <material>
   Шелк
  </material>
  <price>
   513149
  </price>
  <rating>
   2.87
  </rating>
  <reviews>
   243850
  </reviews>
  <new>
   +
  </new>
  <exclusive>
   yes
  </exclusive>
  <sporty>
   yes
  </sporty>
 </clothing>
 <clothing>
  <id>
   450062296
  </id>
  <name>
   Asics Jacket L-9734
  </name>
  <category>
   Jacket
  </category>
  <size>
   XL
  </size>
  <color>
   Синий
  </color>
  <material>
   Нейлон
  </material>
  <price>
   247974
  </price>
  <rating>
   2.82
  </rating>
  <reviews>
   705872
  </reviews>
  <new>
   +
  </new>
  <exclusive>
   no
  </exclusive>
  <sporty>
   yes
  </sporty>
 </clothing>
 <clothing>
  <id>
   406225415
  </id>
  <name>
   Vans Shoes U-9090
  </name>
  <category>
   Shoes
  </category>
  <size>
   XL
  </size>
  <color>
   Красный
  </color>
  <material>
   Хлопок
  </material>
  <price>
   527625
  </price>
  <rating>
   4.18
  </rating>
  <reviews>
   716865
  </reviews>
  <new>
   -
  </new>
  <exclusive>
   no
  </exclusive>
  <sporty>
   no
  </sporty>
 </clothing>
 <clothing>
  <id>
   321348964
  </id>
  <name>
   Ellesse Skirt O-6927
  </name>
  <category>
   Skirt
  </category>
  <size>
   S
  </size>
  <color>
   Оранжевый
  </color>
  <material>
   Хлопок
  </material>
  <price>
   262615
  </price>
  <rating>
   1.11
  </rating>
  <reviews>
   856368
  </reviews>
  <new>
   +
  </new>
  <exclusive>
   no
  </exclusive>
 </clothing>
 <clothing>
  <id>
   194929121
  </id>
  <name>
   Reebok Dress H-7885
  </name>
  <category>
   Dress
  </category>
  <size>
   XL
  </size>
  <color>
   Голубой
  </color>
  <material>
   Кожа
  </material>
  <price>
   642184
  </price>
  <rating>
   2.8
  </rating>
  <reviews>
   123913
  </reviews>
  <new>
   -
  </new>
  <sporty>
   yes
  </sporty>
 </clothing>
 <clothing>
  <id>
   779652080
  </id>
  <name>
   Nike T-shirt N-5744
  </name>
  <category>
   T-shirt
  </category>
  <size>
   S
  </size>
  <color>
   Желтый
  </color>
  <material>
   Шелк
  </material>
  <price>
   215877
  </price>
  <rating>
   1.44
  </rating>
  <reviews>
   497065
  </reviews>
  <new>
   +
  </new>
 </clothing>
 <clothing>
  <id>
   727358598
  </id>
  <name>
   New Balance Handbags S-3102
  </name>
  <category>
   Handbags
  </category>
  <size>
   L
  </size>
  <color>
   Красный
  </color>
  <material>
   Шерсть
  </material>
  <price>
   494263
  </price>
  <rating>
   4.26
  </rating>
  <reviews>
   783054
  </reviews>
  <new>
   +
  </new>
  <exclusive>
   no
  </exclusive>
 </clothing>
 <clothing>
  <id>
   953386902
  </id>
  <name>
   Lacoste Dress I-4811
  </name>
  <category>
   Dress
  </category>
  <size>
   L
  </size>
  <color>
   Фиолетовый
  </color>
  <material>
   Нейлон
  </material>
  <price>
   417599
  </price>
  <rating>
   3.51
  </rating>
  <reviews>
   266203
  </reviews>
  <sporty>
   yes
  </sporty>
 </clothing>
 <clothing>
  <id>
   118600093
  </id>
  <name>
   Brooks Shirt E-7403
  </name>
  <category>
   Shirt
  </category>
  <size>
   M
  </size>
  <color>
   Зеленый
  </color>
  <material>
   Хлопок
  </material>
  <price>
   839361
  </price>
  <rating>
   2.21
  </rating>
  <reviews>
   721675
  </reviews>
 </clothing>
 <clothing>
  <id>
   933285695
  </id>
  <name>
   PleinSport Hat O-2286
  </name>
  <category>
   Hat
  </category>
  <size>
   XXL
  </size>
  <color>
   Оранжевый
  </color>
  <material>
   Хлопок
  </material>
  <price>
   775347
  </price>
  <rating>
   2.11
  </rating>
  <reviews>
   810864
  </reviews>
  <sporty>
   yes
  </sporty>
 </clothing>
 <clothing>
  <id>
   166826293
  </id>
  <name>
   Under Armour Jeans I-4964
  </name>
  <category>
   Jeans
  </category>
  <size>
   M
  </size>
  <color>
   Зеленый
  </color>
  <material>
   Шерсть
  </material>
  <price>
   197288
  </price>
  <rating>
   3.96
  </rating>
  <reviews>
   990154
  </reviews>
  <new>
   -
  </new>
  <sporty>
   no
  </sporty>
 </clothing>
 <clothing>
  <id>
   615308405
  </id>
  <name>
   Fila Socks O-7058
  </name>
  <category>
   Socks
  </category>
  <size>
   XL
  </size>
  <color>
   Голубой
  </color>
  <material>
   Шелк
  </material>
  <price>
   382511
  </price>
  <rating>
   2.6
  </rating>
  <reviews>
   329989
  </reviews>
  <new>
   -
  </new>
  <exclusive>
   yes
  </exclusive>
  <sporty>
   yes
  </sporty>
 </clothing>
 <clothing>
  <id>
   907967488
  </id>
  <name>
   New Balance Jacket C-6726
  </name>
  <category>
   Jacket
  </category>
  <size>
   XXL
  </size>
  <color>
   Оранжевый
  </color>
  <material>
   Лен
  </material>
  <price>
   208874
  </price>
  <rating>
   3.83
  </rating>
  <reviews>
   833304
  </reviews>
  <new>
   -
  </new>
  <sporty>
   no
  </sporty>
 </clothing>
 <clothing>
  <id>
   824626993
  </id>
  <name>
   Ellesse Skirt A-8170
  </name>
  <category>
   Skirt
  </category>
  <size>
   L
  </size>
  <color>
   Красный
  </color>
  <material>
   Нейлон
  </material>
  <price>
   251699
  </price>
  <rating>
   2.61
  </rating>
  <reviews>
   252159
  </reviews>
  <new>
   -
  </new>
  <sporty>
   no
  </sporty>
 </clothing>
 <clothing>
  <id>
   973054255
  </id>
  <name>
   Lacoste Hat G-2986
  </name>
  <category>
   Hat
  </category>
  <size>
   L
  </size>
  <color>
   Красный
  </color>
  <material>
   Полиэстер
  </material>
  <price>
   562616
  </price>
  <rating>
   3.42
  </rating>
  <reviews>
   807241
  </reviews>
  <new>
   -
  </new>
  <exclusive>
   no
  </exclusive>
 </clothing>
 <clothing>
  <id>
   657865634
  </id>
  <name>
   Vans Hat C-1980
  </name>
  <category>
   Hat
  </category>
  <size>
   S
  </size>
  <color>
   Фиолетовый
  </color>
  <material>
   Нейлон
  </material>
  <price>
   217478
  </price>
  <rating>
   1.44
  </rating>
  <reviews>
   494157
  </reviews>
  <exclusive>
   no
  </exclusive>
  <sporty>
   yes
  </sporty>
 </clothing>
 <clothing>
  <id>
   196875105
  </id>
  <name>
   Nike Shirt L-8784
  </name>
  <category>
   Shirt
  </category>
  <size>
   XL
  </size>
  <color>
   Красный
  </color>
  <material>
   Нейлон
  </material>
  <price>
   302292
  </price>
  <rating>
   4.35
  </rating>
  <reviews>
   28272
  </reviews>
  <new>
   -
  </new>
  <exclusive>
   yes
  </exclusive>
  <sporty>
   yes
  </sporty>
 </clothing>
 <clothing>
  <id>
   239819178
  </id>
  <name>
   Vans Hat E-1283
  </name>
  <category>
   Hat
  </category>
  <size>
   XL
  </size>
  <color>
   Зеленый
  </color>
  <material>
   Шерсть
  </material>
  <price>
   499325
  </price>
  <rating>
   4.63
  </rating>
  <reviews>
   503509
  </reviews>
  <new>
   -
  </new>
  <sporty>
   no
  </sporty>
 </clothing>
 <clothing>
  <id>
   422941731
  </id>
  <name>
   Nike Socks A-8215
  </name>
  <category>
   Socks
  </category>
  <size>
   L
  </size>
  <color>
   Фиолетовый
  </color>
  <material>
   Лен
  </material>
  <price>
   360590
  </price>
  <rating>
   3.47
  </rating>
  <reviews>
   524907
  </reviews>
  <exclusive>
   no
  </exclusive>
  <sporty>
   yes
  </sporty>
 </clothing>
 <clothing>
  <id>
   509242030
  </id>
  <name>
   Ellesse Handbags Y-2256
  </name>
  <category>
   Handbags
  </category>
  <size>
   S
  </size>
  <color>
   Желтый
  </color>
  <material>
   Вискоза
  </material>
  <price>
   401201
  </price>
  <rating>
   3.52
  </rating>
  <reviews>
   481984
  </reviews>
  <new>
   -
  </new>
  <exclusive>
   yes
  </exclusive>
 </clothing>
 <clothing>
  <id>
   788083571
  </id>
  <name>
   Addidas Belts T-2418
  </name>
  <category>
   Belts
  </category>
  <size>
   XXL
  </size>
  <color>
   Голубой
  </color>
  <material>
   Кожа
  </material>
  <price>
   468857
  </price>
  <rating>
   2.17
  </rating>
  <reviews>
   764877
  </reviews>
  <new>
   -
  </new>
 </clothing>
 <clothing>
  <id>
   895784829
  </id>
  <name>
   PleinSport Umbrellas O-1804
  </name>
  <category>
   Umbrellas
  </category>
  <size>
   M
  </size>
  <color>
   Синий
  </color>
  <material>
   Кожа
  </material>
  <price>
   471544
  </price>
  <rating>
   1.59
  </rating>
  <reviews>
   257665
  </reviews>
  <new>
   -
  </new>
  <sporty>
   no
  </sporty>
 </clothing>
 <clothing>
  <id>
   673481901
  </id>
  <name>
   New Balance Skirt G-1293
  </name>
  <category>
   Skirt
  </category>
  <size>
   XL
  </size>
  <color>
   Красный
  </color>
  <material>
   Вискоза
  </material>
  <price>
   146487
  </price>
  <rating>
   2.6
  </rating>
  <reviews>
   982963
  </reviews>
  <new>
   -
  </new>
  <sporty>
   yes
  </sporty>
 </clothing>
 <clothing>
  <id>
   161084634
  </id>
  <name>
   Converse T-shirt C-9189
  </name>
  <category>
   T-shirt
  </category>
  <size>
   M
  </size>
  <color>
   Оранжевый
  </color>
  <material>
   Шелк
  </material>
  <price>
   536309
  </price>
  <rating>
   4.88
  </rating>
  <reviews>
   471645
  </reviews>
  <exclusive>
   no
  </exclusive>
  <sporty>
   yes
  </sporty>
 </clothing>
 <clothing>
  <id>
   475647230
  </id>
  <name>
   Asics Jeans B-8704
  </name>
  <category>
   Jeans
  </category>
  <size>
   M
  </size>
  <color>
   Красный
  </color>
  <material>
   Вискоза
  </material>
  <price>
   887744
  </price>
  <rating>
   2.3
  </rating>
  <reviews>
   740390
  </reviews>
  <new>
   +
  </new>
 </clothing>
 <clothing>
  <id>
   771193635
  </id>
  <name>
   Reebok T-shirt Q-1759
  </name>
  <category>
   T-shirt
  </category>
  <size>
   XL
  </size>
  <color>
   Желтый
  </color>
  <material>
   Шерсть
  </material>
  <price>
   919386
  </price>
  <rating>
   1.85
  </rating>
  <reviews>
   151316
  </reviews>
  <exclusive>
   no
  </exclusive>
  <sporty>
   no
  </sporty>
 </clothing>
 <clothing>
  <id>
   563604858
  </id>
  <name>
   Brooks Socks O-9456
  </name>
  <category>
   Socks
  </category>
  <size>
   S
  </size>
  <color>
   Желтый
  </color>
  <material>
   Нейлон
  </material>
  <price>
   257247
  </price>
  <rating>
   3.58
  </rating>
  <reviews>
   1487
  </reviews>
  <new>
   +
  </new>
  <exclusive>
   yes
  </exclusive>
 </clothing>
 <clothing>
  <id>
   140048824
  </id>
  <name>
   Lacoste Sweater F-2047
  </name>
  <category>
   Sweater
  </category>
  <size>
   L
  </size>
  <color>
   Оранжевый
  </color>
  <material>
   Нейлон
  </material>
  <price>
   688170
  </price>
  <rating>
   3.96
  </rating>
  <reviews>
   4428
  </reviews>
  <exclusive>
   no
  </exclusive>
  <sporty>
   no
  </sporty>
 </clothing>
 <clothing>
  <id>
   759804742
  </id>
  <name>
   DC Shoes O-7139
  </name>
  <category>
   Shoes
  </category>
  <size>
   XL
  </size>
  <color>
   Зеленый
  </color>
  <material>
   Шерсть
  </material>
  <price>
   413164
  </price>
  <rating>
   3.25
  </rating>
  <reviews>
   974165
  </reviews>
  <new>
   -
  </new>
 </clothing>
 <clothing>
  <id>
   340218758
  </id>
  <name>
   Addidas Gloves C-5676
  </name>
  <category>
   Gloves
  </category>
  <size>
   XL
  </size>
  <color>
   Голубой
  </color>
  <material>
   Шерсть
  </material>
  <price>
   238619
  </price>
  <rating>
   2.9
  </rating>
  <reviews>
   874048
  </reviews>
  <new>
   -
  </new>
  <exclusive>
   yes
  </exclusive>
  <sporty>
   yes
  </sporty>
 </clothing>
 <clothing>
  <id>
   928159885
  </id>
  <name>
   DC Shirt P-3295
  </name>
  <category>
   Shirt
  </category>
  <size>
   L
  </size>
  <color>
   Голубой
  </color>
  <material>
   Полиэстер
  </material>
  <price>
   180433
  </price>
  <rating>
   3.9
  </rating>
  <reviews>
   158940
  </reviews>
  <new>
   +
  </new>
  <sporty>
   no
  </sporty>
 </clothing>
 <clothing>
  <id>
   948369515
  </id>
  <name>
   Puma Jeans J-1350
  </name>
  <category>
   Jeans
  </category>
  <size>
   L
  </size>
  <color>
   Синий
  </color>
  <material>
   Кожа
  </material>
  <price>
   862009
  </price>
  <rating>
   4.39
  </rating>
  <reviews>
   927090
  </reviews>
  <new>
   +
  </new>
  <exclusive>
   no
  </exclusive>
  <sporty>
   yes
  </sporty>
 </clothing>
 <clothing>
  <id>
   692080873
  </id>
  <name>
   Brooks Handbags L-4617
  </name>
  <category>
   Handbags
  </category>
  <size>
   M
  </size>
  <color>
   Синий
  </color>
  <material>
   Лен
  </material>
  <price>
   663648
  </price>
  <rating>
   2.05
  </rating>
  <reviews>
   905216
  </reviews>
  <sporty>
   yes
  </sporty>
 </clothing>
 <clothing>
  <id>
   187234593
  </id>
  <name>
   DC Gloves T-9014
  </name>
  <category>
   Gloves
  </category>
  <size>
   XL
  </size>
  <color>
   Зеленый
  </color>
  <material>
   Хлопок
  </material>
  <price>
   679039
  </price>
  <rating>
   3.71
  </rating>
  <reviews>
   12678
  </reviews>
  <exclusive>
   no
  </exclusive>
  <sporty>
   no
  </sporty>
 </clothing>
 <clothing>
  <id>
   574272959
  </id>
  <name>
   PleinSport Jacket E-1187
  </name>
  <category>
   Jacket
  </category>
  <size>
   XL
  </size>
  <color>
   Зеленый
  </color>
  <material>
   Кожа
  </material>
  <price>
   256976
  </price>
  <rating>
   4.75
  </rating>
  <reviews>
   974707
  </reviews>
  <new>
   -
  </new>
  <exclusive>
   no
  </exclusive>
 </clothing>
</clothing-items>
