<?xml version="1.0" encoding="utf-8"?>
<clothing-items>
 <clothing>
  <id>
   272792517
  </id>
  <name>
   New Balance Socks T-8012
  </name>
  <category>
   Socks
  </category>
  <size>
   XXL
  </size>
  <color>
   Фиолетовый
  </color>
  <material>
   Хлопок
  </material>
  <price>
   303474
  </price>
  <rating>
   2.16
  </rating>
  <reviews>
   84566
  </reviews>
  <new>
   -
  </new>
  <exclusive>
   no
  </exclusive>
 </clothing>
 <clothing>
  <id>
   798613227
  </id>
  <name>
   PleinSport Jacket S-5959
  </name>
  <category>
   Jacket
  </category>
  <size>
   XL
  </size>
  <color>
   Фиолетовый
  </color>
  <material>
   Вискоза
  </material>
  <price>
   143392
  </price>
  <rating>
   1.89
  </rating>
  <reviews>
   837525
  </reviews>
  <new>
   +
  </new>
  <sporty>
   no
  </sporty>
 </clothing>
 <clothing>
  <id>
   749499624
  </id>
  <name>
   Adidas Skirt I-6328
  </name>
  <category>
   Skirt
  </category>
  <size>
   L
  </size>
  <color>
   Фиолетовый
  </color>
  <material>
   Хлопок
  </material>
  <price>
   189098
  </price>
  <rating>
   1.81
  </rating>
  <reviews>
   191287
  </reviews>
  <exclusive>
   no
  </exclusive>
  <sporty>
   no
  </sporty>
 </clothing>
 <clothing>
  <id>
   334220675
  </id>
  <name>
   Puma Handbags G-4687
  </name>
  <category>
   Handbags
  </category>
  <size>
   XXL
  </size>
  <color>
   Фиолетовый
  </color>
  <material>
   Хлопок
  </material>
  <price>
   750374
  </price>
  <rating>
   2.51
  </rating>
  <reviews>
   650067
  </reviews>
  <new>
   -
  </new>
 </clothing>
 <clothing>
  <id>
   341989110
  </id>
  <name>
   Converse Socks Y-5574
  </name>
  <category>
   Socks
  </category>
  <size>
   XXL
  </size>
  <color>
   Фиолетовый
  </color>
  <material>
   Полиэстер
  </material>
  <price>
   600895
  </price>
  <rating>
   2.22
  </rating>
  <reviews>
   239704
  </reviews>
  <exclusive>
   no
  </exclusive>
  <sporty>
   no
  </sporty>
 </clothing>
 <clothing>
  <id>
   252500275
  </id>
  <name>
   Puma Hat V-3882
  </name>
  <category>
   Hat
  </category>
  <size>
   XXL
  </size>
  <color>
   Фиолетовый
  </color>
  <material>
   Шерсть
  </material>
  <price>
   118512
  </price>
  <rating>
   3.4
  </rating>
  <reviews>
   138475
  </reviews>
  <new>
   +
  </new>
  <sporty>
   yes
  </sporty>
 </clothing>
 <clothing>
  <id>
   278031815
  </id>
  <name>
   Lacoste Dress J-6509
  </name>
  <category>
   Dress
  </category>
  <size>
   S
  </size>
  <color>
   Желтый
  </color>
  <material>
   Шерсть
  </material>
  <price>
   860052
  </price>
  <rating>
   2.03
  </rating>
  <reviews>
   724604
  </reviews>
  <new>
   -
  </new>
  <sporty>
   no
  </sporty>
 </clothing>
 <clothing>
  <id>
   429508923
  </id>
  <name>
   Nike Shoes A-4354
  </name>
  <category>
   Shoes
  </category>
  <size>
   S
  </size>
  <color>
   Зеленый
  </color>
  <material>
   Вискоза
  </material>
  <price>
   895444
  </price>
  <rating>
   3.81
  </rating>
  <reviews>
   880099
  </reviews>
  <exclusive>
   no
  </exclusive>
  <sporty>
   no
  </sporty>
 </clothing>
 <clothing>
  <id>
   786254127
  </id>
  <name>
   Nike Gloves I-9423
  </name>
  <category>
   Gloves
  </category>
  <size>
   XXL
  </size>
  <color>
   Оранжевый
  </color>
  <material>
   Вискоза
  </material>
  <price>
   837676
  </price>
  <rating>
   4.7
  </rating>
  <reviews>
   904861
  </reviews>
  <new>
   +
  </new>
  <exclusive>
   no
  </exclusive>
  <sporty>
   yes
  </sporty>
 </clothing>
 <clothing>
  <id>
   540424492
  </id>
  <name>
   Fila Jeans I-2890
  </name>
  <category>
   Jeans
  </category>
  <size>
   M
  </size>
  <color>
   Красный
  </color>
  <material>
   Нейлон
  </material>
  <price>
   743575
  </price>
  <rating>
   1.3
  </rating>
  <reviews>
   631528
  </reviews>
 </clothing>
</clothing-items>
