<?xml version="1.0" encoding="utf-8"?>
<clothing-items>
 <clothing>
  <id>
   203926262
  </id>
  <name>
   Fila Gloves G-8252
  </name>
  <category>
   Gloves
  </category>
  <size>
   S
  </size>
  <color>
   Синий
  </color>
  <material>
   Шерсть
  </material>
  <price>
   230689
  </price>
  <rating>
   4.59
  </rating>
  <reviews>
   89791
  </reviews>
  <new>
   -
  </new>
  <exclusive>
   no
  </exclusive>
  <sporty>
   no
  </sporty>
 </clothing>
 <clothing>
  <id>
   292584822
  </id>
  <name>
   Vans Hat Z-3533
  </name>
  <category>
   Hat
  </category>
  <size>
   XL
  </size>
  <color>
   Желтый
  </color>
  <material>
   Лен
  </material>
  <price>
   210843
  </price>
  <rating>
   3.36
  </rating>
  <reviews>
   730321
  </reviews>
  <exclusive>
   no
  </exclusive>
  <sporty>
   no
  </sporty>
 </clothing>
 <clothing>
  <id>
   381121864
  </id>
  <name>
   Reebok Shirt V-1706
  </name>
  <category>
   Shirt
  </category>
  <size>
   L
  </size>
  <color>
   Зеленый
  </color>
  <material>
   Хлопок
  </material>
  <price>
   602014
  </price>
  <rating>
   3.36
  </rating>
  <reviews>
   51473
  </reviews>
  <new>
   -
  </new>
  <exclusive>
   yes
  </exclusive>
 </clothing>
 <clothing>
  <id>
   608836964
  </id>
  <name>
   PleinSport Jeans D-7539
  </name>
  <category>
   Jeans
  </category>
  <size>
   L
  </size>
  <color>
   Желтый
  </color>
  <material>
   Полиэстер
  </material>
  <price>
   314419
  </price>
  <rating>
   3.44
  </rating>
  <reviews>
   702630
  </reviews>
  <exclusive>
   no
  </exclusive>
 </clothing>
 <clothing>
  <id>
   211558089
  </id>
  <name>
   Nike Shirt S-4687
  </name>
  <category>
   Shirt
  </category>
  <size>
   S
  </size>
  <color>
   Красный
  </color>
  <material>
   Лен
  </material>
  <price>
   688412
  </price>
  <rating>
   3.88
  </rating>
  <reviews>
   982613
  </reviews>
  <new>
   -
  </new>
  <exclusive>
   no
  </exclusive>
  <sporty>
   yes
  </sporty>
 </clothing>
 <clothing>
  <id>
   876120250
  </id>
  <name>
   New Balance Blouse C-6830
  </name>
  <category>
   Blouse
  </category>
  <size>
   XXL
  </size>
  <color>
   Голубой
  </color>
  <material>
   Вискоза
  </material>
  <price>
   370985
  </price>
  <rating>
   3.47
  </rating>
  <reviews>
   424880
  </reviews>
  <new>
   -
  </new>
  <exclusive>
   no
  </exclusive>
 </clothing>
 <clothing>
  <id>
   497009900
  </id>
  <name>
   Adidas Dress T-1202
  </name>
  <category>
   Dress
  </category>
  <size>
   S
  </size>
  <color>
   Красный
  </color>
  <material>
   Шерсть
  </material>
  <price>
   129775
  </price>
  <rating>
   2.69
  </rating>
  <reviews>
   260801
  </reviews>
  <new>
   -
  </new>
  <exclusive>
   no
  </exclusive>
 </clothing>
 <clothing>
  <id>
   422322484
  </id>
  <name>
   Lacoste T-shirt J-2567
  </name>
  <category>
   T-shirt
  </category>
  <size>
   S
  </size>
  <color>
   Голубой
  </color>
  <material>
   Шелк
  </material>
  <price>
   234566
  </price>
  <rating>
   3.48
  </rating>
  <reviews>
   761287
  </reviews>
  <exclusive>
   no
  </exclusive>
  <sporty>
   yes
  </sporty>
 </clothing>
 <clothing>
  <id>
   400060569
  </id>
  <name>
   Asics Gloves C-6473
  </name>
  <category>
   Gloves
  </category>
  <size>
   M
  </size>
  <color>
   Голубой
  </color>
  <material>
   Шерсть
  </material>
  <price>
   428704
  </price>
  <rating>
   4.74
  </rating>
  <reviews>
   868009
  </reviews>
  <exclusive>
   no
  </exclusive>
 </clothing>
 <clothing>
  <id>
   733383809
  </id>
  <name>
   Brooks Socks Y-8184
  </name>
  <category>
   Socks
  </category>
  <size>
   L
  </size>
  <color>
   Голубой
  </color>
  <material>
   Полиэстер
  </material>
  <price>
   569380
  </price>
  <rating>
   2.73
  </rating>
  <reviews>
   554581
  </reviews>
  <exclusive>
   no
  </exclusive>
  <sporty>
   yes
  </sporty>
 </clothing>
 <clothing>
  <id>
   939783138
  </id>
  <name>
   Adidas Gloves V-9385
  </name>
  <category>
   Gloves
  </category>
  <size>
   L
  </size>
  <color>
   Красный
  </color>
  <material>
   Кожа
  </material>
  <price>
   306131
  </price>
  <rating>
   3.36
  </rating>
  <reviews>
   347593
  </reviews>
  <new>
   -
  </new>
  <exclusive>
   yes
  </exclusive>
  <sporty>
   no
  </sporty>
 </clothing>
 <clothing>
  <id>
   456716118
  </id>
  <name>
   Fila Dress G-1214
  </name>
  <category>
   Dress
  </category>
  <size>
   M
  </size>
  <color>
   Синий
  </color>
  <material>
   Полиэстер
  </material>
  <price>
   774061
  </price>
  <rating>
   4.82
  </rating>
  <reviews>
   844886
  </reviews>
  <new>
   -
  </new>
  <exclusive>
   no
  </exclusive>
 </clothing>
 <clothing>
  <id>
   637193282
  </id>
  <name>
   Lacoste Skirt L-2246
  </name>
  <category>
   Skirt
  </category>
  <size>
   L
  </size>
  <color>
   Зеленый
  </color>
  <material>
   Лен
  </material>
  <price>
   613825
  </price>
  <rating>
   4.2
  </rating>
  <reviews>
   885707
  </reviews>
  <new>
   -
  </new>
 </clothing>
 <clothing>
  <id>
   577246515
  </id>
  <name>
   Ellesse Blouse R-3597
  </name>
  <category>
   Blouse
  </category>
  <size>
   XL
  </size>
  <color>
   Синий
  </color>
  <material>
   Шелк
  </material>
  <price>
   433856
  </price>
  <rating>
   3.76
  </rating>
  <reviews>
   696281
  </reviews>
  <exclusive>
   no
  </exclusive>
  <sporty>
   yes
  </sporty>
 </clothing>
 <clothing>
  <id>
   639390943
  </id>
  <name>
   Lacoste Handbags M-6117
  </name>
  <category>
   Handbags
  </category>
  <size>
   XXL
  </size>
  <color>
   Зеленый
  </color>
  <material>
   Шелк
  </material>
  <price>
   103770
  </price>
  <rating>
   1.72
  </rating>
  <reviews>
   352926
  </reviews>
  <exclusive>
   no
  </exclusive>
 </clothing>
 <clothing>
  <id>
   460518384
  </id>
  <name>
   Adidas Shoes Y-5096
  </name>
  <category>
   Shoes
  </category>
  <size>
   S
  </size>
  <color>
   Желтый
  </color>
  <material>
   Нейлон
  </material>
  <price>
   875899
  </price>
  <rating>
   1.0
  </rating>
  <reviews>
   801019
  </reviews>
  <new>
   -
  </new>
  <exclusive>
   no
  </exclusive>
 </clothing>
 <clothing>
  <id>
   591186578
  </id>
  <name>
   Ellesse Belts Q-7699
  </name>
  <category>
   Belts
  </category>
  <size>
   XXL
  </size>
  <color>
   Желтый
  </color>
  <material>
   Полиэстер
  </material>
  <price>
   271674
  </price>
  <rating>
   4.38
  </rating>
  <reviews>
   707811
  </reviews>
  <new>
   -
  </new>
  <sporty>
   no
  </sporty>
 </clothing>
 <clothing>
  <id>
   334069876
  </id>
  <name>
   Reebok Umbrellas T-9862
  </name>
  <category>
   Umbrellas
  </category>
  <size>
   L
  </size>
  <color>
   Голубой
  </color>
  <material>
   Нейлон
  </material>
  <price>
   728009
  </price>
  <rating>
   4.35
  </rating>
  <reviews>
   952325
  </reviews>
 </clothing>
 <clothing>
  <id>
   367190135
  </id>
  <name>
   Ellesse Umbrellas U-9225
  </name>
  <category>
   Umbrellas
  </category>
  <size>
   L
  </size>
  <color>
   Синий
  </color>
  <material>
   Хлопок
  </material>
  <price>
   374942
  </price>
  <rating>
   3.23
  </rating>
  <reviews>
   91618
  </reviews>
  <new>
   +
  </new>
  <exclusive>
   yes
  </exclusive>
  <sporty>
   no
  </sporty>
 </clothing>
 <clothing>
  <id>
   307540487
  </id>
  <name>
   Nike Shirt A-4169
  </name>
  <category>
   Shirt
  </category>
  <size>
   XXL
  </size>
  <color>
   Зеленый
  </color>
  <material>
   Нейлон
  </material>
  <price>
   467402
  </price>
  <rating>
   3.02
  </rating>
  <reviews>
   844150
  </reviews>
  <sporty>
   no
  </sporty>
 </clothing>
 <clothing>
  <id>
   872399216
  </id>
  <name>
   Ellesse Jacket Z-7212
  </name>
  <category>
   Jacket
  </category>
  <size>
   L
  </size>
  <color>
   Зеленый
  </color>
  <material>
   Шелк
  </material>
  <price>
   752986
  </price>
  <rating>
   3.0
  </rating>
  <reviews>
   357919
  </reviews>
  <new>
   +
  </new>
  <sporty>
   no
  </sporty>
 </clothing>
 <clothing>
  <id>
   549388899
  </id>
  <name>
   Adidas T-shirt A-8942
  </name>
  <category>
   T-shirt
  </category>
  <size>
   XL
  </size>
  <color>
   Голубой
  </color>
  <material>
   Лен
  </material>
  <price>
   756490
  </price>
  <rating>
   4.88
  </rating>
  <reviews>
   659991
  </reviews>
  <new>
   +
  </new>
  <sporty>
   yes
  </sporty>
 </clothing>
 <clothing>
  <id>
   535879373
  </id>
  <name>
   Vans Gloves X-3402
  </name>
  <category>
   Gloves
  </category>
  <size>
   S
  </size>
  <color>
   Красный
  </color>
  <material>
   Хлопок
  </material>
  <price>
   410661
  </price>
  <rating>
   4.78
  </rating>
  <reviews>
   351109
  </reviews>
  <new>
   -
  </new>
  <exclusive>
   no
  </exclusive>
 </clothing>
 <clothing>
  <id>
   118595965
  </id>
  <name>
   Asics Shoes L-6371
  </name>
  <category>
   Shoes
  </category>
  <size>
   XL
  </size>
  <color>
   Голубой
  </color>
  <material>
   Лен
  </material>
  <price>
   271720
  </price>
  <rating>
   2.9
  </rating>
  <reviews>
   904566
  </reviews>
  <exclusive>
   no
  </exclusive>
  <sporty>
   yes
  </sporty>
 </clothing>
 <clothing>
  <id>
   580712229
  </id>
  <name>
   Fila Hat P-6601
  </name>
  <category>
   Hat
  </category>
  <size>
   XXL
  </size>
  <color>
   Желтый
  </color>
  <material>
   Нейлон
  </material>
  <price>
   477419
  </price>
  <rating>
   2.29
  </rating>
  <reviews>
   179005
  </reviews>
  <new>
   +
  </new>
 </clothing>
 <clothing>
  <id>
   421576705
  </id>
  <name>
   Vans Jacket T-2568
  </name>
  <category>
   Jacket
  </category>
  <size>
   XXL
  </size>
  <color>
   Зеленый
  </color>
  <material>
   Нейлон
  </material>
  <price>
   480341
  </price>
  <rating>
   4.41
  </rating>
  <reviews>
   564152
  </reviews>
  <new>
   -
  </new>
  <sporty>
   no
  </sporty>
 </clothing>
 <clothing>
  <id>
   306884026
  </id>
  <name>
   Adidas Hat J-4032
  </name>
  <category>
   Hat
  </category>
  <size>
   M
  </size>
  <color>
   Синий
  </color>
  <material>
   Шелк
  </material>
  <price>
   631851
  </price>
  <rating>
   2.59
  </rating>
  <reviews>
   826030
  </reviews>
  <exclusive>
   no
  </exclusive>
  <sporty>
   yes
  </sporty>
 </clothing>
 <clothing>
  <id>
   517949970
  </id>
  <name>
   Adidas Skirt W-3276
  </name>
  <category>
   Skirt
  </category>
  <size>
   S
  </size>
  <color>
   Синий
  </color>
  <material>
   Нейлон
  </material>
  <price>
   811202
  </price>
  <rating>
   1.71
  </rating>
  <reviews>
   786407
  </reviews>
  <new>
   +
  </new>
  <sporty>
   no
  </sporty>
 </clothing>
</clothing-items>
