<?xml version="1.0" encoding="utf-8"?>
<clothing-items>
 <clothing>
  <id>
   488087564
  </id>
  <name>
   Ellesse Gloves M-5803
  </name>
  <category>
   Gloves
  </category>
  <size>
   S
  </size>
  <color>
   Желтый
  </color>
  <material>
   Лен
  </material>
  <price>
   645055
  </price>
  <rating>
   2.78
  </rating>
  <reviews>
   993551
  </reviews>
 </clothing>
 <clothing>
  <id>
   277241280
  </id>
  <name>
   Converse Dress A-6646
  </name>
  <category>
   Dress
  </category>
  <size>
   L
  </size>
  <color>
   Оранжевый
  </color>
  <material>
   Шелк
  </material>
  <price>
   659622
  </price>
  <rating>
   1.03
  </rating>
  <reviews>
   910347
  </reviews>
  <new>
   -
  </new>
 </clothing>
 <clothing>
  <id>
   908469873
  </id>
  <name>
   Converse Shirt A-1870
  </name>
  <category>
   Shirt
  </category>
  <size>
   XL
  </size>
  <color>
   Красный
  </color>
  <material>
   Шелк
  </material>
  <price>
   585959
  </price>
  <rating>
   2.3
  </rating>
  <reviews>
   984510
  </reviews>
  <new>
   +
  </new>
  <exclusive>
   no
  </exclusive>
  <sporty>
   no
  </sporty>
 </clothing>
 <clothing>
  <id>
   678370657
  </id>
  <name>
   Puma Belts R-7447
  </name>
  <category>
   Belts
  </category>
  <size>
   S
  </size>
  <color>
   Желтый
  </color>
  <material>
   Лен
  </material>
  <price>
   990051
  </price>
  <rating>
   3.55
  </rating>
  <reviews>
   406624
  </reviews>
  <new>
   +
  </new>
  <exclusive>
   yes
  </exclusive>
  <sporty>
   no
  </sporty>
 </clothing>
 <clothing>
  <id>
   409618260
  </id>
  <name>
   Ellesse Belts Z-7911
  </name>
  <category>
   Belts
  </category>
  <size>
   XXL
  </size>
  <color>
   Зеленый
  </color>
  <material>
   Лен
  </material>
  <price>
   563624
  </price>
  <rating>
   4.09
  </rating>
  <reviews>
   460024
  </reviews>
  <exclusive>
   no
  </exclusive>
  <sporty>
   yes
  </sporty>
 </clothing>
 <clothing>
  <id>
   482084882
  </id>
  <name>
   Fila Jeans O-6548
  </name>
  <category>
   Jeans
  </category>
  <size>
   S
  </size>
  <color>
   Фиолетовый
  </color>
  <material>
   Нейлон
  </material>
  <price>
   389927
  </price>
  <rating>
   2.96
  </rating>
  <reviews>
   167332
  </reviews>
  <new>
   -
  </new>
  <exclusive>
   no
  </exclusive>
  <sporty>
   no
  </sporty>
 </clothing>
 <clothing>
  <id>
   209536073
  </id>
  <name>
   DC Pants J-6481
  </name>
  <category>
   Pants
  </category>
  <size>
   L
  </size>
  <color>
   Голубой
  </color>
  <material>
   Шелк
  </material>
  <price>
   697465
  </price>
  <rating>
   2.68
  </rating>
  <reviews>
   660919
  </reviews>
  <sporty>
   yes
  </sporty>
 </clothing>
 <clothing>
  <id>
   764516560
  </id>
  <name>
   Nike Jeans A-9503
  </name>
  <category>
   Jeans
  </category>
  <size>
   L
  </size>
  <color>
   Зеленый
  </color>
  <material>
   Шерсть
  </material>
  <price>
   375082
  </price>
  <rating>
   3.7
  </rating>
  <reviews>
   963048
  </reviews>
  <exclusive>
   yes
  </exclusive>
  <sporty>
   no
  </sporty>
 </clothing>
 <clothing>
  <id>
   423024701
  </id>
  <name>
   Addidas Blouse B-5615
  </name>
  <category>
   Blouse
  </category>
  <size>
   S
  </size>
  <color>
   Голубой
  </color>
  <material>
   Кожа
  </material>
  <price>
   634134
  </price>
  <rating>
   3.55
  </rating>
  <reviews>
   13098
  </reviews>
  <exclusive>
   yes
  </exclusive>
  <sporty>
   no
  </sporty>
 </clothing>
 <clothing>
  <id>
   502935787
  </id>
  <name>
   Vans Gloves P-1913
  </name>
  <category>
   Gloves
  </category>
  <size>
   S
  </size>
  <color>
   Голубой
  </color>
  <material>
   Шелк
  </material>
  <price>
   337619
  </price>
  <rating>
   3.54
  </rating>
  <reviews>
   433602
  </reviews>
  <new>
   +
  </new>
  <sporty>
   yes
  </sporty>
 </clothing>
 <clothing>
  <id>
   371281796
  </id>
  <name>
   Asics Dress X-7938
  </name>
  <category>
   Dress
  </category>
  <size>
   S
  </size>
  <color>
   Красный
  </color>
  <material>
   Хлопок
  </material>
  <price>
   300518
  </price>
  <rating>
   3.36
  </rating>
  <reviews>
   646041
  </reviews>
  <new>
   -
  </new>
  <sporty>
   no
  </sporty>
 </clothing>
 <clothing>
  <id>
   920395329
  </id>
  <name>
   Puma Umbrellas T-4994
  </name>
  <category>
   Umbrellas
  </category>
  <size>
   M
  </size>
  <color>
   Синий
  </color>
  <material>
   Вискоза
  </material>
  <price>
   404965
  </price>
  <rating>
   3.04
  </rating>
  <reviews>
   884610
  </reviews>
  <new>
   -
  </new>
 </clothing>
 <clothing>
  <id>
   639457658
  </id>
  <name>
   Converse Gloves E-5327
  </name>
  <category>
   Gloves
  </category>
  <size>
   L
  </size>
  <color>
   Синий
  </color>
  <material>
   Шерсть
  </material>
  <price>
   408853
  </price>
  <rating>
   1.74
  </rating>
  <reviews>
   87821
  </reviews>
  <new>
   +
  </new>
  <exclusive>
   yes
  </exclusive>
  <sporty>
   no
  </sporty>
 </clothing>
 <clothing>
  <id>
   325125075
  </id>
  <name>
   Converse Skirt I-6283
  </name>
  <category>
   Skirt
  </category>
  <size>
   S
  </size>
  <color>
   Красный
  </color>
  <material>
   Хлопок
  </material>
  <price>
   663396
  </price>
  <rating>
   1.09
  </rating>
  <reviews>
   214468
  </reviews>
  <sporty>
   no
  </sporty>
 </clothing>
 <clothing>
  <id>
   200591679
  </id>
  <name>
   Brooks Blouse K-4289
  </name>
  <category>
   Blouse
  </category>
  <size>
   S
  </size>
  <color>
   Синий
  </color>
  <material>
   Нейлон
  </material>
  <price>
   302994
  </price>
  <rating>
   2.05
  </rating>
  <reviews>
   940474
  </reviews>
  <new>
   -
  </new>
  <exclusive>
   yes
  </exclusive>
  <sporty>
   no
  </sporty>
 </clothing>
 <clothing>
  <id>
   770838555
  </id>
  <name>
   Lacoste Dress L-3235
  </name>
  <category>
   Dress
  </category>
  <size>
   S
  </size>
  <color>
   Зеленый
  </color>
  <material>
   Кожа
  </material>
  <price>
   718005
  </price>
  <rating>
   1.44
  </rating>
  <reviews>
   185224
  </reviews>
  <new>
   +
  </new>
  <sporty>
   no
  </sporty>
 </clothing>
 <clothing>
  <id>
   490473238
  </id>
  <name>
   Vans Shirt S-7603
  </name>
  <category>
   Shirt
  </category>
  <size>
   XXL
  </size>
  <color>
   Зеленый
  </color>
  <material>
   Кожа
  </material>
  <price>
   938870
  </price>
  <rating>
   3.37
  </rating>
  <reviews>
   281338
  </reviews>
  <new>
   -
  </new>
  <exclusive>
   yes
  </exclusive>
 </clothing>
 <clothing>
  <id>
   195612423
  </id>
  <name>
   Fila Gloves C-4500
  </name>
  <category>
   Gloves
  </category>
  <size>
   XXL
  </size>
  <color>
   Красный
  </color>
  <material>
   Вискоза
  </material>
  <price>
   459093
  </price>
  <rating>
   4.2
  </rating>
  <reviews>
   943523
  </reviews>
  <new>
   -
  </new>
  <exclusive>
   no
  </exclusive>
  <sporty>
   no
  </sporty>
 </clothing>
 <clothing>
  <id>
   641607186
  </id>
  <name>
   Fila Hat M-5037
  </name>
  <category>
   Hat
  </category>
  <size>
   M
  </size>
  <color>
   Желтый
  </color>
  <material>
   Кожа
  </material>
  <price>
   450348
  </price>
  <rating>
   3.67
  </rating>
  <reviews>
   310890
  </reviews>
  <new>
   +
  </new>
  <sporty>
   no
  </sporty>
 </clothing>
 <clothing>
  <id>
   673316136
  </id>
  <name>
   Ellesse Pants E-3182
  </name>
  <category>
   Pants
  </category>
  <size>
   XL
  </size>
  <color>
   Зеленый
  </color>
  <material>
   Нейлон
  </material>
  <price>
   397679
  </price>
  <rating>
   1.63
  </rating>
  <reviews>
   574256
  </reviews>
  <new>
   -
  </new>
  <exclusive>
   yes
  </exclusive>
 </clothing>
 <clothing>
  <id>
   946754454
  </id>
  <name>
   Under Armour Handbags F-6236
  </name>
  <category>
   Handbags
  </category>
  <size>
   XXL
  </size>
  <color>
   Фиолетовый
  </color>
  <material>
   Лен
  </material>
  <price>
   679160
  </price>
  <rating>
   2.86
  </rating>
  <reviews>
   636647
  </reviews>
  <exclusive>
   no
  </exclusive>
  <sporty>
   no
  </sporty>
 </clothing>
 <clothing>
  <id>
   968701523
  </id>
  <name>
   PleinSport Sweater G-6536
  </name>
  <category>
   Sweater
  </category>
  <size>
   XXL
  </size>
  <color>
   Желтый
  </color>
  <material>
   Шелк
  </material>
  <price>
   385503
  </price>
  <rating>
   4.98
  </rating>
  <reviews>
   289979
  </reviews>
  <new>
   +
  </new>
 </clothing>
 <clothing>
  <id>
   961011244
  </id>
  <name>
   DC Jeans S-4477
  </name>
  <category>
   Jeans
  </category>
  <size>
   L
  </size>
  <color>
   Голубой
  </color>
  <material>
   Вискоза
  </material>
  <price>
   460614
  </price>
  <rating>
   1.96
  </rating>
  <reviews>
   174808
  </reviews>
  <new>
   +
  </new>
 </clothing>
 <clothing>
  <id>
   958003323
  </id>
  <name>
   Asics Umbrellas O-6106
  </name>
  <category>
   Umbrellas
  </category>
  <size>
   M
  </size>
  <color>
   Красный
  </color>
  <material>
   Шерсть
  </material>
  <price>
   624472
  </price>
  <rating>
   1.53
  </rating>
  <reviews>
   756221
  </reviews>
  <new>
   -
  </new>
  <sporty>
   no
  </sporty>
 </clothing>
 <clothing>
  <id>
   751577896
  </id>
  <name>
   Asics Skirt S-6061
  </name>
  <category>
   Skirt
  </category>
  <size>
   M
  </size>
  <color>
   Голубой
  </color>
  <material>
   Лен
  </material>
  <price>
   807186
  </price>
  <rating>
   2.96
  </rating>
  <reviews>
   558407
  </reviews>
  <sporty>
   yes
  </sporty>
 </clothing>
 <clothing>
  <id>
   610078523
  </id>
  <name>
   Lacoste Skirt E-5648
  </name>
  <category>
   Skirt
  </category>
  <size>
   S
  </size>
  <color>
   Голубой
  </color>
  <material>
   Вискоза
  </material>
  <price>
   855721
  </price>
  <rating>
   3.44
  </rating>
  <reviews>
   596816
  </reviews>
 </clothing>
 <clothing>
  <id>
   312752343
  </id>
  <name>
   Brooks Jacket H-6292
  </name>
  <category>
   Jacket
  </category>
  <size>
   M
  </size>
  <color>
   Голубой
  </color>
  <material>
   Лен
  </material>
  <price>
   197784
  </price>
  <rating>
   3.09
  </rating>
  <reviews>
   923817
  </reviews>
  <exclusive>
   yes
  </exclusive>
 </clothing>
 <clothing>
  <id>
   878015340
  </id>
  <name>
   Addidas Dress X-4545
  </name>
  <category>
   Dress
  </category>
  <size>
   XL
  </size>
  <color>
   Желтый
  </color>
  <material>
   Лен
  </material>
  <price>
   951557
  </price>
  <rating>
   1.47
  </rating>
  <reviews>
   307418
  </reviews>
 </clothing>
 <clothing>
  <id>
   489040490
  </id>
  <name>
   Under Armour Pants Q-2193
  </name>
  <category>
   Pants
  </category>
  <size>
   XL
  </size>
  <color>
   Желтый
  </color>
  <material>
   Вискоза
  </material>
  <price>
   106225
  </price>
  <rating>
   2.12
  </rating>
  <reviews>
   529538
  </reviews>
  <new>
   +
  </new>
 </clothing>
 <clothing>
  <id>
   173518486
  </id>
  <name>
   Asics Shoes N-3196
  </name>
  <category>
   Shoes
  </category>
  <size>
   XL
  </size>
  <color>
   Зеленый
  </color>
  <material>
   Нейлон
  </material>
  <price>
   730671
  </price>
  <rating>
   4.77
  </rating>
  <reviews>
   637244
  </reviews>
  <new>
   -
  </new>
  <exclusive>
   yes
  </exclusive>
 </clothing>
 <clothing>
  <id>
   287223639
  </id>
  <name>
   Puma Jacket O-2469
  </name>
  <category>
   Jacket
  </category>
  <size>
   XXL
  </size>
  <color>
   Голубой
  </color>
  <material>
   Хлопок
  </material>
  <price>
   798714
  </price>
  <rating>
   4.1
  </rating>
  <reviews>
   826070
  </reviews>
  <exclusive>
   no
  </exclusive>
 </clothing>
 <clothing>
  <id>
   631442218
  </id>
  <name>
   Adidas Hat K-4313
  </name>
  <category>
   Hat
  </category>
  <size>
   L
  </size>
  <color>
   Голубой
  </color>
  <material>
   Полиэстер
  </material>
  <price>
   184066
  </price>
  <rating>
   1.63
  </rating>
  <reviews>
   538646
  </reviews>
  <sporty>
   no
  </sporty>
 </clothing>
 <clothing>
  <id>
   199279816
  </id>
  <name>
   Converse Jeans T-6053
  </name>
  <category>
   Jeans
  </category>
  <size>
   S
  </size>
  <color>
   Голубой
  </color>
  <material>
   Кожа
  </material>
  <price>
   109033
  </price>
  <rating>
   3.14
  </rating>
  <reviews>
   44346
  </reviews>
  <new>
   -
  </new>
  <sporty>
   yes
  </sporty>
 </clothing>
 <clothing>
  <id>
   484920363
  </id>
  <name>
   Reebok Shoes O-3971
  </name>
  <category>
   Shoes
  </category>
  <size>
   XXL
  </size>
  <color>
   Красный
  </color>
  <material>
   Полиэстер
  </material>
  <price>
   815765
  </price>
  <rating>
   4.65
  </rating>
  <reviews>
   982155
  </reviews>
  <new>
   +
  </new>
  <exclusive>
   no
  </exclusive>
 </clothing>
 <clothing>
  <id>
   843286611
  </id>
  <name>
   Ellesse Handbags S-4295
  </name>
  <category>
   Handbags
  </category>
  <size>
   L
  </size>
  <color>
   Голубой
  </color>
  <material>
   Полиэстер
  </material>
  <price>
   647156
  </price>
  <rating>
   4.63
  </rating>
  <reviews>
   564484
  </reviews>
  <new>
   +
  </new>
  <sporty>
   no
  </sporty>
 </clothing>
 <clothing>
  <id>
   878894200
  </id>
  <name>
   PleinSport Gloves O-5882
  </name>
  <category>
   Gloves
  </category>
  <size>
   M
  </size>
  <color>
   Голубой
  </color>
  <material>
   Хлопок
  </material>
  <price>
   247063
  </price>
  <rating>
   1.87
  </rating>
  <reviews>
   449793
  </reviews>
  <new>
   -
  </new>
  <exclusive>
   no
  </exclusive>
  <sporty>
   no
  </sporty>
 </clothing>
 <clothing>
  <id>
   266845008
  </id>
  <name>
   Nike Shoes A-8194
  </name>
  <category>
   Shoes
  </category>
  <size>
   L
  </size>
  <color>
   Зеленый
  </color>
  <material>
   Вискоза
  </material>
  <price>
   163651
  </price>
  <rating>
   2.44
  </rating>
  <reviews>
   120834
  </reviews>
  <new>
   +
  </new>
  <exclusive>
   yes
  </exclusive>
 </clothing>
 <clothing>
  <id>
   133554937
  </id>
  <name>
   Nike Belts K-3624
  </name>
  <category>
   Belts
  </category>
  <size>
   M
  </size>
  <color>
   Желтый
  </color>
  <material>
   Кожа
  </material>
  <price>
   263140
  </price>
  <rating>
   2.84
  </rating>
  <reviews>
   190079
  </reviews>
 </clothing>
</clothing-items>
