<?xml version="1.0" encoding="utf-8"?>
<clothing-items>
 <clothing>
  <id>
   783693301
  </id>
  <name>
   New Balance Sweater Z-6260
  </name>
  <category>
   Sweater
  </category>
  <size>
   S
  </size>
  <color>
   Зеленый
  </color>
  <material>
   Лен
  </material>
  <price>
   895064
  </price>
  <rating>
   3.83
  </rating>
  <reviews>
   282076
  </reviews>
  <new>
   +
  </new>
  <exclusive>
   no
  </exclusive>
  <sporty>
   yes
  </sporty>
 </clothing>
 <clothing>
  <id>
   887444313
  </id>
  <name>
   Brooks Umbrellas M-7463
  </name>
  <category>
   Umbrellas
  </category>
  <size>
   L
  </size>
  <color>
   Фиолетовый
  </color>
  <material>
   Хлопок
  </material>
  <price>
   676223
  </price>
  <rating>
   3.34
  </rating>
  <reviews>
   18738
  </reviews>
  <new>
   +
  </new>
  <exclusive>
   no
  </exclusive>
 </clothing>
 <clothing>
  <id>
   630900776
  </id>
  <name>
   Fila T-shirt W-2663
  </name>
  <category>
   T-shirt
  </category>
  <size>
   XXL
  </size>
  <color>
   Красный
  </color>
  <material>
   Вискоза
  </material>
  <price>
   540594
  </price>
  <rating>
   3.0
  </rating>
  <reviews>
   815968
  </reviews>
  <exclusive>
   no
  </exclusive>
  <sporty>
   no
  </sporty>
 </clothing>
 <clothing>
  <id>
   125239375
  </id>
  <name>
   Brooks Shoes J-3869
  </name>
  <category>
   Shoes
  </category>
  <size>
   XXL
  </size>
  <color>
   Голубой
  </color>
  <material>
   Вискоза
  </material>
  <price>
   924067
  </price>
  <rating>
   4.64
  </rating>
  <reviews>
   863361
  </reviews>
  <exclusive>
   yes
  </exclusive>
  <sporty>
   no
  </sporty>
 </clothing>
 <clothing>
  <id>
   196337747
  </id>
  <name>
   Puma Gloves Z-1424
  </name>
  <category>
   Gloves
  </category>
  <size>
   M
  </size>
  <color>
   Голубой
  </color>
  <material>
   Шерсть
  </material>
  <price>
   584547
  </price>
  <rating>
   2.27
  </rating>
  <reviews>
   606780
  </reviews>
  <exclusive>
   no
  </exclusive>
  <sporty>
   yes
  </sporty>
 </clothing>
 <clothing>
  <id>
   803554727
  </id>
  <name>
   Asics Socks V-8628
  </name>
  <category>
   Socks
  </category>
  <size>
   XL
  </size>
  <color>
   Красный
  </color>
  <material>
   Шерсть
  </material>
  <price>
   697130
  </price>
  <rating>
   3.06
  </rating>
  <reviews>
   384833
  </reviews>
  <new>
   +
  </new>
 </clothing>
 <clothing>
  <id>
   231061434
  </id>
  <name>
   Lacoste Handbags G-6383
  </name>
  <category>
   Handbags
  </category>
  <size>
   XL
  </size>
  <color>
   Красный
  </color>
  <material>
   Шерсть
  </material>
  <price>
   548175
  </price>
  <rating>
   4.14
  </rating>
  <reviews>
   689032
  </reviews>
  <new>
   -
  </new>
  <sporty>
   yes
  </sporty>
 </clothing>
 <clothing>
  <id>
   420580396
  </id>
  <name>
   Brooks Hat K-9785
  </name>
  <category>
   Hat
  </category>
  <size>
   S
  </size>
  <color>
   Фиолетовый
  </color>
  <material>
   Нейлон
  </material>
  <price>
   234008
  </price>
  <rating>
   3.24
  </rating>
  <reviews>
   805988
  </reviews>
  <exclusive>
   yes
  </exclusive>
  <sporty>
   no
  </sporty>
 </clothing>
 <clothing>
  <id>
   130078859
  </id>
  <name>
   Vans Shoes I-8060
  </name>
  <category>
   Shoes
  </category>
  <size>
   XXL
  </size>
  <color>
   Фиолетовый
  </color>
  <material>
   Вискоза
  </material>
  <price>
   871001
  </price>
  <rating>
   3.22
  </rating>
  <reviews>
   742795
  </reviews>
  <exclusive>
   no
  </exclusive>
 </clothing>
 <clothing>
  <id>
   373765022
  </id>
  <name>
   Addidas Shirt X-1133
  </name>
  <category>
   Shirt
  </category>
  <size>
   XXL
  </size>
  <color>
   Зеленый
  </color>
  <material>
   Вискоза
  </material>
  <price>
   312886
  </price>
  <rating>
   2.22
  </rating>
  <reviews>
   138967
  </reviews>
  <new>
   +
  </new>
  <exclusive>
   no
  </exclusive>
  <sporty>
   no
  </sporty>
 </clothing>
 <clothing>
  <id>
   332815468
  </id>
  <name>
   Lacoste Skirt Q-1674
  </name>
  <category>
   Skirt
  </category>
  <size>
   XXL
  </size>
  <color>
   Голубой
  </color>
  <material>
   Нейлон
  </material>
  <price>
   677769
  </price>
  <rating>
   3.69
  </rating>
  <reviews>
   600941
  </reviews>
  <exclusive>
   yes
  </exclusive>
  <sporty>
   yes
  </sporty>
 </clothing>
 <clothing>
  <id>
   171859095
  </id>
  <name>
   Fila T-shirt I-3941
  </name>
  <category>
   T-shirt
  </category>
  <size>
   XXL
  </size>
  <color>
   Фиолетовый
  </color>
  <material>
   Вискоза
  </material>
  <price>
   935467
  </price>
  <rating>
   3.88
  </rating>
  <reviews>
   682159
  </reviews>
  <new>
   +
  </new>
 </clothing>
 <clothing>
  <id>
   267848831
  </id>
  <name>
   Ellesse Jacket J-8386
  </name>
  <category>
   Jacket
  </category>
  <size>
   M
  </size>
  <color>
   Красный
  </color>
  <material>
   Вискоза
  </material>
  <price>
   256927
  </price>
  <rating>
   1.79
  </rating>
  <reviews>
   563092
  </reviews>
  <exclusive>
   no
  </exclusive>
 </clothing>
 <clothing>
  <id>
   822844277
  </id>
  <name>
   Under Armour Umbrellas I-1383
  </name>
  <category>
   Umbrellas
  </category>
  <size>
   XXL
  </size>
  <color>
   Голубой
  </color>
  <material>
   Полиэстер
  </material>
  <price>
   124547
  </price>
  <rating>
   2.85
  </rating>
  <reviews>
   76157
  </reviews>
  <new>
   -
  </new>
  <sporty>
   no
  </sporty>
 </clothing>
 <clothing>
  <id>
   929737441
  </id>
  <name>
   Fila Sweater U-7067
  </name>
  <category>
   Sweater
  </category>
  <size>
   XL
  </size>
  <color>
   Фиолетовый
  </color>
  <material>
   Шерсть
  </material>
  <price>
   853007
  </price>
  <rating>
   2.83
  </rating>
  <reviews>
   378115
  </reviews>
  <exclusive>
   yes
  </exclusive>
  <sporty>
   no
  </sporty>
 </clothing>
 <clothing>
  <id>
   374218735
  </id>
  <name>
   Reebok Dress A-1833
  </name>
  <category>
   Dress
  </category>
  <size>
   M
  </size>
  <color>
   Желтый
  </color>
  <material>
   Шелк
  </material>
  <price>
   540310
  </price>
  <rating>
   1.37
  </rating>
  <reviews>
   333472
  </reviews>
  <new>
   +
  </new>
  <exclusive>
   yes
  </exclusive>
 </clothing>
 <clothing>
  <id>
   277360022
  </id>
  <name>
   DC Sweater Q-1314
  </name>
  <category>
   Sweater
  </category>
  <size>
   XL
  </size>
  <color>
   Синий
  </color>
  <material>
   Вискоза
  </material>
  <price>
   434590
  </price>
  <rating>
   3.72
  </rating>
  <reviews>
   251784
  </reviews>
  <new>
   -
  </new>
  <exclusive>
   yes
  </exclusive>
  <sporty>
   yes
  </sporty>
 </clothing>
 <clothing>
  <id>
   278470839
  </id>
  <name>
   Ellesse Gloves R-4867
  </name>
  <category>
   Gloves
  </category>
  <size>
   L
  </size>
  <color>
   Синий
  </color>
  <material>
   Шерсть
  </material>
  <price>
   290139
  </price>
  <rating>
   3.85
  </rating>
  <reviews>
   643830
  </reviews>
  <sporty>
   yes
  </sporty>
 </clothing>
 <clothing>
  <id>
   621118969
  </id>
  <name>
   DC Belts O-3398
  </name>
  <category>
   Belts
  </category>
  <size>
   M
  </size>
  <color>
   Желтый
  </color>
  <material>
   Хлопок
  </material>
  <price>
   178856
  </price>
  <rating>
   4.14
  </rating>
  <reviews>
   19777
  </reviews>
  <new>
   -
  </new>
 </clothing>
 <clothing>
  <id>
   921637512
  </id>
  <name>
   New Balance Skirt Q-6562
  </name>
  <category>
   Skirt
  </category>
  <size>
   M
  </size>
  <color>
   Синий
  </color>
  <material>
   Шерсть
  </material>
  <price>
   587426
  </price>
  <rating>
   1.87
  </rating>
  <reviews>
   6434
  </reviews>
  <exclusive>
   no
  </exclusive>
  <sporty>
   no
  </sporty>
 </clothing>
 <clothing>
  <id>
   679037936
  </id>
  <name>
   Puma Shoes E-1440
  </name>
  <category>
   Shoes
  </category>
  <size>
   M
  </size>
  <color>
   Желтый
  </color>
  <material>
   Шерсть
  </material>
  <price>
   289390
  </price>
  <rating>
   4.83
  </rating>
  <reviews>
   445057
  </reviews>
  <exclusive>
   no
  </exclusive>
  <sporty>
   no
  </sporty>
 </clothing>
 <clothing>
  <id>
   600606339
  </id>
  <name>
   Lacoste Shirt T-3098
  </name>
  <category>
   Shirt
  </category>
  <size>
   S
  </size>
  <color>
   Синий
  </color>
  <material>
   Шелк
  </material>
  <price>
   908727
  </price>
  <rating>
   1.83
  </rating>
  <reviews>
   122451
  </reviews>
 </clothing>
 <clothing>
  <id>
   765522004
  </id>
  <name>
   Puma Umbrellas L-1899
  </name>
  <category>
   Umbrellas
  </category>
  <size>
   M
  </size>
  <color>
   Оранжевый
  </color>
  <material>
   Шерсть
  </material>
  <price>
   962570
  </price>
  <rating>
   2.63
  </rating>
  <reviews>
   457160
  </reviews>
  <new>
   +
  </new>
  <exclusive>
   yes
  </exclusive>
  <sporty>
   no
  </sporty>
 </clothing>
 <clothing>
  <id>
   797199817
  </id>
  <name>
   Brooks Umbrellas I-9927
  </name>
  <category>
   Umbrellas
  </category>
  <size>
   L
  </size>
  <color>
   Синий
  </color>
  <material>
   Нейлон
  </material>
  <price>
   892384
  </price>
  <rating>
   3.59
  </rating>
  <reviews>
   20262
  </reviews>
  <new>
   +
  </new>
  <exclusive>
   no
  </exclusive>
 </clothing>
 <clothing>
  <id>
   814468567
  </id>
  <name>
   Brooks Umbrellas O-5501
  </name>
  <category>
   Umbrellas
  </category>
  <size>
   M
  </size>
  <color>
   Синий
  </color>
  <material>
   Нейлон
  </material>
  <price>
   626978
  </price>
  <rating>
   4.39
  </rating>
  <reviews>
   468529
  </reviews>
  <exclusive>
   yes
  </exclusive>
  <sporty>
   yes
  </sporty>
 </clothing>
 <clothing>
  <id>
   377855633
  </id>
  <name>
   New Balance Sweater A-5367
  </name>
  <category>
   Sweater
  </category>
  <size>
   XL
  </size>
  <color>
   Фиолетовый
  </color>
  <material>
   Вискоза
  </material>
  <price>
   383237
  </price>
  <rating>
   2.11
  </rating>
  <reviews>
   44032
  </reviews>
  <exclusive>
   no
  </exclusive>
 </clothing>
 <clothing>
  <id>
   685479939
  </id>
  <name>
   DC Socks M-6247
  </name>
  <category>
   Socks
  </category>
  <size>
   S
  </size>
  <color>
   Зеленый
  </color>
  <material>
   Вискоза
  </material>
  <price>
   908323
  </price>
  <rating>
   3.88
  </rating>
  <reviews>
   192770
  </reviews>
  <new>
   +
  </new>
  <exclusive>
   no
  </exclusive>
  <sporty>
   no
  </sporty>
 </clothing>
 <clothing>
  <id>
   641915106
  </id>
  <name>
   Nike Blouse L-6873
  </name>
  <category>
   Blouse
  </category>
  <size>
   S
  </size>
  <color>
   Синий
  </color>
  <material>
   Шелк
  </material>
  <price>
   987860
  </price>
  <rating>
   2.46
  </rating>
  <reviews>
   501166
  </reviews>
  <new>
   +
  </new>
  <exclusive>
   yes
  </exclusive>
 </clothing>
 <clothing>
  <id>
   204896578
  </id>
  <name>
   Vans Umbrellas Z-6041
  </name>
  <category>
   Umbrellas
  </category>
  <size>
   XL
  </size>
  <color>
   Зеленый
  </color>
  <material>
   Шелк
  </material>
  <price>
   674650
  </price>
  <rating>
   2.03
  </rating>
  <reviews>
   330475
  </reviews>
  <new>
   +
  </new>
  <exclusive>
   no
  </exclusive>
 </clothing>
</clothing-items>
