<?xml version="1.0" encoding="utf-8"?>
<clothing-items>
 <clothing>
  <id>
   436711937
  </id>
  <name>
   Nike Umbrellas B-8610
  </name>
  <category>
   Umbrellas
  </category>
  <size>
   XXL
  </size>
  <color>
   Синий
  </color>
  <material>
   Шелк
  </material>
  <price>
   700024
  </price>
  <rating>
   1.89
  </rating>
  <reviews>
   194827
  </reviews>
  <new>
   -
  </new>
  <exclusive>
   yes
  </exclusive>
 </clothing>
 <clothing>
  <id>
   870018179
  </id>
  <name>
   Ellesse Umbrellas N-7597
  </name>
  <category>
   Umbrellas
  </category>
  <size>
   XXL
  </size>
  <color>
   Оранжевый
  </color>
  <material>
   Нейлон
  </material>
  <price>
   318598
  </price>
  <rating>
   1.36
  </rating>
  <reviews>
   274001
  </reviews>
  <new>
   +
  </new>
  <sporty>
   yes
  </sporty>
 </clothing>
 <clothing>
  <id>
   602212849
  </id>
  <name>
   Ellesse Skirt D-6297
  </name>
  <category>
   Skirt
  </category>
  <size>
   L
  </size>
  <color>
   Красный
  </color>
  <material>
   Лен
  </material>
  <price>
   156235
  </price>
  <rating>
   2.99
  </rating>
  <reviews>
   126008
  </reviews>
  <exclusive>
   yes
  </exclusive>
  <sporty>
   no
  </sporty>
 </clothing>
 <clothing>
  <id>
   631609747
  </id>
  <name>
   DC Handbags N-2098
  </name>
  <category>
   Handbags
  </category>
  <size>
   XXL
  </size>
  <color>
   Зеленый
  </color>
  <material>
   Нейлон
  </material>
  <price>
   462956
  </price>
  <rating>
   1.8
  </rating>
  <reviews>
   444627
  </reviews>
  <exclusive>
   no
  </exclusive>
 </clothing>
 <clothing>
  <id>
   218344182
  </id>
  <name>
   Under Armour Dress O-1473
  </name>
  <category>
   Dress
  </category>
  <size>
   XL
  </size>
  <color>
   Синий
  </color>
  <material>
   Нейлон
  </material>
  <price>
   238394
  </price>
  <rating>
   4.12
  </rating>
  <reviews>
   517753
  </reviews>
  <new>
   -
  </new>
  <exclusive>
   no
  </exclusive>
 </clothing>
 <clothing>
  <id>
   791647267
  </id>
  <name>
   Nike Jeans X-6801
  </name>
  <category>
   Jeans
  </category>
  <size>
   L
  </size>
  <color>
   Синий
  </color>
  <material>
   Шерсть
  </material>
  <price>
   104621
  </price>
  <rating>
   1.14
  </rating>
  <reviews>
   881989
  </reviews>
  <sporty>
   yes
  </sporty>
 </clothing>
 <clothing>
  <id>
   767753728
  </id>
  <name>
   PleinSport T-shirt O-6857
  </name>
  <category>
   T-shirt
  </category>
  <size>
   XXL
  </size>
  <color>
   Синий
  </color>
  <material>
   Кожа
  </material>
  <price>
   460371
  </price>
  <rating>
   1.67
  </rating>
  <reviews>
   24745
  </reviews>
  <new>
   +
  </new>
  <exclusive>
   yes
  </exclusive>
  <sporty>
   no
  </sporty>
 </clothing>
 <clothing>
  <id>
   178631775
  </id>
  <name>
   Asics Shoes E-5972
  </name>
  <category>
   Shoes
  </category>
  <size>
   M
  </size>
  <color>
   Красный
  </color>
  <material>
   Полиэстер
  </material>
  <price>
   584863
  </price>
  <rating>
   2.04
  </rating>
  <reviews>
   382212
  </reviews>
  <new>
   -
  </new>
  <exclusive>
   no
  </exclusive>
 </clothing>
 <clothing>
  <id>
   503378019
  </id>
  <name>
   Lacoste Handbags N-6139
  </name>
  <category>
   Handbags
  </category>
  <size>
   S
  </size>
  <color>
   Зеленый
  </color>
  <material>
   Нейлон
  </material>
  <price>
   102513
  </price>
  <rating>
   2.34
  </rating>
  <reviews>
   568117
  </reviews>
  <exclusive>
   yes
  </exclusive>
 </clothing>
 <clothing>
  <id>
   606882473
  </id>
  <name>
   New Balance Hat P-7493
  </name>
  <category>
   Hat
  </category>
  <size>
   XXL
  </size>
  <color>
   Оранжевый
  </color>
  <material>
   Вискоза
  </material>
  <price>
   499945
  </price>
  <rating>
   1.46
  </rating>
  <reviews>
   260916
  </reviews>
  <new>
   -
  </new>
 </clothing>
 <clothing>
  <id>
   693504765
  </id>
  <name>
   Lacoste Socks J-9033
  </name>
  <category>
   Socks
  </category>
  <size>
   L
  </size>
  <color>
   Зеленый
  </color>
  <material>
   Шерсть
  </material>
  <price>
   317501
  </price>
  <rating>
   2.29
  </rating>
  <reviews>
   487673
  </reviews>
  <new>
   -
  </new>
  <exclusive>
   no
  </exclusive>
  <sporty>
   no
  </sporty>
 </clothing>
 <clothing>
  <id>
   967593276
  </id>
  <name>
   Converse Hat S-2166
  </name>
  <category>
   Hat
  </category>
  <size>
   XXL
  </size>
  <color>
   Оранжевый
  </color>
  <material>
   Полиэстер
  </material>
  <price>
   476881
  </price>
  <rating>
   3.63
  </rating>
  <reviews>
   453084
  </reviews>
  <new>
   -
  </new>
  <exclusive>
   yes
  </exclusive>
 </clothing>
 <clothing>
  <id>
   455327907
  </id>
  <name>
   Lacoste Gloves E-3169
  </name>
  <category>
   Gloves
  </category>
  <size>
   L
  </size>
  <color>
   Голубой
  </color>
  <material>
   Шелк
  </material>
  <price>
   668566
  </price>
  <rating>
   1.73
  </rating>
  <reviews>
   401752
  </reviews>
  <exclusive>
   yes
  </exclusive>
  <sporty>
   yes
  </sporty>
 </clothing>
 <clothing>
  <id>
   654914816
  </id>
  <name>
   Converse Jeans I-7082
  </name>
  <category>
   Jeans
  </category>
  <size>
   XL
  </size>
  <color>
   Фиолетовый
  </color>
  <material>
   Шерсть
  </material>
  <price>
   534807
  </price>
  <rating>
   2.27
  </rating>
  <reviews>
   520508
  </reviews>
  <exclusive>
   no
  </exclusive>
 </clothing>
 <clothing>
  <id>
   755358389
  </id>
  <name>
   Brooks Dress W-9543
  </name>
  <category>
   Dress
  </category>
  <size>
   M
  </size>
  <color>
   Голубой
  </color>
  <material>
   Вискоза
  </material>
  <price>
   848796
  </price>
  <rating>
   1.49
  </rating>
  <reviews>
   879787
  </reviews>
  <exclusive>
   no
  </exclusive>
 </clothing>
 <clothing>
  <id>
   992708590
  </id>
  <name>
   Brooks Handbags G-8190
  </name>
  <category>
   Handbags
  </category>
  <size>
   M
  </size>
  <color>
   Фиолетовый
  </color>
  <material>
   Полиэстер
  </material>
  <price>
   571993
  </price>
  <rating>
   3.67
  </rating>
  <reviews>
   170365
  </reviews>
  <new>
   -
  </new>
  <exclusive>
   no
  </exclusive>
 </clothing>
 <clothing>
  <id>
   646016636
  </id>
  <name>
   Converse T-shirt S-6892
  </name>
  <category>
   T-shirt
  </category>
  <size>
   S
  </size>
  <color>
   Зеленый
  </color>
  <material>
   Хлопок
  </material>
  <price>
   838010
  </price>
  <rating>
   4.08
  </rating>
  <reviews>
   479867
  </reviews>
  <new>
   +
  </new>
  <sporty>
   yes
  </sporty>
 </clothing>
 <clothing>
  <id>
   634244234
  </id>
  <name>
   New Balance Jacket D-5428
  </name>
  <category>
   Jacket
  </category>
  <size>
   XL
  </size>
  <color>
   Синий
  </color>
  <material>
   Шерсть
  </material>
  <price>
   162355
  </price>
  <rating>
   4.07
  </rating>
  <reviews>
   225838
  </reviews>
 </clothing>
 <clothing>
  <id>
   596546320
  </id>
  <name>
   Adidas Pants M-1045
  </name>
  <category>
   Pants
  </category>
  <size>
   XXL
  </size>
  <color>
   Голубой
  </color>
  <material>
   Кожа
  </material>
  <price>
   172914
  </price>
  <rating>
   3.65
  </rating>
  <reviews>
   682061
  </reviews>
  <new>
   -
  </new>
  <sporty>
   yes
  </sporty>
 </clothing>
 <clothing>
  <id>
   860811003
  </id>
  <name>
   New Balance Hat D-5746
  </name>
  <category>
   Hat
  </category>
  <size>
   L
  </size>
  <color>
   Оранжевый
  </color>
  <material>
   Вискоза
  </material>
  <price>
   679789
  </price>
  <rating>
   1.12
  </rating>
  <reviews>
   108508
  </reviews>
  <new>
   +
  </new>
  <exclusive>
   no
  </exclusive>
  <sporty>
   yes
  </sporty>
 </clothing>
 <clothing>
  <id>
   102862125
  </id>
  <name>
   Puma Shirt T-9265
  </name>
  <category>
   Shirt
  </category>
  <size>
   S
  </size>
  <color>
   Зеленый
  </color>
  <material>
   Вискоза
  </material>
  <price>
   563094
  </price>
  <rating>
   2.04
  </rating>
  <reviews>
   663489
  </reviews>
  <new>
   -
  </new>
 </clothing>
 <clothing>
  <id>
   330479903
  </id>
  <name>
   Under Armour Gloves I-6978
  </name>
  <category>
   Gloves
  </category>
  <size>
   S
  </size>
  <color>
   Желтый
  </color>
  <material>
   Кожа
  </material>
  <price>
   594842
  </price>
  <rating>
   4.16
  </rating>
  <reviews>
   339813
  </reviews>
 </clothing>
 <clothing>
  <id>
   363108027
  </id>
  <name>
   Vans Hat Q-2169
  </name>
  <category>
   Hat
  </category>
  <size>
   XXL
  </size>
  <color>
   Оранжевый
  </color>
  <material>
   Лен
  </material>
  <price>
   320425
  </price>
  <rating>
   3.93
  </rating>
  <reviews>
   517171
  </reviews>
  <new>
   -
  </new>
  <exclusive>
   no
  </exclusive>
  <sporty>
   no
  </sporty>
 </clothing>
 <clothing>
  <id>
   358114047
  </id>
  <name>
   Vans Handbags T-3489
  </name>
  <category>
   Handbags
  </category>
  <size>
   M
  </size>
  <color>
   Желтый
  </color>
  <material>
   Хлопок
  </material>
  <price>
   332470
  </price>
  <rating>
   1.43
  </rating>
  <reviews>
   571889
  </reviews>
  <new>
   +
  </new>
  <exclusive>
   no
  </exclusive>
  <sporty>
   no
  </sporty>
 </clothing>
 <clothing>
  <id>
   328387729
  </id>
  <name>
   Vans Jacket J-2344
  </name>
  <category>
   Jacket
  </category>
  <size>
   M
  </size>
  <color>
   Красный
  </color>
  <material>
   Шелк
  </material>
  <price>
   278352
  </price>
  <rating>
   3.14
  </rating>
  <reviews>
   204152
  </reviews>
  <new>
   -
  </new>
  <sporty>
   no
  </sporty>
 </clothing>
 <clothing>
  <id>
   729000044
  </id>
  <name>
   Converse Shirt U-6089
  </name>
  <category>
   Shirt
  </category>
  <size>
   S
  </size>
  <color>
   Синий
  </color>
  <material>
   Лен
  </material>
  <price>
   998307
  </price>
  <rating>
   3.73
  </rating>
  <reviews>
   172995
  </reviews>
  <new>
   -
  </new>
 </clothing>
 <clothing>
  <id>
   383384246
  </id>
  <name>
   Fila Handbags P-7785
  </name>
  <category>
   Handbags
  </category>
  <size>
   S
  </size>
  <color>
   Фиолетовый
  </color>
  <material>
   Нейлон
  </material>
  <price>
   658626
  </price>
  <rating>
   3.75
  </rating>
  <reviews>
   198255
  </reviews>
  <new>
   +
  </new>
 </clothing>
 <clothing>
  <id>
   953551588
  </id>
  <name>
   Reebok Jeans F-9915
  </name>
  <category>
   Jeans
  </category>
  <size>
   XL
  </size>
  <color>
   Желтый
  </color>
  <material>
   Шерсть
  </material>
  <price>
   343756
  </price>
  <rating>
   3.38
  </rating>
  <reviews>
   102616
  </reviews>
  <new>
   +
  </new>
  <exclusive>
   no
  </exclusive>
  <sporty>
   no
  </sporty>
 </clothing>
 <clothing>
  <id>
   212760345
  </id>
  <name>
   Reebok Jeans P-1922
  </name>
  <category>
   Jeans
  </category>
  <size>
   S
  </size>
  <color>
   Зеленый
  </color>
  <material>
   Нейлон
  </material>
  <price>
   728744
  </price>
  <rating>
   3.08
  </rating>
  <reviews>
   223182
  </reviews>
  <exclusive>
   yes
  </exclusive>
  <sporty>
   yes
  </sporty>
 </clothing>
 <clothing>
  <id>
   889104123
  </id>
  <name>
   Nike Hat E-4650
  </name>
  <category>
   Hat
  </category>
  <size>
   XXL
  </size>
  <color>
   Красный
  </color>
  <material>
   Лен
  </material>
  <price>
   546493
  </price>
  <rating>
   2.7
  </rating>
  <reviews>
   355491
  </reviews>
  <new>
   -
  </new>
  <exclusive>
   no
  </exclusive>
 </clothing>
 <clothing>
  <id>
   663250681
  </id>
  <name>
   Converse Skirt M-3572
  </name>
  <category>
   Skirt
  </category>
  <size>
   XXL
  </size>
  <color>
   Синий
  </color>
  <material>
   Хлопок
  </material>
  <price>
   597247
  </price>
  <rating>
   2.54
  </rating>
  <reviews>
   87450
  </reviews>
  <exclusive>
   no
  </exclusive>
  <sporty>
   no
  </sporty>
 </clothing>
 <clothing>
  <id>
   848906290
  </id>
  <name>
   Addidas Belts Y-7713
  </name>
  <category>
   Belts
  </category>
  <size>
   XL
  </size>
  <color>
   Зеленый
  </color>
  <material>
   Шелк
  </material>
  <price>
   108945
  </price>
  <rating>
   4.33
  </rating>
  <reviews>
   782322
  </reviews>
  <new>
   -
  </new>
 </clothing>
 <clothing>
  <id>
   297194347
  </id>
  <name>
   Lacoste T-shirt F-1019
  </name>
  <category>
   T-shirt
  </category>
  <size>
   L
  </size>
  <color>
   Синий
  </color>
  <material>
   Полиэстер
  </material>
  <price>
   633025
  </price>
  <rating>
   1.02
  </rating>
  <reviews>
   199517
  </reviews>
  <exclusive>
   yes
  </exclusive>
  <sporty>
   yes
  </sporty>
 </clothing>
 <clothing>
  <id>
   335262009
  </id>
  <name>
   Asics Dress S-5817
  </name>
  <category>
   Dress
  </category>
  <size>
   S
  </size>
  <color>
   Синий
  </color>
  <material>
   Шелк
  </material>
  <price>
   448876
  </price>
  <rating>
   3.08
  </rating>
  <reviews>
   479106
  </reviews>
  <sporty>
   no
  </sporty>
 </clothing>
 <clothing>
  <id>
   600787470
  </id>
  <name>
   Puma Handbags P-5856
  </name>
  <category>
   Handbags
  </category>
  <size>
   XXL
  </size>
  <color>
   Фиолетовый
  </color>
  <material>
   Кожа
  </material>
  <price>
   899264
  </price>
  <rating>
   4.65
  </rating>
  <reviews>
   141163
  </reviews>
  <new>
   -
  </new>
  <sporty>
   yes
  </sporty>
 </clothing>
</clothing-items>
