<?xml version="1.0" encoding="utf-8"?>
<clothing-items>
 <clothing>
  <id>
   294801524
  </id>
  <name>
   Nike Jacket F-8824
  </name>
  <category>
   Jacket
  </category>
  <size>
   S
  </size>
  <color>
   Голубой
  </color>
  <material>
   Хлопок
  </material>
  <price>
   737795
  </price>
  <rating>
   3.72
  </rating>
  <reviews>
   11092
  </reviews>
  <new>
   -
  </new>
  <exclusive>
   no
  </exclusive>
 </clothing>
 <clothing>
  <id>
   875073627
  </id>
  <name>
   Puma Shoes G-8699
  </name>
  <category>
   Shoes
  </category>
  <size>
   S
  </size>
  <color>
   Оранжевый
  </color>
  <material>
   Шерсть
  </material>
  <price>
   389127
  </price>
  <rating>
   4.42
  </rating>
  <reviews>
   441601
  </reviews>
  <exclusive>
   no
  </exclusive>
 </clothing>
 <clothing>
  <id>
   236340247
  </id>
  <name>
   Brooks Jacket U-9092
  </name>
  <category>
   Jacket
  </category>
  <size>
   S
  </size>
  <color>
   Желтый
  </color>
  <material>
   Кожа
  </material>
  <price>
   934382
  </price>
  <rating>
   2.0
  </rating>
  <reviews>
   516899
  </reviews>
  <exclusive>
   no
  </exclusive>
  <sporty>
   yes
  </sporty>
 </clothing>
 <clothing>
  <id>
   954439834
  </id>
  <name>
   New Balance Hat B-2436
  </name>
  <category>
   Hat
  </category>
  <size>
   M
  </size>
  <color>
   Голубой
  </color>
  <material>
   Кожа
  </material>
  <price>
   159997
  </price>
  <rating>
   4.35
  </rating>
  <reviews>
   498075
  </reviews>
  <exclusive>
   no
  </exclusive>
 </clothing>
 <clothing>
  <id>
   782195819
  </id>
  <name>
   Adidas Skirt Z-7233
  </name>
  <category>
   Skirt
  </category>
  <size>
   XXL
  </size>
  <color>
   Желтый
  </color>
  <material>
   Полиэстер
  </material>
  <price>
   276189
  </price>
  <rating>
   1.51
  </rating>
  <reviews>
   147926
  </reviews>
  <new>
   -
  </new>
  <exclusive>
   no
  </exclusive>
  <sporty>
   no
  </sporty>
 </clothing>
 <clothing>
  <id>
   856694983
  </id>
  <name>
   Adidas T-shirt A-3394
  </name>
  <category>
   T-shirt
  </category>
  <size>
   L
  </size>
  <color>
   Оранжевый
  </color>
  <material>
   Лен
  </material>
  <price>
   489099
  </price>
  <rating>
   3.61
  </rating>
  <reviews>
   759598
  </reviews>
  <new>
   +
  </new>
  <sporty>
   yes
  </sporty>
 </clothing>
 <clothing>
  <id>
   910908997
  </id>
  <name>
   Adidas Handbags M-2540
  </name>
  <category>
   Handbags
  </category>
  <size>
   M
  </size>
  <color>
   Зеленый
  </color>
  <material>
   Шелк
  </material>
  <price>
   485657
  </price>
  <rating>
   2.54
  </rating>
  <reviews>
   945015
  </reviews>
  <sporty>
   no
  </sporty>
 </clothing>
 <clothing>
  <id>
   684959822
  </id>
  <name>
   Nike Shoes K-9557
  </name>
  <category>
   Shoes
  </category>
  <size>
   XXL
  </size>
  <color>
   Голубой
  </color>
  <material>
   Полиэстер
  </material>
  <price>
   365463
  </price>
  <rating>
   2.5
  </rating>
  <reviews>
   368270
  </reviews>
  <new>
   -
  </new>
  <exclusive>
   no
  </exclusive>
 </clothing>
 <clothing>
  <id>
   963705260
  </id>
  <name>
   Lacoste Jeans N-1936
  </name>
  <category>
   Jeans
  </category>
  <size>
   L
  </size>
  <color>
   Красный
  </color>
  <material>
   Шерсть
  </material>
  <price>
   213307
  </price>
  <rating>
   1.25
  </rating>
  <reviews>
   627772
  </reviews>
  <new>
   -
  </new>
  <sporty>
   no
  </sporty>
 </clothing>
 <clothing>
  <id>
   219798078
  </id>
  <name>
   Fila Blouse Y-9892
  </name>
  <category>
   Blouse
  </category>
  <size>
   XXL
  </size>
  <color>
   Синий
  </color>
  <material>
   Хлопок
  </material>
  <price>
   310651
  </price>
  <rating>
   4.29
  </rating>
  <reviews>
   705348
  </reviews>
 </clothing>
 <clothing>
  <id>
   732959689
  </id>
  <name>
   Brooks Umbrellas Y-1959
  </name>
  <category>
   Umbrellas
  </category>
  <size>
   M
  </size>
  <color>
   Голубой
  </color>
  <material>
   Шелк
  </material>
  <price>
   858153
  </price>
  <rating>
   4.16
  </rating>
  <reviews>
   248529
  </reviews>
  <new>
   -
  </new>
  <exclusive>
   no
  </exclusive>
  <sporty>
   no
  </sporty>
 </clothing>
 <clothing>
  <id>
   697410260
  </id>
  <name>
   Under Armour Skirt B-8538
  </name>
  <category>
   Skirt
  </category>
  <size>
   L
  </size>
  <color>
   Желтый
  </color>
  <material>
   Кожа
  </material>
  <price>
   967854
  </price>
  <rating>
   1.91
  </rating>
  <reviews>
   484940
  </reviews>
  <new>
   +
  </new>
 </clothing>
 <clothing>
  <id>
   265238960
  </id>
  <name>
   Adidas Handbags Y-9704
  </name>
  <category>
   Handbags
  </category>
  <size>
   L
  </size>
  <color>
   Голубой
  </color>
  <material>
   Нейлон
  </material>
  <price>
   704252
  </price>
  <rating>
   4.07
  </rating>
  <reviews>
   966134
  </reviews>
  <new>
   -
  </new>
  <exclusive>
   yes
  </exclusive>
 </clothing>
 <clothing>
  <id>
   213994109
  </id>
  <name>
   Lacoste Gloves S-3963
  </name>
  <category>
   Gloves
  </category>
  <size>
   S
  </size>
  <color>
   Синий
  </color>
  <material>
   Шерсть
  </material>
  <price>
   533036
  </price>
  <rating>
   4.12
  </rating>
  <reviews>
   252982
  </reviews>
  <sporty>
   no
  </sporty>
 </clothing>
 <clothing>
  <id>
   882499164
  </id>
  <name>
   New Balance Jeans Z-3321
  </name>
  <category>
   Jeans
  </category>
  <size>
   S
  </size>
  <color>
   Оранжевый
  </color>
  <material>
   Кожа
  </material>
  <price>
   626532
  </price>
  <rating>
   2.04
  </rating>
  <reviews>
   222069
  </reviews>
  <new>
   +
  </new>
  <exclusive>
   yes
  </exclusive>
  <sporty>
   no
  </sporty>
 </clothing>
 <clothing>
  <id>
   285225338
  </id>
  <name>
   Brooks Hat Q-7005
  </name>
  <category>
   Hat
  </category>
  <size>
   L
  </size>
  <color>
   Голубой
  </color>
  <material>
   Хлопок
  </material>
  <price>
   635251
  </price>
  <rating>
   4.44
  </rating>
  <reviews>
   475551
  </reviews>
  <sporty>
   yes
  </sporty>
 </clothing>
 <clothing>
  <id>
   557142190
  </id>
  <name>
   Under Armour Handbags U-2181
  </name>
  <category>
   Handbags
  </category>
  <size>
   L
  </size>
  <color>
   Фиолетовый
  </color>
  <material>
   Нейлон
  </material>
  <price>
   597299
  </price>
  <rating>
   3.03
  </rating>
  <reviews>
   102536
  </reviews>
  <sporty>
   yes
  </sporty>
 </clothing>
 <clothing>
  <id>
   526162473
  </id>
  <name>
   Vans Sweater V-1224
  </name>
  <category>
   Sweater
  </category>
  <size>
   M
  </size>
  <color>
   Фиолетовый
  </color>
  <material>
   Кожа
  </material>
  <price>
   950262
  </price>
  <rating>
   2.57
  </rating>
  <reviews>
   923108
  </reviews>
  <new>
   +
  </new>
  <sporty>
   yes
  </sporty>
 </clothing>
 <clothing>
  <id>
   822549568
  </id>
  <name>
   Puma Pants M-4279
  </name>
  <category>
   Pants
  </category>
  <size>
   L
  </size>
  <color>
   Синий
  </color>
  <material>
   Хлопок
  </material>
  <price>
   844330
  </price>
  <rating>
   4.26
  </rating>
  <reviews>
   778254
  </reviews>
  <new>
   +
  </new>
  <exclusive>
   no
  </exclusive>
 </clothing>
 <clothing>
  <id>
   392937355
  </id>
  <name>
   Reebok Belts S-5479
  </name>
  <category>
   Belts
  </category>
  <size>
   XL
  </size>
  <color>
   Зеленый
  </color>
  <material>
   Вискоза
  </material>
  <price>
   580893
  </price>
  <rating>
   2.77
  </rating>
  <reviews>
   626855
  </reviews>
  <new>
   -
  </new>
  <exclusive>
   no
  </exclusive>
  <sporty>
   yes
  </sporty>
 </clothing>
 <clothing>
  <id>
   843375212
  </id>
  <name>
   Lacoste Umbrellas D-2693
  </name>
  <category>
   Umbrellas
  </category>
  <size>
   XXL
  </size>
  <color>
   Оранжевый
  </color>
  <material>
   Кожа
  </material>
  <price>
   783880
  </price>
  <rating>
   1.76
  </rating>
  <reviews>
   267326
  </reviews>
  <sporty>
   yes
  </sporty>
 </clothing>
 <clothing>
  <id>
   681240043
  </id>
  <name>
   PleinSport Blouse D-3199
  </name>
  <category>
   Blouse
  </category>
  <size>
   M
  </size>
  <color>
   Голубой
  </color>
  <material>
   Шерсть
  </material>
  <price>
   850267
  </price>
  <rating>
   3.3
  </rating>
  <reviews>
   232535
  </reviews>
  <exclusive>
   no
  </exclusive>
  <sporty>
   yes
  </sporty>
 </clothing>
 <clothing>
  <id>
   498085313
  </id>
  <name>
   Ellesse Belts V-6280
  </name>
  <category>
   Belts
  </category>
  <size>
   XXL
  </size>
  <color>
   Оранжевый
  </color>
  <material>
   Шерсть
  </material>
  <price>
   952546
  </price>
  <rating>
   4.65
  </rating>
  <reviews>
   142914
  </reviews>
 </clothing>
 <clothing>
  <id>
   642828290
  </id>
  <name>
   Reebok Blouse Y-9251
  </name>
  <category>
   Blouse
  </category>
  <size>
   XL
  </size>
  <color>
   Оранжевый
  </color>
  <material>
   Хлопок
  </material>
  <price>
   803323
  </price>
  <rating>
   3.29
  </rating>
  <reviews>
   972101
  </reviews>
  <new>
   +
  </new>
  <exclusive>
   no
  </exclusive>
 </clothing>
 <clothing>
  <id>
   647819088
  </id>
  <name>
   Vans Shoes G-7950
  </name>
  <category>
   Shoes
  </category>
  <size>
   XL
  </size>
  <color>
   Желтый
  </color>
  <material>
   Полиэстер
  </material>
  <price>
   144899
  </price>
  <rating>
   3.22
  </rating>
  <reviews>
   588572
  </reviews>
  <new>
   +
  </new>
  <exclusive>
   no
  </exclusive>
  <sporty>
   no
  </sporty>
 </clothing>
 <clothing>
  <id>
   259817951
  </id>
  <name>
   Addidas Gloves N-1406
  </name>
  <category>
   Gloves
  </category>
  <size>
   XXL
  </size>
  <color>
   Оранжевый
  </color>
  <material>
   Лен
  </material>
  <price>
   428685
  </price>
  <rating>
   3.82
  </rating>
  <reviews>
   890467
  </reviews>
  <new>
   +
  </new>
  <exclusive>
   yes
  </exclusive>
  <sporty>
   yes
  </sporty>
 </clothing>
 <clothing>
  <id>
   814311165
  </id>
  <name>
   Converse Pants P-3672
  </name>
  <category>
   Pants
  </category>
  <size>
   S
  </size>
  <color>
   Фиолетовый
  </color>
  <material>
   Нейлон
  </material>
  <price>
   561710
  </price>
  <rating>
   4.76
  </rating>
  <reviews>
   818245
  </reviews>
  <new>
   +
  </new>
  <exclusive>
   no
  </exclusive>
 </clothing>
 <clothing>
  <id>
   822552300
  </id>
  <name>
   Converse Blouse P-3673
  </name>
  <category>
   Blouse
  </category>
  <size>
   S
  </size>
  <color>
   Желтый
  </color>
  <material>
   Шерсть
  </material>
  <price>
   753464
  </price>
  <rating>
   4.67
  </rating>
  <reviews>
   494927
  </reviews>
  <exclusive>
   no
  </exclusive>
  <sporty>
   no
  </sporty>
 </clothing>
 <clothing>
  <id>
   854107222
  </id>
  <name>
   Ellesse Shoes C-7443
  </name>
  <category>
   Shoes
  </category>
  <size>
   XL
  </size>
  <color>
   Красный
  </color>
  <material>
   Полиэстер
  </material>
  <price>
   575156
  </price>
  <rating>
   3.34
  </rating>
  <reviews>
   403017
  </reviews>
  <new>
   -
  </new>
  <sporty>
   no
  </sporty>
 </clothing>
 <clothing>
  <id>
   154810440
  </id>
  <name>
   Converse Pants T-7457
  </name>
  <category>
   Pants
  </category>
  <size>
   M
  </size>
  <color>
   Фиолетовый
  </color>
  <material>
   Шерсть
  </material>
  <price>
   655955
  </price>
  <rating>
   2.99
  </rating>
  <reviews>
   877736
  </reviews>
  <new>
   -
  </new>
  <exclusive>
   no
  </exclusive>
  <sporty>
   no
  </sporty>
 </clothing>
 <clothing>
  <id>
   976120410
  </id>
  <name>
   Puma Dress Y-5506
  </name>
  <category>
   Dress
  </category>
  <size>
   XL
  </size>
  <color>
   Оранжевый
  </color>
  <material>
   Полиэстер
  </material>
  <price>
   291804
  </price>
  <rating>
   1.33
  </rating>
  <reviews>
   100725
  </reviews>
  <new>
   +
  </new>
  <exclusive>
   no
  </exclusive>
  <sporty>
   no
  </sporty>
 </clothing>
 <clothing>
  <id>
   785348014
  </id>
  <name>
   Reebok Shoes J-6796
  </name>
  <category>
   Shoes
  </category>
  <size>
   M
  </size>
  <color>
   Зеленый
  </color>
  <material>
   Шелк
  </material>
  <price>
   785057
  </price>
  <rating>
   4.7
  </rating>
  <reviews>
   982390
  </reviews>
 </clothing>
 <clothing>
  <id>
   209772234
  </id>
  <name>
   Reebok Skirt F-8776
  </name>
  <category>
   Skirt
  </category>
  <size>
   XL
  </size>
  <color>
   Голубой
  </color>
  <material>
   Лен
  </material>
  <price>
   747580
  </price>
  <rating>
   2.73
  </rating>
  <reviews>
   756196
  </reviews>
  <new>
   +
  </new>
  <sporty>
   no
  </sporty>
 </clothing>
 <clothing>
  <id>
   555047381
  </id>
  <name>
   Nike Hat G-1843
  </name>
  <category>
   Hat
  </category>
  <size>
   L
  </size>
  <color>
   Синий
  </color>
  <material>
   Вискоза
  </material>
  <price>
   722415
  </price>
  <rating>
   1.28
  </rating>
  <reviews>
   243196
  </reviews>
  <new>
   -
  </new>
 </clothing>
 <clothing>
  <id>
   936794760
  </id>
  <name>
   DC Umbrellas M-9932
  </name>
  <category>
   Umbrellas
  </category>
  <size>
   XL
  </size>
  <color>
   Синий
  </color>
  <material>
   Нейлон
  </material>
  <price>
   598150
  </price>
  <rating>
   3.26
  </rating>
  <reviews>
   575825
  </reviews>
  <exclusive>
   no
  </exclusive>
  <sporty>
   no
  </sporty>
 </clothing>
 <clothing>
  <id>
   910430379
  </id>
  <name>
   Lacoste Handbags U-4104
  </name>
  <category>
   Handbags
  </category>
  <size>
   XL
  </size>
  <color>
   Оранжевый
  </color>
  <material>
   Кожа
  </material>
  <price>
   972940
  </price>
  <rating>
   1.96
  </rating>
  <reviews>
   618266
  </reviews>
  <new>
   -
  </new>
  <exclusive>
   no
  </exclusive>
  <sporty>
   no
  </sporty>
 </clothing>
 <clothing>
  <id>
   335010120
  </id>
  <name>
   Fila Jeans S-1017
  </name>
  <category>
   Jeans
  </category>
  <size>
   S
  </size>
  <color>
   Фиолетовый
  </color>
  <material>
   Шелк
  </material>
  <price>
   619468
  </price>
  <rating>
   1.87
  </rating>
  <reviews>
   874340
  </reviews>
 </clothing>
 <clothing>
  <id>
   855269338
  </id>
  <name>
   Vans Socks C-6696
  </name>
  <category>
   Socks
  </category>
  <size>
   XL
  </size>
  <color>
   Голубой
  </color>
  <material>
   Лен
  </material>
  <price>
   200407
  </price>
  <rating>
   4.06
  </rating>
  <reviews>
   317751
  </reviews>
  <new>
   +
  </new>
  <sporty>
   no
  </sporty>
 </clothing>
 <clothing>
  <id>
   723298678
  </id>
  <name>
   Fila Gloves B-5891
  </name>
  <category>
   Gloves
  </category>
  <size>
   XXL
  </size>
  <color>
   Синий
  </color>
  <material>
   Вискоза
  </material>
  <price>
   144907
  </price>
  <rating>
   4.33
  </rating>
  <reviews>
   104444
  </reviews>
  <exclusive>
   yes
  </exclusive>
  <sporty>
   no
  </sporty>
 </clothing>
 <clothing>
  <id>
   713877909
  </id>
  <name>
   Ellesse Skirt G-9689
  </name>
  <category>
   Skirt
  </category>
  <size>
   M
  </size>
  <color>
   Голубой
  </color>
  <material>
   Кожа
  </material>
  <price>
   393673
  </price>
  <rating>
   4.89
  </rating>
  <reviews>
   898445
  </reviews>
  <new>
   -
  </new>
  <exclusive>
   yes
  </exclusive>
 </clothing>
 <clothing>
  <id>
   161664845
  </id>
  <name>
   Brooks Socks P-6361
  </name>
  <category>
   Socks
  </category>
  <size>
   L
  </size>
  <color>
   Голубой
  </color>
  <material>
   Нейлон
  </material>
  <price>
   995294
  </price>
  <rating>
   2.8
  </rating>
  <reviews>
   817411
  </reviews>
  <sporty>
   yes
  </sporty>
 </clothing>
 <clothing>
  <id>
   182854445
  </id>
  <name>
   PleinSport Hat X-7633
  </name>
  <category>
   Hat
  </category>
  <size>
   XL
  </size>
  <color>
   Желтый
  </color>
  <material>
   Полиэстер
  </material>
  <price>
   178176
  </price>
  <rating>
   2.09
  </rating>
  <reviews>
   263923
  </reviews>
  <new>
   -
  </new>
 </clothing>
 <clothing>
  <id>
   269393261
  </id>
  <name>
   Under Armour Sweater M-5646
  </name>
  <category>
   Sweater
  </category>
  <size>
   XL
  </size>
  <color>
   Желтый
  </color>
  <material>
   Полиэстер
  </material>
  <price>
   746885
  </price>
  <rating>
   1.91
  </rating>
  <reviews>
   305274
  </reviews>
  <new>
   -
  </new>
  <exclusive>
   no
  </exclusive>
 </clothing>
 <clothing>
  <id>
   443971940
  </id>
  <name>
   New Balance Jeans U-6719
  </name>
  <category>
   Jeans
  </category>
  <size>
   XXL
  </size>
  <color>
   Зеленый
  </color>
  <material>
   Лен
  </material>
  <price>
   845528
  </price>
  <rating>
   1.71
  </rating>
  <reviews>
   31385
  </reviews>
  <sporty>
   yes
  </sporty>
 </clothing>
</clothing-items>
