<?xml version="1.0" encoding="utf-8"?>
<clothing-items>
 <clothing>
  <id>
   671180654
  </id>
  <name>
   Nike Belts T-2616
  </name>
  <category>
   Belts
  </category>
  <size>
   XL
  </size>
  <color>
   Фиолетовый
  </color>
  <material>
   Шерсть
  </material>
  <price>
   138989
  </price>
  <rating>
   1.81
  </rating>
  <reviews>
   883324
  </reviews>
  <new>
   -
  </new>
  <sporty>
   no
  </sporty>
 </clothing>
 <clothing>
  <id>
   607818831
  </id>
  <name>
   Nike Pants H-5646
  </name>
  <category>
   Pants
  </category>
  <size>
   M
  </size>
  <color>
   Голубой
  </color>
  <material>
   Хлопок
  </material>
  <price>
   211218
  </price>
  <rating>
   4.48
  </rating>
  <reviews>
   206993
  </reviews>
  <new>
   -
  </new>
  <sporty>
   yes
  </sporty>
 </clothing>
 <clothing>
  <id>
   119015727
  </id>
  <name>
   New Balance Sweater F-5513
  </name>
  <category>
   Sweater
  </category>
  <size>
   L
  </size>
  <color>
   Зеленый
  </color>
  <material>
   Шерсть
  </material>
  <price>
   470782
  </price>
  <rating>
   4.57
  </rating>
  <reviews>
   839845
  </reviews>
  <new>
   +
  </new>
 </clothing>
 <clothing>
  <id>
   215401636
  </id>
  <name>
   New Balance Blouse C-3612
  </name>
  <category>
   Blouse
  </category>
  <size>
   L
  </size>
  <color>
   Фиолетовый
  </color>
  <material>
   Полиэстер
  </material>
  <price>
   455098
  </price>
  <rating>
   2.53
  </rating>
  <reviews>
   246079
  </reviews>
  <new>
   -
  </new>
 </clothing>
 <clothing>
  <id>
   888676869
  </id>
  <name>
   PleinSport Dress G-1543
  </name>
  <category>
   Dress
  </category>
  <size>
   XL
  </size>
  <color>
   Синий
  </color>
  <material>
   Нейлон
  </material>
  <price>
   503631
  </price>
  <rating>
   2.96
  </rating>
  <reviews>
   571468
  </reviews>
  <new>
   -
  </new>
  <exclusive>
   yes
  </exclusive>
  <sporty>
   no
  </sporty>
 </clothing>
 <clothing>
  <id>
   471468646
  </id>
  <name>
   Asics Jeans T-1478
  </name>
  <category>
   Jeans
  </category>
  <size>
   L
  </size>
  <color>
   Оранжевый
  </color>
  <material>
   Нейлон
  </material>
  <price>
   600215
  </price>
  <rating>
   1.94
  </rating>
  <reviews>
   441707
  </reviews>
  <exclusive>
   no
  </exclusive>
 </clothing>
 <clothing>
  <id>
   179915000
  </id>
  <name>
   Puma Shirt L-7819
  </name>
  <category>
   Shirt
  </category>
  <size>
   XL
  </size>
  <color>
   Фиолетовый
  </color>
  <material>
   Шерсть
  </material>
  <price>
   490498
  </price>
  <rating>
   3.19
  </rating>
  <reviews>
   565979
  </reviews>
  <sporty>
   no
  </sporty>
 </clothing>
 <clothing>
  <id>
   786035801
  </id>
  <name>
   Adidas Blouse J-3535
  </name>
  <category>
   Blouse
  </category>
  <size>
   XXL
  </size>
  <color>
   Фиолетовый
  </color>
  <material>
   Полиэстер
  </material>
  <price>
   653319
  </price>
  <rating>
   3.18
  </rating>
  <reviews>
   678139
  </reviews>
  <exclusive>
   yes
  </exclusive>
  <sporty>
   no
  </sporty>
 </clothing>
 <clothing>
  <id>
   968685877
  </id>
  <name>
   Addidas Pants K-1351
  </name>
  <category>
   Pants
  </category>
  <size>
   S
  </size>
  <color>
   Синий
  </color>
  <material>
   Лен
  </material>
  <price>
   838321
  </price>
  <rating>
   1.54
  </rating>
  <reviews>
   694632
  </reviews>
  <new>
   -
  </new>
  <sporty>
   no
  </sporty>
 </clothing>
 <clothing>
  <id>
   277695538
  </id>
  <name>
   Fila Socks G-6762
  </name>
  <category>
   Socks
  </category>
  <size>
   L
  </size>
  <color>
   Оранжевый
  </color>
  <material>
   Кожа
  </material>
  <price>
   912908
  </price>
  <rating>
   4.95
  </rating>
  <reviews>
   624129
  </reviews>
  <new>
   -
  </new>
  <exclusive>
   no
  </exclusive>
 </clothing>
 <clothing>
  <id>
   682111967
  </id>
  <name>
   Vans Shoes H-9308
  </name>
  <category>
   Shoes
  </category>
  <size>
   S
  </size>
  <color>
   Желтый
  </color>
  <material>
   Хлопок
  </material>
  <price>
   661800
  </price>
  <rating>
   2.77
  </rating>
  <reviews>
   464604
  </reviews>
  <exclusive>
   no
  </exclusive>
 </clothing>
 <clothing>
  <id>
   374439215
  </id>
  <name>
   Adidas T-shirt J-4412
  </name>
  <category>
   T-shirt
  </category>
  <size>
   XXL
  </size>
  <color>
   Красный
  </color>
  <material>
   Вискоза
  </material>
  <price>
   958361
  </price>
  <rating>
   1.27
  </rating>
  <reviews>
   52248
  </reviews>
  <new>
   +
  </new>
  <exclusive>
   yes
  </exclusive>
  <sporty>
   yes
  </sporty>
 </clothing>
 <clothing>
  <id>
   166962638
  </id>
  <name>
   Under Armour T-shirt E-8116
  </name>
  <category>
   T-shirt
  </category>
  <size>
   XXL
  </size>
  <color>
   Синий
  </color>
  <material>
   Лен
  </material>
  <price>
   927857
  </price>
  <rating>
   1.81
  </rating>
  <reviews>
   541162
  </reviews>
  <exclusive>
   yes
  </exclusive>
 </clothing>
 <clothing>
  <id>
   992887114
  </id>
  <name>
   Reebok Gloves O-6090
  </name>
  <category>
   Gloves
  </category>
  <size>
   S
  </size>
  <color>
   Зеленый
  </color>
  <material>
   Вискоза
  </material>
  <price>
   675868
  </price>
  <rating>
   2.69
  </rating>
  <reviews>
   535388
  </reviews>
  <new>
   +
  </new>
  <exclusive>
   no
  </exclusive>
 </clothing>
 <clothing>
  <id>
   431012213
  </id>
  <name>
   Fila Socks C-8845
  </name>
  <category>
   Socks
  </category>
  <size>
   XXL
  </size>
  <color>
   Фиолетовый
  </color>
  <material>
   Шерсть
  </material>
  <price>
   590404
  </price>
  <rating>
   4.83
  </rating>
  <reviews>
   982593
  </reviews>
  <new>
   -
  </new>
  <exclusive>
   yes
  </exclusive>
 </clothing>
 <clothing>
  <id>
   578095335
  </id>
  <name>
   Under Armour Belts T-3302
  </name>
  <category>
   Belts
  </category>
  <size>
   S
  </size>
  <color>
   Синий
  </color>
  <material>
   Шерсть
  </material>
  <price>
   440585
  </price>
  <rating>
   4.58
  </rating>
  <reviews>
   80495
  </reviews>
  <exclusive>
   no
  </exclusive>
  <sporty>
   no
  </sporty>
 </clothing>
 <clothing>
  <id>
   829385804
  </id>
  <name>
   Puma Handbags D-4236
  </name>
  <category>
   Handbags
  </category>
  <size>
   L
  </size>
  <color>
   Фиолетовый
  </color>
  <material>
   Шелк
  </material>
  <price>
   862221
  </price>
  <rating>
   4.72
  </rating>
  <reviews>
   397035
  </reviews>
  <new>
   -
  </new>
  <exclusive>
   no
  </exclusive>
 </clothing>
 <clothing>
  <id>
   195894616
  </id>
  <name>
   Under Armour Hat Z-6163
  </name>
  <category>
   Hat
  </category>
  <size>
   S
  </size>
  <color>
   Оранжевый
  </color>
  <material>
   Вискоза
  </material>
  <price>
   651902
  </price>
  <rating>
   4.77
  </rating>
  <reviews>
   78299
  </reviews>
  <new>
   +
  </new>
  <exclusive>
   no
  </exclusive>
  <sporty>
   yes
  </sporty>
 </clothing>
 <clothing>
  <id>
   563054617
  </id>
  <name>
   Addidas Hat R-6556
  </name>
  <category>
   Hat
  </category>
  <size>
   M
  </size>
  <color>
   Фиолетовый
  </color>
  <material>
   Лен
  </material>
  <price>
   806416
  </price>
  <rating>
   1.74
  </rating>
  <reviews>
   800247
  </reviews>
  <exclusive>
   no
  </exclusive>
  <sporty>
   no
  </sporty>
 </clothing>
 <clothing>
  <id>
   961165382
  </id>
  <name>
   Asics Pants M-3503
  </name>
  <category>
   Pants
  </category>
  <size>
   XXL
  </size>
  <color>
   Голубой
  </color>
  <material>
   Хлопок
  </material>
  <price>
   970440
  </price>
  <rating>
   1.78
  </rating>
  <reviews>
   489355
  </reviews>
  <exclusive>
   yes
  </exclusive>
  <sporty>
   yes
  </sporty>
 </clothing>
 <clothing>
  <id>
   736383826
  </id>
  <name>
   PleinSport Hat C-7660
  </name>
  <category>
   Hat
  </category>
  <size>
   S
  </size>
  <color>
   Синий
  </color>
  <material>
   Лен
  </material>
  <price>
   746599
  </price>
  <rating>
   3.21
  </rating>
  <reviews>
   60776
  </reviews>
  <new>
   -
  </new>
  <exclusive>
   no
  </exclusive>
  <sporty>
   yes
  </sporty>
 </clothing>
 <clothing>
  <id>
   985380538
  </id>
  <name>
   Asics Hat T-3720
  </name>
  <category>
   Hat
  </category>
  <size>
   L
  </size>
  <color>
   Красный
  </color>
  <material>
   Полиэстер
  </material>
  <price>
   130654
  </price>
  <rating>
   4.46
  </rating>
  <reviews>
   527383
  </reviews>
  <sporty>
   no
  </sporty>
 </clothing>
 <clothing>
  <id>
   378007222
  </id>
  <name>
   New Balance Sweater L-2934
  </name>
  <category>
   Sweater
  </category>
  <size>
   XL
  </size>
  <color>
   Зеленый
  </color>
  <material>
   Полиэстер
  </material>
  <price>
   223323
  </price>
  <rating>
   4.13
  </rating>
  <reviews>
   25342
  </reviews>
  <exclusive>
   no
  </exclusive>
  <sporty>
   no
  </sporty>
 </clothing>
 <clothing>
  <id>
   392273054
  </id>
  <name>
   Brooks Gloves P-8407
  </name>
  <category>
   Gloves
  </category>
  <size>
   L
  </size>
  <color>
   Оранжевый
  </color>
  <material>
   Лен
  </material>
  <price>
   235340
  </price>
  <rating>
   1.68
  </rating>
  <reviews>
   612196
  </reviews>
  <exclusive>
   yes
  </exclusive>
 </clothing>
 <clothing>
  <id>
   508135590
  </id>
  <name>
   Puma Blouse K-1714
  </name>
  <category>
   Blouse
  </category>
  <size>
   L
  </size>
  <color>
   Оранжевый
  </color>
  <material>
   Нейлон
  </material>
  <price>
   858294
  </price>
  <rating>
   4.6
  </rating>
  <reviews>
   87285
  </reviews>
  <new>
   -
  </new>
  <sporty>
   yes
  </sporty>
 </clothing>
 <clothing>
  <id>
   763643617
  </id>
  <name>
   Brooks Socks W-3369
  </name>
  <category>
   Socks
  </category>
  <size>
   L
  </size>
  <color>
   Фиолетовый
  </color>
  <material>
   Нейлон
  </material>
  <price>
   863891
  </price>
  <rating>
   1.49
  </rating>
  <reviews>
   438443
  </reviews>
  <sporty>
   yes
  </sporty>
 </clothing>
 <clothing>
  <id>
   712248133
  </id>
  <name>
   PleinSport Sweater E-3331
  </name>
  <category>
   Sweater
  </category>
  <size>
   XL
  </size>
  <color>
   Желтый
  </color>
  <material>
   Шерсть
  </material>
  <price>
   429687
  </price>
  <rating>
   3.05
  </rating>
  <reviews>
   356287
  </reviews>
  <new>
   -
  </new>
  <exclusive>
   no
  </exclusive>
 </clothing>
 <clothing>
  <id>
   896339836
  </id>
  <name>
   Nike Umbrellas E-9342
  </name>
  <category>
   Umbrellas
  </category>
  <size>
   XXL
  </size>
  <color>
   Фиолетовый
  </color>
  <material>
   Полиэстер
  </material>
  <price>
   565936
  </price>
  <rating>
   4.87
  </rating>
  <reviews>
   507663
  </reviews>
  <exclusive>
   no
  </exclusive>
  <sporty>
   no
  </sporty>
 </clothing>
 <clothing>
  <id>
   922128829
  </id>
  <name>
   Ellesse Pants V-5569
  </name>
  <category>
   Pants
  </category>
  <size>
   M
  </size>
  <color>
   Зеленый
  </color>
  <material>
   Лен
  </material>
  <price>
   464444
  </price>
  <rating>
   3.73
  </rating>
  <reviews>
   940613
  </reviews>
  <new>
   +
  </new>
  <exclusive>
   no
  </exclusive>
 </clothing>
 <clothing>
  <id>
   298516645
  </id>
  <name>
   Adidas Blouse A-3220
  </name>
  <category>
   Blouse
  </category>
  <size>
   S
  </size>
  <color>
   Зеленый
  </color>
  <material>
   Кожа
  </material>
  <price>
   623756
  </price>
  <rating>
   3.92
  </rating>
  <reviews>
   311356
  </reviews>
  <new>
   -
  </new>
  <sporty>
   no
  </sporty>
 </clothing>
 <clothing>
  <id>
   782256427
  </id>
  <name>
   DC Shirt Z-5936
  </name>
  <category>
   Shirt
  </category>
  <size>
   M
  </size>
  <color>
   Голубой
  </color>
  <material>
   Шелк
  </material>
  <price>
   280024
  </price>
  <rating>
   2.83
  </rating>
  <reviews>
   104283
  </reviews>
  <new>
   -
  </new>
  <sporty>
   no
  </sporty>
 </clothing>
 <clothing>
  <id>
   761409688
  </id>
  <name>
   Ellesse Jeans O-7604
  </name>
  <category>
   Jeans
  </category>
  <size>
   M
  </size>
  <color>
   Красный
  </color>
  <material>
   Вискоза
  </material>
  <price>
   942917
  </price>
  <rating>
   2.89
  </rating>
  <reviews>
   934864
  </reviews>
  <new>
   -
  </new>
  <sporty>
   yes
  </sporty>
 </clothing>
 <clothing>
  <id>
   396819834
  </id>
  <name>
   Ellesse Gloves C-2474
  </name>
  <category>
   Gloves
  </category>
  <size>
   XXL
  </size>
  <color>
   Желтый
  </color>
  <material>
   Лен
  </material>
  <price>
   959986
  </price>
  <rating>
   1.65
  </rating>
  <reviews>
   253684
  </reviews>
  <exclusive>
   no
  </exclusive>
 </clothing>
 <clothing>
  <id>
   403914579
  </id>
  <name>
   Addidas Handbags Q-5780
  </name>
  <category>
   Handbags
  </category>
  <size>
   M
  </size>
  <color>
   Синий
  </color>
  <material>
   Вискоза
  </material>
  <price>
   312183
  </price>
  <rating>
   2.68
  </rating>
  <reviews>
   842229
  </reviews>
  <new>
   +
  </new>
  <exclusive>
   no
  </exclusive>
  <sporty>
   no
  </sporty>
 </clothing>
 <clothing>
  <id>
   671103032
  </id>
  <name>
   Ellesse Jacket U-8785
  </name>
  <category>
   Jacket
  </category>
  <size>
   XL
  </size>
  <color>
   Красный
  </color>
  <material>
   Кожа
  </material>
  <price>
   796384
  </price>
  <rating>
   3.75
  </rating>
  <reviews>
   874899
  </reviews>
 </clothing>
 <clothing>
  <id>
   546694151
  </id>
  <name>
   Fila Gloves Y-4070
  </name>
  <category>
   Gloves
  </category>
  <size>
   S
  </size>
  <color>
   Синий
  </color>
  <material>
   Шелк
  </material>
  <price>
   357593
  </price>
  <rating>
   1.04
  </rating>
  <reviews>
   286554
  </reviews>
  <new>
   -
  </new>
  <exclusive>
   no
  </exclusive>
  <sporty>
   yes
  </sporty>
 </clothing>
 <clothing>
  <id>
   913636227
  </id>
  <name>
   Addidas Jeans N-2585
  </name>
  <category>
   Jeans
  </category>
  <size>
   S
  </size>
  <color>
   Голубой
  </color>
  <material>
   Хлопок
  </material>
  <price>
   217768
  </price>
  <rating>
   4.12
  </rating>
  <reviews>
   325895
  </reviews>
  <exclusive>
   yes
  </exclusive>
  <sporty>
   no
  </sporty>
 </clothing>
 <clothing>
  <id>
   137724850
  </id>
  <name>
   Lacoste Hat T-1591
  </name>
  <category>
   Hat
  </category>
  <size>
   M
  </size>
  <color>
   Голубой
  </color>
  <material>
   Лен
  </material>
  <price>
   652676
  </price>
  <rating>
   2.05
  </rating>
  <reviews>
   934794
  </reviews>
  <new>
   -
  </new>
 </clothing>
 <clothing>
  <id>
   293930255
  </id>
  <name>
   Fila Handbags I-1937
  </name>
  <category>
   Handbags
  </category>
  <size>
   S
  </size>
  <color>
   Зеленый
  </color>
  <material>
   Вискоза
  </material>
  <price>
   844177
  </price>
  <rating>
   2.85
  </rating>
  <reviews>
   181432
  </reviews>
  <new>
   +
  </new>
  <sporty>
   yes
  </sporty>
 </clothing>
</clothing-items>
