<?xml version="1.0" encoding="utf-8"?>
<clothing-items>
 <clothing>
  <id>
   273354447
  </id>
  <name>
   Fila Handbags D-3336
  </name>
  <category>
   Handbags
  </category>
  <size>
   XL
  </size>
  <color>
   Зеленый
  </color>
  <material>
   Лен
  </material>
  <price>
   633013
  </price>
  <rating>
   2.59
  </rating>
  <reviews>
   743411
  </reviews>
  <new>
   +
  </new>
  <sporty>
   yes
  </sporty>
 </clothing>
 <clothing>
  <id>
   172190418
  </id>
  <name>
   Under Armour Sweater G-2927
  </name>
  <category>
   Sweater
  </category>
  <size>
   XXL
  </size>
  <color>
   Зеленый
  </color>
  <material>
   Кожа
  </material>
  <price>
   133486
  </price>
  <rating>
   4.52
  </rating>
  <reviews>
   701210
  </reviews>
 </clothing>
 <clothing>
  <id>
   101972421
  </id>
  <name>
   Lacoste Sweater Y-4318
  </name>
  <category>
   Sweater
  </category>
  <size>
   XL
  </size>
  <color>
   Желтый
  </color>
  <material>
   Хлопок
  </material>
  <price>
   513575
  </price>
  <rating>
   1.76
  </rating>
  <reviews>
   848851
  </reviews>
  <exclusive>
   no
  </exclusive>
  <sporty>
   yes
  </sporty>
 </clothing>
 <clothing>
  <id>
   407669636
  </id>
  <name>
   DC Dress Q-8280
  </name>
  <category>
   Dress
  </category>
  <size>
   XL
  </size>
  <color>
   Красный
  </color>
  <material>
   Хлопок
  </material>
  <price>
   631150
  </price>
  <rating>
   3.88
  </rating>
  <reviews>
   468089
  </reviews>
  <new>
   -
  </new>
  <sporty>
   yes
  </sporty>
 </clothing>
 <clothing>
  <id>
   998578196
  </id>
  <name>
   Ellesse Blouse A-5421
  </name>
  <category>
   Blouse
  </category>
  <size>
   XL
  </size>
  <color>
   Желтый
  </color>
  <material>
   Шелк
  </material>
  <price>
   433935
  </price>
  <rating>
   1.44
  </rating>
  <reviews>
   894488
  </reviews>
  <new>
   -
  </new>
  <sporty>
   yes
  </sporty>
 </clothing>
 <clothing>
  <id>
   343803213
  </id>
  <name>
   New Balance T-shirt H-3158
  </name>
  <category>
   T-shirt
  </category>
  <size>
   XL
  </size>
  <color>
   Голубой
  </color>
  <material>
   Кожа
  </material>
  <price>
   535847
  </price>
  <rating>
   4.64
  </rating>
  <reviews>
   245450
  </reviews>
  <sporty>
   no
  </sporty>
 </clothing>
 <clothing>
  <id>
   807587238
  </id>
  <name>
   Lacoste Shirt U-5520
  </name>
  <category>
   Shirt
  </category>
  <size>
   L
  </size>
  <color>
   Оранжевый
  </color>
  <material>
   Шелк
  </material>
  <price>
   798779
  </price>
  <rating>
   3.96
  </rating>
  <reviews>
   620581
  </reviews>
  <new>
   -
  </new>
  <exclusive>
   yes
  </exclusive>
  <sporty>
   yes
  </sporty>
 </clothing>
 <clothing>
  <id>
   898847081
  </id>
  <name>
   Asics Jeans W-6854
  </name>
  <category>
   Jeans
  </category>
  <size>
   S
  </size>
  <color>
   Зеленый
  </color>
  <material>
   Шелк
  </material>
  <price>
   832267
  </price>
  <rating>
   3.08
  </rating>
  <reviews>
   825093
  </reviews>
 </clothing>
 <clothing>
  <id>
   110597976
  </id>
  <name>
   Addidas Belts K-5157
  </name>
  <category>
   Belts
  </category>
  <size>
   S
  </size>
  <color>
   Фиолетовый
  </color>
  <material>
   Вискоза
  </material>
  <price>
   519131
  </price>
  <rating>
   1.12
  </rating>
  <reviews>
   750441
  </reviews>
  <exclusive>
   no
  </exclusive>
  <sporty>
   yes
  </sporty>
 </clothing>
 <clothing>
  <id>
   704031616
  </id>
  <name>
   Lacoste Umbrellas F-7026
  </name>
  <category>
   Umbrellas
  </category>
  <size>
   XXL
  </size>
  <color>
   Желтый
  </color>
  <material>
   Нейлон
  </material>
  <price>
   511546
  </price>
  <rating>
   3.16
  </rating>
  <reviews>
   47338
  </reviews>
  <sporty>
   no
  </sporty>
 </clothing>
 <clothing>
  <id>
   395059247
  </id>
  <name>
   Vans Dress C-3622
  </name>
  <category>
   Dress
  </category>
  <size>
   M
  </size>
  <color>
   Оранжевый
  </color>
  <material>
   Шелк
  </material>
  <price>
   576765
  </price>
  <rating>
   2.81
  </rating>
  <reviews>
   920264
  </reviews>
  <exclusive>
   yes
  </exclusive>
 </clothing>
 <clothing>
  <id>
   576967818
  </id>
  <name>
   Lacoste Shirt L-6696
  </name>
  <category>
   Shirt
  </category>
  <size>
   XXL
  </size>
  <color>
   Фиолетовый
  </color>
  <material>
   Вискоза
  </material>
  <price>
   809542
  </price>
  <rating>
   3.01
  </rating>
  <reviews>
   169482
  </reviews>
  <new>
   -
  </new>
  <exclusive>
   no
  </exclusive>
 </clothing>
</clothing-items>
