<?xml version="1.0" encoding="utf-8"?>
<clothing-items>
 <clothing>
  <id>
   788490848
  </id>
  <name>
   Asics Jeans K-6201
  </name>
  <category>
   Jeans
  </category>
  <size>
   M
  </size>
  <color>
   Синий
  </color>
  <material>
   Лен
  </material>
  <price>
   543853
  </price>
  <rating>
   4.8
  </rating>
  <reviews>
   641136
  </reviews>
  <sporty>
   no
  </sporty>
 </clothing>
 <clothing>
  <id>
   532569814
  </id>
  <name>
   Addidas Jeans O-3984
  </name>
  <category>
   Jeans
  </category>
  <size>
   L
  </size>
  <color>
   Фиолетовый
  </color>
  <material>
   Шелк
  </material>
  <price>
   449053
  </price>
  <rating>
   4.32
  </rating>
  <reviews>
   853735
  </reviews>
  <new>
   -
  </new>
  <exclusive>
   no
  </exclusive>
 </clothing>
 <clothing>
  <id>
   121674696
  </id>
  <name>
   Converse Hat M-9844
  </name>
  <category>
   Hat
  </category>
  <size>
   S
  </size>
  <color>
   Желтый
  </color>
  <material>
   Хлопок
  </material>
  <price>
   909706
  </price>
  <rating>
   1.91
  </rating>
  <reviews>
   846638
  </reviews>
  <new>
   -
  </new>
  <sporty>
   yes
  </sporty>
 </clothing>
 <clothing>
  <id>
   832323188
  </id>
  <name>
   Under Armour Blouse I-4127
  </name>
  <category>
   Blouse
  </category>
  <size>
   M
  </size>
  <color>
   Красный
  </color>
  <material>
   Лен
  </material>
  <price>
   634746
  </price>
  <rating>
   1.41
  </rating>
  <reviews>
   968683
  </reviews>
 </clothing>
 <clothing>
  <id>
   151294949
  </id>
  <name>
   Reebok Pants A-6424
  </name>
  <category>
   Pants
  </category>
  <size>
   XXL
  </size>
  <color>
   Зеленый
  </color>
  <material>
   Шелк
  </material>
  <price>
   209043
  </price>
  <rating>
   3.67
  </rating>
  <reviews>
   974907
  </reviews>
  <exclusive>
   no
  </exclusive>
  <sporty>
   no
  </sporty>
 </clothing>
 <clothing>
  <id>
   299326223
  </id>
  <name>
   Addidas Pants V-3090
  </name>
  <category>
   Pants
  </category>
  <size>
   L
  </size>
  <color>
   Зеленый
  </color>
  <material>
   Шерсть
  </material>
  <price>
   300237
  </price>
  <rating>
   2.59
  </rating>
  <reviews>
   924707
  </reviews>
  <exclusive>
   no
  </exclusive>
  <sporty>
   yes
  </sporty>
 </clothing>
 <clothing>
  <id>
   504309309
  </id>
  <name>
   Lacoste Skirt X-6890
  </name>
  <category>
   Skirt
  </category>
  <size>
   XL
  </size>
  <color>
   Голубой
  </color>
  <material>
   Хлопок
  </material>
  <price>
   436735
  </price>
  <rating>
   4.26
  </rating>
  <reviews>
   613496
  </reviews>
  <new>
   -
  </new>
  <exclusive>
   no
  </exclusive>
 </clothing>
 <clothing>
  <id>
   661175387
  </id>
  <name>
   PleinSport Pants G-6576
  </name>
  <category>
   Pants
  </category>
  <size>
   M
  </size>
  <color>
   Фиолетовый
  </color>
  <material>
   Вискоза
  </material>
  <price>
   490243
  </price>
  <rating>
   4.21
  </rating>
  <reviews>
   86229
  </reviews>
  <exclusive>
   yes
  </exclusive>
  <sporty>
   yes
  </sporty>
 </clothing>
 <clothing>
  <id>
   430903295
  </id>
  <name>
   Brooks Sweater E-6482
  </name>
  <category>
   Sweater
  </category>
  <size>
   M
  </size>
  <color>
   Красный
  </color>
  <material>
   Полиэстер
  </material>
  <price>
   675864
  </price>
  <rating>
   4.96
  </rating>
  <reviews>
   208813
  </reviews>
  <new>
   +
  </new>
  <exclusive>
   no
  </exclusive>
 </clothing>
 <clothing>
  <id>
   810674877
  </id>
  <name>
   Addidas Handbags L-3687
  </name>
  <category>
   Handbags
  </category>
  <size>
   L
  </size>
  <color>
   Зеленый
  </color>
  <material>
   Кожа
  </material>
  <price>
   565076
  </price>
  <rating>
   2.36
  </rating>
  <reviews>
   940257
  </reviews>
  <new>
   -
  </new>
  <sporty>
   no
  </sporty>
 </clothing>
 <clothing>
  <id>
   192282360
  </id>
  <name>
   Vans Jeans G-4670
  </name>
  <category>
   Jeans
  </category>
  <size>
   S
  </size>
  <color>
   Красный
  </color>
  <material>
   Шелк
  </material>
  <price>
   654130
  </price>
  <rating>
   3.22
  </rating>
  <reviews>
   816145
  </reviews>
  <exclusive>
   no
  </exclusive>
  <sporty>
   yes
  </sporty>
 </clothing>
 <clothing>
  <id>
   631904349
  </id>
  <name>
   Nike Handbags I-5105
  </name>
  <category>
   Handbags
  </category>
  <size>
   S
  </size>
  <color>
   Оранжевый
  </color>
  <material>
   Кожа
  </material>
  <price>
   430824
  </price>
  <rating>
   1.71
  </rating>
  <reviews>
   438128
  </reviews>
  <new>
   +
  </new>
  <exclusive>
   no
  </exclusive>
  <sporty>
   no
  </sporty>
 </clothing>
 <clothing>
  <id>
   838853085
  </id>
  <name>
   Asics Hat J-2658
  </name>
  <category>
   Hat
  </category>
  <size>
   M
  </size>
  <color>
   Синий
  </color>
  <material>
   Шерсть
  </material>
  <price>
   847600
  </price>
  <rating>
   2.15
  </rating>
  <reviews>
   877083
  </reviews>
  <new>
   -
  </new>
  <sporty>
   no
  </sporty>
 </clothing>
 <clothing>
  <id>
   557495125
  </id>
  <name>
   Lacoste Dress T-9410
  </name>
  <category>
   Dress
  </category>
  <size>
   M
  </size>
  <color>
   Голубой
  </color>
  <material>
   Полиэстер
  </material>
  <price>
   932564
  </price>
  <rating>
   4.71
  </rating>
  <reviews>
   728290
  </reviews>
  <exclusive>
   yes
  </exclusive>
  <sporty>
   no
  </sporty>
 </clothing>
 <clothing>
  <id>
   646796906
  </id>
  <name>
   Reebok Shirt B-1490
  </name>
  <category>
   Shirt
  </category>
  <size>
   XXL
  </size>
  <color>
   Зеленый
  </color>
  <material>
   Шелк
  </material>
  <price>
   538521
  </price>
  <rating>
   2.27
  </rating>
  <reviews>
   210877
  </reviews>
  <new>
   +
  </new>
 </clothing>
 <clothing>
  <id>
   583961108
  </id>
  <name>
   PleinSport Pants R-2424
  </name>
  <category>
   Pants
  </category>
  <size>
   XXL
  </size>
  <color>
   Зеленый
  </color>
  <material>
   Вискоза
  </material>
  <price>
   406825
  </price>
  <rating>
   1.5
  </rating>
  <reviews>
   731761
  </reviews>
  <new>
   +
  </new>
 </clothing>
 <clothing>
  <id>
   702283140
  </id>
  <name>
   Lacoste Belts U-6205
  </name>
  <category>
   Belts
  </category>
  <size>
   M
  </size>
  <color>
   Синий
  </color>
  <material>
   Лен
  </material>
  <price>
   358271
  </price>
  <rating>
   1.89
  </rating>
  <reviews>
   342827
  </reviews>
  <exclusive>
   yes
  </exclusive>
  <sporty>
   yes
  </sporty>
 </clothing>
 <clothing>
  <id>
   789096163
  </id>
  <name>
   Puma Shoes F-6177
  </name>
  <category>
   Shoes
  </category>
  <size>
   M
  </size>
  <color>
   Голубой
  </color>
  <material>
   Шелк
  </material>
  <price>
   613347
  </price>
  <rating>
   2.66
  </rating>
  <reviews>
   947920
  </reviews>
  <new>
   -
  </new>
  <sporty>
   no
  </sporty>
 </clothing>
 <clothing>
  <id>
   493142914
  </id>
  <name>
   Converse Sweater L-3840
  </name>
  <category>
   Sweater
  </category>
  <size>
   M
  </size>
  <color>
   Красный
  </color>
  <material>
   Шелк
  </material>
  <price>
   152707
  </price>
  <rating>
   2.59
  </rating>
  <reviews>
   851011
  </reviews>
  <exclusive>
   no
  </exclusive>
 </clothing>
 <clothing>
  <id>
   935380794
  </id>
  <name>
   Nike Belts B-4657
  </name>
  <category>
   Belts
  </category>
  <size>
   L
  </size>
  <color>
   Оранжевый
  </color>
  <material>
   Лен
  </material>
  <price>
   602420
  </price>
  <rating>
   4.99
  </rating>
  <reviews>
   213756
  </reviews>
 </clothing>
 <clothing>
  <id>
   830879976
  </id>
  <name>
   Lacoste Jeans E-4583
  </name>
  <category>
   Jeans
  </category>
  <size>
   M
  </size>
  <color>
   Зеленый
  </color>
  <material>
   Лен
  </material>
  <price>
   466154
  </price>
  <rating>
   4.69
  </rating>
  <reviews>
   787842
  </reviews>
  <new>
   -
  </new>
  <exclusive>
   no
  </exclusive>
  <sporty>
   no
  </sporty>
 </clothing>
 <clothing>
  <id>
   509621850
  </id>
  <name>
   Fila Umbrellas K-8856
  </name>
  <category>
   Umbrellas
  </category>
  <size>
   S
  </size>
  <color>
   Голубой
  </color>
  <material>
   Нейлон
  </material>
  <price>
   208486
  </price>
  <rating>
   1.58
  </rating>
  <reviews>
   196524
  </reviews>
  <new>
   +
  </new>
  <sporty>
   no
  </sporty>
 </clothing>
 <clothing>
  <id>
   769736372
  </id>
  <name>
   Lacoste Pants J-6974
  </name>
  <category>
   Pants
  </category>
  <size>
   XXL
  </size>
  <color>
   Синий
  </color>
  <material>
   Нейлон
  </material>
  <price>
   539447
  </price>
  <rating>
   4.06
  </rating>
  <reviews>
   183633
  </reviews>
  <sporty>
   no
  </sporty>
 </clothing>
 <clothing>
  <id>
   505353185
  </id>
  <name>
   Reebok Jacket R-8423
  </name>
  <category>
   Jacket
  </category>
  <size>
   S
  </size>
  <color>
   Желтый
  </color>
  <material>
   Полиэстер
  </material>
  <price>
   122580
  </price>
  <rating>
   2.64
  </rating>
  <reviews>
   98165
  </reviews>
  <new>
   +
  </new>
 </clothing>
 <clothing>
  <id>
   104380698
  </id>
  <name>
   Vans Hat G-7871
  </name>
  <category>
   Hat
  </category>
  <size>
   M
  </size>
  <color>
   Оранжевый
  </color>
  <material>
   Нейлон
  </material>
  <price>
   972728
  </price>
  <rating>
   4.26
  </rating>
  <reviews>
   695609
  </reviews>
  <new>
   -
  </new>
  <exclusive>
   yes
  </exclusive>
  <sporty>
   yes
  </sporty>
 </clothing>
 <clothing>
  <id>
   147079831
  </id>
  <name>
   Fila Pants D-8688
  </name>
  <category>
   Pants
  </category>
  <size>
   S
  </size>
  <color>
   Красный
  </color>
  <material>
   Шелк
  </material>
  <price>
   298983
  </price>
  <rating>
   1.32
  </rating>
  <reviews>
   332293
  </reviews>
  <exclusive>
   no
  </exclusive>
  <sporty>
   no
  </sporty>
 </clothing>
 <clothing>
  <id>
   328113124
  </id>
  <name>
   Fila Shirt H-5659
  </name>
  <category>
   Shirt
  </category>
  <size>
   XXL
  </size>
  <color>
   Желтый
  </color>
  <material>
   Шерсть
  </material>
  <price>
   334884
  </price>
  <rating>
   3.4
  </rating>
  <reviews>
   121353
  </reviews>
  <new>
   -
  </new>
  <exclusive>
   no
  </exclusive>
  <sporty>
   no
  </sporty>
 </clothing>
 <clothing>
  <id>
   948186391
  </id>
  <name>
   PleinSport Pants V-1681
  </name>
  <category>
   Pants
  </category>
  <size>
   L
  </size>
  <color>
   Желтый
  </color>
  <material>
   Шелк
  </material>
  <price>
   971507
  </price>
  <rating>
   2.97
  </rating>
  <reviews>
   217066
  </reviews>
  <new>
   -
  </new>
  <exclusive>
   no
  </exclusive>
 </clothing>
 <clothing>
  <id>
   894906797
  </id>
  <name>
   Asics Hat R-7766
  </name>
  <category>
   Hat
  </category>
  <size>
   XL
  </size>
  <color>
   Голубой
  </color>
  <material>
   Шерсть
  </material>
  <price>
   314606
  </price>
  <rating>
   4.99
  </rating>
  <reviews>
   786501
  </reviews>
  <new>
   +
  </new>
  <exclusive>
   no
  </exclusive>
 </clothing>
 <clothing>
  <id>
   889383458
  </id>
  <name>
   Converse Blouse X-1553
  </name>
  <category>
   Blouse
  </category>
  <size>
   XL
  </size>
  <color>
   Красный
  </color>
  <material>
   Шерсть
  </material>
  <price>
   881789
  </price>
  <rating>
   3.51
  </rating>
  <reviews>
   578875
  </reviews>
  <exclusive>
   no
  </exclusive>
 </clothing>
 <clothing>
  <id>
   556367537
  </id>
  <name>
   Lacoste Umbrellas Y-8583
  </name>
  <category>
   Umbrellas
  </category>
  <size>
   S
  </size>
  <color>
   Синий
  </color>
  <material>
   Шерсть
  </material>
  <price>
   645517
  </price>
  <rating>
   2.51
  </rating>
  <reviews>
   635093
  </reviews>
  <new>
   -
  </new>
  <sporty>
   yes
  </sporty>
 </clothing>
 <clothing>
  <id>
   877012226
  </id>
  <name>
   Lacoste Sweater V-2165
  </name>
  <category>
   Sweater
  </category>
  <size>
   XXL
  </size>
  <color>
   Синий
  </color>
  <material>
   Нейлон
  </material>
  <price>
   322494
  </price>
  <rating>
   3.74
  </rating>
  <reviews>
   681759
  </reviews>
  <new>
   +
  </new>
  <exclusive>
   yes
  </exclusive>
  <sporty>
   no
  </sporty>
 </clothing>
 <clothing>
  <id>
   289981751
  </id>
  <name>
   Asics Jeans I-3296
  </name>
  <category>
   Jeans
  </category>
  <size>
   L
  </size>
  <color>
   Синий
  </color>
  <material>
   Полиэстер
  </material>
  <price>
   383243
  </price>
  <rating>
   4.62
  </rating>
  <reviews>
   783065
  </reviews>
  <new>
   -
  </new>
  <exclusive>
   yes
  </exclusive>
  <sporty>
   no
  </sporty>
 </clothing>
 <clothing>
  <id>
   973115634
  </id>
  <name>
   Asics Shoes Z-7643
  </name>
  <category>
   Shoes
  </category>
  <size>
   XXL
  </size>
  <color>
   Фиолетовый
  </color>
  <material>
   Нейлон
  </material>
  <price>
   442262
  </price>
  <rating>
   2.05
  </rating>
  <reviews>
   383719
  </reviews>
  <new>
   +
  </new>
  <exclusive>
   no
  </exclusive>
  <sporty>
   no
  </sporty>
 </clothing>
 <clothing>
  <id>
   269539940
  </id>
  <name>
   Asics Gloves Z-2610
  </name>
  <category>
   Gloves
  </category>
  <size>
   L
  </size>
  <color>
   Зеленый
  </color>
  <material>
   Шерсть
  </material>
  <price>
   309213
  </price>
  <rating>
   4.77
  </rating>
  <reviews>
   917235
  </reviews>
  <exclusive>
   yes
  </exclusive>
  <sporty>
   no
  </sporty>
 </clothing>
 <clothing>
  <id>
   969278863
  </id>
  <name>
   Brooks Umbrellas J-8142
  </name>
  <category>
   Umbrellas
  </category>
  <size>
   XL
  </size>
  <color>
   Оранжевый
  </color>
  <material>
   Полиэстер
  </material>
  <price>
   591769
  </price>
  <rating>
   4.99
  </rating>
  <reviews>
   930207
  </reviews>
  <new>
   +
  </new>
  <exclusive>
   yes
  </exclusive>
  <sporty>
   no
  </sporty>
 </clothing>
 <clothing>
  <id>
   332033871
  </id>
  <name>
   Reebok T-shirt T-9721
  </name>
  <category>
   T-shirt
  </category>
  <size>
   L
  </size>
  <color>
   Голубой
  </color>
  <material>
   Нейлон
  </material>
  <price>
   276475
  </price>
  <rating>
   3.36
  </rating>
  <reviews>
   34813
  </reviews>
  <exclusive>
   no
  </exclusive>
 </clothing>
 <clothing>
  <id>
   440160474
  </id>
  <name>
   Brooks Hat Z-3840
  </name>
  <category>
   Hat
  </category>
  <size>
   M
  </size>
  <color>
   Желтый
  </color>
  <material>
   Полиэстер
  </material>
  <price>
   706784
  </price>
  <rating>
   3.75
  </rating>
  <reviews>
   926562
  </reviews>
  <sporty>
   yes
  </sporty>
 </clothing>
 <clothing>
  <id>
   644912583
  </id>
  <name>
   Addidas Sweater P-2464
  </name>
  <category>
   Sweater
  </category>
  <size>
   M
  </size>
  <color>
   Фиолетовый
  </color>
  <material>
   Хлопок
  </material>
  <price>
   444229
  </price>
  <rating>
   2.73
  </rating>
  <reviews>
   906663
  </reviews>
  <new>
   +
  </new>
 </clothing>
 <clothing>
  <id>
   221397823
  </id>
  <name>
   Converse Pants X-4326
  </name>
  <category>
   Pants
  </category>
  <size>
   L
  </size>
  <color>
   Оранжевый
  </color>
  <material>
   Лен
  </material>
  <price>
   285766
  </price>
  <rating>
   3.48
  </rating>
  <reviews>
   520440
  </reviews>
  <new>
   +
  </new>
 </clothing>
 <clothing>
  <id>
   796299685
  </id>
  <name>
   New Balance Shoes U-1779
  </name>
  <category>
   Shoes
  </category>
  <size>
   XL
  </size>
  <color>
   Голубой
  </color>
  <material>
   Полиэстер
  </material>
  <price>
   287236
  </price>
  <rating>
   4.89
  </rating>
  <reviews>
   105585
  </reviews>
  <exclusive>
   no
  </exclusive>
  <sporty>
   yes
  </sporty>
 </clothing>
 <clothing>
  <id>
   379937580
  </id>
  <name>
   Adidas Socks B-2294
  </name>
  <category>
   Socks
  </category>
  <size>
   XXL
  </size>
  <color>
   Красный
  </color>
  <material>
   Кожа
  </material>
  <price>
   329293
  </price>
  <rating>
   4.53
  </rating>
  <reviews>
   533975
  </reviews>
  <new>
   -
  </new>
  <sporty>
   no
  </sporty>
 </clothing>
 <clothing>
  <id>
   984054039
  </id>
  <name>
   Reebok Hat L-1158
  </name>
  <category>
   Hat
  </category>
  <size>
   S
  </size>
  <color>
   Желтый
  </color>
  <material>
   Шелк
  </material>
  <price>
   793153
  </price>
  <rating>
   2.62
  </rating>
  <reviews>
   93880
  </reviews>
  <new>
   +
  </new>
  <sporty>
   no
  </sporty>
 </clothing>
 <clothing>
  <id>
   157957962
  </id>
  <name>
   Reebok Shoes P-6888
  </name>
  <category>
   Shoes
  </category>
  <size>
   L
  </size>
  <color>
   Красный
  </color>
  <material>
   Нейлон
  </material>
  <price>
   398442
  </price>
  <rating>
   3.51
  </rating>
  <reviews>
   817068
  </reviews>
  <sporty>
   no
  </sporty>
 </clothing>
 <clothing>
  <id>
   825324761
  </id>
  <name>
   Under Armour Skirt U-8114
  </name>
  <category>
   Skirt
  </category>
  <size>
   XXL
  </size>
  <color>
   Красный
  </color>
  <material>
   Шерсть
  </material>
  <price>
   879282
  </price>
  <rating>
   3.5
  </rating>
  <reviews>
   898995
  </reviews>
  <new>
   -
  </new>
  <sporty>
   no
  </sporty>
 </clothing>
</clothing-items>
