<?xml version="1.0" encoding="utf-8"?>
<clothing-items>
 <clothing>
  <id>
   900583668
  </id>
  <name>
   Puma Belts K-7143
  </name>
  <category>
   Belts
  </category>
  <size>
   S
  </size>
  <color>
   Фиолетовый
  </color>
  <material>
   Шерсть
  </material>
  <price>
   582361
  </price>
  <rating>
   2.28
  </rating>
  <reviews>
   250231
  </reviews>
  <exclusive>
   no
  </exclusive>
 </clothing>
 <clothing>
  <id>
   776773131
  </id>
  <name>
   Asics Jacket N-9025
  </name>
  <category>
   Jacket
  </category>
  <size>
   S
  </size>
  <color>
   Голубой
  </color>
  <material>
   Шелк
  </material>
  <price>
   523052
  </price>
  <rating>
   2.06
  </rating>
  <reviews>
   767800
  </reviews>
  <new>
   -
  </new>
  <sporty>
   yes
  </sporty>
 </clothing>
 <clothing>
  <id>
   474377289
  </id>
  <name>
   Converse Dress V-2171
  </name>
  <category>
   Dress
  </category>
  <size>
   S
  </size>
  <color>
   Синий
  </color>
  <material>
   Шелк
  </material>
  <price>
   566689
  </price>
  <rating>
   4.98
  </rating>
  <reviews>
   925664
  </reviews>
  <new>
   +
  </new>
  <sporty>
   yes
  </sporty>
 </clothing>
 <clothing>
  <id>
   440104073
  </id>
  <name>
   Vans Jeans P-6862
  </name>
  <category>
   Jeans
  </category>
  <size>
   XL
  </size>
  <color>
   Фиолетовый
  </color>
  <material>
   Кожа
  </material>
  <price>
   330048
  </price>
  <rating>
   3.43
  </rating>
  <reviews>
   633895
  </reviews>
  <new>
   +
  </new>
 </clothing>
 <clothing>
  <id>
   666117538
  </id>
  <name>
   Nike Shirt O-8308
  </name>
  <category>
   Shirt
  </category>
  <size>
   S
  </size>
  <color>
   Зеленый
  </color>
  <material>
   Хлопок
  </material>
  <price>
   899317
  </price>
  <rating>
   4.56
  </rating>
  <reviews>
   415944
  </reviews>
  <new>
   +
  </new>
  <exclusive>
   no
  </exclusive>
 </clothing>
 <clothing>
  <id>
   961065094
  </id>
  <name>
   Ellesse Blouse T-7666
  </name>
  <category>
   Blouse
  </category>
  <size>
   L
  </size>
  <color>
   Фиолетовый
  </color>
  <material>
   Кожа
  </material>
  <price>
   388768
  </price>
  <rating>
   2.31
  </rating>
  <reviews>
   404697
  </reviews>
  <new>
   -
  </new>
  <exclusive>
   yes
  </exclusive>
 </clothing>
 <clothing>
  <id>
   764116652
  </id>
  <name>
   Addidas Umbrellas Y-4712
  </name>
  <category>
   Umbrellas
  </category>
  <size>
   M
  </size>
  <color>
   Синий
  </color>
  <material>
   Лен
  </material>
  <price>
   279580
  </price>
  <rating>
   3.08
  </rating>
  <reviews>
   45492
  </reviews>
  <exclusive>
   no
  </exclusive>
  <sporty>
   no
  </sporty>
 </clothing>
 <clothing>
  <id>
   810823713
  </id>
  <name>
   Vans Sweater P-8609
  </name>
  <category>
   Sweater
  </category>
  <size>
   M
  </size>
  <color>
   Голубой
  </color>
  <material>
   Хлопок
  </material>
  <price>
   589818
  </price>
  <rating>
   2.04
  </rating>
  <reviews>
   745722
  </reviews>
  <exclusive>
   yes
  </exclusive>
 </clothing>
 <clothing>
  <id>
   935280115
  </id>
  <name>
   Puma Skirt B-2544
  </name>
  <category>
   Skirt
  </category>
  <size>
   XL
  </size>
  <color>
   Синий
  </color>
  <material>
   Хлопок
  </material>
  <price>
   138087
  </price>
  <rating>
   1.78
  </rating>
  <reviews>
   938835
  </reviews>
  <new>
   -
  </new>
  <exclusive>
   no
  </exclusive>
  <sporty>
   yes
  </sporty>
 </clothing>
 <clothing>
  <id>
   116590407
  </id>
  <name>
   DC Hat Y-6085
  </name>
  <category>
   Hat
  </category>
  <size>
   S
  </size>
  <color>
   Синий
  </color>
  <material>
   Шелк
  </material>
  <price>
   437870
  </price>
  <rating>
   4.83
  </rating>
  <reviews>
   221810
  </reviews>
  <new>
   -
  </new>
  <sporty>
   no
  </sporty>
 </clothing>
 <clothing>
  <id>
   800747180
  </id>
  <name>
   DC Handbags I-8323
  </name>
  <category>
   Handbags
  </category>
  <size>
   XXL
  </size>
  <color>
   Красный
  </color>
  <material>
   Кожа
  </material>
  <price>
   217187
  </price>
  <rating>
   3.23
  </rating>
  <reviews>
   295162
  </reviews>
 </clothing>
 <clothing>
  <id>
   375855439
  </id>
  <name>
   Lacoste Shoes G-3281
  </name>
  <category>
   Shoes
  </category>
  <size>
   L
  </size>
  <color>
   Зеленый
  </color>
  <material>
   Вискоза
  </material>
  <price>
   461629
  </price>
  <rating>
   4.2
  </rating>
  <reviews>
   556975
  </reviews>
  <new>
   -
  </new>
  <exclusive>
   no
  </exclusive>
 </clothing>
 <clothing>
  <id>
   570521061
  </id>
  <name>
   Lacoste Shirt P-5886
  </name>
  <category>
   Shirt
  </category>
  <size>
   XXL
  </size>
  <color>
   Желтый
  </color>
  <material>
   Хлопок
  </material>
  <price>
   191725
  </price>
  <rating>
   2.9
  </rating>
  <reviews>
   713174
  </reviews>
  <new>
   +
  </new>
 </clothing>
 <clothing>
  <id>
   403490167
  </id>
  <name>
   Converse Socks E-7612
  </name>
  <category>
   Socks
  </category>
  <size>
   XXL
  </size>
  <color>
   Красный
  </color>
  <material>
   Нейлон
  </material>
  <price>
   639773
  </price>
  <rating>
   3.41
  </rating>
  <reviews>
   490395
  </reviews>
  <exclusive>
   yes
  </exclusive>
  <sporty>
   no
  </sporty>
 </clothing>
 <clothing>
  <id>
   771629620
  </id>
  <name>
   Under Armour Blouse I-6690
  </name>
  <category>
   Blouse
  </category>
  <size>
   L
  </size>
  <color>
   Красный
  </color>
  <material>
   Хлопок
  </material>
  <price>
   448116
  </price>
  <rating>
   1.19
  </rating>
  <reviews>
   893505
  </reviews>
  <exclusive>
   no
  </exclusive>
  <sporty>
   no
  </sporty>
 </clothing>
 <clothing>
  <id>
   558974592
  </id>
  <name>
   Reebok Jeans U-6154
  </name>
  <category>
   Jeans
  </category>
  <size>
   L
  </size>
  <color>
   Синий
  </color>
  <material>
   Нейлон
  </material>
  <price>
   644037
  </price>
  <rating>
   4.86
  </rating>
  <reviews>
   620363
  </reviews>
  <new>
   +
  </new>
  <exclusive>
   yes
  </exclusive>
  <sporty>
   no
  </sporty>
 </clothing>
 <clothing>
  <id>
   932507502
  </id>
  <name>
   Ellesse Umbrellas D-5731
  </name>
  <category>
   Umbrellas
  </category>
  <size>
   L
  </size>
  <color>
   Синий
  </color>
  <material>
   Шелк
  </material>
  <price>
   883473
  </price>
  <rating>
   3.72
  </rating>
  <reviews>
   337544
  </reviews>
  <new>
   -
  </new>
  <exclusive>
   no
  </exclusive>
 </clothing>
 <clothing>
  <id>
   744356568
  </id>
  <name>
   DC Jeans L-4480
  </name>
  <category>
   Jeans
  </category>
  <size>
   M
  </size>
  <color>
   Синий
  </color>
  <material>
   Кожа
  </material>
  <price>
   242353
  </price>
  <rating>
   4.98
  </rating>
  <reviews>
   443738
  </reviews>
  <exclusive>
   yes
  </exclusive>
  <sporty>
   yes
  </sporty>
 </clothing>
 <clothing>
  <id>
   804209287
  </id>
  <name>
   DC Dress Y-3161
  </name>
  <category>
   Dress
  </category>
  <size>
   S
  </size>
  <color>
   Синий
  </color>
  <material>
   Лен
  </material>
  <price>
   795964
  </price>
  <rating>
   1.85
  </rating>
  <reviews>
   710466
  </reviews>
  <new>
   -
  </new>
  <exclusive>
   no
  </exclusive>
 </clothing>
 <clothing>
  <id>
   595364468
  </id>
  <name>
   New Balance Jacket H-6699
  </name>
  <category>
   Jacket
  </category>
  <size>
   L
  </size>
  <color>
   Зеленый
  </color>
  <material>
   Полиэстер
  </material>
  <price>
   281984
  </price>
  <rating>
   3.32
  </rating>
  <reviews>
   576084
  </reviews>
  <new>
   +
  </new>
  <sporty>
   no
  </sporty>
 </clothing>
 <clothing>
  <id>
   781622795
  </id>
  <name>
   Asics Shoes C-5326
  </name>
  <category>
   Shoes
  </category>
  <size>
   S
  </size>
  <color>
   Зеленый
  </color>
  <material>
   Хлопок
  </material>
  <price>
   193565
  </price>
  <rating>
   4.05
  </rating>
  <reviews>
   616305
  </reviews>
  <exclusive>
   no
  </exclusive>
  <sporty>
   no
  </sporty>
 </clothing>
 <clothing>
  <id>
   948333106
  </id>
  <name>
   Fila Pants B-7143
  </name>
  <category>
   Pants
  </category>
  <size>
   XL
  </size>
  <color>
   Красный
  </color>
  <material>
   Кожа
  </material>
  <price>
   831924
  </price>
  <rating>
   2.67
  </rating>
  <reviews>
   457863
  </reviews>
  <new>
   +
  </new>
 </clothing>
 <clothing>
  <id>
   985079701
  </id>
  <name>
   Lacoste Jeans N-6143
  </name>
  <category>
   Jeans
  </category>
  <size>
   L
  </size>
  <color>
   Синий
  </color>
  <material>
   Хлопок
  </material>
  <price>
   513953
  </price>
  <rating>
   4.5
  </rating>
  <reviews>
   806517
  </reviews>
  <exclusive>
   no
  </exclusive>
 </clothing>
 <clothing>
  <id>
   122089726
  </id>
  <name>
   Ellesse Gloves L-1353
  </name>
  <category>
   Gloves
  </category>
  <size>
   XL
  </size>
  <color>
   Оранжевый
  </color>
  <material>
   Полиэстер
  </material>
  <price>
   121321
  </price>
  <rating>
   2.6
  </rating>
  <reviews>
   255203
  </reviews>
  <new>
   -
  </new>
  <sporty>
   yes
  </sporty>
 </clothing>
 <clothing>
  <id>
   701467184
  </id>
  <name>
   Lacoste T-shirt V-8448
  </name>
  <category>
   T-shirt
  </category>
  <size>
   XL
  </size>
  <color>
   Зеленый
  </color>
  <material>
   Шелк
  </material>
  <price>
   374506
  </price>
  <rating>
   3.28
  </rating>
  <reviews>
   92930
  </reviews>
  <exclusive>
   yes
  </exclusive>
 </clothing>
 <clothing>
  <id>
   163624011
  </id>
  <name>
   Nike Shirt B-1110
  </name>
  <category>
   Shirt
  </category>
  <size>
   M
  </size>
  <color>
   Синий
  </color>
  <material>
   Полиэстер
  </material>
  <price>
   428141
  </price>
  <rating>
   2.83
  </rating>
  <reviews>
   970653
  </reviews>
  <exclusive>
   yes
  </exclusive>
  <sporty>
   yes
  </sporty>
 </clothing>
 <clothing>
  <id>
   312321317
  </id>
  <name>
   Addidas Socks N-9613
  </name>
  <category>
   Socks
  </category>
  <size>
   L
  </size>
  <color>
   Желтый
  </color>
  <material>
   Шерсть
  </material>
  <price>
   285064
  </price>
  <rating>
   1.11
  </rating>
  <reviews>
   483276
  </reviews>
  <new>
   -
  </new>
  <exclusive>
   yes
  </exclusive>
  <sporty>
   no
  </sporty>
 </clothing>
 <clothing>
  <id>
   831565743
  </id>
  <name>
   Converse Blouse G-6641
  </name>
  <category>
   Blouse
  </category>
  <size>
   S
  </size>
  <color>
   Голубой
  </color>
  <material>
   Шелк
  </material>
  <price>
   976984
  </price>
  <rating>
   4.77
  </rating>
  <reviews>
   603418
  </reviews>
  <new>
   -
  </new>
  <sporty>
   yes
  </sporty>
 </clothing>
 <clothing>
  <id>
   564170306
  </id>
  <name>
   Fila Dress X-2361
  </name>
  <category>
   Dress
  </category>
  <size>
   S
  </size>
  <color>
   Красный
  </color>
  <material>
   Шерсть
  </material>
  <price>
   722677
  </price>
  <rating>
   2.17
  </rating>
  <reviews>
   2842
  </reviews>
  <new>
   +
  </new>
  <exclusive>
   no
  </exclusive>
  <sporty>
   no
  </sporty>
 </clothing>
 <clothing>
  <id>
   221077047
  </id>
  <name>
   Ellesse Skirt P-7862
  </name>
  <category>
   Skirt
  </category>
  <size>
   XXL
  </size>
  <color>
   Фиолетовый
  </color>
  <material>
   Шерсть
  </material>
  <price>
   617775
  </price>
  <rating>
   4.51
  </rating>
  <reviews>
   813691
  </reviews>
  <exclusive>
   yes
  </exclusive>
  <sporty>
   yes
  </sporty>
 </clothing>
 <clothing>
  <id>
   449003629
  </id>
  <name>
   PleinSport Skirt Z-3528
  </name>
  <category>
   Skirt
  </category>
  <size>
   XXL
  </size>
  <color>
   Зеленый
  </color>
  <material>
   Хлопок
  </material>
  <price>
   704503
  </price>
  <rating>
   3.02
  </rating>
  <reviews>
   906193
  </reviews>
  <exclusive>
   no
  </exclusive>
  <sporty>
   yes
  </sporty>
 </clothing>
 <clothing>
  <id>
   731024645
  </id>
  <name>
   Vans T-shirt D-5573
  </name>
  <category>
   T-shirt
  </category>
  <size>
   S
  </size>
  <color>
   Фиолетовый
  </color>
  <material>
   Нейлон
  </material>
  <price>
   962872
  </price>
  <rating>
   2.48
  </rating>
  <reviews>
   537626
  </reviews>
  <new>
   -
  </new>
  <exclusive>
   yes
  </exclusive>
  <sporty>
   yes
  </sporty>
 </clothing>
 <clothing>
  <id>
   868121896
  </id>
  <name>
   Vans Hat G-9749
  </name>
  <category>
   Hat
  </category>
  <size>
   XL
  </size>
  <color>
   Желтый
  </color>
  <material>
   Шелк
  </material>
  <price>
   945465
  </price>
  <rating>
   1.36
  </rating>
  <reviews>
   476515
  </reviews>
  <new>
   -
  </new>
  <exclusive>
   yes
  </exclusive>
  <sporty>
   yes
  </sporty>
 </clothing>
 <clothing>
  <id>
   567881665
  </id>
  <name>
   Nike Umbrellas J-5708
  </name>
  <category>
   Umbrellas
  </category>
  <size>
   M
  </size>
  <color>
   Фиолетовый
  </color>
  <material>
   Вискоза
  </material>
  <price>
   858971
  </price>
  <rating>
   3.28
  </rating>
  <reviews>
   235458
  </reviews>
  <exclusive>
   no
  </exclusive>
 </clothing>
 <clothing>
  <id>
   614220570
  </id>
  <name>
   Nike Umbrellas L-8966
  </name>
  <category>
   Umbrellas
  </category>
  <size>
   XXL
  </size>
  <color>
   Желтый
  </color>
  <material>
   Кожа
  </material>
  <price>
   220040
  </price>
  <rating>
   3.95
  </rating>
  <reviews>
   820842
  </reviews>
  <new>
   +
  </new>
  <exclusive>
   yes
  </exclusive>
  <sporty>
   no
  </sporty>
 </clothing>
 <clothing>
  <id>
   618160272
  </id>
  <name>
   Adidas Umbrellas S-6151
  </name>
  <category>
   Umbrellas
  </category>
  <size>
   M
  </size>
  <color>
   Зеленый
  </color>
  <material>
   Шерсть
  </material>
  <price>
   554726
  </price>
  <rating>
   2.75
  </rating>
  <reviews>
   817104
  </reviews>
  <exclusive>
   yes
  </exclusive>
  <sporty>
   no
  </sporty>
 </clothing>
</clothing-items>
