<?xml version="1.0" encoding="utf-8"?>
<clothing-items>
 <clothing>
  <id>
   275674090
  </id>
  <name>
   Ellesse T-shirt M-1818
  </name>
  <category>
   T-shirt
  </category>
  <size>
   XXL
  </size>
  <color>
   Фиолетовый
  </color>
  <material>
   Лен
  </material>
  <price>
   332995
  </price>
  <rating>
   2.87
  </rating>
  <reviews>
   342073
  </reviews>
 </clothing>
 <clothing>
  <id>
   301247683
  </id>
  <name>
   Nike Dress P-7379
  </name>
  <category>
   Dress
  </category>
  <size>
   L
  </size>
  <color>
   Фиолетовый
  </color>
  <material>
   Шерсть
  </material>
  <price>
   538437
  </price>
  <rating>
   2.77
  </rating>
  <reviews>
   985665
  </reviews>
  <exclusive>
   yes
  </exclusive>
 </clothing>
 <clothing>
  <id>
   506793354
  </id>
  <name>
   Addidas Shirt L-3219
  </name>
  <category>
   Shirt
  </category>
  <size>
   M
  </size>
  <color>
   Оранжевый
  </color>
  <material>
   Шерсть
  </material>
  <price>
   685476
  </price>
  <rating>
   3.16
  </rating>
  <reviews>
   206128
  </reviews>
  <new>
   +
  </new>
  <exclusive>
   no
  </exclusive>
  <sporty>
   no
  </sporty>
 </clothing>
 <clothing>
  <id>
   333274335
  </id>
  <name>
   Ellesse Jeans Y-6659
  </name>
  <category>
   Jeans
  </category>
  <size>
   L
  </size>
  <color>
   Зеленый
  </color>
  <material>
   Хлопок
  </material>
  <price>
   467381
  </price>
  <rating>
   3.56
  </rating>
  <reviews>
   177167
  </reviews>
  <new>
   -
  </new>
  <sporty>
   no
  </sporty>
 </clothing>
 <clothing>
  <id>
   249335685
  </id>
  <name>
   Fila Pants S-3715
  </name>
  <category>
   Pants
  </category>
  <size>
   L
  </size>
  <color>
   Красный
  </color>
  <material>
   Шелк
  </material>
  <price>
   280784
  </price>
  <rating>
   1.33
  </rating>
  <reviews>
   465014
  </reviews>
  <exclusive>
   no
  </exclusive>
  <sporty>
   no
  </sporty>
 </clothing>
 <clothing>
  <id>
   931711577
  </id>
  <name>
   Vans Jacket F-1380
  </name>
  <category>
   Jacket
  </category>
  <size>
   M
  </size>
  <color>
   Синий
  </color>
  <material>
   Шелк
  </material>
  <price>
   544936
  </price>
  <rating>
   2.38
  </rating>
  <reviews>
   318854
  </reviews>
  <exclusive>
   no
  </exclusive>
  <sporty>
   no
  </sporty>
 </clothing>
 <clothing>
  <id>
   309539958
  </id>
  <name>
   PleinSport Pants E-8577
  </name>
  <category>
   Pants
  </category>
  <size>
   XXL
  </size>
  <color>
   Зеленый
  </color>
  <material>
   Шелк
  </material>
  <price>
   441766
  </price>
  <rating>
   2.58
  </rating>
  <reviews>
   598334
  </reviews>
  <new>
   -
  </new>
  <sporty>
   no
  </sporty>
 </clothing>
 <clothing>
  <id>
   405596942
  </id>
  <name>
   Reebok Belts B-3388
  </name>
  <category>
   Belts
  </category>
  <size>
   XL
  </size>
  <color>
   Голубой
  </color>
  <material>
   Шелк
  </material>
  <price>
   469152
  </price>
  <rating>
   4.2
  </rating>
  <reviews>
   371841
  </reviews>
  <new>
   -
  </new>
  <exclusive>
   no
  </exclusive>
  <sporty>
   no
  </sporty>
 </clothing>
 <clothing>
  <id>
   487105918
  </id>
  <name>
   Brooks Shoes G-5235
  </name>
  <category>
   Shoes
  </category>
  <size>
   XL
  </size>
  <color>
   Красный
  </color>
  <material>
   Шерсть
  </material>
  <price>
   191560
  </price>
  <rating>
   2.34
  </rating>
  <reviews>
   355717
  </reviews>
  <new>
   +
  </new>
  <exclusive>
   no
  </exclusive>
  <sporty>
   yes
  </sporty>
 </clothing>
 <clothing>
  <id>
   552279508
  </id>
  <name>
   Nike Skirt H-2781
  </name>
  <category>
   Skirt
  </category>
  <size>
   L
  </size>
  <color>
   Оранжевый
  </color>
  <material>
   Шерсть
  </material>
  <price>
   516312
  </price>
  <rating>
   4.42
  </rating>
  <reviews>
   169239
  </reviews>
 </clothing>
 <clothing>
  <id>
   521115753
  </id>
  <name>
   Brooks Jacket A-5707
  </name>
  <category>
   Jacket
  </category>
  <size>
   M
  </size>
  <color>
   Синий
  </color>
  <material>
   Хлопок
  </material>
  <price>
   153525
  </price>
  <rating>
   1.43
  </rating>
  <reviews>
   485944
  </reviews>
  <exclusive>
   no
  </exclusive>
 </clothing>
 <clothing>
  <id>
   587811530
  </id>
  <name>
   Asics Hat E-6311
  </name>
  <category>
   Hat
  </category>
  <size>
   XXL
  </size>
  <color>
   Голубой
  </color>
  <material>
   Кожа
  </material>
  <price>
   768104
  </price>
  <rating>
   1.49
  </rating>
  <reviews>
   410844
  </reviews>
  <new>
   -
  </new>
  <exclusive>
   no
  </exclusive>
  <sporty>
   no
  </sporty>
 </clothing>
 <clothing>
  <id>
   278349215
  </id>
  <name>
   Fila Umbrellas U-9285
  </name>
  <category>
   Umbrellas
  </category>
  <size>
   M
  </size>
  <color>
   Зеленый
  </color>
  <material>
   Шелк
  </material>
  <price>
   382579
  </price>
  <rating>
   4.39
  </rating>
  <reviews>
   961654
  </reviews>
  <exclusive>
   no
  </exclusive>
 </clothing>
 <clothing>
  <id>
   893660588
  </id>
  <name>
   DC Handbags A-7931
  </name>
  <category>
   Handbags
  </category>
  <size>
   XL
  </size>
  <color>
   Синий
  </color>
  <material>
   Вискоза
  </material>
  <price>
   510764
  </price>
  <rating>
   3.47
  </rating>
  <reviews>
   836937
  </reviews>
  <new>
   -
  </new>
  <sporty>
   yes
  </sporty>
 </clothing>
 <clothing>
  <id>
   116428786
  </id>
  <name>
   DC Gloves M-2208
  </name>
  <category>
   Gloves
  </category>
  <size>
   M
  </size>
  <color>
   Красный
  </color>
  <material>
   Хлопок
  </material>
  <price>
   600253
  </price>
  <rating>
   4.41
  </rating>
  <reviews>
   462635
  </reviews>
  <exclusive>
   yes
  </exclusive>
  <sporty>
   no
  </sporty>
 </clothing>
 <clothing>
  <id>
   823100263
  </id>
  <name>
   DC Pants S-1061
  </name>
  <category>
   Pants
  </category>
  <size>
   M
  </size>
  <color>
   Желтый
  </color>
  <material>
   Шелк
  </material>
  <price>
   970510
  </price>
  <rating>
   3.63
  </rating>
  <reviews>
   212798
  </reviews>
  <new>
   +
  </new>
  <exclusive>
   no
  </exclusive>
 </clothing>
 <clothing>
  <id>
   814713970
  </id>
  <name>
   Fila Hat M-6256
  </name>
  <category>
   Hat
  </category>
  <size>
   L
  </size>
  <color>
   Оранжевый
  </color>
  <material>
   Шелк
  </material>
  <price>
   623381
  </price>
  <rating>
   1.79
  </rating>
  <reviews>
   840084
  </reviews>
  <new>
   +
  </new>
  <exclusive>
   no
  </exclusive>
  <sporty>
   no
  </sporty>
 </clothing>
 <clothing>
  <id>
   393975485
  </id>
  <name>
   Ellesse Hat F-1671
  </name>
  <category>
   Hat
  </category>
  <size>
   S
  </size>
  <color>
   Голубой
  </color>
  <material>
   Лен
  </material>
  <price>
   245144
  </price>
  <rating>
   4.07
  </rating>
  <reviews>
   707465
  </reviews>
  <new>
   +
  </new>
  <exclusive>
   yes
  </exclusive>
  <sporty>
   no
  </sporty>
 </clothing>
 <clothing>
  <id>
   409419761
  </id>
  <name>
   Lacoste Belts D-3449
  </name>
  <category>
   Belts
  </category>
  <size>
   XXL
  </size>
  <color>
   Синий
  </color>
  <material>
   Вискоза
  </material>
  <price>
   528816
  </price>
  <rating>
   1.98
  </rating>
  <reviews>
   664421
  </reviews>
  <new>
   -
  </new>
  <sporty>
   no
  </sporty>
 </clothing>
</clothing-items>
