<?xml version="1.0" encoding="utf-8"?>
<clothing-items>
 <clothing>
  <id>
   462303058
  </id>
  <name>
   Vans Dress B-6358
  </name>
  <category>
   Dress
  </category>
  <size>
   M
  </size>
  <color>
   Голубой
  </color>
  <material>
   Вискоза
  </material>
  <price>
   148803
  </price>
  <rating>
   4.03
  </rating>
  <reviews>
   253154
  </reviews>
  <new>
   -
  </new>
  <exclusive>
   no
  </exclusive>
  <sporty>
   no
  </sporty>
 </clothing>
 <clothing>
  <id>
   178846624
  </id>
  <name>
   Fila Jeans D-8101
  </name>
  <category>
   Jeans
  </category>
  <size>
   M
  </size>
  <color>
   Фиолетовый
  </color>
  <material>
   Шерсть
  </material>
  <price>
   845134
  </price>
  <rating>
   2.78
  </rating>
  <reviews>
   245022
  </reviews>
  <new>
   +
  </new>
  <exclusive>
   no
  </exclusive>
 </clothing>
 <clothing>
  <id>
   542321258
  </id>
  <name>
   Asics Handbags O-5113
  </name>
  <category>
   Handbags
  </category>
  <size>
   XL
  </size>
  <color>
   Фиолетовый
  </color>
  <material>
   Полиэстер
  </material>
  <price>
   288580
  </price>
  <rating>
   1.43
  </rating>
  <reviews>
   943857
  </reviews>
  <new>
   +
  </new>
  <exclusive>
   no
  </exclusive>
 </clothing>
 <clothing>
  <id>
   104916445
  </id>
  <name>
   Ellesse Socks T-6236
  </name>
  <category>
   Socks
  </category>
  <size>
   XL
  </size>
  <color>
   Синий
  </color>
  <material>
   Лен
  </material>
  <price>
   532259
  </price>
  <rating>
   1.39
  </rating>
  <reviews>
   315367
  </reviews>
  <new>
   +
  </new>
  <exclusive>
   no
  </exclusive>
 </clothing>
 <clothing>
  <id>
   336159828
  </id>
  <name>
   Nike Shirt S-8055
  </name>
  <category>
   Shirt
  </category>
  <size>
   S
  </size>
  <color>
   Оранжевый
  </color>
  <material>
   Шерсть
  </material>
  <price>
   330293
  </price>
  <rating>
   2.27
  </rating>
  <reviews>
   189593
  </reviews>
  <new>
   +
  </new>
  <exclusive>
   yes
  </exclusive>
 </clothing>
 <clothing>
  <id>
   797685192
  </id>
  <name>
   Fila Sweater X-8104
  </name>
  <category>
   Sweater
  </category>
  <size>
   XXL
  </size>
  <color>
   Фиолетовый
  </color>
  <material>
   Кожа
  </material>
  <price>
   250400
  </price>
  <rating>
   2.06
  </rating>
  <reviews>
   465459
  </reviews>
  <exclusive>
   yes
  </exclusive>
 </clothing>
 <clothing>
  <id>
   315240383
  </id>
  <name>
   Adidas Jacket E-9603
  </name>
  <category>
   Jacket
  </category>
  <size>
   L
  </size>
  <color>
   Желтый
  </color>
  <material>
   Вискоза
  </material>
  <price>
   878474
  </price>
  <rating>
   1.45
  </rating>
  <reviews>
   224394
  </reviews>
  <new>
   -
  </new>
  <exclusive>
   no
  </exclusive>
  <sporty>
   yes
  </sporty>
 </clothing>
 <clothing>
  <id>
   105138680
  </id>
  <name>
   Lacoste Handbags W-4441
  </name>
  <category>
   Handbags
  </category>
  <size>
   M
  </size>
  <color>
   Голубой
  </color>
  <material>
   Полиэстер
  </material>
  <price>
   675468
  </price>
  <rating>
   2.57
  </rating>
  <reviews>
   471084
  </reviews>
  <exclusive>
   yes
  </exclusive>
  <sporty>
   no
  </sporty>
 </clothing>
 <clothing>
  <id>
   701645825
  </id>
  <name>
   Nike Blouse X-3452
  </name>
  <category>
   Blouse
  </category>
  <size>
   L
  </size>
  <color>
   Зеленый
  </color>
  <material>
   Хлопок
  </material>
  <price>
   764899
  </price>
  <rating>
   3.9
  </rating>
  <reviews>
   61288
  </reviews>
  <new>
   -
  </new>
  <sporty>
   no
  </sporty>
 </clothing>
 <clothing>
  <id>
   725483190
  </id>
  <name>
   Nike Pants A-6675
  </name>
  <category>
   Pants
  </category>
  <size>
   XXL
  </size>
  <color>
   Голубой
  </color>
  <material>
   Шерсть
  </material>
  <price>
   115447
  </price>
  <rating>
   2.96
  </rating>
  <reviews>
   701764
  </reviews>
  <new>
   -
  </new>
 </clothing>
 <clothing>
  <id>
   762338095
  </id>
  <name>
   Ellesse T-shirt Q-1981
  </name>
  <category>
   T-shirt
  </category>
  <size>
   S
  </size>
  <color>
   Фиолетовый
  </color>
  <material>
   Вискоза
  </material>
  <price>
   445083
  </price>
  <rating>
   1.52
  </rating>
  <reviews>
   895789
  </reviews>
  <new>
   -
  </new>
  <sporty>
   no
  </sporty>
 </clothing>
 <clothing>
  <id>
   211669440
  </id>
  <name>
   Nike Skirt L-6851
  </name>
  <category>
   Skirt
  </category>
  <size>
   L
  </size>
  <color>
   Желтый
  </color>
  <material>
   Нейлон
  </material>
  <price>
   959038
  </price>
  <rating>
   2.48
  </rating>
  <reviews>
   344280
  </reviews>
  <sporty>
   no
  </sporty>
 </clothing>
 <clothing>
  <id>
   482845454
  </id>
  <name>
   Converse Pants A-8653
  </name>
  <category>
   Pants
  </category>
  <size>
   S
  </size>
  <color>
   Голубой
  </color>
  <material>
   Лен
  </material>
  <price>
   984991
  </price>
  <rating>
   4.68
  </rating>
  <reviews>
   336450
  </reviews>
  <new>
   -
  </new>
  <sporty>
   yes
  </sporty>
 </clothing>
 <clothing>
  <id>
   225058299
  </id>
  <name>
   Under Armour Sweater M-2932
  </name>
  <category>
   Sweater
  </category>
  <size>
   XL
  </size>
  <color>
   Фиолетовый
  </color>
  <material>
   Лен
  </material>
  <price>
   550122
  </price>
  <rating>
   3.29
  </rating>
  <reviews>
   451873
  </reviews>
  <new>
   +
  </new>
  <exclusive>
   no
  </exclusive>
 </clothing>
 <clothing>
  <id>
   992436333
  </id>
  <name>
   Under Armour Gloves H-3796
  </name>
  <category>
   Gloves
  </category>
  <size>
   M
  </size>
  <color>
   Желтый
  </color>
  <material>
   Кожа
  </material>
  <price>
   363807
  </price>
  <rating>
   4.16
  </rating>
  <reviews>
   266628
  </reviews>
  <new>
   -
  </new>
  <exclusive>
   no
  </exclusive>
  <sporty>
   no
  </sporty>
 </clothing>
 <clothing>
  <id>
   935791474
  </id>
  <name>
   Ellesse Jeans R-9335
  </name>
  <category>
   Jeans
  </category>
  <size>
   XL
  </size>
  <color>
   Фиолетовый
  </color>
  <material>
   Лен
  </material>
  <price>
   801103
  </price>
  <rating>
   1.43
  </rating>
  <reviews>
   738037
  </reviews>
  <new>
   -
  </new>
  <sporty>
   yes
  </sporty>
 </clothing>
 <clothing>
  <id>
   197556411
  </id>
  <name>
   Asics Skirt C-6157
  </name>
  <category>
   Skirt
  </category>
  <size>
   L
  </size>
  <color>
   Синий
  </color>
  <material>
   Хлопок
  </material>
  <price>
   969531
  </price>
  <rating>
   3.68
  </rating>
  <reviews>
   186213
  </reviews>
  <exclusive>
   no
  </exclusive>
 </clothing>
 <clothing>
  <id>
   502303518
  </id>
  <name>
   Adidas Belts U-6774
  </name>
  <category>
   Belts
  </category>
  <size>
   XL
  </size>
  <color>
   Голубой
  </color>
  <material>
   Полиэстер
  </material>
  <price>
   983279
  </price>
  <rating>
   3.37
  </rating>
  <reviews>
   671641
  </reviews>
  <exclusive>
   no
  </exclusive>
 </clothing>
 <clothing>
  <id>
   365924093
  </id>
  <name>
   Converse Socks C-1163
  </name>
  <category>
   Socks
  </category>
  <size>
   L
  </size>
  <color>
   Синий
  </color>
  <material>
   Шелк
  </material>
  <price>
   534499
  </price>
  <rating>
   2.41
  </rating>
  <reviews>
   697791
  </reviews>
  <exclusive>
   no
  </exclusive>
  <sporty>
   yes
  </sporty>
 </clothing>
 <clothing>
  <id>
   906913554
  </id>
  <name>
   Brooks Pants E-7396
  </name>
  <category>
   Pants
  </category>
  <size>
   L
  </size>
  <color>
   Фиолетовый
  </color>
  <material>
   Нейлон
  </material>
  <price>
   970228
  </price>
  <rating>
   1.4
  </rating>
  <reviews>
   294010
  </reviews>
  <new>
   -
  </new>
  <sporty>
   no
  </sporty>
 </clothing>
 <clothing>
  <id>
   508633984
  </id>
  <name>
   Ellesse Blouse C-3510
  </name>
  <category>
   Blouse
  </category>
  <size>
   M
  </size>
  <color>
   Синий
  </color>
  <material>
   Полиэстер
  </material>
  <price>
   564093
  </price>
  <rating>
   3.82
  </rating>
  <reviews>
   327236
  </reviews>
  <new>
   +
  </new>
  <sporty>
   yes
  </sporty>
 </clothing>
 <clothing>
  <id>
   306715980
  </id>
  <name>
   Reebok Jeans X-5578
  </name>
  <category>
   Jeans
  </category>
  <size>
   L
  </size>
  <color>
   Фиолетовый
  </color>
  <material>
   Кожа
  </material>
  <price>
   646527
  </price>
  <rating>
   4.4
  </rating>
  <reviews>
   341090
  </reviews>
  <sporty>
   no
  </sporty>
 </clothing>
 <clothing>
  <id>
   309378564
  </id>
  <name>
   Ellesse Pants T-9149
  </name>
  <category>
   Pants
  </category>
  <size>
   L
  </size>
  <color>
   Синий
  </color>
  <material>
   Лен
  </material>
  <price>
   929845
  </price>
  <rating>
   1.84
  </rating>
  <reviews>
   247829
  </reviews>
  <new>
   -
  </new>
  <sporty>
   no
  </sporty>
 </clothing>
 <clothing>
  <id>
   213741157
  </id>
  <name>
   Lacoste Shirt A-1885
  </name>
  <category>
   Shirt
  </category>
  <size>
   M
  </size>
  <color>
   Голубой
  </color>
  <material>
   Шерсть
  </material>
  <price>
   857030
  </price>
  <rating>
   1.18
  </rating>
  <reviews>
   981783
  </reviews>
  <exclusive>
   no
  </exclusive>
  <sporty>
   yes
  </sporty>
 </clothing>
 <clothing>
  <id>
   169597304
  </id>
  <name>
   PleinSport Jeans G-7462
  </name>
  <category>
   Jeans
  </category>
  <size>
   XXL
  </size>
  <color>
   Голубой
  </color>
  <material>
   Шелк
  </material>
  <price>
   537672
  </price>
  <rating>
   1.47
  </rating>
  <reviews>
   216690
  </reviews>
  <new>
   -
  </new>
  <sporty>
   no
  </sporty>
 </clothing>
 <clothing>
  <id>
   477399367
  </id>
  <name>
   Addidas Handbags I-4401
  </name>
  <category>
   Handbags
  </category>
  <size>
   XL
  </size>
  <color>
   Фиолетовый
  </color>
  <material>
   Вискоза
  </material>
  <price>
   145935
  </price>
  <rating>
   2.12
  </rating>
  <reviews>
   530754
  </reviews>
  <new>
   +
  </new>
  <exclusive>
   yes
  </exclusive>
 </clothing>
 <clothing>
  <id>
   538146250
  </id>
  <name>
   PleinSport Dress Z-8618
  </name>
  <category>
   Dress
  </category>
  <size>
   L
  </size>
  <color>
   Синий
  </color>
  <material>
   Шелк
  </material>
  <price>
   871649
  </price>
  <rating>
   2.62
  </rating>
  <reviews>
   593152
  </reviews>
  <exclusive>
   no
  </exclusive>
  <sporty>
   yes
  </sporty>
 </clothing>
 <clothing>
  <id>
   659215685
  </id>
  <name>
   Brooks Shoes G-1864
  </name>
  <category>
   Shoes
  </category>
  <size>
   XXL
  </size>
  <color>
   Красный
  </color>
  <material>
   Хлопок
  </material>
  <price>
   839950
  </price>
  <rating>
   1.8
  </rating>
  <reviews>
   591560
  </reviews>
  <new>
   +
  </new>
  <sporty>
   no
  </sporty>
 </clothing>
 <clothing>
  <id>
   435835554
  </id>
  <name>
   Fila Socks X-5035
  </name>
  <category>
   Socks
  </category>
  <size>
   M
  </size>
  <color>
   Фиолетовый
  </color>
  <material>
   Кожа
  </material>
  <price>
   749936
  </price>
  <rating>
   2.51
  </rating>
  <reviews>
   529002
  </reviews>
  <exclusive>
   no
  </exclusive>
  <sporty>
   no
  </sporty>
 </clothing>
 <clothing>
  <id>
   836941994
  </id>
  <name>
   Asics Hat I-3451
  </name>
  <category>
   Hat
  </category>
  <size>
   XL
  </size>
  <color>
   Фиолетовый
  </color>
  <material>
   Нейлон
  </material>
  <price>
   178432
  </price>
  <rating>
   1.9
  </rating>
  <reviews>
   281038
  </reviews>
  <exclusive>
   yes
  </exclusive>
  <sporty>
   yes
  </sporty>
 </clothing>
</clothing-items>
