<?xml version="1.0" encoding="utf-8"?>
<clothing-items>
 <clothing>
  <id>
   137889022
  </id>
  <name>
   Brooks Pants A-3028
  </name>
  <category>
   Pants
  </category>
  <size>
   L
  </size>
  <color>
   Оранжевый
  </color>
  <material>
   Кожа
  </material>
  <price>
   950411
  </price>
  <rating>
   2.86
  </rating>
  <reviews>
   360194
  </reviews>
  <new>
   +
  </new>
  <exclusive>
   yes
  </exclusive>
 </clothing>
 <clothing>
  <id>
   480711025
  </id>
  <name>
   Ellesse Hat K-4184
  </name>
  <category>
   Hat
  </category>
  <size>
   L
  </size>
  <color>
   Зеленый
  </color>
  <material>
   Вискоза
  </material>
  <price>
   617639
  </price>
  <rating>
   1.21
  </rating>
  <reviews>
   108994
  </reviews>
  <new>
   -
  </new>
  <sporty>
   no
  </sporty>
 </clothing>
 <clothing>
  <id>
   937014546
  </id>
  <name>
   Addidas Hat X-5528
  </name>
  <category>
   Hat
  </category>
  <size>
   M
  </size>
  <color>
   Зеленый
  </color>
  <material>
   Полиэстер
  </material>
  <price>
   998056
  </price>
  <rating>
   1.4
  </rating>
  <reviews>
   377052
  </reviews>
  <exclusive>
   no
  </exclusive>
  <sporty>
   no
  </sporty>
 </clothing>
 <clothing>
  <id>
   236937057
  </id>
  <name>
   Addidas Pants G-6850
  </name>
  <category>
   Pants
  </category>
  <size>
   L
  </size>
  <color>
   Голубой
  </color>
  <material>
   Шерсть
  </material>
  <price>
   630190
  </price>
  <rating>
   4.74
  </rating>
  <reviews>
   884400
  </reviews>
  <new>
   +
  </new>
  <exclusive>
   yes
  </exclusive>
  <sporty>
   no
  </sporty>
 </clothing>
 <clothing>
  <id>
   868831732
  </id>
  <name>
   Under Armour Umbrellas N-2454
  </name>
  <category>
   Umbrellas
  </category>
  <size>
   S
  </size>
  <color>
   Голубой
  </color>
  <material>
   Нейлон
  </material>
  <price>
   848810
  </price>
  <rating>
   4.49
  </rating>
  <reviews>
   942153
  </reviews>
  <new>
   -
  </new>
  <sporty>
   no
  </sporty>
 </clothing>
 <clothing>
  <id>
   973969165
  </id>
  <name>
   Puma T-shirt V-8324
  </name>
  <category>
   T-shirt
  </category>
  <size>
   XL
  </size>
  <color>
   Зеленый
  </color>
  <material>
   Кожа
  </material>
  <price>
   745361
  </price>
  <rating>
   1.53
  </rating>
  <reviews>
   117480
  </reviews>
  <exclusive>
   no
  </exclusive>
  <sporty>
   yes
  </sporty>
 </clothing>
 <clothing>
  <id>
   104161230
  </id>
  <name>
   DC Blouse K-5621
  </name>
  <category>
   Blouse
  </category>
  <size>
   XL
  </size>
  <color>
   Синий
  </color>
  <material>
   Шерсть
  </material>
  <price>
   182726
  </price>
  <rating>
   3.24
  </rating>
  <reviews>
   820025
  </reviews>
  <new>
   -
  </new>
  <sporty>
   yes
  </sporty>
 </clothing>
 <clothing>
  <id>
   143934931
  </id>
  <name>
   New Balance T-shirt Y-7335
  </name>
  <category>
   T-shirt
  </category>
  <size>
   S
  </size>
  <color>
   Синий
  </color>
  <material>
   Лен
  </material>
  <price>
   535746
  </price>
  <rating>
   4.38
  </rating>
  <reviews>
   959957
  </reviews>
  <exclusive>
   yes
  </exclusive>
  <sporty>
   no
  </sporty>
 </clothing>
 <clothing>
  <id>
   109112690
  </id>
  <name>
   Vans Jeans E-9595
  </name>
  <category>
   Jeans
  </category>
  <size>
   XL
  </size>
  <color>
   Красный
  </color>
  <material>
   Вискоза
  </material>
  <price>
   544705
  </price>
  <rating>
   4.91
  </rating>
  <reviews>
   462489
  </reviews>
  <new>
   -
  </new>
  <exclusive>
   no
  </exclusive>
  <sporty>
   no
  </sporty>
 </clothing>
 <clothing>
  <id>
   587779630
  </id>
  <name>
   Converse Belts B-7141
  </name>
  <category>
   Belts
  </category>
  <size>
   XXL
  </size>
  <color>
   Синий
  </color>
  <material>
   Нейлон
  </material>
  <price>
   270188
  </price>
  <rating>
   1.4
  </rating>
  <reviews>
   340792
  </reviews>
  <exclusive>
   no
  </exclusive>
  <sporty>
   no
  </sporty>
 </clothing>
 <clothing>
  <id>
   651494754
  </id>
  <name>
   Under Armour Umbrellas N-4033
  </name>
  <category>
   Umbrellas
  </category>
  <size>
   XXL
  </size>
  <color>
   Зеленый
  </color>
  <material>
   Хлопок
  </material>
  <price>
   964786
  </price>
  <rating>
   1.77
  </rating>
  <reviews>
   988320
  </reviews>
  <new>
   -
  </new>
  <exclusive>
   no
  </exclusive>
  <sporty>
   yes
  </sporty>
 </clothing>
 <clothing>
  <id>
   875093110
  </id>
  <name>
   Converse Dress Z-7502
  </name>
  <category>
   Dress
  </category>
  <size>
   XXL
  </size>
  <color>
   Красный
  </color>
  <material>
   Кожа
  </material>
  <price>
   839140
  </price>
  <rating>
   1.04
  </rating>
  <reviews>
   911631
  </reviews>
  <new>
   -
  </new>
  <exclusive>
   yes
  </exclusive>
  <sporty>
   yes
  </sporty>
 </clothing>
 <clothing>
  <id>
   995150623
  </id>
  <name>
   Puma Jeans I-8941
  </name>
  <category>
   Jeans
  </category>
  <size>
   M
  </size>
  <color>
   Голубой
  </color>
  <material>
   Нейлон
  </material>
  <price>
   699289
  </price>
  <rating>
   4.39
  </rating>
  <reviews>
   703736
  </reviews>
  <new>
   -
  </new>
  <exclusive>
   yes
  </exclusive>
 </clothing>
 <clothing>
  <id>
   588765333
  </id>
  <name>
   Fila Handbags C-4270
  </name>
  <category>
   Handbags
  </category>
  <size>
   L
  </size>
  <color>
   Оранжевый
  </color>
  <material>
   Шерсть
  </material>
  <price>
   179937
  </price>
  <rating>
   2.28
  </rating>
  <reviews>
   707368
  </reviews>
  <sporty>
   no
  </sporty>
 </clothing>
 <clothing>
  <id>
   372177014
  </id>
  <name>
   New Balance Handbags S-4207
  </name>
  <category>
   Handbags
  </category>
  <size>
   XL
  </size>
  <color>
   Зеленый
  </color>
  <material>
   Шелк
  </material>
  <price>
   385483
  </price>
  <rating>
   4.67
  </rating>
  <reviews>
   244308
  </reviews>
  <new>
   +
  </new>
 </clothing>
 <clothing>
  <id>
   663932479
  </id>
  <name>
   Puma Jacket B-6375
  </name>
  <category>
   Jacket
  </category>
  <size>
   S
  </size>
  <color>
   Синий
  </color>
  <material>
   Хлопок
  </material>
  <price>
   177337
  </price>
  <rating>
   2.68
  </rating>
  <reviews>
   226650
  </reviews>
  <sporty>
   yes
  </sporty>
 </clothing>
 <clothing>
  <id>
   391422047
  </id>
  <name>
   Vans Skirt W-5405
  </name>
  <category>
   Skirt
  </category>
  <size>
   XXL
  </size>
  <color>
   Зеленый
  </color>
  <material>
   Нейлон
  </material>
  <price>
   669902
  </price>
  <rating>
   3.67
  </rating>
  <reviews>
   808880
  </reviews>
  <exclusive>
   yes
  </exclusive>
  <sporty>
   no
  </sporty>
 </clothing>
 <clothing>
  <id>
   116360879
  </id>
  <name>
   Fila Hat R-6822
  </name>
  <category>
   Hat
  </category>
  <size>
   XXL
  </size>
  <color>
   Оранжевый
  </color>
  <material>
   Хлопок
  </material>
  <price>
   810734
  </price>
  <rating>
   1.54
  </rating>
  <reviews>
   563684
  </reviews>
  <new>
   -
  </new>
  <exclusive>
   yes
  </exclusive>
  <sporty>
   no
  </sporty>
 </clothing>
 <clothing>
  <id>
   861139132
  </id>
  <name>
   New Balance Shoes D-7188
  </name>
  <category>
   Shoes
  </category>
  <size>
   S
  </size>
  <color>
   Голубой
  </color>
  <material>
   Шерсть
  </material>
  <price>
   657978
  </price>
  <rating>
   4.68
  </rating>
  <reviews>
   445650
  </reviews>
  <new>
   +
  </new>
  <exclusive>
   no
  </exclusive>
  <sporty>
   yes
  </sporty>
 </clothing>
 <clothing>
  <id>
   700521362
  </id>
  <name>
   Addidas Skirt Y-4825
  </name>
  <category>
   Skirt
  </category>
  <size>
   M
  </size>
  <color>
   Зеленый
  </color>
  <material>
   Полиэстер
  </material>
  <price>
   336945
  </price>
  <rating>
   3.41
  </rating>
  <reviews>
   767188
  </reviews>
  <exclusive>
   no
  </exclusive>
  <sporty>
   no
  </sporty>
 </clothing>
 <clothing>
  <id>
   734240773
  </id>
  <name>
   Puma Shoes D-7790
  </name>
  <category>
   Shoes
  </category>
  <size>
   L
  </size>
  <color>
   Зеленый
  </color>
  <material>
   Кожа
  </material>
  <price>
   885178
  </price>
  <rating>
   4.32
  </rating>
  <reviews>
   376739
  </reviews>
  <new>
   -
  </new>
  <sporty>
   no
  </sporty>
 </clothing>
 <clothing>
  <id>
   421685694
  </id>
  <name>
   PleinSport Sweater U-5708
  </name>
  <category>
   Sweater
  </category>
  <size>
   L
  </size>
  <color>
   Красный
  </color>
  <material>
   Лен
  </material>
  <price>
   346265
  </price>
  <rating>
   3.33
  </rating>
  <reviews>
   796553
  </reviews>
  <new>
   +
  </new>
 </clothing>
 <clothing>
  <id>
   387296972
  </id>
  <name>
   Ellesse Jeans K-5689
  </name>
  <category>
   Jeans
  </category>
  <size>
   XXL
  </size>
  <color>
   Желтый
  </color>
  <material>
   Лен
  </material>
  <price>
   253670
  </price>
  <rating>
   3.27
  </rating>
  <reviews>
   247234
  </reviews>
  <exclusive>
   yes
  </exclusive>
  <sporty>
   yes
  </sporty>
 </clothing>
 <clothing>
  <id>
   992150754
  </id>
  <name>
   New Balance Dress W-5795
  </name>
  <category>
   Dress
  </category>
  <size>
   L
  </size>
  <color>
   Синий
  </color>
  <material>
   Шелк
  </material>
  <price>
   621945
  </price>
  <rating>
   2.38
  </rating>
  <reviews>
   65663
  </reviews>
  <exclusive>
   no
  </exclusive>
  <sporty>
   yes
  </sporty>
 </clothing>
 <clothing>
  <id>
   875419674
  </id>
  <name>
   Puma Jacket E-1800
  </name>
  <category>
   Jacket
  </category>
  <size>
   M
  </size>
  <color>
   Оранжевый
  </color>
  <material>
   Кожа
  </material>
  <price>
   910574
  </price>
  <rating>
   4.87
  </rating>
  <reviews>
   909208
  </reviews>
  <exclusive>
   no
  </exclusive>
  <sporty>
   yes
  </sporty>
 </clothing>
 <clothing>
  <id>
   544277870
  </id>
  <name>
   Brooks Jacket J-4993
  </name>
  <category>
   Jacket
  </category>
  <size>
   L
  </size>
  <color>
   Фиолетовый
  </color>
  <material>
   Лен
  </material>
  <price>
   613541
  </price>
  <rating>
   3.48
  </rating>
  <reviews>
   326663
  </reviews>
  <sporty>
   yes
  </sporty>
 </clothing>
 <clothing>
  <id>
   565268127
  </id>
  <name>
   DC Dress H-3514
  </name>
  <category>
   Dress
  </category>
  <size>
   M
  </size>
  <color>
   Оранжевый
  </color>
  <material>
   Лен
  </material>
  <price>
   253632
  </price>
  <rating>
   3.26
  </rating>
  <reviews>
   662527
  </reviews>
 </clothing>
 <clothing>
  <id>
   476326122
  </id>
  <name>
   Reebok Socks O-3826
  </name>
  <category>
   Socks
  </category>
  <size>
   S
  </size>
  <color>
   Оранжевый
  </color>
  <material>
   Нейлон
  </material>
  <price>
   338516
  </price>
  <rating>
   3.38
  </rating>
  <reviews>
   699801
  </reviews>
  <exclusive>
   no
  </exclusive>
 </clothing>
 <clothing>
  <id>
   804224977
  </id>
  <name>
   Lacoste Blouse W-4601
  </name>
  <category>
   Blouse
  </category>
  <size>
   XXL
  </size>
  <color>
   Синий
  </color>
  <material>
   Полиэстер
  </material>
  <price>
   634089
  </price>
  <rating>
   1.48
  </rating>
  <reviews>
   740137
  </reviews>
  <sporty>
   yes
  </sporty>
 </clothing>
 <clothing>
  <id>
   630126841
  </id>
  <name>
   Asics Jacket X-5180
  </name>
  <category>
   Jacket
  </category>
  <size>
   XL
  </size>
  <color>
   Синий
  </color>
  <material>
   Шелк
  </material>
  <price>
   322372
  </price>
  <rating>
   4.89
  </rating>
  <reviews>
   621910
  </reviews>
  <new>
   -
  </new>
  <exclusive>
   no
  </exclusive>
  <sporty>
   no
  </sporty>
 </clothing>
 <clothing>
  <id>
   797526662
  </id>
  <name>
   PleinSport T-shirt O-5101
  </name>
  <category>
   T-shirt
  </category>
  <size>
   XL
  </size>
  <color>
   Зеленый
  </color>
  <material>
   Шелк
  </material>
  <price>
   719514
  </price>
  <rating>
   3.33
  </rating>
  <reviews>
   647050
  </reviews>
  <new>
   -
  </new>
  <sporty>
   no
  </sporty>
 </clothing>
 <clothing>
  <id>
   515394551
  </id>
  <name>
   Brooks Jacket D-6358
  </name>
  <category>
   Jacket
  </category>
  <size>
   XL
  </size>
  <color>
   Желтый
  </color>
  <material>
   Полиэстер
  </material>
  <price>
   266412
  </price>
  <rating>
   4.88
  </rating>
  <reviews>
   541620
  </reviews>
  <new>
   -
  </new>
  <sporty>
   yes
  </sporty>
 </clothing>
 <clothing>
  <id>
   384960953
  </id>
  <name>
   Adidas Belts Y-3489
  </name>
  <category>
   Belts
  </category>
  <size>
   XL
  </size>
  <color>
   Красный
  </color>
  <material>
   Кожа
  </material>
  <price>
   762899
  </price>
  <rating>
   3.31
  </rating>
  <reviews>
   306355
  </reviews>
  <new>
   +
  </new>
 </clothing>
 <clothing>
  <id>
   912041268
  </id>
  <name>
   Addidas Umbrellas H-5735
  </name>
  <category>
   Umbrellas
  </category>
  <size>
   L
  </size>
  <color>
   Зеленый
  </color>
  <material>
   Полиэстер
  </material>
  <price>
   867897
  </price>
  <rating>
   1.62
  </rating>
  <reviews>
   822944
  </reviews>
  <new>
   +
  </new>
  <exclusive>
   yes
  </exclusive>
  <sporty>
   no
  </sporty>
 </clothing>
 <clothing>
  <id>
   412693513
  </id>
  <name>
   Adidas Hat E-9869
  </name>
  <category>
   Hat
  </category>
  <size>
   XL
  </size>
  <color>
   Оранжевый
  </color>
  <material>
   Полиэстер
  </material>
  <price>
   730512
  </price>
  <rating>
   3.54
  </rating>
  <reviews>
   126224
  </reviews>
  <new>
   +
  </new>
 </clothing>
 <clothing>
  <id>
   345326730
  </id>
  <name>
   Lacoste Socks W-6797
  </name>
  <category>
   Socks
  </category>
  <size>
   S
  </size>
  <color>
   Фиолетовый
  </color>
  <material>
   Шелк
  </material>
  <price>
   107466
  </price>
  <rating>
   1.4
  </rating>
  <reviews>
   566386
  </reviews>
  <new>
   -
  </new>
 </clothing>
 <clothing>
  <id>
   960048684
  </id>
  <name>
   Under Armour Hat U-7887
  </name>
  <category>
   Hat
  </category>
  <size>
   XL
  </size>
  <color>
   Голубой
  </color>
  <material>
   Нейлон
  </material>
  <price>
   500535
  </price>
  <rating>
   3.6
  </rating>
  <reviews>
   427586
  </reviews>
  <exclusive>
   no
  </exclusive>
  <sporty>
   no
  </sporty>
 </clothing>
 <clothing>
  <id>
   125024620
  </id>
  <name>
   Nike Jacket M-8371
  </name>
  <category>
   Jacket
  </category>
  <size>
   L
  </size>
  <color>
   Голубой
  </color>
  <material>
   Лен
  </material>
  <price>
   431650
  </price>
  <rating>
   1.87
  </rating>
  <reviews>
   799289
  </reviews>
  <exclusive>
   no
  </exclusive>
 </clothing>
 <clothing>
  <id>
   758788956
  </id>
  <name>
   New Balance Jacket B-7691
  </name>
  <category>
   Jacket
  </category>
  <size>
   M
  </size>
  <color>
   Желтый
  </color>
  <material>
   Хлопок
  </material>
  <price>
   260358
  </price>
  <rating>
   1.73
  </rating>
  <reviews>
   790235
  </reviews>
  <new>
   -
  </new>
  <exclusive>
   yes
  </exclusive>
 </clothing>
 <clothing>
  <id>
   504180975
  </id>
  <name>
   Brooks Gloves T-9108
  </name>
  <category>
   Gloves
  </category>
  <size>
   M
  </size>
  <color>
   Красный
  </color>
  <material>
   Лен
  </material>
  <price>
   120100
  </price>
  <rating>
   4.17
  </rating>
  <reviews>
   807216
  </reviews>
  <new>
   -
  </new>
  <exclusive>
   yes
  </exclusive>
  <sporty>
   no
  </sporty>
 </clothing>
 <clothing>
  <id>
   446044767
  </id>
  <name>
   Fila Socks T-3526
  </name>
  <category>
   Socks
  </category>
  <size>
   L
  </size>
  <color>
   Фиолетовый
  </color>
  <material>
   Шелк
  </material>
  <price>
   704631
  </price>
  <rating>
   2.77
  </rating>
  <reviews>
   199979
  </reviews>
  <new>
   -
  </new>
  <sporty>
   yes
  </sporty>
 </clothing>
 <clothing>
  <id>
   899112899
  </id>
  <name>
   Asics Jacket S-4592
  </name>
  <category>
   Jacket
  </category>
  <size>
   M
  </size>
  <color>
   Оранжевый
  </color>
  <material>
   Хлопок
  </material>
  <price>
   383884
  </price>
  <rating>
   2.07
  </rating>
  <reviews>
   837026
  </reviews>
  <exclusive>
   yes
  </exclusive>
 </clothing>
</clothing-items>
