<?xml version="1.0" encoding="utf-8"?>
<clothing-items>
 <clothing>
  <id>
   333403915
  </id>
  <name>
   Addidas Pants L-5990
  </name>
  <category>
   Pants
  </category>
  <size>
   XXL
  </size>
  <color>
   Голубой
  </color>
  <material>
   Полиэстер
  </material>
  <price>
   555642
  </price>
  <rating>
   1.15
  </rating>
  <reviews>
   869782
  </reviews>
  <exclusive>
   yes
  </exclusive>
 </clothing>
 <clothing>
  <id>
   860174209
  </id>
  <name>
   DC Hat E-6236
  </name>
  <category>
   Hat
  </category>
  <size>
   XXL
  </size>
  <color>
   Оранжевый
  </color>
  <material>
   Нейлон
  </material>
  <price>
   960658
  </price>
  <rating>
   1.03
  </rating>
  <reviews>
   237493
  </reviews>
  <exclusive>
   yes
  </exclusive>
  <sporty>
   yes
  </sporty>
 </clothing>
 <clothing>
  <id>
   393080693
  </id>
  <name>
   Under Armour Jeans B-3121
  </name>
  <category>
   Jeans
  </category>
  <size>
   L
  </size>
  <color>
   Голубой
  </color>
  <material>
   Полиэстер
  </material>
  <price>
   699265
  </price>
  <rating>
   4.96
  </rating>
  <reviews>
   512021
  </reviews>
  <new>
   -
  </new>
 </clothing>
 <clothing>
  <id>
   475255905
  </id>
  <name>
   Fila Shirt B-2152
  </name>
  <category>
   Shirt
  </category>
  <size>
   S
  </size>
  <color>
   Желтый
  </color>
  <material>
   Полиэстер
  </material>
  <price>
   219786
  </price>
  <rating>
   3.75
  </rating>
  <reviews>
   423319
  </reviews>
  <exclusive>
   no
  </exclusive>
 </clothing>
 <clothing>
  <id>
   781300333
  </id>
  <name>
   Fila Handbags M-9733
  </name>
  <category>
   Handbags
  </category>
  <size>
   L
  </size>
  <color>
   Желтый
  </color>
  <material>
   Вискоза
  </material>
  <price>
   241090
  </price>
  <rating>
   2.92
  </rating>
  <reviews>
   860755
  </reviews>
  <new>
   -
  </new>
  <exclusive>
   no
  </exclusive>
  <sporty>
   yes
  </sporty>
 </clothing>
 <clothing>
  <id>
   210807199
  </id>
  <name>
   Vans Shirt A-2189
  </name>
  <category>
   Shirt
  </category>
  <size>
   XL
  </size>
  <color>
   Зеленый
  </color>
  <material>
   Кожа
  </material>
  <price>
   564272
  </price>
  <rating>
   1.88
  </rating>
  <reviews>
   417305
  </reviews>
 </clothing>
 <clothing>
  <id>
   415496777
  </id>
  <name>
   Fila Pants H-6768
  </name>
  <category>
   Pants
  </category>
  <size>
   L
  </size>
  <color>
   Синий
  </color>
  <material>
   Вискоза
  </material>
  <price>
   978246
  </price>
  <rating>
   2.08
  </rating>
  <reviews>
   719807
  </reviews>
  <exclusive>
   no
  </exclusive>
 </clothing>
 <clothing>
  <id>
   877205623
  </id>
  <name>
   Vans Jeans T-1010
  </name>
  <category>
   Jeans
  </category>
  <size>
   M
  </size>
  <color>
   Красный
  </color>
  <material>
   Хлопок
  </material>
  <price>
   792907
  </price>
  <rating>
   3.03
  </rating>
  <reviews>
   7557
  </reviews>
  <new>
   +
  </new>
 </clothing>
 <clothing>
  <id>
   311569837
  </id>
  <name>
   DC Pants P-9306
  </name>
  <category>
   Pants
  </category>
  <size>
   M
  </size>
  <color>
   Красный
  </color>
  <material>
   Вискоза
  </material>
  <price>
   328387
  </price>
  <rating>
   3.05
  </rating>
  <reviews>
   145991
  </reviews>
  <new>
   +
  </new>
  <exclusive>
   yes
  </exclusive>
  <sporty>
   no
  </sporty>
 </clothing>
 <clothing>
  <id>
   350306050
  </id>
  <name>
   PleinSport Handbags E-9018
  </name>
  <category>
   Handbags
  </category>
  <size>
   M
  </size>
  <color>
   Зеленый
  </color>
  <material>
   Шелк
  </material>
  <price>
   931360
  </price>
  <rating>
   3.98
  </rating>
  <reviews>
   580880
  </reviews>
  <new>
   +
  </new>
  <exclusive>
   no
  </exclusive>
  <sporty>
   no
  </sporty>
 </clothing>
 <clothing>
  <id>
   549188030
  </id>
  <name>
   Brooks T-shirt F-6286
  </name>
  <category>
   T-shirt
  </category>
  <size>
   XL
  </size>
  <color>
   Фиолетовый
  </color>
  <material>
   Хлопок
  </material>
  <price>
   674458
  </price>
  <rating>
   1.34
  </rating>
  <reviews>
   428355
  </reviews>
  <exclusive>
   yes
  </exclusive>
 </clothing>
 <clothing>
  <id>
   504889825
  </id>
  <name>
   PleinSport Sweater K-3537
  </name>
  <category>
   Sweater
  </category>
  <size>
   XL
  </size>
  <color>
   Оранжевый
  </color>
  <material>
   Шелк
  </material>
  <price>
   709096
  </price>
  <rating>
   1.19
  </rating>
  <reviews>
   902359
  </reviews>
  <exclusive>
   yes
  </exclusive>
 </clothing>
 <clothing>
  <id>
   221942188
  </id>
  <name>
   Vans Skirt I-3709
  </name>
  <category>
   Skirt
  </category>
  <size>
   XL
  </size>
  <color>
   Оранжевый
  </color>
  <material>
   Кожа
  </material>
  <price>
   403071
  </price>
  <rating>
   3.11
  </rating>
  <reviews>
   577197
  </reviews>
  <new>
   +
  </new>
 </clothing>
 <clothing>
  <id>
   393062964
  </id>
  <name>
   Lacoste Sweater E-6084
  </name>
  <category>
   Sweater
  </category>
  <size>
   L
  </size>
  <color>
   Синий
  </color>
  <material>
   Лен
  </material>
  <price>
   120372
  </price>
  <rating>
   1.46
  </rating>
  <reviews>
   964198
  </reviews>
  <exclusive>
   no
  </exclusive>
  <sporty>
   no
  </sporty>
 </clothing>
 <clothing>
  <id>
   702262751
  </id>
  <name>
   Converse Jeans V-8460
  </name>
  <category>
   Jeans
  </category>
  <size>
   XL
  </size>
  <color>
   Синий
  </color>
  <material>
   Вискоза
  </material>
  <price>
   181107
  </price>
  <rating>
   3.6
  </rating>
  <reviews>
   32689
  </reviews>
  <new>
   +
  </new>
  <exclusive>
   no
  </exclusive>
 </clothing>
 <clothing>
  <id>
   779973057
  </id>
  <name>
   Reebok Blouse I-9367
  </name>
  <category>
   Blouse
  </category>
  <size>
   XXL
  </size>
  <color>
   Оранжевый
  </color>
  <material>
   Вискоза
  </material>
  <price>
   684324
  </price>
  <rating>
   1.46
  </rating>
  <reviews>
   264098
  </reviews>
  <new>
   -
  </new>
  <exclusive>
   no
  </exclusive>
 </clothing>
 <clothing>
  <id>
   987357049
  </id>
  <name>
   Puma Dress J-5823
  </name>
  <category>
   Dress
  </category>
  <size>
   L
  </size>
  <color>
   Голубой
  </color>
  <material>
   Шерсть
  </material>
  <price>
   877444
  </price>
  <rating>
   2.18
  </rating>
  <reviews>
   569384
  </reviews>
  <exclusive>
   no
  </exclusive>
  <sporty>
   no
  </sporty>
 </clothing>
 <clothing>
  <id>
   553799614
  </id>
  <name>
   Under Armour Jeans T-1771
  </name>
  <category>
   Jeans
  </category>
  <size>
   L
  </size>
  <color>
   Желтый
  </color>
  <material>
   Полиэстер
  </material>
  <price>
   748229
  </price>
  <rating>
   2.14
  </rating>
  <reviews>
   528266
  </reviews>
  <exclusive>
   no
  </exclusive>
 </clothing>
 <clothing>
  <id>
   988562146
  </id>
  <name>
   Adidas Shoes I-7848
  </name>
  <category>
   Shoes
  </category>
  <size>
   S
  </size>
  <color>
   Зеленый
  </color>
  <material>
   Хлопок
  </material>
  <price>
   717377
  </price>
  <rating>
   2.76
  </rating>
  <reviews>
   736257
  </reviews>
  <exclusive>
   no
  </exclusive>
  <sporty>
   no
  </sporty>
 </clothing>
 <clothing>
  <id>
   405699679
  </id>
  <name>
   Asics Dress J-5934
  </name>
  <category>
   Dress
  </category>
  <size>
   XL
  </size>
  <color>
   Желтый
  </color>
  <material>
   Шелк
  </material>
  <price>
   763762
  </price>
  <rating>
   4.64
  </rating>
  <reviews>
   559961
  </reviews>
  <exclusive>
   yes
  </exclusive>
  <sporty>
   no
  </sporty>
 </clothing>
 <clothing>
  <id>
   180314540
  </id>
  <name>
   New Balance Umbrellas O-3575
  </name>
  <category>
   Umbrellas
  </category>
  <size>
   XL
  </size>
  <color>
   Голубой
  </color>
  <material>
   Лен
  </material>
  <price>
   858099
  </price>
  <rating>
   1.39
  </rating>
  <reviews>
   166733
  </reviews>
  <exclusive>
   no
  </exclusive>
  <sporty>
   no
  </sporty>
 </clothing>
 <clothing>
  <id>
   640232569
  </id>
  <name>
   Nike Skirt A-4123
  </name>
  <category>
   Skirt
  </category>
  <size>
   S
  </size>
  <color>
   Желтый
  </color>
  <material>
   Кожа
  </material>
  <price>
   215325
  </price>
  <rating>
   3.39
  </rating>
  <reviews>
   208877
  </reviews>
  <new>
   -
  </new>
  <exclusive>
   no
  </exclusive>
  <sporty>
   yes
  </sporty>
 </clothing>
 <clothing>
  <id>
   477435062
  </id>
  <name>
   Vans Shoes W-2658
  </name>
  <category>
   Shoes
  </category>
  <size>
   XXL
  </size>
  <color>
   Желтый
  </color>
  <material>
   Шелк
  </material>
  <price>
   426885
  </price>
  <rating>
   3.13
  </rating>
  <reviews>
   68420
  </reviews>
  <new>
   -
  </new>
  <exclusive>
   no
  </exclusive>
 </clothing>
 <clothing>
  <id>
   204337339
  </id>
  <name>
   Fila T-shirt M-6484
  </name>
  <category>
   T-shirt
  </category>
  <size>
   XL
  </size>
  <color>
   Оранжевый
  </color>
  <material>
   Шерсть
  </material>
  <price>
   707355
  </price>
  <rating>
   3.22
  </rating>
  <reviews>
   237812
  </reviews>
  <new>
   -
  </new>
  <sporty>
   no
  </sporty>
 </clothing>
 <clothing>
  <id>
   139163746
  </id>
  <name>
   Lacoste Dress P-7481
  </name>
  <category>
   Dress
  </category>
  <size>
   XL
  </size>
  <color>
   Фиолетовый
  </color>
  <material>
   Кожа
  </material>
  <price>
   548214
  </price>
  <rating>
   2.73
  </rating>
  <reviews>
   765056
  </reviews>
  <exclusive>
   no
  </exclusive>
 </clothing>
 <clothing>
  <id>
   692579090
  </id>
  <name>
   Adidas Shoes N-4056
  </name>
  <category>
   Shoes
  </category>
  <size>
   XL
  </size>
  <color>
   Желтый
  </color>
  <material>
   Вискоза
  </material>
  <price>
   743510
  </price>
  <rating>
   2.68
  </rating>
  <reviews>
   716865
  </reviews>
  <exclusive>
   yes
  </exclusive>
  <sporty>
   yes
  </sporty>
 </clothing>
 <clothing>
  <id>
   175416325
  </id>
  <name>
   New Balance Jacket Q-3223
  </name>
  <category>
   Jacket
  </category>
  <size>
   XL
  </size>
  <color>
   Оранжевый
  </color>
  <material>
   Нейлон
  </material>
  <price>
   154788
  </price>
  <rating>
   4.39
  </rating>
  <reviews>
   109816
  </reviews>
 </clothing>
 <clothing>
  <id>
   436411944
  </id>
  <name>
   Puma Shoes S-6457
  </name>
  <category>
   Shoes
  </category>
  <size>
   XXL
  </size>
  <color>
   Оранжевый
  </color>
  <material>
   Шелк
  </material>
  <price>
   404848
  </price>
  <rating>
   2.8
  </rating>
  <reviews>
   851705
  </reviews>
  <new>
   -
  </new>
 </clothing>
 <clothing>
  <id>
   699741132
  </id>
  <name>
   Nike Blouse C-4246
  </name>
  <category>
   Blouse
  </category>
  <size>
   XXL
  </size>
  <color>
   Синий
  </color>
  <material>
   Кожа
  </material>
  <price>
   749002
  </price>
  <rating>
   2.43
  </rating>
  <reviews>
   401537
  </reviews>
  <exclusive>
   yes
  </exclusive>
 </clothing>
</clothing-items>
