<?xml version="1.0" encoding="utf-8"?>
<clothing-items>
 <clothing>
  <id>
   405897008
  </id>
  <name>
   Vans Umbrellas A-9860
  </name>
  <category>
   Umbrellas
  </category>
  <size>
   XXL
  </size>
  <color>
   Оранжевый
  </color>
  <material>
   Лен
  </material>
  <price>
   248685
  </price>
  <rating>
   3.5
  </rating>
  <reviews>
   298899
  </reviews>
  <exclusive>
   no
  </exclusive>
  <sporty>
   no
  </sporty>
 </clothing>
 <clothing>
  <id>
   335816234
  </id>
  <name>
   Puma Belts D-8149
  </name>
  <category>
   Belts
  </category>
  <size>
   M
  </size>
  <color>
   Желтый
  </color>
  <material>
   Лен
  </material>
  <price>
   657134
  </price>
  <rating>
   1.97
  </rating>
  <reviews>
   229872
  </reviews>
  <new>
   -
  </new>
  <sporty>
   no
  </sporty>
 </clothing>
 <clothing>
  <id>
   382450764
  </id>
  <name>
   Under Armour Jeans Q-6645
  </name>
  <category>
   Jeans
  </category>
  <size>
   M
  </size>
  <color>
   Синий
  </color>
  <material>
   Шерсть
  </material>
  <price>
   790794
  </price>
  <rating>
   3.43
  </rating>
  <reviews>
   82162
  </reviews>
  <new>
   -
  </new>
  <exclusive>
   yes
  </exclusive>
  <sporty>
   no
  </sporty>
 </clothing>
 <clothing>
  <id>
   389826246
  </id>
  <name>
   Reebok Pants K-8669
  </name>
  <category>
   Pants
  </category>
  <size>
   L
  </size>
  <color>
   Голубой
  </color>
  <material>
   Хлопок
  </material>
  <price>
   325615
  </price>
  <rating>
   4.59
  </rating>
  <reviews>
   256293
  </reviews>
  <new>
   +
  </new>
  <exclusive>
   yes
  </exclusive>
 </clothing>
 <clothing>
  <id>
   337719170
  </id>
  <name>
   Addidas T-shirt J-2627
  </name>
  <category>
   T-shirt
  </category>
  <size>
   XXL
  </size>
  <color>
   Желтый
  </color>
  <material>
   Шелк
  </material>
  <price>
   780334
  </price>
  <rating>
   1.56
  </rating>
  <reviews>
   828271
  </reviews>
  <new>
   +
  </new>
 </clothing>
 <clothing>
  <id>
   271882815
  </id>
  <name>
   Under Armour Shoes B-4480
  </name>
  <category>
   Shoes
  </category>
  <size>
   XXL
  </size>
  <color>
   Зеленый
  </color>
  <material>
   Шелк
  </material>
  <price>
   466315
  </price>
  <rating>
   4.0
  </rating>
  <reviews>
   64186
  </reviews>
  <new>
   -
  </new>
  <exclusive>
   no
  </exclusive>
  <sporty>
   no
  </sporty>
 </clothing>
 <clothing>
  <id>
   754240169
  </id>
  <name>
   Addidas Shoes G-8595
  </name>
  <category>
   Shoes
  </category>
  <size>
   M
  </size>
  <color>
   Зеленый
  </color>
  <material>
   Шерсть
  </material>
  <price>
   894287
  </price>
  <rating>
   4.79
  </rating>
  <reviews>
   197315
  </reviews>
  <new>
   -
  </new>
  <exclusive>
   no
  </exclusive>
 </clothing>
 <clothing>
  <id>
   437520056
  </id>
  <name>
   Addidas Pants M-7735
  </name>
  <category>
   Pants
  </category>
  <size>
   M
  </size>
  <color>
   Желтый
  </color>
  <material>
   Вискоза
  </material>
  <price>
   101544
  </price>
  <rating>
   3.37
  </rating>
  <reviews>
   352898
  </reviews>
  <new>
   +
  </new>
  <sporty>
   no
  </sporty>
 </clothing>
 <clothing>
  <id>
   272581317
  </id>
  <name>
   Under Armour Skirt W-8819
  </name>
  <category>
   Skirt
  </category>
  <size>
   XL
  </size>
  <color>
   Желтый
  </color>
  <material>
   Кожа
  </material>
  <price>
   847955
  </price>
  <rating>
   3.4
  </rating>
  <reviews>
   516931
  </reviews>
  <new>
   -
  </new>
  <sporty>
   no
  </sporty>
 </clothing>
 <clothing>
  <id>
   941530967
  </id>
  <name>
   Lacoste Hat E-3907
  </name>
  <category>
   Hat
  </category>
  <size>
   M
  </size>
  <color>
   Зеленый
  </color>
  <material>
   Шелк
  </material>
  <price>
   633391
  </price>
  <rating>
   2.86
  </rating>
  <reviews>
   690640
  </reviews>
  <new>
   -
  </new>
  <exclusive>
   no
  </exclusive>
 </clothing>
 <clothing>
  <id>
   691288015
  </id>
  <name>
   Asics Handbags Q-1045
  </name>
  <category>
   Handbags
  </category>
  <size>
   L
  </size>
  <color>
   Красный
  </color>
  <material>
   Шелк
  </material>
  <price>
   159203
  </price>
  <rating>
   3.9
  </rating>
  <reviews>
   617175
  </reviews>
  <exclusive>
   no
  </exclusive>
  <sporty>
   no
  </sporty>
 </clothing>
 <clothing>
  <id>
   711528672
  </id>
  <name>
   Adidas Belts U-6391
  </name>
  <category>
   Belts
  </category>
  <size>
   M
  </size>
  <color>
   Оранжевый
  </color>
  <material>
   Шерсть
  </material>
  <price>
   812760
  </price>
  <rating>
   2.32
  </rating>
  <reviews>
   248210
  </reviews>
  <new>
   +
  </new>
  <sporty>
   yes
  </sporty>
 </clothing>
 <clothing>
  <id>
   997404763
  </id>
  <name>
   Brooks Blouse A-4472
  </name>
  <category>
   Blouse
  </category>
  <size>
   M
  </size>
  <color>
   Фиолетовый
  </color>
  <material>
   Кожа
  </material>
  <price>
   908743
  </price>
  <rating>
   3.19
  </rating>
  <reviews>
   139629
  </reviews>
  <exclusive>
   yes
  </exclusive>
  <sporty>
   no
  </sporty>
 </clothing>
 <clothing>
  <id>
   407125616
  </id>
  <name>
   Fila Jacket L-7089
  </name>
  <category>
   Jacket
  </category>
  <size>
   XXL
  </size>
  <color>
   Оранжевый
  </color>
  <material>
   Шерсть
  </material>
  <price>
   860205
  </price>
  <rating>
   4.92
  </rating>
  <reviews>
   456518
  </reviews>
  <sporty>
   no
  </sporty>
 </clothing>
 <clothing>
  <id>
   133245569
  </id>
  <name>
   Under Armour Pants T-8020
  </name>
  <category>
   Pants
  </category>
  <size>
   S
  </size>
  <color>
   Красный
  </color>
  <material>
   Лен
  </material>
  <price>
   892188
  </price>
  <rating>
   3.38
  </rating>
  <reviews>
   984659
  </reviews>
  <new>
   -
  </new>
  <sporty>
   no
  </sporty>
 </clothing>
 <clothing>
  <id>
   671459041
  </id>
  <name>
   Under Armour Dress C-3546
  </name>
  <category>
   Dress
  </category>
  <size>
   XXL
  </size>
  <color>
   Зеленый
  </color>
  <material>
   Шерсть
  </material>
  <price>
   738522
  </price>
  <rating>
   2.42
  </rating>
  <reviews>
   866127
  </reviews>
  <new>
   -
  </new>
  <exclusive>
   no
  </exclusive>
  <sporty>
   no
  </sporty>
 </clothing>
 <clothing>
  <id>
   386179986
  </id>
  <name>
   Adidas Umbrellas A-9720
  </name>
  <category>
   Umbrellas
  </category>
  <size>
   XL
  </size>
  <color>
   Зеленый
  </color>
  <material>
   Вискоза
  </material>
  <price>
   676725
  </price>
  <rating>
   2.61
  </rating>
  <reviews>
   780909
  </reviews>
  <exclusive>
   no
  </exclusive>
 </clothing>
 <clothing>
  <id>
   822114478
  </id>
  <name>
   Fila Hat F-2909
  </name>
  <category>
   Hat
  </category>
  <size>
   S
  </size>
  <color>
   Голубой
  </color>
  <material>
   Кожа
  </material>
  <price>
   767925
  </price>
  <rating>
   3.28
  </rating>
  <reviews>
   60837
  </reviews>
  <exclusive>
   yes
  </exclusive>
  <sporty>
   yes
  </sporty>
 </clothing>
 <clothing>
  <id>
   758700471
  </id>
  <name>
   Converse Socks S-8171
  </name>
  <category>
   Socks
  </category>
  <size>
   S
  </size>
  <color>
   Зеленый
  </color>
  <material>
   Шелк
  </material>
  <price>
   925804
  </price>
  <rating>
   4.59
  </rating>
  <reviews>
   99869
  </reviews>
  <new>
   -
  </new>
  <exclusive>
   yes
  </exclusive>
  <sporty>
   yes
  </sporty>
 </clothing>
 <clothing>
  <id>
   836369675
  </id>
  <name>
   DC Dress R-3427
  </name>
  <category>
   Dress
  </category>
  <size>
   S
  </size>
  <color>
   Синий
  </color>
  <material>
   Лен
  </material>
  <price>
   788453
  </price>
  <rating>
   4.01
  </rating>
  <reviews>
   751390
  </reviews>
  <sporty>
   yes
  </sporty>
 </clothing>
 <clothing>
  <id>
   564536269
  </id>
  <name>
   Brooks Sweater K-6545
  </name>
  <category>
   Sweater
  </category>
  <size>
   XXL
  </size>
  <color>
   Голубой
  </color>
  <material>
   Нейлон
  </material>
  <price>
   750910
  </price>
  <rating>
   3.56
  </rating>
  <reviews>
   129713
  </reviews>
  <sporty>
   no
  </sporty>
 </clothing>
 <clothing>
  <id>
   379755485
  </id>
  <name>
   Brooks T-shirt S-9304
  </name>
  <category>
   T-shirt
  </category>
  <size>
   L
  </size>
  <color>
   Красный
  </color>
  <material>
   Лен
  </material>
  <price>
   371270
  </price>
  <rating>
   3.36
  </rating>
  <reviews>
   682316
  </reviews>
  <new>
   -
  </new>
  <exclusive>
   no
  </exclusive>
  <sporty>
   yes
  </sporty>
 </clothing>
 <clothing>
  <id>
   464893219
  </id>
  <name>
   Under Armour Belts U-3743
  </name>
  <category>
   Belts
  </category>
  <size>
   M
  </size>
  <color>
   Синий
  </color>
  <material>
   Хлопок
  </material>
  <price>
   745007
  </price>
  <rating>
   3.45
  </rating>
  <reviews>
   47464
  </reviews>
  <exclusive>
   yes
  </exclusive>
  <sporty>
   yes
  </sporty>
 </clothing>
 <clothing>
  <id>
   242531134
  </id>
  <name>
   Adidas Jacket V-6009
  </name>
  <category>
   Jacket
  </category>
  <size>
   XXL
  </size>
  <color>
   Красный
  </color>
  <material>
   Полиэстер
  </material>
  <price>
   449557
  </price>
  <rating>
   1.55
  </rating>
  <reviews>
   365641
  </reviews>
  <sporty>
   no
  </sporty>
 </clothing>
 <clothing>
  <id>
   842402687
  </id>
  <name>
   Under Armour Jeans H-5735
  </name>
  <category>
   Jeans
  </category>
  <size>
   S
  </size>
  <color>
   Желтый
  </color>
  <material>
   Лен
  </material>
  <price>
   477734
  </price>
  <rating>
   2.79
  </rating>
  <reviews>
   405196
  </reviews>
  <new>
   -
  </new>
  <exclusive>
   yes
  </exclusive>
  <sporty>
   yes
  </sporty>
 </clothing>
 <clothing>
  <id>
   979139814
  </id>
  <name>
   DC Blouse M-2364
  </name>
  <category>
   Blouse
  </category>
  <size>
   L
  </size>
  <color>
   Оранжевый
  </color>
  <material>
   Хлопок
  </material>
  <price>
   279522
  </price>
  <rating>
   4.22
  </rating>
  <reviews>
   35601
  </reviews>
 </clothing>
 <clothing>
  <id>
   730179676
  </id>
  <name>
   PleinSport T-shirt M-9539
  </name>
  <category>
   T-shirt
  </category>
  <size>
   S
  </size>
  <color>
   Зеленый
  </color>
  <material>
   Кожа
  </material>
  <price>
   806326
  </price>
  <rating>
   1.6
  </rating>
  <reviews>
   711687
  </reviews>
  <sporty>
   yes
  </sporty>
 </clothing>
 <clothing>
  <id>
   523265397
  </id>
  <name>
   Vans Gloves Z-6966
  </name>
  <category>
   Gloves
  </category>
  <size>
   XXL
  </size>
  <color>
   Зеленый
  </color>
  <material>
   Лен
  </material>
  <price>
   284572
  </price>
  <rating>
   5.0
  </rating>
  <reviews>
   53875
  </reviews>
  <new>
   -
  </new>
  <exclusive>
   no
  </exclusive>
 </clothing>
 <clothing>
  <id>
   752886757
  </id>
  <name>
   Ellesse Shoes K-1165
  </name>
  <category>
   Shoes
  </category>
  <size>
   XXL
  </size>
  <color>
   Желтый
  </color>
  <material>
   Шерсть
  </material>
  <price>
   864282
  </price>
  <rating>
   3.26
  </rating>
  <reviews>
   48058
  </reviews>
  <exclusive>
   yes
  </exclusive>
  <sporty>
   no
  </sporty>
 </clothing>
 <clothing>
  <id>
   924029112
  </id>
  <name>
   Addidas Dress J-2792
  </name>
  <category>
   Dress
  </category>
  <size>
   XL
  </size>
  <color>
   Фиолетовый
  </color>
  <material>
   Лен
  </material>
  <price>
   293435
  </price>
  <rating>
   3.84
  </rating>
  <reviews>
   656461
  </reviews>
  <new>
   -
  </new>
  <exclusive>
   yes
  </exclusive>
  <sporty>
   yes
  </sporty>
 </clothing>
 <clothing>
  <id>
   369382037
  </id>
  <name>
   Under Armour Shirt Y-7590
  </name>
  <category>
   Shirt
  </category>
  <size>
   L
  </size>
  <color>
   Фиолетовый
  </color>
  <material>
   Полиэстер
  </material>
  <price>
   615642
  </price>
  <rating>
   4.31
  </rating>
  <reviews>
   154085
  </reviews>
  <new>
   +
  </new>
  <exclusive>
   yes
  </exclusive>
 </clothing>
 <clothing>
  <id>
   952021354
  </id>
  <name>
   Nike Sweater Y-2526
  </name>
  <category>
   Sweater
  </category>
  <size>
   L
  </size>
  <color>
   Голубой
  </color>
  <material>
   Вискоза
  </material>
  <price>
   735707
  </price>
  <rating>
   1.23
  </rating>
  <reviews>
   391949
  </reviews>
  <exclusive>
   yes
  </exclusive>
  <sporty>
   no
  </sporty>
 </clothing>
 <clothing>
  <id>
   348359582
  </id>
  <name>
   Vans Jacket C-5836
  </name>
  <category>
   Jacket
  </category>
  <size>
   XL
  </size>
  <color>
   Желтый
  </color>
  <material>
   Вискоза
  </material>
  <price>
   322682
  </price>
  <rating>
   2.22
  </rating>
  <reviews>
   617822
  </reviews>
  <exclusive>
   yes
  </exclusive>
  <sporty>
   no
  </sporty>
 </clothing>
 <clothing>
  <id>
   216779376
  </id>
  <name>
   Fila Socks L-7638
  </name>
  <category>
   Socks
  </category>
  <size>
   S
  </size>
  <color>
   Красный
  </color>
  <material>
   Полиэстер
  </material>
  <price>
   463118
  </price>
  <rating>
   4.33
  </rating>
  <reviews>
   269031
  </reviews>
  <new>
   +
  </new>
  <exclusive>
   yes
  </exclusive>
  <sporty>
   no
  </sporty>
 </clothing>
 <clothing>
  <id>
   611049908
  </id>
  <name>
   Nike Jeans I-7009
  </name>
  <category>
   Jeans
  </category>
  <size>
   L
  </size>
  <color>
   Синий
  </color>
  <material>
   Нейлон
  </material>
  <price>
   957402
  </price>
  <rating>
   3.87
  </rating>
  <reviews>
   989644
  </reviews>
  <exclusive>
   yes
  </exclusive>
  <sporty>
   no
  </sporty>
 </clothing>
 <clothing>
  <id>
   602300831
  </id>
  <name>
   Under Armour Dress P-3935
  </name>
  <category>
   Dress
  </category>
  <size>
   XXL
  </size>
  <color>
   Зеленый
  </color>
  <material>
   Нейлон
  </material>
  <price>
   230575
  </price>
  <rating>
   4.04
  </rating>
  <reviews>
   816952
  </reviews>
  <new>
   -
  </new>
  <exclusive>
   no
  </exclusive>
 </clothing>
 <clothing>
  <id>
   351882085
  </id>
  <name>
   Adidas Shirt G-9990
  </name>
  <category>
   Shirt
  </category>
  <size>
   XXL
  </size>
  <color>
   Фиолетовый
  </color>
  <material>
   Шелк
  </material>
  <price>
   163644
  </price>
  <rating>
   1.56
  </rating>
  <reviews>
   722152
  </reviews>
 </clothing>
 <clothing>
  <id>
   204644915
  </id>
  <name>
   Converse Socks K-2792
  </name>
  <category>
   Socks
  </category>
  <size>
   XXL
  </size>
  <color>
   Оранжевый
  </color>
  <material>
   Лен
  </material>
  <price>
   694298
  </price>
  <rating>
   3.5
  </rating>
  <reviews>
   689883
  </reviews>
  <new>
   -
  </new>
  <exclusive>
   no
  </exclusive>
 </clothing>
 <clothing>
  <id>
   133812415
  </id>
  <name>
   Fila Jeans K-8950
  </name>
  <category>
   Jeans
  </category>
  <size>
   M
  </size>
  <color>
   Голубой
  </color>
  <material>
   Шелк
  </material>
  <price>
   443673
  </price>
  <rating>
   3.48
  </rating>
  <reviews>
   644968
  </reviews>
  <exclusive>
   yes
  </exclusive>
  <sporty>
   yes
  </sporty>
 </clothing>
 <clothing>
  <id>
   322753162
  </id>
  <name>
   Vans Hat H-6584
  </name>
  <category>
   Hat
  </category>
  <size>
   M
  </size>
  <color>
   Голубой
  </color>
  <material>
   Шерсть
  </material>
  <price>
   676256
  </price>
  <rating>
   3.56
  </rating>
  <reviews>
   565134
  </reviews>
  <exclusive>
   yes
  </exclusive>
  <sporty>
   yes
  </sporty>
 </clothing>
 <clothing>
  <id>
   260035343
  </id>
  <name>
   DC Sweater F-1183
  </name>
  <category>
   Sweater
  </category>
  <size>
   L
  </size>
  <color>
   Красный
  </color>
  <material>
   Полиэстер
  </material>
  <price>
   734763
  </price>
  <rating>
   1.15
  </rating>
  <reviews>
   552660
  </reviews>
  <new>
   +
  </new>
  <exclusive>
   yes
  </exclusive>
 </clothing>
 <clothing>
  <id>
   488774769
  </id>
  <name>
   New Balance Blouse E-4362
  </name>
  <category>
   Blouse
  </category>
  <size>
   L
  </size>
  <color>
   Зеленый
  </color>
  <material>
   Вискоза
  </material>
  <price>
   403887
  </price>
  <rating>
   3.94
  </rating>
  <reviews>
   731055
  </reviews>
  <new>
   -
  </new>
  <exclusive>
   yes
  </exclusive>
  <sporty>
   yes
  </sporty>
 </clothing>
 <clothing>
  <id>
   856135191
  </id>
  <name>
   Ellesse Dress A-2086
  </name>
  <category>
   Dress
  </category>
  <size>
   S
  </size>
  <color>
   Красный
  </color>
  <material>
   Вискоза
  </material>
  <price>
   686946
  </price>
  <rating>
   2.16
  </rating>
  <reviews>
   601561
  </reviews>
  <exclusive>
   yes
  </exclusive>
  <sporty>
   yes
  </sporty>
 </clothing>
 <clothing>
  <id>
   132440406
  </id>
  <name>
   Vans Pants Z-5440
  </name>
  <category>
   Pants
  </category>
  <size>
   XXL
  </size>
  <color>
   Желтый
  </color>
  <material>
   Шелк
  </material>
  <price>
   926040
  </price>
  <rating>
   3.53
  </rating>
  <reviews>
   816123
  </reviews>
  <exclusive>
   no
  </exclusive>
  <sporty>
   yes
  </sporty>
 </clothing>
 <clothing>
  <id>
   319241895
  </id>
  <name>
   Brooks Shoes A-2627
  </name>
  <category>
   Shoes
  </category>
  <size>
   S
  </size>
  <color>
   Зеленый
  </color>
  <material>
   Хлопок
  </material>
  <price>
   595920
  </price>
  <rating>
   2.41
  </rating>
  <reviews>
   609880
  </reviews>
  <sporty>
   no
  </sporty>
 </clothing>
 <clothing>
  <id>
   281071218
  </id>
  <name>
   Lacoste T-shirt Z-9746
  </name>
  <category>
   T-shirt
  </category>
  <size>
   L
  </size>
  <color>
   Фиолетовый
  </color>
  <material>
   Полиэстер
  </material>
  <price>
   579029
  </price>
  <rating>
   2.1
  </rating>
  <reviews>
   958937
  </reviews>
  <exclusive>
   yes
  </exclusive>
 </clothing>
 <clothing>
  <id>
   179611746
  </id>
  <name>
   DC Skirt V-8267
  </name>
  <category>
   Skirt
  </category>
  <size>
   XXL
  </size>
  <color>
   Желтый
  </color>
  <material>
   Хлопок
  </material>
  <price>
   925012
  </price>
  <rating>
   3.45
  </rating>
  <reviews>
   983624
  </reviews>
  <exclusive>
   no
  </exclusive>
 </clothing>
 <clothing>
  <id>
   256333551
  </id>
  <name>
   Asics Handbags B-3454
  </name>
  <category>
   Handbags
  </category>
  <size>
   S
  </size>
  <color>
   Синий
  </color>
  <material>
   Шелк
  </material>
  <price>
   102541
  </price>
  <rating>
   4.7
  </rating>
  <reviews>
   193341
  </reviews>
  <new>
   -
  </new>
 </clothing>
</clothing-items>
