<?xml version="1.0" encoding="utf-8"?>
<clothing-items>
 <clothing>
  <id>
   921885971
  </id>
  <name>
   Nike Socks N-3351
  </name>
  <category>
   Socks
  </category>
  <size>
   L
  </size>
  <color>
   Оранжевый
  </color>
  <material>
   Хлопок
  </material>
  <price>
   407011
  </price>
  <rating>
   3.79
  </rating>
  <reviews>
   136267
  </reviews>
  <new>
   -
  </new>
  <exclusive>
   yes
  </exclusive>
 </clothing>
 <clothing>
  <id>
   308188085
  </id>
  <name>
   Converse Skirt N-7556
  </name>
  <category>
   Skirt
  </category>
  <size>
   XXL
  </size>
  <color>
   Оранжевый
  </color>
  <material>
   Шелк
  </material>
  <price>
   688594
  </price>
  <rating>
   1.72
  </rating>
  <reviews>
   306152
  </reviews>
  <new>
   +
  </new>
  <exclusive>
   no
  </exclusive>
  <sporty>
   yes
  </sporty>
 </clothing>
 <clothing>
  <id>
   552426172
  </id>
  <name>
   Vans Pants M-2866
  </name>
  <category>
   Pants
  </category>
  <size>
   XXL
  </size>
  <color>
   Оранжевый
  </color>
  <material>
   Кожа
  </material>
  <price>
   784918
  </price>
  <rating>
   1.12
  </rating>
  <reviews>
   355178
  </reviews>
  <new>
   +
  </new>
  <sporty>
   no
  </sporty>
 </clothing>
 <clothing>
  <id>
   704730564
  </id>
  <name>
   Ellesse Gloves T-1830
  </name>
  <category>
   Gloves
  </category>
  <size>
   S
  </size>
  <color>
   Оранжевый
  </color>
  <material>
   Шерсть
  </material>
  <price>
   212867
  </price>
  <rating>
   4.41
  </rating>
  <reviews>
   930569
  </reviews>
  <sporty>
   yes
  </sporty>
 </clothing>
 <clothing>
  <id>
   554034435
  </id>
  <name>
   Adidas Pants N-6542
  </name>
  <category>
   Pants
  </category>
  <size>
   XL
  </size>
  <color>
   Фиолетовый
  </color>
  <material>
   Нейлон
  </material>
  <price>
   121882
  </price>
  <rating>
   2.11
  </rating>
  <reviews>
   677856
  </reviews>
  <exclusive>
   no
  </exclusive>
 </clothing>
 <clothing>
  <id>
   181512941
  </id>
  <name>
   Under Armour Jacket Z-5717
  </name>
  <category>
   Jacket
  </category>
  <size>
   M
  </size>
  <color>
   Красный
  </color>
  <material>
   Кожа
  </material>
  <price>
   842184
  </price>
  <rating>
   1.06
  </rating>
  <reviews>
   531749
  </reviews>
  <new>
   -
  </new>
  <exclusive>
   no
  </exclusive>
  <sporty>
   yes
  </sporty>
 </clothing>
 <clothing>
  <id>
   581209734
  </id>
  <name>
   Puma Jacket R-3699
  </name>
  <category>
   Jacket
  </category>
  <size>
   M
  </size>
  <color>
   Синий
  </color>
  <material>
   Лен
  </material>
  <price>
   400140
  </price>
  <rating>
   3.55
  </rating>
  <reviews>
   30525
  </reviews>
  <new>
   -
  </new>
  <sporty>
   yes
  </sporty>
 </clothing>
 <clothing>
  <id>
   125099416
  </id>
  <name>
   Adidas Belts X-1319
  </name>
  <category>
   Belts
  </category>
  <size>
   XXL
  </size>
  <color>
   Красный
  </color>
  <material>
   Вискоза
  </material>
  <price>
   311276
  </price>
  <rating>
   1.41
  </rating>
  <reviews>
   329100
  </reviews>
  <new>
   -
  </new>
 </clothing>
 <clothing>
  <id>
   971188475
  </id>
  <name>
   Asics Sweater E-5667
  </name>
  <category>
   Sweater
  </category>
  <size>
   XXL
  </size>
  <color>
   Фиолетовый
  </color>
  <material>
   Вискоза
  </material>
  <price>
   280032
  </price>
  <rating>
   3.39
  </rating>
  <reviews>
   708828
  </reviews>
  <new>
   -
  </new>
  <exclusive>
   no
  </exclusive>
  <sporty>
   no
  </sporty>
 </clothing>
 <clothing>
  <id>
   887316877
  </id>
  <name>
   DC Gloves Y-3404
  </name>
  <category>
   Gloves
  </category>
  <size>
   XL
  </size>
  <color>
   Синий
  </color>
  <material>
   Полиэстер
  </material>
  <price>
   684050
  </price>
  <rating>
   3.25
  </rating>
  <reviews>
   623935
  </reviews>
  <new>
   -
  </new>
 </clothing>
 <clothing>
  <id>
   953012610
  </id>
  <name>
   PleinSport Belts R-1094
  </name>
  <category>
   Belts
  </category>
  <size>
   S
  </size>
  <color>
   Оранжевый
  </color>
  <material>
   Лен
  </material>
  <price>
   237653
  </price>
  <rating>
   3.39
  </rating>
  <reviews>
   267038
  </reviews>
  <sporty>
   no
  </sporty>
 </clothing>
 <clothing>
  <id>
   338541206
  </id>
  <name>
   Nike Blouse R-4267
  </name>
  <category>
   Blouse
  </category>
  <size>
   XXL
  </size>
  <color>
   Голубой
  </color>
  <material>
   Хлопок
  </material>
  <price>
   135794
  </price>
  <rating>
   1.94
  </rating>
  <reviews>
   714674
  </reviews>
  <new>
   +
  </new>
  <exclusive>
   yes
  </exclusive>
  <sporty>
   no
  </sporty>
 </clothing>
 <clothing>
  <id>
   694526893
  </id>
  <name>
   Adidas Jacket L-7934
  </name>
  <category>
   Jacket
  </category>
  <size>
   S
  </size>
  <color>
   Голубой
  </color>
  <material>
   Лен
  </material>
  <price>
   530112
  </price>
  <rating>
   1.06
  </rating>
  <reviews>
   991392
  </reviews>
  <sporty>
   no
  </sporty>
 </clothing>
 <clothing>
  <id>
   532358379
  </id>
  <name>
   Under Armour Gloves Q-8948
  </name>
  <category>
   Gloves
  </category>
  <size>
   S
  </size>
  <color>
   Красный
  </color>
  <material>
   Кожа
  </material>
  <price>
   837221
  </price>
  <rating>
   3.53
  </rating>
  <reviews>
   95802
  </reviews>
  <new>
   -
  </new>
  <exclusive>
   no
  </exclusive>
 </clothing>
 <clothing>
  <id>
   877634575
  </id>
  <name>
   DC Socks C-1647
  </name>
  <category>
   Socks
  </category>
  <size>
   L
  </size>
  <color>
   Синий
  </color>
  <material>
   Полиэстер
  </material>
  <price>
   821581
  </price>
  <rating>
   4.82
  </rating>
  <reviews>
   338986
  </reviews>
  <exclusive>
   no
  </exclusive>
  <sporty>
   yes
  </sporty>
 </clothing>
 <clothing>
  <id>
   392446920
  </id>
  <name>
   Converse Belts M-1477
  </name>
  <category>
   Belts
  </category>
  <size>
   XL
  </size>
  <color>
   Оранжевый
  </color>
  <material>
   Кожа
  </material>
  <price>
   769148
  </price>
  <rating>
   2.92
  </rating>
  <reviews>
   666057
  </reviews>
  <new>
   -
  </new>
  <exclusive>
   yes
  </exclusive>
 </clothing>
 <clothing>
  <id>
   511596308
  </id>
  <name>
   Reebok Jacket Y-3840
  </name>
  <category>
   Jacket
  </category>
  <size>
   XXL
  </size>
  <color>
   Желтый
  </color>
  <material>
   Кожа
  </material>
  <price>
   687249
  </price>
  <rating>
   3.02
  </rating>
  <reviews>
   305415
  </reviews>
  <new>
   -
  </new>
  <sporty>
   no
  </sporty>
 </clothing>
 <clothing>
  <id>
   715646696
  </id>
  <name>
   Addidas T-shirt T-9486
  </name>
  <category>
   T-shirt
  </category>
  <size>
   L
  </size>
  <color>
   Красный
  </color>
  <material>
   Нейлон
  </material>
  <price>
   441248
  </price>
  <rating>
   2.51
  </rating>
  <reviews>
   838165
  </reviews>
  <new>
   +
  </new>
  <sporty>
   no
  </sporty>
 </clothing>
 <clothing>
  <id>
   679331826
  </id>
  <name>
   DC Socks K-4775
  </name>
  <category>
   Socks
  </category>
  <size>
   S
  </size>
  <color>
   Оранжевый
  </color>
  <material>
   Вискоза
  </material>
  <price>
   224021
  </price>
  <rating>
   4.68
  </rating>
  <reviews>
   75921
  </reviews>
  <new>
   +
  </new>
  <sporty>
   no
  </sporty>
 </clothing>
 <clothing>
  <id>
   186371651
  </id>
  <name>
   Nike Umbrellas Z-2172
  </name>
  <category>
   Umbrellas
  </category>
  <size>
   XXL
  </size>
  <color>
   Желтый
  </color>
  <material>
   Нейлон
  </material>
  <price>
   605981
  </price>
  <rating>
   1.52
  </rating>
  <reviews>
   371031
  </reviews>
  <new>
   -
  </new>
  <exclusive>
   yes
  </exclusive>
  <sporty>
   no
  </sporty>
 </clothing>
 <clothing>
  <id>
   673745779
  </id>
  <name>
   Vans T-shirt Y-1066
  </name>
  <category>
   T-shirt
  </category>
  <size>
   XL
  </size>
  <color>
   Оранжевый
  </color>
  <material>
   Лен
  </material>
  <price>
   290522
  </price>
  <rating>
   4.87
  </rating>
  <reviews>
   40437
  </reviews>
  <new>
   -
  </new>
  <exclusive>
   no
  </exclusive>
  <sporty>
   yes
  </sporty>
 </clothing>
 <clothing>
  <id>
   625522962
  </id>
  <name>
   Brooks Shirt E-6189
  </name>
  <category>
   Shirt
  </category>
  <size>
   XXL
  </size>
  <color>
   Фиолетовый
  </color>
  <material>
   Шерсть
  </material>
  <price>
   789310
  </price>
  <rating>
   1.61
  </rating>
  <reviews>
   946018
  </reviews>
  <exclusive>
   no
  </exclusive>
  <sporty>
   no
  </sporty>
 </clothing>
 <clothing>
  <id>
   598093004
  </id>
  <name>
   Brooks Pants T-4468
  </name>
  <category>
   Pants
  </category>
  <size>
   M
  </size>
  <color>
   Голубой
  </color>
  <material>
   Вискоза
  </material>
  <price>
   610900
  </price>
  <rating>
   4.64
  </rating>
  <reviews>
   682796
  </reviews>
  <new>
   -
  </new>
  <exclusive>
   no
  </exclusive>
 </clothing>
 <clothing>
  <id>
   282430672
  </id>
  <name>
   DC T-shirt X-6755
  </name>
  <category>
   T-shirt
  </category>
  <size>
   XXL
  </size>
  <color>
   Красный
  </color>
  <material>
   Полиэстер
  </material>
  <price>
   867722
  </price>
  <rating>
   2.71
  </rating>
  <reviews>
   439097
  </reviews>
  <new>
   +
  </new>
  <exclusive>
   no
  </exclusive>
  <sporty>
   no
  </sporty>
 </clothing>
 <clothing>
  <id>
   397014145
  </id>
  <name>
   Converse Umbrellas A-1766
  </name>
  <category>
   Umbrellas
  </category>
  <size>
   M
  </size>
  <color>
   Желтый
  </color>
  <material>
   Кожа
  </material>
  <price>
   387407
  </price>
  <rating>
   2.32
  </rating>
  <reviews>
   545217
  </reviews>
 </clothing>
 <clothing>
  <id>
   162909996
  </id>
  <name>
   Fila Umbrellas L-5732
  </name>
  <category>
   Umbrellas
  </category>
  <size>
   XXL
  </size>
  <color>
   Голубой
  </color>
  <material>
   Кожа
  </material>
  <price>
   102183
  </price>
  <rating>
   3.24
  </rating>
  <reviews>
   708276
  </reviews>
  <new>
   -
  </new>
  <exclusive>
   yes
  </exclusive>
 </clothing>
 <clothing>
  <id>
   487260849
  </id>
  <name>
   Under Armour Socks G-9194
  </name>
  <category>
   Socks
  </category>
  <size>
   XXL
  </size>
  <color>
   Оранжевый
  </color>
  <material>
   Лен
  </material>
  <price>
   250457
  </price>
  <rating>
   4.22
  </rating>
  <reviews>
   897795
  </reviews>
 </clothing>
 <clothing>
  <id>
   656432190
  </id>
  <name>
   Under Armour Blouse U-5685
  </name>
  <category>
   Blouse
  </category>
  <size>
   XXL
  </size>
  <color>
   Зеленый
  </color>
  <material>
   Кожа
  </material>
  <price>
   470824
  </price>
  <rating>
   4.87
  </rating>
  <reviews>
   548133
  </reviews>
  <exclusive>
   no
  </exclusive>
  <sporty>
   yes
  </sporty>
 </clothing>
 <clothing>
  <id>
   487053708
  </id>
  <name>
   Fila Socks G-6708
  </name>
  <category>
   Socks
  </category>
  <size>
   L
  </size>
  <color>
   Желтый
  </color>
  <material>
   Шелк
  </material>
  <price>
   474705
  </price>
  <rating>
   4.4
  </rating>
  <reviews>
   73873
  </reviews>
  <new>
   -
  </new>
  <sporty>
   yes
  </sporty>
 </clothing>
 <clothing>
  <id>
   198358170
  </id>
  <name>
   Converse Sweater S-8700
  </name>
  <category>
   Sweater
  </category>
  <size>
   M
  </size>
  <color>
   Зеленый
  </color>
  <material>
   Хлопок
  </material>
  <price>
   933274
  </price>
  <rating>
   3.64
  </rating>
  <reviews>
   580679
  </reviews>
  <new>
   +
  </new>
  <exclusive>
   yes
  </exclusive>
  <sporty>
   yes
  </sporty>
 </clothing>
 <clothing>
  <id>
   377886052
  </id>
  <name>
   Nike Shirt Z-6973
  </name>
  <category>
   Shirt
  </category>
  <size>
   XL
  </size>
  <color>
   Зеленый
  </color>
  <material>
   Полиэстер
  </material>
  <price>
   807888
  </price>
  <rating>
   3.85
  </rating>
  <reviews>
   731901
  </reviews>
  <new>
   -
  </new>
  <exclusive>
   yes
  </exclusive>
 </clothing>
</clothing-items>
