<?xml version="1.0" encoding="utf-8"?>
<clothing-items>
 <clothing>
  <id>
   805323894
  </id>
  <name>
   Under Armour Jacket E-1418
  </name>
  <category>
   Jacket
  </category>
  <size>
   S
  </size>
  <color>
   Зеленый
  </color>
  <material>
   Шерсть
  </material>
  <price>
   981781
  </price>
  <rating>
   2.78
  </rating>
  <reviews>
   550019
  </reviews>
  <exclusive>
   yes
  </exclusive>
  <sporty>
   no
  </sporty>
 </clothing>
 <clothing>
  <id>
   560618690
  </id>
  <name>
   Under Armour Socks J-9893
  </name>
  <category>
   Socks
  </category>
  <size>
   M
  </size>
  <color>
   Зеленый
  </color>
  <material>
   Лен
  </material>
  <price>
   595848
  </price>
  <rating>
   4.93
  </rating>
  <reviews>
   139079
  </reviews>
  <new>
   +
  </new>
 </clothing>
 <clothing>
  <id>
   466744495
  </id>
  <name>
   Adidas Socks A-7718
  </name>
  <category>
   Socks
  </category>
  <size>
   L
  </size>
  <color>
   Оранжевый
  </color>
  <material>
   Кожа
  </material>
  <price>
   306153
  </price>
  <rating>
   1.78
  </rating>
  <reviews>
   691404
  </reviews>
  <new>
   +
  </new>
  <exclusive>
   no
  </exclusive>
  <sporty>
   yes
  </sporty>
 </clothing>
 <clothing>
  <id>
   388570290
  </id>
  <name>
   Vans Umbrellas S-5676
  </name>
  <category>
   Umbrellas
  </category>
  <size>
   XXL
  </size>
  <color>
   Голубой
  </color>
  <material>
   Лен
  </material>
  <price>
   812972
  </price>
  <rating>
   1.09
  </rating>
  <reviews>
   950790
  </reviews>
  <new>
   -
  </new>
  <sporty>
   yes
  </sporty>
 </clothing>
 <clothing>
  <id>
   206601191
  </id>
  <name>
   DC Skirt U-9892
  </name>
  <category>
   Skirt
  </category>
  <size>
   M
  </size>
  <color>
   Красный
  </color>
  <material>
   Шелк
  </material>
  <price>
   231695
  </price>
  <rating>
   2.16
  </rating>
  <reviews>
   194093
  </reviews>
  <new>
   -
  </new>
  <exclusive>
   yes
  </exclusive>
  <sporty>
   yes
  </sporty>
 </clothing>
 <clothing>
  <id>
   907753095
  </id>
  <name>
   DC Shirt P-6718
  </name>
  <category>
   Shirt
  </category>
  <size>
   L
  </size>
  <color>
   Синий
  </color>
  <material>
   Шерсть
  </material>
  <price>
   604709
  </price>
  <rating>
   4.45
  </rating>
  <reviews>
   518434
  </reviews>
  <exclusive>
   no
  </exclusive>
  <sporty>
   no
  </sporty>
 </clothing>
 <clothing>
  <id>
   229439280
  </id>
  <name>
   Addidas T-shirt W-1297
  </name>
  <category>
   T-shirt
  </category>
  <size>
   S
  </size>
  <color>
   Желтый
  </color>
  <material>
   Шерсть
  </material>
  <price>
   872989
  </price>
  <rating>
   4.27
  </rating>
  <reviews>
   104336
  </reviews>
  <new>
   -
  </new>
  <exclusive>
   no
  </exclusive>
  <sporty>
   no
  </sporty>
 </clothing>
 <clothing>
  <id>
   312301033
  </id>
  <name>
   Under Armour Sweater J-1889
  </name>
  <category>
   Sweater
  </category>
  <size>
   XL
  </size>
  <color>
   Синий
  </color>
  <material>
   Нейлон
  </material>
  <price>
   979988
  </price>
  <rating>
   4.67
  </rating>
  <reviews>
   363684
  </reviews>
  <new>
   -
  </new>
  <sporty>
   no
  </sporty>
 </clothing>
 <clothing>
  <id>
   985615072
  </id>
  <name>
   Nike Shirt R-1077
  </name>
  <category>
   Shirt
  </category>
  <size>
   XL
  </size>
  <color>
   Голубой
  </color>
  <material>
   Нейлон
  </material>
  <price>
   205714
  </price>
  <rating>
   1.95
  </rating>
  <reviews>
   1774
  </reviews>
  <exclusive>
   yes
  </exclusive>
  <sporty>
   no
  </sporty>
 </clothing>
 <clothing>
  <id>
   961428572
  </id>
  <name>
   Brooks Jacket K-1543
  </name>
  <category>
   Jacket
  </category>
  <size>
   S
  </size>
  <color>
   Фиолетовый
  </color>
  <material>
   Хлопок
  </material>
  <price>
   298309
  </price>
  <rating>
   4.73
  </rating>
  <reviews>
   241094
  </reviews>
 </clothing>
 <clothing>
  <id>
   622848234
  </id>
  <name>
   DC Hat J-2534
  </name>
  <category>
   Hat
  </category>
  <size>
   M
  </size>
  <color>
   Фиолетовый
  </color>
  <material>
   Вискоза
  </material>
  <price>
   155302
  </price>
  <rating>
   2.4
  </rating>
  <reviews>
   853655
  </reviews>
  <new>
   -
  </new>
  <exclusive>
   yes
  </exclusive>
 </clothing>
 <clothing>
  <id>
   239363202
  </id>
  <name>
   Asics Handbags P-5809
  </name>
  <category>
   Handbags
  </category>
  <size>
   XXL
  </size>
  <color>
   Синий
  </color>
  <material>
   Кожа
  </material>
  <price>
   262218
  </price>
  <rating>
   3.61
  </rating>
  <reviews>
   43147
  </reviews>
  <new>
   -
  </new>
  <sporty>
   no
  </sporty>
 </clothing>
 <clothing>
  <id>
   513005349
  </id>
  <name>
   DC Dress D-4213
  </name>
  <category>
   Dress
  </category>
  <size>
   S
  </size>
  <color>
   Оранжевый
  </color>
  <material>
   Хлопок
  </material>
  <price>
   302093
  </price>
  <rating>
   1.12
  </rating>
  <reviews>
   95036
  </reviews>
  <new>
   -
  </new>
  <exclusive>
   no
  </exclusive>
  <sporty>
   no
  </sporty>
 </clothing>
 <clothing>
  <id>
   328719395
  </id>
  <name>
   Lacoste Skirt C-2556
  </name>
  <category>
   Skirt
  </category>
  <size>
   XXL
  </size>
  <color>
   Зеленый
  </color>
  <material>
   Шелк
  </material>
  <price>
   453615
  </price>
  <rating>
   3.79
  </rating>
  <reviews>
   311184
  </reviews>
 </clothing>
 <clothing>
  <id>
   899914387
  </id>
  <name>
   Adidas Shirt M-9605
  </name>
  <category>
   Shirt
  </category>
  <size>
   S
  </size>
  <color>
   Синий
  </color>
  <material>
   Полиэстер
  </material>
  <price>
   221793
  </price>
  <rating>
   3.21
  </rating>
  <reviews>
   291174
  </reviews>
  <new>
   +
  </new>
  <sporty>
   no
  </sporty>
 </clothing>
 <clothing>
  <id>
   900692971
  </id>
  <name>
   Lacoste Sweater V-3564
  </name>
  <category>
   Sweater
  </category>
  <size>
   S
  </size>
  <color>
   Красный
  </color>
  <material>
   Полиэстер
  </material>
  <price>
   383833
  </price>
  <rating>
   4.8
  </rating>
  <reviews>
   569531
  </reviews>
  <exclusive>
   yes
  </exclusive>
  <sporty>
   yes
  </sporty>
 </clothing>
 <clothing>
  <id>
   757294294
  </id>
  <name>
   Converse Skirt J-7788
  </name>
  <category>
   Skirt
  </category>
  <size>
   S
  </size>
  <color>
   Голубой
  </color>
  <material>
   Вискоза
  </material>
  <price>
   896764
  </price>
  <rating>
   1.5
  </rating>
  <reviews>
   265433
  </reviews>
  <exclusive>
   yes
  </exclusive>
  <sporty>
   yes
  </sporty>
 </clothing>
 <clothing>
  <id>
   719118280
  </id>
  <name>
   Brooks Gloves U-9543
  </name>
  <category>
   Gloves
  </category>
  <size>
   L
  </size>
  <color>
   Красный
  </color>
  <material>
   Вискоза
  </material>
  <price>
   467801
  </price>
  <rating>
   1.26
  </rating>
  <reviews>
   647529
  </reviews>
  <new>
   +
  </new>
  <exclusive>
   yes
  </exclusive>
 </clothing>
 <clothing>
  <id>
   538911526
  </id>
  <name>
   Lacoste Dress K-6912
  </name>
  <category>
   Dress
  </category>
  <size>
   XXL
  </size>
  <color>
   Желтый
  </color>
  <material>
   Кожа
  </material>
  <price>
   514286
  </price>
  <rating>
   1.99
  </rating>
  <reviews>
   333273
  </reviews>
  <exclusive>
   no
  </exclusive>
 </clothing>
 <clothing>
  <id>
   816248851
  </id>
  <name>
   Vans Handbags V-1979
  </name>
  <category>
   Handbags
  </category>
  <size>
   M
  </size>
  <color>
   Синий
  </color>
  <material>
   Нейлон
  </material>
  <price>
   554883
  </price>
  <rating>
   4.17
  </rating>
  <reviews>
   33588
  </reviews>
  <new>
   +
  </new>
  <exclusive>
   no
  </exclusive>
  <sporty>
   no
  </sporty>
 </clothing>
 <clothing>
  <id>
   329851580
  </id>
  <name>
   Reebok Gloves F-2257
  </name>
  <category>
   Gloves
  </category>
  <size>
   L
  </size>
  <color>
   Оранжевый
  </color>
  <material>
   Нейлон
  </material>
  <price>
   184203
  </price>
  <rating>
   2.93
  </rating>
  <reviews>
   734199
  </reviews>
  <new>
   +
  </new>
  <sporty>
   yes
  </sporty>
 </clothing>
 <clothing>
  <id>
   578819658
  </id>
  <name>
   Vans Jeans X-7040
  </name>
  <category>
   Jeans
  </category>
  <size>
   XXL
  </size>
  <color>
   Фиолетовый
  </color>
  <material>
   Шелк
  </material>
  <price>
   202625
  </price>
  <rating>
   1.62
  </rating>
  <reviews>
   339907
  </reviews>
  <new>
   -
  </new>
  <sporty>
   yes
  </sporty>
 </clothing>
 <clothing>
  <id>
   549633140
  </id>
  <name>
   Fila Sweater D-3191
  </name>
  <category>
   Sweater
  </category>
  <size>
   XL
  </size>
  <color>
   Оранжевый
  </color>
  <material>
   Шелк
  </material>
  <price>
   136909
  </price>
  <rating>
   2.74
  </rating>
  <reviews>
   747430
  </reviews>
  <new>
   -
  </new>
  <exclusive>
   no
  </exclusive>
 </clothing>
 <clothing>
  <id>
   993418391
  </id>
  <name>
   Addidas T-shirt Q-7872
  </name>
  <category>
   T-shirt
  </category>
  <size>
   XL
  </size>
  <color>
   Желтый
  </color>
  <material>
   Кожа
  </material>
  <price>
   296009
  </price>
  <rating>
   2.9
  </rating>
  <reviews>
   696845
  </reviews>
  <sporty>
   no
  </sporty>
 </clothing>
 <clothing>
  <id>
   884629907
  </id>
  <name>
   Adidas Belts W-6376
  </name>
  <category>
   Belts
  </category>
  <size>
   M
  </size>
  <color>
   Желтый
  </color>
  <material>
   Полиэстер
  </material>
  <price>
   551426
  </price>
  <rating>
   1.28
  </rating>
  <reviews>
   2154
  </reviews>
  <new>
   -
  </new>
  <sporty>
   no
  </sporty>
 </clothing>
 <clothing>
  <id>
   178655623
  </id>
  <name>
   Under Armour Socks L-1966
  </name>
  <category>
   Socks
  </category>
  <size>
   L
  </size>
  <color>
   Оранжевый
  </color>
  <material>
   Лен
  </material>
  <price>
   549588
  </price>
  <rating>
   4.04
  </rating>
  <reviews>
   559233
  </reviews>
 </clothing>
 <clothing>
  <id>
   363075314
  </id>
  <name>
   Lacoste Handbags Y-5319
  </name>
  <category>
   Handbags
  </category>
  <size>
   S
  </size>
  <color>
   Желтый
  </color>
  <material>
   Кожа
  </material>
  <price>
   325220
  </price>
  <rating>
   3.75
  </rating>
  <reviews>
   848961
  </reviews>
  <exclusive>
   yes
  </exclusive>
 </clothing>
 <clothing>
  <id>
   680093717
  </id>
  <name>
   New Balance Umbrellas P-6906
  </name>
  <category>
   Umbrellas
  </category>
  <size>
   XXL
  </size>
  <color>
   Зеленый
  </color>
  <material>
   Нейлон
  </material>
  <price>
   333881
  </price>
  <rating>
   3.72
  </rating>
  <reviews>
   403423
  </reviews>
  <new>
   +
  </new>
  <exclusive>
   no
  </exclusive>
 </clothing>
</clothing-items>
