<?xml version="1.0" encoding="utf-8"?>
<clothing-items>
 <clothing>
  <id>
   839108088
  </id>
  <name>
   Converse Shoes I-4878
  </name>
  <category>
   Shoes
  </category>
  <size>
   M
  </size>
  <color>
   Зеленый
  </color>
  <material>
   Хлопок
  </material>
  <price>
   664280
  </price>
  <rating>
   2.37
  </rating>
  <reviews>
   68450
  </reviews>
  <new>
   +
  </new>
  <sporty>
   no
  </sporty>
 </clothing>
 <clothing>
  <id>
   267601413
  </id>
  <name>
   Nike Jeans S-6667
  </name>
  <category>
   Jeans
  </category>
  <size>
   M
  </size>
  <color>
   Фиолетовый
  </color>
  <material>
   Хлопок
  </material>
  <price>
   276864
  </price>
  <rating>
   4.91
  </rating>
  <reviews>
   596003
  </reviews>
  <new>
   +
  </new>
 </clothing>
 <clothing>
  <id>
   548387036
  </id>
  <name>
   Under Armour Dress F-1745
  </name>
  <category>
   Dress
  </category>
  <size>
   XL
  </size>
  <color>
   Оранжевый
  </color>
  <material>
   Кожа
  </material>
  <price>
   445839
  </price>
  <rating>
   1.52
  </rating>
  <reviews>
   733930
  </reviews>
  <new>
   +
  </new>
  <sporty>
   no
  </sporty>
 </clothing>
 <clothing>
  <id>
   288321252
  </id>
  <name>
   Brooks Umbrellas E-5688
  </name>
  <category>
   Umbrellas
  </category>
  <size>
   M
  </size>
  <color>
   Желтый
  </color>
  <material>
   Шерсть
  </material>
  <price>
   304912
  </price>
  <rating>
   3.41
  </rating>
  <reviews>
   850931
  </reviews>
  <new>
   -
  </new>
  <exclusive>
   no
  </exclusive>
 </clothing>
 <clothing>
  <id>
   849380743
  </id>
  <name>
   New Balance Handbags S-2020
  </name>
  <category>
   Handbags
  </category>
  <size>
   M
  </size>
  <color>
   Зеленый
  </color>
  <material>
   Нейлон
  </material>
  <price>
   302725
  </price>
  <rating>
   4.91
  </rating>
  <reviews>
   733857
  </reviews>
  <exclusive>
   no
  </exclusive>
  <sporty>
   yes
  </sporty>
 </clothing>
 <clothing>
  <id>
   931262015
  </id>
  <name>
   PleinSport Skirt U-9589
  </name>
  <category>
   Skirt
  </category>
  <size>
   M
  </size>
  <color>
   Синий
  </color>
  <material>
   Вискоза
  </material>
  <price>
   200861
  </price>
  <rating>
   3.58
  </rating>
  <reviews>
   783699
  </reviews>
  <sporty>
   yes
  </sporty>
 </clothing>
 <clothing>
  <id>
   354029016
  </id>
  <name>
   PleinSport Handbags P-4489
  </name>
  <category>
   Handbags
  </category>
  <size>
   L
  </size>
  <color>
   Зеленый
  </color>
  <material>
   Хлопок
  </material>
  <price>
   994085
  </price>
  <rating>
   4.96
  </rating>
  <reviews>
   130039
  </reviews>
  <new>
   -
  </new>
  <exclusive>
   no
  </exclusive>
 </clothing>
 <clothing>
  <id>
   704166768
  </id>
  <name>
   Asics Gloves O-3928
  </name>
  <category>
   Gloves
  </category>
  <size>
   S
  </size>
  <color>
   Зеленый
  </color>
  <material>
   Вискоза
  </material>
  <price>
   115123
  </price>
  <rating>
   3.51
  </rating>
  <reviews>
   398930
  </reviews>
  <exclusive>
   no
  </exclusive>
 </clothing>
 <clothing>
  <id>
   111111718
  </id>
  <name>
   Converse Sweater E-7954
  </name>
  <category>
   Sweater
  </category>
  <size>
   S
  </size>
  <color>
   Фиолетовый
  </color>
  <material>
   Полиэстер
  </material>
  <price>
   389308
  </price>
  <rating>
   4.11
  </rating>
  <reviews>
   321001
  </reviews>
  <new>
   +
  </new>
  <exclusive>
   no
  </exclusive>
  <sporty>
   no
  </sporty>
 </clothing>
 <clothing>
  <id>
   803279444
  </id>
  <name>
   Nike Pants M-2504
  </name>
  <category>
   Pants
  </category>
  <size>
   S
  </size>
  <color>
   Желтый
  </color>
  <material>
   Вискоза
  </material>
  <price>
   896721
  </price>
  <rating>
   2.33
  </rating>
  <reviews>
   363305
  </reviews>
  <sporty>
   no
  </sporty>
 </clothing>
 <clothing>
  <id>
   534929585
  </id>
  <name>
   Addidas Shoes P-7018
  </name>
  <category>
   Shoes
  </category>
  <size>
   S
  </size>
  <color>
   Зеленый
  </color>
  <material>
   Нейлон
  </material>
  <price>
   250605
  </price>
  <rating>
   4.85
  </rating>
  <reviews>
   744874
  </reviews>
  <exclusive>
   yes
  </exclusive>
 </clothing>
 <clothing>
  <id>
   627034116
  </id>
  <name>
   Brooks Dress T-7163
  </name>
  <category>
   Dress
  </category>
  <size>
   XL
  </size>
  <color>
   Зеленый
  </color>
  <material>
   Вискоза
  </material>
  <price>
   175821
  </price>
  <rating>
   1.83
  </rating>
  <reviews>
   837321
  </reviews>
  <exclusive>
   yes
  </exclusive>
 </clothing>
 <clothing>
  <id>
   811717917
  </id>
  <name>
   Nike Jeans O-6073
  </name>
  <category>
   Jeans
  </category>
  <size>
   XXL
  </size>
  <color>
   Голубой
  </color>
  <material>
   Нейлон
  </material>
  <price>
   686141
  </price>
  <rating>
   1.27
  </rating>
  <reviews>
   799683
  </reviews>
 </clothing>
 <clothing>
  <id>
   309768885
  </id>
  <name>
   Puma Handbags G-3640
  </name>
  <category>
   Handbags
  </category>
  <size>
   XL
  </size>
  <color>
   Синий
  </color>
  <material>
   Хлопок
  </material>
  <price>
   169045
  </price>
  <rating>
   2.18
  </rating>
  <reviews>
   563275
  </reviews>
  <exclusive>
   yes
  </exclusive>
  <sporty>
   yes
  </sporty>
 </clothing>
 <clothing>
  <id>
   779542428
  </id>
  <name>
   Under Armour Belts R-3041
  </name>
  <category>
   Belts
  </category>
  <size>
   XXL
  </size>
  <color>
   Фиолетовый
  </color>
  <material>
   Полиэстер
  </material>
  <price>
   374120
  </price>
  <rating>
   2.44
  </rating>
  <reviews>
   282271
  </reviews>
  <new>
   +
  </new>
  <sporty>
   no
  </sporty>
 </clothing>
 <clothing>
  <id>
   190209207
  </id>
  <name>
   Asics Shoes K-8110
  </name>
  <category>
   Shoes
  </category>
  <size>
   M
  </size>
  <color>
   Красный
  </color>
  <material>
   Шелк
  </material>
  <price>
   395235
  </price>
  <rating>
   2.22
  </rating>
  <reviews>
   663925
  </reviews>
  <new>
   +
  </new>
  <exclusive>
   no
  </exclusive>
  <sporty>
   no
  </sporty>
 </clothing>
 <clothing>
  <id>
   437096806
  </id>
  <name>
   Lacoste T-shirt Q-6761
  </name>
  <category>
   T-shirt
  </category>
  <size>
   M
  </size>
  <color>
   Синий
  </color>
  <material>
   Шерсть
  </material>
  <price>
   620705
  </price>
  <rating>
   1.04
  </rating>
  <reviews>
   318188
  </reviews>
  <new>
   -
  </new>
  <exclusive>
   no
  </exclusive>
  <sporty>
   no
  </sporty>
 </clothing>
 <clothing>
  <id>
   676261556
  </id>
  <name>
   Lacoste Sweater F-7527
  </name>
  <category>
   Sweater
  </category>
  <size>
   L
  </size>
  <color>
   Оранжевый
  </color>
  <material>
   Хлопок
  </material>
  <price>
   758523
  </price>
  <rating>
   2.34
  </rating>
  <reviews>
   510176
  </reviews>
  <exclusive>
   no
  </exclusive>
 </clothing>
 <clothing>
  <id>
   859003068
  </id>
  <name>
   Addidas Pants W-3972
  </name>
  <category>
   Pants
  </category>
  <size>
   XXL
  </size>
  <color>
   Красный
  </color>
  <material>
   Вискоза
  </material>
  <price>
   268237
  </price>
  <rating>
   2.54
  </rating>
  <reviews>
   796161
  </reviews>
  <new>
   -
  </new>
  <exclusive>
   no
  </exclusive>
 </clothing>
 <clothing>
  <id>
   876143170
  </id>
  <name>
   Lacoste Dress X-7752
  </name>
  <category>
   Dress
  </category>
  <size>
   XXL
  </size>
  <color>
   Оранжевый
  </color>
  <material>
   Полиэстер
  </material>
  <price>
   884267
  </price>
  <rating>
   3.97
  </rating>
  <reviews>
   909725
  </reviews>
 </clothing>
 <clothing>
  <id>
   411838879
  </id>
  <name>
   Addidas Gloves D-4092
  </name>
  <category>
   Gloves
  </category>
  <size>
   M
  </size>
  <color>
   Оранжевый
  </color>
  <material>
   Шелк
  </material>
  <price>
   379356
  </price>
  <rating>
   1.5
  </rating>
  <reviews>
   981576
  </reviews>
 </clothing>
 <clothing>
  <id>
   692844040
  </id>
  <name>
   Adidas Shoes Q-3842
  </name>
  <category>
   Shoes
  </category>
  <size>
   L
  </size>
  <color>
   Голубой
  </color>
  <material>
   Хлопок
  </material>
  <price>
   908485
  </price>
  <rating>
   3.06
  </rating>
  <reviews>
   832911
  </reviews>
  <sporty>
   no
  </sporty>
 </clothing>
 <clothing>
  <id>
   377040680
  </id>
  <name>
   Adidas Jacket K-4100
  </name>
  <category>
   Jacket
  </category>
  <size>
   XXL
  </size>
  <color>
   Желтый
  </color>
  <material>
   Нейлон
  </material>
  <price>
   193759
  </price>
  <rating>
   3.22
  </rating>
  <reviews>
   642794
  </reviews>
  <sporty>
   no
  </sporty>
 </clothing>
 <clothing>
  <id>
   489710787
  </id>
  <name>
   Reebok Hat M-2751
  </name>
  <category>
   Hat
  </category>
  <size>
   M
  </size>
  <color>
   Красный
  </color>
  <material>
   Кожа
  </material>
  <price>
   785657
  </price>
  <rating>
   2.66
  </rating>
  <reviews>
   549523
  </reviews>
  <exclusive>
   no
  </exclusive>
  <sporty>
   yes
  </sporty>
 </clothing>
 <clothing>
  <id>
   916492666
  </id>
  <name>
   New Balance Shoes B-8833
  </name>
  <category>
   Shoes
  </category>
  <size>
   S
  </size>
  <color>
   Синий
  </color>
  <material>
   Полиэстер
  </material>
  <price>
   837214
  </price>
  <rating>
   4.63
  </rating>
  <reviews>
   961269
  </reviews>
  <new>
   +
  </new>
  <exclusive>
   no
  </exclusive>
  <sporty>
   no
  </sporty>
 </clothing>
 <clothing>
  <id>
   687743573
  </id>
  <name>
   Asics Pants T-6164
  </name>
  <category>
   Pants
  </category>
  <size>
   S
  </size>
  <color>
   Оранжевый
  </color>
  <material>
   Хлопок
  </material>
  <price>
   691021
  </price>
  <rating>
   4.79
  </rating>
  <reviews>
   154336
  </reviews>
  <new>
   +
  </new>
 </clothing>
 <clothing>
  <id>
   168768478
  </id>
  <name>
   Brooks Dress X-4506
  </name>
  <category>
   Dress
  </category>
  <size>
   S
  </size>
  <color>
   Фиолетовый
  </color>
  <material>
   Шерсть
  </material>
  <price>
   771023
  </price>
  <rating>
   4.49
  </rating>
  <reviews>
   96346
  </reviews>
  <new>
   +
  </new>
 </clothing>
 <clothing>
  <id>
   821172352
  </id>
  <name>
   Ellesse Handbags J-4212
  </name>
  <category>
   Handbags
  </category>
  <size>
   XXL
  </size>
  <color>
   Синий
  </color>
  <material>
   Шерсть
  </material>
  <price>
   388343
  </price>
  <rating>
   3.28
  </rating>
  <reviews>
   52685
  </reviews>
  <new>
   +
  </new>
  <exclusive>
   no
  </exclusive>
  <sporty>
   yes
  </sporty>
 </clothing>
</clothing-items>
