<?xml version="1.0" encoding="utf-8"?>
<clothing-items>
 <clothing>
  <id>
   315819696
  </id>
  <name>
   Brooks Shirt J-8872
  </name>
  <category>
   Shirt
  </category>
  <size>
   L
  </size>
  <color>
   Фиолетовый
  </color>
  <material>
   Полиэстер
  </material>
  <price>
   317987
  </price>
  <rating>
   2.86
  </rating>
  <reviews>
   562251
  </reviews>
  <new>
   +
  </new>
 </clothing>
 <clothing>
  <id>
   190354628
  </id>
  <name>
   Addidas Pants Q-3246
  </name>
  <category>
   Pants
  </category>
  <size>
   XL
  </size>
  <color>
   Оранжевый
  </color>
  <material>
   Шелк
  </material>
  <price>
   606446
  </price>
  <rating>
   1.48
  </rating>
  <reviews>
   386278
  </reviews>
  <exclusive>
   yes
  </exclusive>
 </clothing>
 <clothing>
  <id>
   538231099
  </id>
  <name>
   New Balance Jacket P-9647
  </name>
  <category>
   Jacket
  </category>
  <size>
   L
  </size>
  <color>
   Голубой
  </color>
  <material>
   Лен
  </material>
  <price>
   151950
  </price>
  <rating>
   4.4
  </rating>
  <reviews>
   591192
  </reviews>
  <exclusive>
   no
  </exclusive>
  <sporty>
   yes
  </sporty>
 </clothing>
 <clothing>
  <id>
   655081838
  </id>
  <name>
   Asics Socks B-9671
  </name>
  <category>
   Socks
  </category>
  <size>
   XXL
  </size>
  <color>
   Красный
  </color>
  <material>
   Шерсть
  </material>
  <price>
   777806
  </price>
  <rating>
   3.52
  </rating>
  <reviews>
   438874
  </reviews>
  <new>
   +
  </new>
 </clothing>
 <clothing>
  <id>
   933332382
  </id>
  <name>
   New Balance Sweater K-4655
  </name>
  <category>
   Sweater
  </category>
  <size>
   M
  </size>
  <color>
   Красный
  </color>
  <material>
   Хлопок
  </material>
  <price>
   949988
  </price>
  <rating>
   3.69
  </rating>
  <reviews>
   671798
  </reviews>
  <sporty>
   yes
  </sporty>
 </clothing>
 <clothing>
  <id>
   238747164
  </id>
  <name>
   Ellesse Shirt D-4604
  </name>
  <category>
   Shirt
  </category>
  <size>
   S
  </size>
  <color>
   Фиолетовый
  </color>
  <material>
   Вискоза
  </material>
  <price>
   614347
  </price>
  <rating>
   2.77
  </rating>
  <reviews>
   979316
  </reviews>
  <exclusive>
   yes
  </exclusive>
 </clothing>
 <clothing>
  <id>
   666433947
  </id>
  <name>
   DC Socks C-8905
  </name>
  <category>
   Socks
  </category>
  <size>
   XL
  </size>
  <color>
   Синий
  </color>
  <material>
   Лен
  </material>
  <price>
   499476
  </price>
  <rating>
   4.26
  </rating>
  <reviews>
   785667
  </reviews>
  <new>
   +
  </new>
  <exclusive>
   yes
  </exclusive>
  <sporty>
   yes
  </sporty>
 </clothing>
 <clothing>
  <id>
   244130650
  </id>
  <name>
   Under Armour Skirt E-9468
  </name>
  <category>
   Skirt
  </category>
  <size>
   M
  </size>
  <color>
   Оранжевый
  </color>
  <material>
   Шелк
  </material>
  <price>
   960489
  </price>
  <rating>
   4.37
  </rating>
  <reviews>
   624237
  </reviews>
  <exclusive>
   yes
  </exclusive>
 </clothing>
 <clothing>
  <id>
   711982212
  </id>
  <name>
   Fila Belts Q-6699
  </name>
  <category>
   Belts
  </category>
  <size>
   L
  </size>
  <color>
   Желтый
  </color>
  <material>
   Нейлон
  </material>
  <price>
   876345
  </price>
  <rating>
   3.38
  </rating>
  <reviews>
   648043
  </reviews>
  <exclusive>
   yes
  </exclusive>
 </clothing>
 <clothing>
  <id>
   288556933
  </id>
  <name>
   New Balance Handbags X-6414
  </name>
  <category>
   Handbags
  </category>
  <size>
   S
  </size>
  <color>
   Оранжевый
  </color>
  <material>
   Шерсть
  </material>
  <price>
   304472
  </price>
  <rating>
   3.6
  </rating>
  <reviews>
   90254
  </reviews>
  <new>
   +
  </new>
  <sporty>
   yes
  </sporty>
 </clothing>
 <clothing>
  <id>
   443066548
  </id>
  <name>
   Brooks Dress E-7237
  </name>
  <category>
   Dress
  </category>
  <size>
   S
  </size>
  <color>
   Оранжевый
  </color>
  <material>
   Полиэстер
  </material>
  <price>
   602845
  </price>
  <rating>
   2.68
  </rating>
  <reviews>
   126843
  </reviews>
  <new>
   -
  </new>
  <exclusive>
   no
  </exclusive>
 </clothing>
 <clothing>
  <id>
   647864006
  </id>
  <name>
   Brooks Hat A-1906
  </name>
  <category>
   Hat
  </category>
  <size>
   XXL
  </size>
  <color>
   Фиолетовый
  </color>
  <material>
   Хлопок
  </material>
  <price>
   869331
  </price>
  <rating>
   2.56
  </rating>
  <reviews>
   456277
  </reviews>
  <exclusive>
   yes
  </exclusive>
  <sporty>
   yes
  </sporty>
 </clothing>
 <clothing>
  <id>
   912946925
  </id>
  <name>
   PleinSport Hat Z-9432
  </name>
  <category>
   Hat
  </category>
  <size>
   M
  </size>
  <color>
   Желтый
  </color>
  <material>
   Вискоза
  </material>
  <price>
   608138
  </price>
  <rating>
   4.01
  </rating>
  <reviews>
   394332
  </reviews>
  <new>
   +
  </new>
  <exclusive>
   yes
  </exclusive>
  <sporty>
   yes
  </sporty>
 </clothing>
 <clothing>
  <id>
   915294958
  </id>
  <name>
   PleinSport Pants C-6863
  </name>
  <category>
   Pants
  </category>
  <size>
   L
  </size>
  <color>
   Красный
  </color>
  <material>
   Кожа
  </material>
  <price>
   919295
  </price>
  <rating>
   3.28
  </rating>
  <reviews>
   593161
  </reviews>
  <exclusive>
   yes
  </exclusive>
 </clothing>
 <clothing>
  <id>
   959841725
  </id>
  <name>
   Fila Pants G-3983
  </name>
  <category>
   Pants
  </category>
  <size>
   XL
  </size>
  <color>
   Оранжевый
  </color>
  <material>
   Нейлон
  </material>
  <price>
   580789
  </price>
  <rating>
   1.63
  </rating>
  <reviews>
   649794
  </reviews>
  <new>
   -
  </new>
  <exclusive>
   yes
  </exclusive>
 </clothing>
 <clothing>
  <id>
   708751632
  </id>
  <name>
   Under Armour Hat H-9585
  </name>
  <category>
   Hat
  </category>
  <size>
   S
  </size>
  <color>
   Голубой
  </color>
  <material>
   Шерсть
  </material>
  <price>
   645335
  </price>
  <rating>
   3.43
  </rating>
  <reviews>
   96212
  </reviews>
  <exclusive>
   no
  </exclusive>
  <sporty>
   yes
  </sporty>
 </clothing>
 <clothing>
  <id>
   348222904
  </id>
  <name>
   Under Armour T-shirt J-3561
  </name>
  <category>
   T-shirt
  </category>
  <size>
   L
  </size>
  <color>
   Фиолетовый
  </color>
  <material>
   Шерсть
  </material>
  <price>
   807850
  </price>
  <rating>
   3.2
  </rating>
  <reviews>
   4597
  </reviews>
  <new>
   +
  </new>
  <sporty>
   no
  </sporty>
 </clothing>
 <clothing>
  <id>
   710064911
  </id>
  <name>
   Brooks Shoes W-9892
  </name>
  <category>
   Shoes
  </category>
  <size>
   M
  </size>
  <color>
   Фиолетовый
  </color>
  <material>
   Вискоза
  </material>
  <price>
   196659
  </price>
  <rating>
   1.33
  </rating>
  <reviews>
   142872
  </reviews>
  <new>
   -
  </new>
  <sporty>
   no
  </sporty>
 </clothing>
 <clothing>
  <id>
   540097379
  </id>
  <name>
   Reebok Shoes D-4291
  </name>
  <category>
   Shoes
  </category>
  <size>
   XXL
  </size>
  <color>
   Голубой
  </color>
  <material>
   Кожа
  </material>
  <price>
   985551
  </price>
  <rating>
   3.02
  </rating>
  <reviews>
   299723
  </reviews>
  <new>
   -
  </new>
  <exclusive>
   yes
  </exclusive>
  <sporty>
   yes
  </sporty>
 </clothing>
 <clothing>
  <id>
   127168605
  </id>
  <name>
   Lacoste Socks V-2106
  </name>
  <category>
   Socks
  </category>
  <size>
   XL
  </size>
  <color>
   Красный
  </color>
  <material>
   Полиэстер
  </material>
  <price>
   342102
  </price>
  <rating>
   4.07
  </rating>
  <reviews>
   783577
  </reviews>
  <exclusive>
   yes
  </exclusive>
 </clothing>
 <clothing>
  <id>
   120682002
  </id>
  <name>
   Vans Umbrellas P-2905
  </name>
  <category>
   Umbrellas
  </category>
  <size>
   XL
  </size>
  <color>
   Оранжевый
  </color>
  <material>
   Хлопок
  </material>
  <price>
   567629
  </price>
  <rating>
   2.68
  </rating>
  <reviews>
   894314
  </reviews>
  <new>
   +
  </new>
  <sporty>
   no
  </sporty>
 </clothing>
 <clothing>
  <id>
   911103497
  </id>
  <name>
   Addidas Sweater F-2504
  </name>
  <category>
   Sweater
  </category>
  <size>
   XL
  </size>
  <color>
   Зеленый
  </color>
  <material>
   Лен
  </material>
  <price>
   652725
  </price>
  <rating>
   2.78
  </rating>
  <reviews>
   168931
  </reviews>
 </clothing>
 <clothing>
  <id>
   876298136
  </id>
  <name>
   Reebok Belts E-4378
  </name>
  <category>
   Belts
  </category>
  <size>
   L
  </size>
  <color>
   Фиолетовый
  </color>
  <material>
   Полиэстер
  </material>
  <price>
   603544
  </price>
  <rating>
   3.1
  </rating>
  <reviews>
   552571
  </reviews>
  <sporty>
   yes
  </sporty>
 </clothing>
 <clothing>
  <id>
   146641569
  </id>
  <name>
   Converse Shirt N-2442
  </name>
  <category>
   Shirt
  </category>
  <size>
   S
  </size>
  <color>
   Желтый
  </color>
  <material>
   Кожа
  </material>
  <price>
   953672
  </price>
  <rating>
   1.01
  </rating>
  <reviews>
   46931
  </reviews>
  <new>
   -
  </new>
 </clothing>
 <clothing>
  <id>
   172385541
  </id>
  <name>
   Adidas Gloves Y-7133
  </name>
  <category>
   Gloves
  </category>
  <size>
   XXL
  </size>
  <color>
   Оранжевый
  </color>
  <material>
   Шерсть
  </material>
  <price>
   669423
  </price>
  <rating>
   4.04
  </rating>
  <reviews>
   426344
  </reviews>
  <new>
   +
  </new>
  <sporty>
   yes
  </sporty>
 </clothing>
 <clothing>
  <id>
   238082865
  </id>
  <name>
   Vans Handbags J-2483
  </name>
  <category>
   Handbags
  </category>
  <size>
   M
  </size>
  <color>
   Синий
  </color>
  <material>
   Полиэстер
  </material>
  <price>
   142554
  </price>
  <rating>
   1.06
  </rating>
  <reviews>
   534094
  </reviews>
  <new>
   +
  </new>
  <sporty>
   no
  </sporty>
 </clothing>
 <clothing>
  <id>
   950340096
  </id>
  <name>
   Puma T-shirt V-6455
  </name>
  <category>
   T-shirt
  </category>
  <size>
   L
  </size>
  <color>
   Синий
  </color>
  <material>
   Шерсть
  </material>
  <price>
   267599
  </price>
  <rating>
   3.19
  </rating>
  <reviews>
   185391
  </reviews>
  <sporty>
   yes
  </sporty>
 </clothing>
 <clothing>
  <id>
   572047444
  </id>
  <name>
   Brooks Gloves F-2122
  </name>
  <category>
   Gloves
  </category>
  <size>
   XXL
  </size>
  <color>
   Оранжевый
  </color>
  <material>
   Шерсть
  </material>
  <price>
   550139
  </price>
  <rating>
   1.09
  </rating>
  <reviews>
   411037
  </reviews>
  <new>
   -
  </new>
  <exclusive>
   no
  </exclusive>
 </clothing>
 <clothing>
  <id>
   228395459
  </id>
  <name>
   New Balance Jacket Q-5891
  </name>
  <category>
   Jacket
  </category>
  <size>
   L
  </size>
  <color>
   Оранжевый
  </color>
  <material>
   Хлопок
  </material>
  <price>
   780995
  </price>
  <rating>
   3.22
  </rating>
  <reviews>
   509635
  </reviews>
  <new>
   +
  </new>
 </clothing>
 <clothing>
  <id>
   329467856
  </id>
  <name>
   Adidas Sweater P-1326
  </name>
  <category>
   Sweater
  </category>
  <size>
   XXL
  </size>
  <color>
   Красный
  </color>
  <material>
   Шерсть
  </material>
  <price>
   514605
  </price>
  <rating>
   3.34
  </rating>
  <reviews>
   971807
  </reviews>
  <exclusive>
   yes
  </exclusive>
  <sporty>
   yes
  </sporty>
 </clothing>
 <clothing>
  <id>
   813308717
  </id>
  <name>
   DC Sweater H-6286
  </name>
  <category>
   Sweater
  </category>
  <size>
   M
  </size>
  <color>
   Зеленый
  </color>
  <material>
   Нейлон
  </material>
  <price>
   506140
  </price>
  <rating>
   2.63
  </rating>
  <reviews>
   561862
  </reviews>
  <new>
   -
  </new>
  <exclusive>
   yes
  </exclusive>
  <sporty>
   no
  </sporty>
 </clothing>
 <clothing>
  <id>
   808903970
  </id>
  <name>
   Puma Shirt B-7719
  </name>
  <category>
   Shirt
  </category>
  <size>
   S
  </size>
  <color>
   Голубой
  </color>
  <material>
   Нейлон
  </material>
  <price>
   760256
  </price>
  <rating>
   2.7
  </rating>
  <reviews>
   723486
  </reviews>
 </clothing>
 <clothing>
  <id>
   625029269
  </id>
  <name>
   Converse Dress B-2083
  </name>
  <category>
   Dress
  </category>
  <size>
   L
  </size>
  <color>
   Желтый
  </color>
  <material>
   Вискоза
  </material>
  <price>
   514236
  </price>
  <rating>
   1.37
  </rating>
  <reviews>
   173175
  </reviews>
  <exclusive>
   no
  </exclusive>
 </clothing>
 <clothing>
  <id>
   370865504
  </id>
  <name>
   Brooks Sweater L-1634
  </name>
  <category>
   Sweater
  </category>
  <size>
   M
  </size>
  <color>
   Оранжевый
  </color>
  <material>
   Шелк
  </material>
  <price>
   368135
  </price>
  <rating>
   4.55
  </rating>
  <reviews>
   374567
  </reviews>
  <exclusive>
   yes
  </exclusive>
  <sporty>
   yes
  </sporty>
 </clothing>
 <clothing>
  <id>
   696032924
  </id>
  <name>
   Fila Dress M-8898
  </name>
  <category>
   Dress
  </category>
  <size>
   XL
  </size>
  <color>
   Оранжевый
  </color>
  <material>
   Хлопок
  </material>
  <price>
   332355
  </price>
  <rating>
   2.0
  </rating>
  <reviews>
   524384
  </reviews>
  <sporty>
   yes
  </sporty>
 </clothing>
 <clothing>
  <id>
   236626824
  </id>
  <name>
   Puma Hat B-1387
  </name>
  <category>
   Hat
  </category>
  <size>
   M
  </size>
  <color>
   Оранжевый
  </color>
  <material>
   Лен
  </material>
  <price>
   953546
  </price>
  <rating>
   1.81
  </rating>
  <reviews>
   700030
  </reviews>
  <new>
   -
  </new>
  <exclusive>
   no
  </exclusive>
 </clothing>
 <clothing>
  <id>
   108149667
  </id>
  <name>
   Puma Socks J-6915
  </name>
  <category>
   Socks
  </category>
  <size>
   M
  </size>
  <color>
   Синий
  </color>
  <material>
   Шелк
  </material>
  <price>
   441575
  </price>
  <rating>
   3.99
  </rating>
  <reviews>
   536430
  </reviews>
  <new>
   -
  </new>
 </clothing>
 <clothing>
  <id>
   295574835
  </id>
  <name>
   Asics Jeans D-1392
  </name>
  <category>
   Jeans
  </category>
  <size>
   XL
  </size>
  <color>
   Зеленый
  </color>
  <material>
   Шелк
  </material>
  <price>
   605797
  </price>
  <rating>
   1.76
  </rating>
  <reviews>
   952427
  </reviews>
  <sporty>
   no
  </sporty>
 </clothing>
 <clothing>
  <id>
   481811068
  </id>
  <name>
   Addidas Socks Q-5274
  </name>
  <category>
   Socks
  </category>
  <size>
   S
  </size>
  <color>
   Голубой
  </color>
  <material>
   Шерсть
  </material>
  <price>
   908661
  </price>
  <rating>
   2.61
  </rating>
  <reviews>
   708983
  </reviews>
  <exclusive>
   yes
  </exclusive>
  <sporty>
   yes
  </sporty>
 </clothing>
 <clothing>
  <id>
   828463372
  </id>
  <name>
   Fila Jacket K-4666
  </name>
  <category>
   Jacket
  </category>
  <size>
   L
  </size>
  <color>
   Красный
  </color>
  <material>
   Шерсть
  </material>
  <price>
   777966
  </price>
  <rating>
   4.82
  </rating>
  <reviews>
   954367
  </reviews>
  <new>
   -
  </new>
  <exclusive>
   no
  </exclusive>
  <sporty>
   yes
  </sporty>
 </clothing>
</clothing-items>
