<?xml version="1.0" encoding="utf-8"?>
<clothing-items>
 <clothing>
  <id>
   178398926
  </id>
  <name>
   Brooks Dress P-7058
  </name>
  <category>
   Dress
  </category>
  <size>
   XL
  </size>
  <color>
   Оранжевый
  </color>
  <material>
   Хлопок
  </material>
  <price>
   736491
  </price>
  <rating>
   3.56
  </rating>
  <reviews>
   823643
  </reviews>
  <new>
   -
  </new>
  <sporty>
   no
  </sporty>
 </clothing>
 <clothing>
  <id>
   110672135
  </id>
  <name>
   Vans Pants G-6035
  </name>
  <category>
   Pants
  </category>
  <size>
   S
  </size>
  <color>
   Голубой
  </color>
  <material>
   Шерсть
  </material>
  <price>
   501117
  </price>
  <rating>
   1.66
  </rating>
  <reviews>
   844703
  </reviews>
  <new>
   +
  </new>
  <exclusive>
   no
  </exclusive>
  <sporty>
   no
  </sporty>
 </clothing>
 <clothing>
  <id>
   250704334
  </id>
  <name>
   Addidas Blouse P-5748
  </name>
  <category>
   Blouse
  </category>
  <size>
   XXL
  </size>
  <color>
   Фиолетовый
  </color>
  <material>
   Вискоза
  </material>
  <price>
   603417
  </price>
  <rating>
   3.93
  </rating>
  <reviews>
   436443
  </reviews>
 </clothing>
 <clothing>
  <id>
   544845193
  </id>
  <name>
   Adidas Shirt C-7326
  </name>
  <category>
   Shirt
  </category>
  <size>
   L
  </size>
  <color>
   Зеленый
  </color>
  <material>
   Шерсть
  </material>
  <price>
   800849
  </price>
  <rating>
   4.28
  </rating>
  <reviews>
   393109
  </reviews>
  <sporty>
   yes
  </sporty>
 </clothing>
 <clothing>
  <id>
   909907210
  </id>
  <name>
   Ellesse Handbags X-4066
  </name>
  <category>
   Handbags
  </category>
  <size>
   S
  </size>
  <color>
   Оранжевый
  </color>
  <material>
   Шелк
  </material>
  <price>
   610250
  </price>
  <rating>
   2.28
  </rating>
  <reviews>
   721451
  </reviews>
  <new>
   -
  </new>
  <exclusive>
   no
  </exclusive>
 </clothing>
 <clothing>
  <id>
   852117904
  </id>
  <name>
   Fila Jacket A-6940
  </name>
  <category>
   Jacket
  </category>
  <size>
   S
  </size>
  <color>
   Красный
  </color>
  <material>
   Нейлон
  </material>
  <price>
   750202
  </price>
  <rating>
   1.37
  </rating>
  <reviews>
   103509
  </reviews>
  <new>
   +
  </new>
  <exclusive>
   no
  </exclusive>
 </clothing>
 <clothing>
  <id>
   381891158
  </id>
  <name>
   Asics Skirt A-7823
  </name>
  <category>
   Skirt
  </category>
  <size>
   XL
  </size>
  <color>
   Фиолетовый
  </color>
  <material>
   Лен
  </material>
  <price>
   661927
  </price>
  <rating>
   4.63
  </rating>
  <reviews>
   944075
  </reviews>
  <exclusive>
   yes
  </exclusive>
 </clothing>
 <clothing>
  <id>
   709451552
  </id>
  <name>
   Reebok Skirt F-7868
  </name>
  <category>
   Skirt
  </category>
  <size>
   XL
  </size>
  <color>
   Желтый
  </color>
  <material>
   Лен
  </material>
  <price>
   805467
  </price>
  <rating>
   4.82
  </rating>
  <reviews>
   574231
  </reviews>
  <new>
   -
  </new>
 </clothing>
 <clothing>
  <id>
   415084017
  </id>
  <name>
   Asics Jacket V-4261
  </name>
  <category>
   Jacket
  </category>
  <size>
   L
  </size>
  <color>
   Голубой
  </color>
  <material>
   Кожа
  </material>
  <price>
   656416
  </price>
  <rating>
   1.02
  </rating>
  <reviews>
   216442
  </reviews>
  <new>
   -
  </new>
  <sporty>
   no
  </sporty>
 </clothing>
 <clothing>
  <id>
   401620812
  </id>
  <name>
   Converse Skirt H-1596
  </name>
  <category>
   Skirt
  </category>
  <size>
   S
  </size>
  <color>
   Голубой
  </color>
  <material>
   Полиэстер
  </material>
  <price>
   163186
  </price>
  <rating>
   3.72
  </rating>
  <reviews>
   577313
  </reviews>
  <exclusive>
   no
  </exclusive>
  <sporty>
   yes
  </sporty>
 </clothing>
 <clothing>
  <id>
   602108710
  </id>
  <name>
   Puma Gloves B-3110
  </name>
  <category>
   Gloves
  </category>
  <size>
   L
  </size>
  <color>
   Желтый
  </color>
  <material>
   Вискоза
  </material>
  <price>
   534802
  </price>
  <rating>
   1.43
  </rating>
  <reviews>
   206232
  </reviews>
  <exclusive>
   no
  </exclusive>
  <sporty>
   yes
  </sporty>
 </clothing>
 <clothing>
  <id>
   756134457
  </id>
  <name>
   Brooks Shoes W-6611
  </name>
  <category>
   Shoes
  </category>
  <size>
   M
  </size>
  <color>
   Оранжевый
  </color>
  <material>
   Кожа
  </material>
  <price>
   408009
  </price>
  <rating>
   2.3
  </rating>
  <reviews>
   511994
  </reviews>
  <new>
   -
  </new>
  <sporty>
   yes
  </sporty>
 </clothing>
 <clothing>
  <id>
   727169753
  </id>
  <name>
   Asics Shoes G-6366
  </name>
  <category>
   Shoes
  </category>
  <size>
   XXL
  </size>
  <color>
   Голубой
  </color>
  <material>
   Полиэстер
  </material>
  <price>
   812249
  </price>
  <rating>
   2.74
  </rating>
  <reviews>
   591571
  </reviews>
 </clothing>
 <clothing>
  <id>
   115395683
  </id>
  <name>
   Lacoste Umbrellas L-7080
  </name>
  <category>
   Umbrellas
  </category>
  <size>
   L
  </size>
  <color>
   Красный
  </color>
  <material>
   Хлопок
  </material>
  <price>
   195309
  </price>
  <rating>
   2.81
  </rating>
  <reviews>
   536601
  </reviews>
  <new>
   +
  </new>
  <exclusive>
   yes
  </exclusive>
 </clothing>
 <clothing>
  <id>
   836398392
  </id>
  <name>
   Converse Pants N-3876
  </name>
  <category>
   Pants
  </category>
  <size>
   S
  </size>
  <color>
   Синий
  </color>
  <material>
   Полиэстер
  </material>
  <price>
   953676
  </price>
  <rating>
   1.1
  </rating>
  <reviews>
   45694
  </reviews>
  <new>
   +
  </new>
  <exclusive>
   yes
  </exclusive>
 </clothing>
 <clothing>
  <id>
   278441970
  </id>
  <name>
   Vans Shirt T-4300
  </name>
  <category>
   Shirt
  </category>
  <size>
   XXL
  </size>
  <color>
   Синий
  </color>
  <material>
   Шерсть
  </material>
  <price>
   649703
  </price>
  <rating>
   4.91
  </rating>
  <reviews>
   622496
  </reviews>
  <exclusive>
   no
  </exclusive>
 </clothing>
 <clothing>
  <id>
   206935616
  </id>
  <name>
   Under Armour Gloves O-6587
  </name>
  <category>
   Gloves
  </category>
  <size>
   XXL
  </size>
  <color>
   Красный
  </color>
  <material>
   Хлопок
  </material>
  <price>
   578800
  </price>
  <rating>
   3.42
  </rating>
  <reviews>
   470516
  </reviews>
  <new>
   -
  </new>
  <sporty>
   no
  </sporty>
 </clothing>
 <clothing>
  <id>
   107025688
  </id>
  <name>
   Converse Hat F-5292
  </name>
  <category>
   Hat
  </category>
  <size>
   S
  </size>
  <color>
   Синий
  </color>
  <material>
   Вискоза
  </material>
  <price>
   226472
  </price>
  <rating>
   3.02
  </rating>
  <reviews>
   77366
  </reviews>
  <new>
   -
  </new>
  <exclusive>
   yes
  </exclusive>
 </clothing>
 <clothing>
  <id>
   455127067
  </id>
  <name>
   Asics Belts H-4677
  </name>
  <category>
   Belts
  </category>
  <size>
   M
  </size>
  <color>
   Красный
  </color>
  <material>
   Шерсть
  </material>
  <price>
   662021
  </price>
  <rating>
   2.39
  </rating>
  <reviews>
   285181
  </reviews>
  <exclusive>
   no
  </exclusive>
  <sporty>
   yes
  </sporty>
 </clothing>
 <clothing>
  <id>
   417103375
  </id>
  <name>
   Lacoste T-shirt E-7213
  </name>
  <category>
   T-shirt
  </category>
  <size>
   M
  </size>
  <color>
   Желтый
  </color>
  <material>
   Лен
  </material>
  <price>
   279966
  </price>
  <rating>
   3.04
  </rating>
  <reviews>
   9795
  </reviews>
  <new>
   -
  </new>
  <exclusive>
   yes
  </exclusive>
 </clothing>
 <clothing>
  <id>
   461203766
  </id>
  <name>
   Brooks Dress Z-5533
  </name>
  <category>
   Dress
  </category>
  <size>
   XL
  </size>
  <color>
   Фиолетовый
  </color>
  <material>
   Вискоза
  </material>
  <price>
   540466
  </price>
  <rating>
   1.33
  </rating>
  <reviews>
   583147
  </reviews>
  <sporty>
   yes
  </sporty>
 </clothing>
 <clothing>
  <id>
   565369307
  </id>
  <name>
   Brooks Shirt Y-2925
  </name>
  <category>
   Shirt
  </category>
  <size>
   XL
  </size>
  <color>
   Желтый
  </color>
  <material>
   Шелк
  </material>
  <price>
   824878
  </price>
  <rating>
   4.98
  </rating>
  <reviews>
   564284
  </reviews>
  <exclusive>
   yes
  </exclusive>
  <sporty>
   yes
  </sporty>
 </clothing>
 <clothing>
  <id>
   169261954
  </id>
  <name>
   Vans Blouse U-1897
  </name>
  <category>
   Blouse
  </category>
  <size>
   XXL
  </size>
  <color>
   Зеленый
  </color>
  <material>
   Вискоза
  </material>
  <price>
   940727
  </price>
  <rating>
   4.59
  </rating>
  <reviews>
   258566
  </reviews>
  <new>
   -
  </new>
  <sporty>
   no
  </sporty>
 </clothing>
 <clothing>
  <id>
   738221774
  </id>
  <name>
   Adidas Jacket O-1361
  </name>
  <category>
   Jacket
  </category>
  <size>
   XXL
  </size>
  <color>
   Синий
  </color>
  <material>
   Шерсть
  </material>
  <price>
   576447
  </price>
  <rating>
   2.38
  </rating>
  <reviews>
   122118
  </reviews>
  <exclusive>
   no
  </exclusive>
  <sporty>
   no
  </sporty>
 </clothing>
 <clothing>
  <id>
   479468573
  </id>
  <name>
   Puma Jeans G-2080
  </name>
  <category>
   Jeans
  </category>
  <size>
   XL
  </size>
  <color>
   Синий
  </color>
  <material>
   Лен
  </material>
  <price>
   742246
  </price>
  <rating>
   1.93
  </rating>
  <reviews>
   106266
  </reviews>
  <new>
   +
  </new>
  <sporty>
   yes
  </sporty>
 </clothing>
 <clothing>
  <id>
   790469759
  </id>
  <name>
   Asics T-shirt Q-3561
  </name>
  <category>
   T-shirt
  </category>
  <size>
   S
  </size>
  <color>
   Оранжевый
  </color>
  <material>
   Хлопок
  </material>
  <price>
   179359
  </price>
  <rating>
   2.67
  </rating>
  <reviews>
   102141
  </reviews>
  <sporty>
   yes
  </sporty>
 </clothing>
 <clothing>
  <id>
   440452729
  </id>
  <name>
   Reebok Shirt H-4403
  </name>
  <category>
   Shirt
  </category>
  <size>
   S
  </size>
  <color>
   Синий
  </color>
  <material>
   Нейлон
  </material>
  <price>
   292677
  </price>
  <rating>
   1.54
  </rating>
  <reviews>
   78190
  </reviews>
 </clothing>
 <clothing>
  <id>
   157937482
  </id>
  <name>
   Asics Dress W-2194
  </name>
  <category>
   Dress
  </category>
  <size>
   XXL
  </size>
  <color>
   Фиолетовый
  </color>
  <material>
   Шелк
  </material>
  <price>
   564602
  </price>
  <rating>
   3.94
  </rating>
  <reviews>
   527790
  </reviews>
  <new>
   +
  </new>
  <exclusive>
   no
  </exclusive>
  <sporty>
   no
  </sporty>
 </clothing>
 <clothing>
  <id>
   557993346
  </id>
  <name>
   Adidas Jeans D-7695
  </name>
  <category>
   Jeans
  </category>
  <size>
   L
  </size>
  <color>
   Желтый
  </color>
  <material>
   Лен
  </material>
  <price>
   565469
  </price>
  <rating>
   1.65
  </rating>
  <reviews>
   226743
  </reviews>
  <new>
   +
  </new>
  <sporty>
   no
  </sporty>
 </clothing>
 <clothing>
  <id>
   512576929
  </id>
  <name>
   Addidas Jacket H-5682
  </name>
  <category>
   Jacket
  </category>
  <size>
   XL
  </size>
  <color>
   Оранжевый
  </color>
  <material>
   Шерсть
  </material>
  <price>
   451810
  </price>
  <rating>
   3.43
  </rating>
  <reviews>
   725976
  </reviews>
  <exclusive>
   no
  </exclusive>
 </clothing>
 <clothing>
  <id>
   968820478
  </id>
  <name>
   Adidas Hat Z-6005
  </name>
  <category>
   Hat
  </category>
  <size>
   S
  </size>
  <color>
   Желтый
  </color>
  <material>
   Шерсть
  </material>
  <price>
   189057
  </price>
  <rating>
   1.56
  </rating>
  <reviews>
   872452
  </reviews>
  <exclusive>
   no
  </exclusive>
  <sporty>
   yes
  </sporty>
 </clothing>
 <clothing>
  <id>
   768594365
  </id>
  <name>
   Under Armour Umbrellas J-3301
  </name>
  <category>
   Umbrellas
  </category>
  <size>
   XXL
  </size>
  <color>
   Красный
  </color>
  <material>
   Шелк
  </material>
  <price>
   594566
  </price>
  <rating>
   1.87
  </rating>
  <reviews>
   785562
  </reviews>
  <new>
   +
  </new>
  <exclusive>
   yes
  </exclusive>
  <sporty>
   no
  </sporty>
 </clothing>
 <clothing>
  <id>
   837165089
  </id>
  <name>
   Addidas Belts D-9709
  </name>
  <category>
   Belts
  </category>
  <size>
   L
  </size>
  <color>
   Желтый
  </color>
  <material>
   Лен
  </material>
  <price>
   632966
  </price>
  <rating>
   3.2
  </rating>
  <reviews>
   610012
  </reviews>
  <new>
   +
  </new>
  <sporty>
   no
  </sporty>
 </clothing>
 <clothing>
  <id>
   493056732
  </id>
  <name>
   Under Armour Skirt W-1749
  </name>
  <category>
   Skirt
  </category>
  <size>
   XL
  </size>
  <color>
   Желтый
  </color>
  <material>
   Полиэстер
  </material>
  <price>
   539683
  </price>
  <rating>
   4.41
  </rating>
  <reviews>
   436246
  </reviews>
  <sporty>
   no
  </sporty>
 </clothing>
 <clothing>
  <id>
   523498734
  </id>
  <name>
   Addidas Shoes A-8640
  </name>
  <category>
   Shoes
  </category>
  <size>
   S
  </size>
  <color>
   Синий
  </color>
  <material>
   Шелк
  </material>
  <price>
   399150
  </price>
  <rating>
   4.57
  </rating>
  <reviews>
   178714
  </reviews>
  <new>
   -
  </new>
  <exclusive>
   yes
  </exclusive>
 </clothing>
</clothing-items>
