<?xml version="1.0" encoding="utf-8"?>
<clothing-items>
 <clothing>
  <id>
   634573883
  </id>
  <name>
   Under Armour Umbrellas T-3699
  </name>
  <category>
   Umbrellas
  </category>
  <size>
   M
  </size>
  <color>
   Синий
  </color>
  <material>
   Вискоза
  </material>
  <price>
   175059
  </price>
  <rating>
   2.55
  </rating>
  <reviews>
   471323
  </reviews>
  <new>
   +
  </new>
  <exclusive>
   yes
  </exclusive>
 </clothing>
 <clothing>
  <id>
   340982102
  </id>
  <name>
   Fila Socks W-1389
  </name>
  <category>
   Socks
  </category>
  <size>
   S
  </size>
  <color>
   Зеленый
  </color>
  <material>
   Полиэстер
  </material>
  <price>
   895122
  </price>
  <rating>
   1.78
  </rating>
  <reviews>
   619619
  </reviews>
  <new>
   +
  </new>
  <exclusive>
   no
  </exclusive>
  <sporty>
   no
  </sporty>
 </clothing>
 <clothing>
  <id>
   983093192
  </id>
  <name>
   Reebok Shirt R-5131
  </name>
  <category>
   Shirt
  </category>
  <size>
   S
  </size>
  <color>
   Зеленый
  </color>
  <material>
   Хлопок
  </material>
  <price>
   856086
  </price>
  <rating>
   4.38
  </rating>
  <reviews>
   119287
  </reviews>
  <new>
   -
  </new>
 </clothing>
 <clothing>
  <id>
   672173736
  </id>
  <name>
   Ellesse Belts D-8533
  </name>
  <category>
   Belts
  </category>
  <size>
   XXL
  </size>
  <color>
   Желтый
  </color>
  <material>
   Вискоза
  </material>
  <price>
   437345
  </price>
  <rating>
   2.63
  </rating>
  <reviews>
   801659
  </reviews>
  <new>
   -
  </new>
  <exclusive>
   no
  </exclusive>
  <sporty>
   no
  </sporty>
 </clothing>
 <clothing>
  <id>
   299445483
  </id>
  <name>
   Under Armour Socks S-7671
  </name>
  <category>
   Socks
  </category>
  <size>
   M
  </size>
  <color>
   Голубой
  </color>
  <material>
   Лен
  </material>
  <price>
   878898
  </price>
  <rating>
   4.81
  </rating>
  <reviews>
   998439
  </reviews>
  <new>
   -
  </new>
  <exclusive>
   no
  </exclusive>
  <sporty>
   no
  </sporty>
 </clothing>
 <clothing>
  <id>
   951331896
  </id>
  <name>
   Vans Dress M-1186
  </name>
  <category>
   Dress
  </category>
  <size>
   M
  </size>
  <color>
   Зеленый
  </color>
  <material>
   Шелк
  </material>
  <price>
   819863
  </price>
  <rating>
   4.98
  </rating>
  <reviews>
   367919
  </reviews>
  <new>
   +
  </new>
  <exclusive>
   no
  </exclusive>
  <sporty>
   yes
  </sporty>
 </clothing>
 <clothing>
  <id>
   450328809
  </id>
  <name>
   Adidas Jeans E-9490
  </name>
  <category>
   Jeans
  </category>
  <size>
   L
  </size>
  <color>
   Зеленый
  </color>
  <material>
   Кожа
  </material>
  <price>
   269403
  </price>
  <rating>
   3.73
  </rating>
  <reviews>
   312286
  </reviews>
  <new>
   -
  </new>
  <exclusive>
   no
  </exclusive>
  <sporty>
   no
  </sporty>
 </clothing>
 <clothing>
  <id>
   956210725
  </id>
  <name>
   Under Armour Shirt C-8920
  </name>
  <category>
   Shirt
  </category>
  <size>
   L
  </size>
  <color>
   Фиолетовый
  </color>
  <material>
   Кожа
  </material>
  <price>
   749269
  </price>
  <rating>
   4.99
  </rating>
  <reviews>
   940516
  </reviews>
  <exclusive>
   no
  </exclusive>
  <sporty>
   no
  </sporty>
 </clothing>
 <clothing>
  <id>
   105060607
  </id>
  <name>
   New Balance Jeans F-6989
  </name>
  <category>
   Jeans
  </category>
  <size>
   S
  </size>
  <color>
   Фиолетовый
  </color>
  <material>
   Хлопок
  </material>
  <price>
   933869
  </price>
  <rating>
   3.72
  </rating>
  <reviews>
   586256
  </reviews>
 </clothing>
 <clothing>
  <id>
   987801873
  </id>
  <name>
   Reebok Blouse P-6641
  </name>
  <category>
   Blouse
  </category>
  <size>
   L
  </size>
  <color>
   Красный
  </color>
  <material>
   Нейлон
  </material>
  <price>
   578851
  </price>
  <rating>
   1.97
  </rating>
  <reviews>
   403555
  </reviews>
  <new>
   +
  </new>
  <sporty>
   yes
  </sporty>
 </clothing>
 <clothing>
  <id>
   542227519
  </id>
  <name>
   Fila Sweater H-8899
  </name>
  <category>
   Sweater
  </category>
  <size>
   M
  </size>
  <color>
   Желтый
  </color>
  <material>
   Шелк
  </material>
  <price>
   678571
  </price>
  <rating>
   2.37
  </rating>
  <reviews>
   898239
  </reviews>
  <exclusive>
   yes
  </exclusive>
 </clothing>
 <clothing>
  <id>
   457296248
  </id>
  <name>
   Puma Shirt D-2813
  </name>
  <category>
   Shirt
  </category>
  <size>
   M
  </size>
  <color>
   Желтый
  </color>
  <material>
   Лен
  </material>
  <price>
   462225
  </price>
  <rating>
   3.86
  </rating>
  <reviews>
   14207
  </reviews>
  <new>
   +
  </new>
  <exclusive>
   yes
  </exclusive>
  <sporty>
   no
  </sporty>
 </clothing>
 <clothing>
  <id>
   571025130
  </id>
  <name>
   DC Dress S-6315
  </name>
  <category>
   Dress
  </category>
  <size>
   M
  </size>
  <color>
   Оранжевый
  </color>
  <material>
   Лен
  </material>
  <price>
   590310
  </price>
  <rating>
   2.24
  </rating>
  <reviews>
   894168
  </reviews>
  <exclusive>
   no
  </exclusive>
 </clothing>
 <clothing>
  <id>
   868820206
  </id>
  <name>
   Converse Sweater J-5192
  </name>
  <category>
   Sweater
  </category>
  <size>
   XL
  </size>
  <color>
   Голубой
  </color>
  <material>
   Хлопок
  </material>
  <price>
   814680
  </price>
  <rating>
   3.0
  </rating>
  <reviews>
   978331
  </reviews>
  <exclusive>
   no
  </exclusive>
  <sporty>
   no
  </sporty>
 </clothing>
</clothing-items>
