<?xml version="1.0" encoding="utf-8"?>
<clothing-items>
 <clothing>
  <id>
   465043803
  </id>
  <name>
   Converse Dress E-2607
  </name>
  <category>
   Dress
  </category>
  <size>
   L
  </size>
  <color>
   Синий
  </color>
  <material>
   Нейлон
  </material>
  <price>
   199124
  </price>
  <rating>
   2.84
  </rating>
  <reviews>
   816308
  </reviews>
  <sporty>
   yes
  </sporty>
 </clothing>
 <clothing>
  <id>
   276252292
  </id>
  <name>
   Ellesse T-shirt D-5388
  </name>
  <category>
   T-shirt
  </category>
  <size>
   M
  </size>
  <color>
   Желтый
  </color>
  <material>
   Шерсть
  </material>
  <price>
   192157
  </price>
  <rating>
   3.12
  </rating>
  <reviews>
   489582
  </reviews>
  <new>
   -
  </new>
  <sporty>
   yes
  </sporty>
 </clothing>
 <clothing>
  <id>
   714501795
  </id>
  <name>
   Puma Socks M-6780
  </name>
  <category>
   Socks
  </category>
  <size>
   S
  </size>
  <color>
   Желтый
  </color>
  <material>
   Лен
  </material>
  <price>
   193992
  </price>
  <rating>
   2.12
  </rating>
  <reviews>
   433789
  </reviews>
  <new>
   +
  </new>
  <exclusive>
   no
  </exclusive>
  <sporty>
   yes
  </sporty>
 </clothing>
 <clothing>
  <id>
   693235241
  </id>
  <name>
   Puma Dress T-5085
  </name>
  <category>
   Dress
  </category>
  <size>
   S
  </size>
  <color>
   Желтый
  </color>
  <material>
   Полиэстер
  </material>
  <price>
   178484
  </price>
  <rating>
   3.88
  </rating>
  <reviews>
   637617
  </reviews>
  <exclusive>
   yes
  </exclusive>
 </clothing>
 <clothing>
  <id>
   970460203
  </id>
  <name>
   Ellesse T-shirt Z-6205
  </name>
  <category>
   T-shirt
  </category>
  <size>
   S
  </size>
  <color>
   Желтый
  </color>
  <material>
   Нейлон
  </material>
  <price>
   724626
  </price>
  <rating>
   4.82
  </rating>
  <reviews>
   786425
  </reviews>
  <exclusive>
   yes
  </exclusive>
  <sporty>
   no
  </sporty>
 </clothing>
 <clothing>
  <id>
   787928405
  </id>
  <name>
   Addidas Umbrellas C-1322
  </name>
  <category>
   Umbrellas
  </category>
  <size>
   S
  </size>
  <color>
   Голубой
  </color>
  <material>
   Кожа
  </material>
  <price>
   576408
  </price>
  <rating>
   4.44
  </rating>
  <reviews>
   406750
  </reviews>
  <new>
   +
  </new>
  <exclusive>
   no
  </exclusive>
  <sporty>
   yes
  </sporty>
 </clothing>
 <clothing>
  <id>
   592025893
  </id>
  <name>
   PleinSport Sweater M-8783
  </name>
  <category>
   Sweater
  </category>
  <size>
   M
  </size>
  <color>
   Фиолетовый
  </color>
  <material>
   Лен
  </material>
  <price>
   610119
  </price>
  <rating>
   4.69
  </rating>
  <reviews>
   614328
  </reviews>
  <sporty>
   no
  </sporty>
 </clothing>
 <clothing>
  <id>
   523391659
  </id>
  <name>
   Converse Belts C-9095
  </name>
  <category>
   Belts
  </category>
  <size>
   S
  </size>
  <color>
   Красный
  </color>
  <material>
   Нейлон
  </material>
  <price>
   515366
  </price>
  <rating>
   2.51
  </rating>
  <reviews>
   897260
  </reviews>
  <new>
   -
  </new>
 </clothing>
 <clothing>
  <id>
   153899790
  </id>
  <name>
   New Balance Dress N-7837
  </name>
  <category>
   Dress
  </category>
  <size>
   S
  </size>
  <color>
   Синий
  </color>
  <material>
   Лен
  </material>
  <price>
   758103
  </price>
  <rating>
   4.2
  </rating>
  <reviews>
   829834
  </reviews>
  <new>
   -
  </new>
  <sporty>
   yes
  </sporty>
 </clothing>
 <clothing>
  <id>
   971527012
  </id>
  <name>
   Nike Umbrellas A-4488
  </name>
  <category>
   Umbrellas
  </category>
  <size>
   XXL
  </size>
  <color>
   Синий
  </color>
  <material>
   Кожа
  </material>
  <price>
   375142
  </price>
  <rating>
   3.68
  </rating>
  <reviews>
   138205
  </reviews>
  <new>
   -
  </new>
 </clothing>
 <clothing>
  <id>
   632730828
  </id>
  <name>
   Addidas Skirt H-1152
  </name>
  <category>
   Skirt
  </category>
  <size>
   L
  </size>
  <color>
   Оранжевый
  </color>
  <material>
   Нейлон
  </material>
  <price>
   949144
  </price>
  <rating>
   4.45
  </rating>
  <reviews>
   998445
  </reviews>
  <sporty>
   no
  </sporty>
 </clothing>
 <clothing>
  <id>
   990061621
  </id>
  <name>
   New Balance Belts A-9649
  </name>
  <category>
   Belts
  </category>
  <size>
   M
  </size>
  <color>
   Синий
  </color>
  <material>
   Полиэстер
  </material>
  <price>
   115475
  </price>
  <rating>
   4.97
  </rating>
  <reviews>
   607865
  </reviews>
  <new>
   +
  </new>
 </clothing>
 <clothing>
  <id>
   158484919
  </id>
  <name>
   Fila Jeans B-3528
  </name>
  <category>
   Jeans
  </category>
  <size>
   XXL
  </size>
  <color>
   Оранжевый
  </color>
  <material>
   Полиэстер
  </material>
  <price>
   225827
  </price>
  <rating>
   1.56
  </rating>
  <reviews>
   15221
  </reviews>
  <new>
   -
  </new>
  <exclusive>
   no
  </exclusive>
  <sporty>
   yes
  </sporty>
 </clothing>
 <clothing>
  <id>
   209368876
  </id>
  <name>
   Lacoste Pants V-2623
  </name>
  <category>
   Pants
  </category>
  <size>
   XL
  </size>
  <color>
   Красный
  </color>
  <material>
   Лен
  </material>
  <price>
   509330
  </price>
  <rating>
   4.83
  </rating>
  <reviews>
   712152
  </reviews>
  <new>
   -
  </new>
  <exclusive>
   no
  </exclusive>
 </clothing>
 <clothing>
  <id>
   338858282
  </id>
  <name>
   Lacoste Hat T-3149
  </name>
  <category>
   Hat
  </category>
  <size>
   XXL
  </size>
  <color>
   Голубой
  </color>
  <material>
   Кожа
  </material>
  <price>
   217531
  </price>
  <rating>
   1.06
  </rating>
  <reviews>
   150486
  </reviews>
  <exclusive>
   no
  </exclusive>
 </clothing>
 <clothing>
  <id>
   348510001
  </id>
  <name>
   Converse Umbrellas I-9330
  </name>
  <category>
   Umbrellas
  </category>
  <size>
   XXL
  </size>
  <color>
   Фиолетовый
  </color>
  <material>
   Полиэстер
  </material>
  <price>
   592275
  </price>
  <rating>
   2.53
  </rating>
  <reviews>
   577502
  </reviews>
  <new>
   -
  </new>
 </clothing>
 <clothing>
  <id>
   298206750
  </id>
  <name>
   Fila Socks I-9624
  </name>
  <category>
   Socks
  </category>
  <size>
   M
  </size>
  <color>
   Красный
  </color>
  <material>
   Кожа
  </material>
  <price>
   780783
  </price>
  <rating>
   1.22
  </rating>
  <reviews>
   305442
  </reviews>
  <new>
   -
  </new>
  <sporty>
   no
  </sporty>
 </clothing>
 <clothing>
  <id>
   893810226
  </id>
  <name>
   Puma Jacket V-3600
  </name>
  <category>
   Jacket
  </category>
  <size>
   M
  </size>
  <color>
   Оранжевый
  </color>
  <material>
   Кожа
  </material>
  <price>
   222726
  </price>
  <rating>
   2.74
  </rating>
  <reviews>
   459100
  </reviews>
  <new>
   -
  </new>
  <sporty>
   no
  </sporty>
 </clothing>
 <clothing>
  <id>
   129805320
  </id>
  <name>
   Addidas Shoes D-7415
  </name>
  <category>
   Shoes
  </category>
  <size>
   L
  </size>
  <color>
   Синий
  </color>
  <material>
   Полиэстер
  </material>
  <price>
   705683
  </price>
  <rating>
   4.15
  </rating>
  <reviews>
   581800
  </reviews>
  <new>
   -
  </new>
 </clothing>
 <clothing>
  <id>
   933180198
  </id>
  <name>
   Addidas Sweater Y-5856
  </name>
  <category>
   Sweater
  </category>
  <size>
   S
  </size>
  <color>
   Синий
  </color>
  <material>
   Лен
  </material>
  <price>
   706056
  </price>
  <rating>
   2.29
  </rating>
  <reviews>
   293553
  </reviews>
  <new>
   -
  </new>
  <exclusive>
   no
  </exclusive>
 </clothing>
 <clothing>
  <id>
   666779801
  </id>
  <name>
   Nike Jacket X-5386
  </name>
  <category>
   Jacket
  </category>
  <size>
   L
  </size>
  <color>
   Оранжевый
  </color>
  <material>
   Лен
  </material>
  <price>
   664408
  </price>
  <rating>
   3.46
  </rating>
  <reviews>
   773765
  </reviews>
  <new>
   +
  </new>
  <sporty>
   no
  </sporty>
 </clothing>
 <clothing>
  <id>
   353919339
  </id>
  <name>
   Nike Jacket A-7852
  </name>
  <category>
   Jacket
  </category>
  <size>
   XL
  </size>
  <color>
   Фиолетовый
  </color>
  <material>
   Вискоза
  </material>
  <price>
   700368
  </price>
  <rating>
   3.36
  </rating>
  <reviews>
   458964
  </reviews>
  <new>
   -
  </new>
  <exclusive>
   yes
  </exclusive>
  <sporty>
   yes
  </sporty>
 </clothing>
 <clothing>
  <id>
   504082720
  </id>
  <name>
   Adidas T-shirt J-2220
  </name>
  <category>
   T-shirt
  </category>
  <size>
   L
  </size>
  <color>
   Фиолетовый
  </color>
  <material>
   Шерсть
  </material>
  <price>
   900409
  </price>
  <rating>
   4.6
  </rating>
  <reviews>
   542609
  </reviews>
  <new>
   -
  </new>
  <exclusive>
   no
  </exclusive>
 </clothing>
 <clothing>
  <id>
   478239697
  </id>
  <name>
   Converse Jeans G-9654
  </name>
  <category>
   Jeans
  </category>
  <size>
   XL
  </size>
  <color>
   Голубой
  </color>
  <material>
   Кожа
  </material>
  <price>
   595495
  </price>
  <rating>
   3.86
  </rating>
  <reviews>
   472220
  </reviews>
  <new>
   -
  </new>
  <exclusive>
   no
  </exclusive>
 </clothing>
 <clothing>
  <id>
   436060468
  </id>
  <name>
   PleinSport Hat E-4568
  </name>
  <category>
   Hat
  </category>
  <size>
   XXL
  </size>
  <color>
   Красный
  </color>
  <material>
   Шелк
  </material>
  <price>
   970331
  </price>
  <rating>
   1.98
  </rating>
  <reviews>
   882089
  </reviews>
  <sporty>
   no
  </sporty>
 </clothing>
 <clothing>
  <id>
   483154809
  </id>
  <name>
   Lacoste Jacket C-1830
  </name>
  <category>
   Jacket
  </category>
  <size>
   L
  </size>
  <color>
   Желтый
  </color>
  <material>
   Шерсть
  </material>
  <price>
   308722
  </price>
  <rating>
   1.48
  </rating>
  <reviews>
   26297
  </reviews>
  <exclusive>
   yes
  </exclusive>
 </clothing>
 <clothing>
  <id>
   440088647
  </id>
  <name>
   Reebok Jacket L-7061
  </name>
  <category>
   Jacket
  </category>
  <size>
   S
  </size>
  <color>
   Оранжевый
  </color>
  <material>
   Кожа
  </material>
  <price>
   171134
  </price>
  <rating>
   2.52
  </rating>
  <reviews>
   104233
  </reviews>
  <exclusive>
   yes
  </exclusive>
  <sporty>
   yes
  </sporty>
 </clothing>
 <clothing>
  <id>
   784935906
  </id>
  <name>
   Converse Skirt T-3010
  </name>
  <category>
   Skirt
  </category>
  <size>
   L
  </size>
  <color>
   Зеленый
  </color>
  <material>
   Кожа
  </material>
  <price>
   924418
  </price>
  <rating>
   3.37
  </rating>
  <reviews>
   469316
  </reviews>
  <sporty>
   yes
  </sporty>
 </clothing>
 <clothing>
  <id>
   894844204
  </id>
  <name>
   Nike Blouse S-3155
  </name>
  <category>
   Blouse
  </category>
  <size>
   L
  </size>
  <color>
   Зеленый
  </color>
  <material>
   Нейлон
  </material>
  <price>
   835167
  </price>
  <rating>
   2.74
  </rating>
  <reviews>
   402308
  </reviews>
  <new>
   +
  </new>
 </clothing>
 <clothing>
  <id>
   723987839
  </id>
  <name>
   Addidas Sweater K-6132
  </name>
  <category>
   Sweater
  </category>
  <size>
   L
  </size>
  <color>
   Красный
  </color>
  <material>
   Шелк
  </material>
  <price>
   414990
  </price>
  <rating>
   3.87
  </rating>
  <reviews>
   940359
  </reviews>
  <sporty>
   yes
  </sporty>
 </clothing>
 <clothing>
  <id>
   205960726
  </id>
  <name>
   DC Sweater E-9751
  </name>
  <category>
   Sweater
  </category>
  <size>
   XXL
  </size>
  <color>
   Голубой
  </color>
  <material>
   Шелк
  </material>
  <price>
   573941
  </price>
  <rating>
   1.77
  </rating>
  <reviews>
   351350
  </reviews>
 </clothing>
 <clothing>
  <id>
   561245008
  </id>
  <name>
   Fila Pants B-5322
  </name>
  <category>
   Pants
  </category>
  <size>
   S
  </size>
  <color>
   Красный
  </color>
  <material>
   Шерсть
  </material>
  <price>
   319475
  </price>
  <rating>
   4.62
  </rating>
  <reviews>
   196255
  </reviews>
  <exclusive>
   yes
  </exclusive>
  <sporty>
   no
  </sporty>
 </clothing>
 <clothing>
  <id>
   426077975
  </id>
  <name>
   Lacoste Hat J-7119
  </name>
  <category>
   Hat
  </category>
  <size>
   S
  </size>
  <color>
   Синий
  </color>
  <material>
   Кожа
  </material>
  <price>
   496609
  </price>
  <rating>
   1.21
  </rating>
  <reviews>
   982977
  </reviews>
  <new>
   +
  </new>
  <sporty>
   yes
  </sporty>
 </clothing>
 <clothing>
  <id>
   686321624
  </id>
  <name>
   Adidas Shirt T-3272
  </name>
  <category>
   Shirt
  </category>
  <size>
   M
  </size>
  <color>
   Синий
  </color>
  <material>
   Шерсть
  </material>
  <price>
   558937
  </price>
  <rating>
   4.29
  </rating>
  <reviews>
   476543
  </reviews>
  <exclusive>
   yes
  </exclusive>
 </clothing>
 <clothing>
  <id>
   770132885
  </id>
  <name>
   Converse Belts M-4183
  </name>
  <category>
   Belts
  </category>
  <size>
   M
  </size>
  <color>
   Синий
  </color>
  <material>
   Кожа
  </material>
  <price>
   286415
  </price>
  <rating>
   3.32
  </rating>
  <reviews>
   899363
  </reviews>
  <exclusive>
   yes
  </exclusive>
  <sporty>
   no
  </sporty>
 </clothing>
 <clothing>
  <id>
   779354470
  </id>
  <name>
   Under Armour Jeans U-1984
  </name>
  <category>
   Jeans
  </category>
  <size>
   XL
  </size>
  <color>
   Красный
  </color>
  <material>
   Шелк
  </material>
  <price>
   864156
  </price>
  <rating>
   4.55
  </rating>
  <reviews>
   763251
  </reviews>
  <exclusive>
   no
  </exclusive>
  <sporty>
   no
  </sporty>
 </clothing>
 <clothing>
  <id>
   461197673
  </id>
  <name>
   Fila Jeans M-6589
  </name>
  <category>
   Jeans
  </category>
  <size>
   M
  </size>
  <color>
   Голубой
  </color>
  <material>
   Полиэстер
  </material>
  <price>
   139689
  </price>
  <rating>
   3.72
  </rating>
  <reviews>
   431967
  </reviews>
 </clothing>
</clothing-items>
