<?xml version="1.0" encoding="utf-8"?>
<clothing-items>
 <clothing>
  <id>
   150593115
  </id>
  <name>
   Addidas Pants G-8376
  </name>
  <category>
   Pants
  </category>
  <size>
   M
  </size>
  <color>
   Фиолетовый
  </color>
  <material>
   Хлопок
  </material>
  <price>
   777913
  </price>
  <rating>
   1.21
  </rating>
  <reviews>
   90251
  </reviews>
  <new>
   +
  </new>
  <exclusive>
   no
  </exclusive>
  <sporty>
   no
  </sporty>
 </clothing>
 <clothing>
  <id>
   995486047
  </id>
  <name>
   Reebok Handbags X-6506
  </name>
  <category>
   Handbags
  </category>
  <size>
   S
  </size>
  <color>
   Голубой
  </color>
  <material>
   Полиэстер
  </material>
  <price>
   158733
  </price>
  <rating>
   4.74
  </rating>
  <reviews>
   623704
  </reviews>
  <exclusive>
   yes
  </exclusive>
  <sporty>
   no
  </sporty>
 </clothing>
 <clothing>
  <id>
   425024039
  </id>
  <name>
   Brooks Socks R-5753
  </name>
  <category>
   Socks
  </category>
  <size>
   XL
  </size>
  <color>
   Голубой
  </color>
  <material>
   Шелк
  </material>
  <price>
   696668
  </price>
  <rating>
   2.0
  </rating>
  <reviews>
   860246
  </reviews>
  <new>
   +
  </new>
 </clothing>
 <clothing>
  <id>
   717056275
  </id>
  <name>
   Reebok Gloves R-6543
  </name>
  <category>
   Gloves
  </category>
  <size>
   XXL
  </size>
  <color>
   Оранжевый
  </color>
  <material>
   Шерсть
  </material>
  <price>
   621247
  </price>
  <rating>
   4.96
  </rating>
  <reviews>
   314525
  </reviews>
  <new>
   -
  </new>
  <exclusive>
   yes
  </exclusive>
  <sporty>
   no
  </sporty>
 </clothing>
 <clothing>
  <id>
   492523668
  </id>
  <name>
   Reebok Skirt P-1568
  </name>
  <category>
   Skirt
  </category>
  <size>
   L
  </size>
  <color>
   Синий
  </color>
  <material>
   Лен
  </material>
  <price>
   771997
  </price>
  <rating>
   3.58
  </rating>
  <reviews>
   763155
  </reviews>
  <new>
   -
  </new>
  <sporty>
   no
  </sporty>
 </clothing>
 <clothing>
  <id>
   809622534
  </id>
  <name>
   Asics Belts L-3709
  </name>
  <category>
   Belts
  </category>
  <size>
   L
  </size>
  <color>
   Голубой
  </color>
  <material>
   Хлопок
  </material>
  <price>
   905391
  </price>
  <rating>
   1.03
  </rating>
  <reviews>
   105552
  </reviews>
  <new>
   +
  </new>
  <exclusive>
   no
  </exclusive>
 </clothing>
 <clothing>
  <id>
   279389901
  </id>
  <name>
   Nike Skirt E-3747
  </name>
  <category>
   Skirt
  </category>
  <size>
   XL
  </size>
  <color>
   Оранжевый
  </color>
  <material>
   Лен
  </material>
  <price>
   300013
  </price>
  <rating>
   1.79
  </rating>
  <reviews>
   781598
  </reviews>
  <new>
   -
  </new>
  <exclusive>
   no
  </exclusive>
 </clothing>
 <clothing>
  <id>
   936199388
  </id>
  <name>
   New Balance Gloves C-4258
  </name>
  <category>
   Gloves
  </category>
  <size>
   L
  </size>
  <color>
   Фиолетовый
  </color>
  <material>
   Шерсть
  </material>
  <price>
   286145
  </price>
  <rating>
   1.19
  </rating>
  <reviews>
   725659
  </reviews>
  <sporty>
   yes
  </sporty>
 </clothing>
 <clothing>
  <id>
   555488785
  </id>
  <name>
   Fila T-shirt C-1344
  </name>
  <category>
   T-shirt
  </category>
  <size>
   S
  </size>
  <color>
   Голубой
  </color>
  <material>
   Шерсть
  </material>
  <price>
   268396
  </price>
  <rating>
   4.58
  </rating>
  <reviews>
   860602
  </reviews>
  <new>
   +
  </new>
  <sporty>
   no
  </sporty>
 </clothing>
 <clothing>
  <id>
   985390881
  </id>
  <name>
   Under Armour Umbrellas C-7252
  </name>
  <category>
   Umbrellas
  </category>
  <size>
   S
  </size>
  <color>
   Голубой
  </color>
  <material>
   Нейлон
  </material>
  <price>
   752444
  </price>
  <rating>
   2.22
  </rating>
  <reviews>
   69966
  </reviews>
  <new>
   +
  </new>
 </clothing>
 <clothing>
  <id>
   914602044
  </id>
  <name>
   Reebok Socks L-6448
  </name>
  <category>
   Socks
  </category>
  <size>
   S
  </size>
  <color>
   Оранжевый
  </color>
  <material>
   Хлопок
  </material>
  <price>
   396684
  </price>
  <rating>
   4.94
  </rating>
  <reviews>
   111101
  </reviews>
  <new>
   -
  </new>
  <exclusive>
   no
  </exclusive>
  <sporty>
   no
  </sporty>
 </clothing>
 <clothing>
  <id>
   666107970
  </id>
  <name>
   DC Jacket Y-9252
  </name>
  <category>
   Jacket
  </category>
  <size>
   L
  </size>
  <color>
   Голубой
  </color>
  <material>
   Шелк
  </material>
  <price>
   778642
  </price>
  <rating>
   4.5
  </rating>
  <reviews>
   572865
  </reviews>
  <exclusive>
   yes
  </exclusive>
  <sporty>
   yes
  </sporty>
 </clothing>
 <clothing>
  <id>
   224861385
  </id>
  <name>
   Nike Pants Q-4809
  </name>
  <category>
   Pants
  </category>
  <size>
   XL
  </size>
  <color>
   Оранжевый
  </color>
  <material>
   Нейлон
  </material>
  <price>
   140775
  </price>
  <rating>
   3.27
  </rating>
  <reviews>
   973009
  </reviews>
  <new>
   +
  </new>
  <exclusive>
   no
  </exclusive>
 </clothing>
 <clothing>
  <id>
   486303106
  </id>
  <name>
   Fila Handbags K-3392
  </name>
  <category>
   Handbags
  </category>
  <size>
   M
  </size>
  <color>
   Зеленый
  </color>
  <material>
   Лен
  </material>
  <price>
   678144
  </price>
  <rating>
   3.51
  </rating>
  <reviews>
   729828
  </reviews>
  <exclusive>
   yes
  </exclusive>
 </clothing>
 <clothing>
  <id>
   269718558
  </id>
  <name>
   Fila Shirt O-8016
  </name>
  <category>
   Shirt
  </category>
  <size>
   S
  </size>
  <color>
   Желтый
  </color>
  <material>
   Вискоза
  </material>
  <price>
   557083
  </price>
  <rating>
   3.09
  </rating>
  <reviews>
   923936
  </reviews>
  <exclusive>
   no
  </exclusive>
  <sporty>
   no
  </sporty>
 </clothing>
 <clothing>
  <id>
   913208532
  </id>
  <name>
   Fila Pants W-8661
  </name>
  <category>
   Pants
  </category>
  <size>
   L
  </size>
  <color>
   Оранжевый
  </color>
  <material>
   Шелк
  </material>
  <price>
   342246
  </price>
  <rating>
   2.26
  </rating>
  <reviews>
   918322
  </reviews>
 </clothing>
 <clothing>
  <id>
   501751701
  </id>
  <name>
   Adidas Gloves X-1406
  </name>
  <category>
   Gloves
  </category>
  <size>
   L
  </size>
  <color>
   Красный
  </color>
  <material>
   Лен
  </material>
  <price>
   931123
  </price>
  <rating>
   4.37
  </rating>
  <reviews>
   778373
  </reviews>
  <new>
   +
  </new>
  <exclusive>
   yes
  </exclusive>
 </clothing>
 <clothing>
  <id>
   272943936
  </id>
  <name>
   Vans Shirt M-8895
  </name>
  <category>
   Shirt
  </category>
  <size>
   M
  </size>
  <color>
   Оранжевый
  </color>
  <material>
   Шерсть
  </material>
  <price>
   210286
  </price>
  <rating>
   1.58
  </rating>
  <reviews>
   735973
  </reviews>
  <new>
   -
  </new>
  <exclusive>
   no
  </exclusive>
 </clothing>
 <clothing>
  <id>
   300297415
  </id>
  <name>
   Addidas Shoes B-7091
  </name>
  <category>
   Shoes
  </category>
  <size>
   S
  </size>
  <color>
   Желтый
  </color>
  <material>
   Полиэстер
  </material>
  <price>
   205366
  </price>
  <rating>
   2.18
  </rating>
  <reviews>
   721610
  </reviews>
  <new>
   -
  </new>
  <exclusive>
   no
  </exclusive>
 </clothing>
 <clothing>
  <id>
   313101237
  </id>
  <name>
   Asics Socks C-6771
  </name>
  <category>
   Socks
  </category>
  <size>
   S
  </size>
  <color>
   Фиолетовый
  </color>
  <material>
   Лен
  </material>
  <price>
   543263
  </price>
  <rating>
   3.19
  </rating>
  <reviews>
   78383
  </reviews>
  <new>
   -
  </new>
  <sporty>
   no
  </sporty>
 </clothing>
 <clothing>
  <id>
   281449819
  </id>
  <name>
   Nike T-shirt O-5738
  </name>
  <category>
   T-shirt
  </category>
  <size>
   M
  </size>
  <color>
   Желтый
  </color>
  <material>
   Полиэстер
  </material>
  <price>
   368211
  </price>
  <rating>
   1.55
  </rating>
  <reviews>
   182368
  </reviews>
  <new>
   -
  </new>
  <exclusive>
   yes
  </exclusive>
 </clothing>
 <clothing>
  <id>
   516984436
  </id>
  <name>
   Nike Jeans B-1974
  </name>
  <category>
   Jeans
  </category>
  <size>
   XL
  </size>
  <color>
   Желтый
  </color>
  <material>
   Нейлон
  </material>
  <price>
   243922
  </price>
  <rating>
   1.66
  </rating>
  <reviews>
   308009
  </reviews>
  <new>
   -
  </new>
  <sporty>
   yes
  </sporty>
 </clothing>
 <clothing>
  <id>
   181243436
  </id>
  <name>
   DC Sweater A-4559
  </name>
  <category>
   Sweater
  </category>
  <size>
   M
  </size>
  <color>
   Желтый
  </color>
  <material>
   Кожа
  </material>
  <price>
   455386
  </price>
  <rating>
   1.24
  </rating>
  <reviews>
   465808
  </reviews>
  <exclusive>
   yes
  </exclusive>
 </clothing>
 <clothing>
  <id>
   882284787
  </id>
  <name>
   Asics Umbrellas E-9439
  </name>
  <category>
   Umbrellas
  </category>
  <size>
   M
  </size>
  <color>
   Красный
  </color>
  <material>
   Хлопок
  </material>
  <price>
   645046
  </price>
  <rating>
   3.64
  </rating>
  <reviews>
   902397
  </reviews>
  <exclusive>
   yes
  </exclusive>
 </clothing>
 <clothing>
  <id>
   489398652
  </id>
  <name>
   Fila Sweater R-4629
  </name>
  <category>
   Sweater
  </category>
  <size>
   S
  </size>
  <color>
   Оранжевый
  </color>
  <material>
   Нейлон
  </material>
  <price>
   860226
  </price>
  <rating>
   3.37
  </rating>
  <reviews>
   147656
  </reviews>
  <new>
   +
  </new>
  <exclusive>
   yes
  </exclusive>
  <sporty>
   no
  </sporty>
 </clothing>
 <clothing>
  <id>
   781020681
  </id>
  <name>
   PleinSport Sweater V-6774
  </name>
  <category>
   Sweater
  </category>
  <size>
   S
  </size>
  <color>
   Желтый
  </color>
  <material>
   Вискоза
  </material>
  <price>
   274476
  </price>
  <rating>
   4.97
  </rating>
  <reviews>
   731478
  </reviews>
  <new>
   -
  </new>
  <sporty>
   yes
  </sporty>
 </clothing>
 <clothing>
  <id>
   325465906
  </id>
  <name>
   Nike Handbags P-1951
  </name>
  <category>
   Handbags
  </category>
  <size>
   M
  </size>
  <color>
   Фиолетовый
  </color>
  <material>
   Шерсть
  </material>
  <price>
   301347
  </price>
  <rating>
   1.74
  </rating>
  <reviews>
   953255
  </reviews>
  <new>
   +
  </new>
  <exclusive>
   no
  </exclusive>
 </clothing>
 <clothing>
  <id>
   998002695
  </id>
  <name>
   PleinSport Dress F-3282
  </name>
  <category>
   Dress
  </category>
  <size>
   XXL
  </size>
  <color>
   Синий
  </color>
  <material>
   Шелк
  </material>
  <price>
   414356
  </price>
  <rating>
   3.95
  </rating>
  <reviews>
   363090
  </reviews>
  <new>
   -
  </new>
  <exclusive>
   no
  </exclusive>
  <sporty>
   yes
  </sporty>
 </clothing>
 <clothing>
  <id>
   748211946
  </id>
  <name>
   Ellesse Handbags A-5481
  </name>
  <category>
   Handbags
  </category>
  <size>
   XL
  </size>
  <color>
   Красный
  </color>
  <material>
   Шелк
  </material>
  <price>
   986162
  </price>
  <rating>
   1.37
  </rating>
  <reviews>
   432513
  </reviews>
  <new>
   +
  </new>
  <exclusive>
   no
  </exclusive>
 </clothing>
 <clothing>
  <id>
   711552593
  </id>
  <name>
   Nike Dress S-5977
  </name>
  <category>
   Dress
  </category>
  <size>
   XXL
  </size>
  <color>
   Оранжевый
  </color>
  <material>
   Шелк
  </material>
  <price>
   405198
  </price>
  <rating>
   3.71
  </rating>
  <reviews>
   639915
  </reviews>
  <new>
   +
  </new>
  <sporty>
   yes
  </sporty>
 </clothing>
 <clothing>
  <id>
   102674883
  </id>
  <name>
   PleinSport Shirt K-6652
  </name>
  <category>
   Shirt
  </category>
  <size>
   XXL
  </size>
  <color>
   Синий
  </color>
  <material>
   Кожа
  </material>
  <price>
   574104
  </price>
  <rating>
   4.15
  </rating>
  <reviews>
   572591
  </reviews>
  <exclusive>
   no
  </exclusive>
  <sporty>
   yes
  </sporty>
 </clothing>
 <clothing>
  <id>
   746622829
  </id>
  <name>
   Vans Handbags M-8501
  </name>
  <category>
   Handbags
  </category>
  <size>
   XXL
  </size>
  <color>
   Голубой
  </color>
  <material>
   Кожа
  </material>
  <price>
   201367
  </price>
  <rating>
   2.2
  </rating>
  <reviews>
   18799
  </reviews>
  <new>
   +
  </new>
  <exclusive>
   no
  </exclusive>
  <sporty>
   yes
  </sporty>
 </clothing>
 <clothing>
  <id>
   464921372
  </id>
  <name>
   Asics Blouse B-2010
  </name>
  <category>
   Blouse
  </category>
  <size>
   M
  </size>
  <color>
   Желтый
  </color>
  <material>
   Лен
  </material>
  <price>
   921434
  </price>
  <rating>
   2.2
  </rating>
  <reviews>
   144540
  </reviews>
  <new>
   +
  </new>
  <sporty>
   no
  </sporty>
 </clothing>
 <clothing>
  <id>
   546793678
  </id>
  <name>
   Vans Handbags T-6336
  </name>
  <category>
   Handbags
  </category>
  <size>
   M
  </size>
  <color>
   Голубой
  </color>
  <material>
   Кожа
  </material>
  <price>
   849952
  </price>
  <rating>
   4.9
  </rating>
  <reviews>
   502399
  </reviews>
  <new>
   +
  </new>
 </clothing>
 <clothing>
  <id>
   451043452
  </id>
  <name>
   Reebok Handbags Y-5274
  </name>
  <category>
   Handbags
  </category>
  <size>
   M
  </size>
  <color>
   Голубой
  </color>
  <material>
   Полиэстер
  </material>
  <price>
   149722
  </price>
  <rating>
   4.21
  </rating>
  <reviews>
   725410
  </reviews>
  <new>
   -
  </new>
  <exclusive>
   no
  </exclusive>
 </clothing>
 <clothing>
  <id>
   186647020
  </id>
  <name>
   Addidas Umbrellas I-8647
  </name>
  <category>
   Umbrellas
  </category>
  <size>
   L
  </size>
  <color>
   Оранжевый
  </color>
  <material>
   Вискоза
  </material>
  <price>
   331615
  </price>
  <rating>
   4.63
  </rating>
  <reviews>
   723576
  </reviews>
  <new>
   -
  </new>
  <exclusive>
   no
  </exclusive>
  <sporty>
   no
  </sporty>
 </clothing>
 <clothing>
  <id>
   331017676
  </id>
  <name>
   New Balance Hat G-3084
  </name>
  <category>
   Hat
  </category>
  <size>
   XXL
  </size>
  <color>
   Красный
  </color>
  <material>
   Вискоза
  </material>
  <price>
   249167
  </price>
  <rating>
   3.44
  </rating>
  <reviews>
   331377
  </reviews>
  <new>
   +
  </new>
  <exclusive>
   no
  </exclusive>
  <sporty>
   no
  </sporty>
 </clothing>
 <clothing>
  <id>
   889788593
  </id>
  <name>
   Nike T-shirt G-6057
  </name>
  <category>
   T-shirt
  </category>
  <size>
   XL
  </size>
  <color>
   Красный
  </color>
  <material>
   Вискоза
  </material>
  <price>
   874128
  </price>
  <rating>
   2.57
  </rating>
  <reviews>
   801687
  </reviews>
  <new>
   -
  </new>
  <sporty>
   no
  </sporty>
 </clothing>
 <clothing>
  <id>
   249379617
  </id>
  <name>
   Converse Hat X-2785
  </name>
  <category>
   Hat
  </category>
  <size>
   XXL
  </size>
  <color>
   Оранжевый
  </color>
  <material>
   Хлопок
  </material>
  <price>
   129707
  </price>
  <rating>
   3.12
  </rating>
  <reviews>
   867856
  </reviews>
  <new>
   -
  </new>
 </clothing>
 <clothing>
  <id>
   891611402
  </id>
  <name>
   Ellesse Pants L-1854
  </name>
  <category>
   Pants
  </category>
  <size>
   S
  </size>
  <color>
   Желтый
  </color>
  <material>
   Кожа
  </material>
  <price>
   190766
  </price>
  <rating>
   1.97
  </rating>
  <reviews>
   848921
  </reviews>
  <exclusive>
   no
  </exclusive>
 </clothing>
 <clothing>
  <id>
   949095676
  </id>
  <name>
   Vans Socks W-3128
  </name>
  <category>
   Socks
  </category>
  <size>
   M
  </size>
  <color>
   Зеленый
  </color>
  <material>
   Кожа
  </material>
  <price>
   124236
  </price>
  <rating>
   3.82
  </rating>
  <reviews>
   68932
  </reviews>
  <new>
   -
  </new>
 </clothing>
 <clothing>
  <id>
   116307996
  </id>
  <name>
   New Balance Sweater M-9994
  </name>
  <category>
   Sweater
  </category>
  <size>
   M
  </size>
  <color>
   Оранжевый
  </color>
  <material>
   Хлопок
  </material>
  <price>
   324184
  </price>
  <rating>
   1.16
  </rating>
  <reviews>
   41538
  </reviews>
  <new>
   +
  </new>
  <exclusive>
   no
  </exclusive>
  <sporty>
   yes
  </sporty>
 </clothing>
 <clothing>
  <id>
   677062054
  </id>
  <name>
   New Balance Belts Z-3173
  </name>
  <category>
   Belts
  </category>
  <size>
   S
  </size>
  <color>
   Синий
  </color>
  <material>
   Полиэстер
  </material>
  <price>
   748356
  </price>
  <rating>
   3.7
  </rating>
  <reviews>
   281705
  </reviews>
  <sporty>
   yes
  </sporty>
 </clothing>
</clothing-items>
