<?xml version="1.0" encoding="utf-8"?>
<clothing-items>
 <clothing>
  <id>
   399512480
  </id>
  <name>
   Addidas Handbags T-8250
  </name>
  <category>
   Handbags
  </category>
  <size>
   S
  </size>
  <color>
   Красный
  </color>
  <material>
   Лен
  </material>
  <price>
   992432
  </price>
  <rating>
   3.86
  </rating>
  <reviews>
   186018
  </reviews>
  <new>
   -
  </new>
  <exclusive>
   yes
  </exclusive>
 </clothing>
 <clothing>
  <id>
   890583656
  </id>
  <name>
   Asics Socks X-4280
  </name>
  <category>
   Socks
  </category>
  <size>
   M
  </size>
  <color>
   Желтый
  </color>
  <material>
   Кожа
  </material>
  <price>
   178616
  </price>
  <rating>
   2.62
  </rating>
  <reviews>
   825116
  </reviews>
  <new>
   +
  </new>
  <sporty>
   yes
  </sporty>
 </clothing>
 <clothing>
  <id>
   884921531
  </id>
  <name>
   PleinSport Pants L-9800
  </name>
  <category>
   Pants
  </category>
  <size>
   S
  </size>
  <color>
   Желтый
  </color>
  <material>
   Нейлон
  </material>
  <price>
   799244
  </price>
  <rating>
   4.52
  </rating>
  <reviews>
   236971
  </reviews>
  <exclusive>
   no
  </exclusive>
 </clothing>
 <clothing>
  <id>
   390110627
  </id>
  <name>
   Brooks Socks O-5893
  </name>
  <category>
   Socks
  </category>
  <size>
   L
  </size>
  <color>
   Желтый
  </color>
  <material>
   Полиэстер
  </material>
  <price>
   176461
  </price>
  <rating>
   4.12
  </rating>
  <reviews>
   321858
  </reviews>
  <new>
   +
  </new>
  <exclusive>
   no
  </exclusive>
 </clothing>
 <clothing>
  <id>
   423487254
  </id>
  <name>
   Fila Blouse T-6944
  </name>
  <category>
   Blouse
  </category>
  <size>
   XXL
  </size>
  <color>
   Красный
  </color>
  <material>
   Шелк
  </material>
  <price>
   103859
  </price>
  <rating>
   2.48
  </rating>
  <reviews>
   279492
  </reviews>
  <new>
   -
  </new>
  <exclusive>
   no
  </exclusive>
  <sporty>
   yes
  </sporty>
 </clothing>
 <clothing>
  <id>
   497993623
  </id>
  <name>
   Adidas Skirt O-8056
  </name>
  <category>
   Skirt
  </category>
  <size>
   M
  </size>
  <color>
   Синий
  </color>
  <material>
   Кожа
  </material>
  <price>
   793261
  </price>
  <rating>
   3.34
  </rating>
  <reviews>
   527580
  </reviews>
  <new>
   +
  </new>
  <exclusive>
   no
  </exclusive>
 </clothing>
 <clothing>
  <id>
   804387724
  </id>
  <name>
   Fila Blouse N-6230
  </name>
  <category>
   Blouse
  </category>
  <size>
   S
  </size>
  <color>
   Синий
  </color>
  <material>
   Кожа
  </material>
  <price>
   713099
  </price>
  <rating>
   3.71
  </rating>
  <reviews>
   935667
  </reviews>
  <new>
   -
  </new>
  <exclusive>
   no
  </exclusive>
  <sporty>
   yes
  </sporty>
 </clothing>
 <clothing>
  <id>
   904592842
  </id>
  <name>
   Reebok Blouse F-7528
  </name>
  <category>
   Blouse
  </category>
  <size>
   L
  </size>
  <color>
   Красный
  </color>
  <material>
   Шелк
  </material>
  <price>
   435799
  </price>
  <rating>
   1.28
  </rating>
  <reviews>
   222650
  </reviews>
  <exclusive>
   no
  </exclusive>
  <sporty>
   no
  </sporty>
 </clothing>
 <clothing>
  <id>
   542448432
  </id>
  <name>
   Ellesse Handbags E-2387
  </name>
  <category>
   Handbags
  </category>
  <size>
   XXL
  </size>
  <color>
   Синий
  </color>
  <material>
   Кожа
  </material>
  <price>
   267178
  </price>
  <rating>
   3.59
  </rating>
  <reviews>
   184414
  </reviews>
  <exclusive>
   yes
  </exclusive>
  <sporty>
   no
  </sporty>
 </clothing>
 <clothing>
  <id>
   549623230
  </id>
  <name>
   Vans Socks C-4757
  </name>
  <category>
   Socks
  </category>
  <size>
   S
  </size>
  <color>
   Голубой
  </color>
  <material>
   Кожа
  </material>
  <price>
   152182
  </price>
  <rating>
   4.68
  </rating>
  <reviews>
   554097
  </reviews>
 </clothing>
 <clothing>
  <id>
   823843146
  </id>
  <name>
   Puma Shoes N-7955
  </name>
  <category>
   Shoes
  </category>
  <size>
   S
  </size>
  <color>
   Зеленый
  </color>
  <material>
   Хлопок
  </material>
  <price>
   841080
  </price>
  <rating>
   2.7
  </rating>
  <reviews>
   86355
  </reviews>
  <new>
   +
  </new>
  <sporty>
   no
  </sporty>
 </clothing>
 <clothing>
  <id>
   288977408
  </id>
  <name>
   New Balance Jacket J-5418
  </name>
  <category>
   Jacket
  </category>
  <size>
   XL
  </size>
  <color>
   Голубой
  </color>
  <material>
   Полиэстер
  </material>
  <price>
   787421
  </price>
  <rating>
   3.09
  </rating>
  <reviews>
   614930
  </reviews>
  <new>
   -
  </new>
 </clothing>
 <clothing>
  <id>
   471252829
  </id>
  <name>
   Puma Skirt I-9560
  </name>
  <category>
   Skirt
  </category>
  <size>
   L
  </size>
  <color>
   Зеленый
  </color>
  <material>
   Вискоза
  </material>
  <price>
   285239
  </price>
  <rating>
   2.06
  </rating>
  <reviews>
   855398
  </reviews>
  <exclusive>
   yes
  </exclusive>
  <sporty>
   yes
  </sporty>
 </clothing>
 <clothing>
  <id>
   673485068
  </id>
  <name>
   New Balance Dress Y-2676
  </name>
  <category>
   Dress
  </category>
  <size>
   L
  </size>
  <color>
   Оранжевый
  </color>
  <material>
   Полиэстер
  </material>
  <price>
   181303
  </price>
  <rating>
   4.42
  </rating>
  <reviews>
   85421
  </reviews>
  <new>
   -
  </new>
 </clothing>
 <clothing>
  <id>
   506191764
  </id>
  <name>
   Puma Sweater A-8721
  </name>
  <category>
   Sweater
  </category>
  <size>
   XL
  </size>
  <color>
   Синий
  </color>
  <material>
   Вискоза
  </material>
  <price>
   760924
  </price>
  <rating>
   2.35
  </rating>
  <reviews>
   159420
  </reviews>
  <exclusive>
   no
  </exclusive>
 </clothing>
 <clothing>
  <id>
   740844955
  </id>
  <name>
   Lacoste Dress M-7989
  </name>
  <category>
   Dress
  </category>
  <size>
   XXL
  </size>
  <color>
   Оранжевый
  </color>
  <material>
   Хлопок
  </material>
  <price>
   626949
  </price>
  <rating>
   4.67
  </rating>
  <reviews>
   245996
  </reviews>
  <exclusive>
   no
  </exclusive>
  <sporty>
   no
  </sporty>
 </clothing>
 <clothing>
  <id>
   408797513
  </id>
  <name>
   Nike Gloves R-8813
  </name>
  <category>
   Gloves
  </category>
  <size>
   XL
  </size>
  <color>
   Зеленый
  </color>
  <material>
   Вискоза
  </material>
  <price>
   767730
  </price>
  <rating>
   2.76
  </rating>
  <reviews>
   819235
  </reviews>
  <exclusive>
   yes
  </exclusive>
  <sporty>
   no
  </sporty>
 </clothing>
 <clothing>
  <id>
   515099441
  </id>
  <name>
   Puma Jacket Y-8386
  </name>
  <category>
   Jacket
  </category>
  <size>
   XXL
  </size>
  <color>
   Зеленый
  </color>
  <material>
   Нейлон
  </material>
  <price>
   251661
  </price>
  <rating>
   3.53
  </rating>
  <reviews>
   511922
  </reviews>
  <new>
   -
  </new>
 </clothing>
 <clothing>
  <id>
   319882696
  </id>
  <name>
   Vans Socks B-3771
  </name>
  <category>
   Socks
  </category>
  <size>
   XXL
  </size>
  <color>
   Оранжевый
  </color>
  <material>
   Вискоза
  </material>
  <price>
   511256
  </price>
  <rating>
   3.16
  </rating>
  <reviews>
   27862
  </reviews>
  <exclusive>
   no
  </exclusive>
  <sporty>
   no
  </sporty>
 </clothing>
 <clothing>
  <id>
   423502936
  </id>
  <name>
   Ellesse Dress O-3341
  </name>
  <category>
   Dress
  </category>
  <size>
   XL
  </size>
  <color>
   Желтый
  </color>
  <material>
   Лен
  </material>
  <price>
   467065
  </price>
  <rating>
   2.37
  </rating>
  <reviews>
   185416
  </reviews>
 </clothing>
 <clothing>
  <id>
   886915514
  </id>
  <name>
   Nike Blouse A-3401
  </name>
  <category>
   Blouse
  </category>
  <size>
   M
  </size>
  <color>
   Желтый
  </color>
  <material>
   Шелк
  </material>
  <price>
   133470
  </price>
  <rating>
   4.84
  </rating>
  <reviews>
   876933
  </reviews>
  <new>
   -
  </new>
  <sporty>
   yes
  </sporty>
 </clothing>
 <clothing>
  <id>
   385567393
  </id>
  <name>
   New Balance T-shirt L-4581
  </name>
  <category>
   T-shirt
  </category>
  <size>
   XL
  </size>
  <color>
   Синий
  </color>
  <material>
   Кожа
  </material>
  <price>
   753156
  </price>
  <rating>
   4.75
  </rating>
  <reviews>
   811717
  </reviews>
  <new>
   -
  </new>
  <exclusive>
   no
  </exclusive>
 </clothing>
 <clothing>
  <id>
   128706270
  </id>
  <name>
   Puma Skirt W-8292
  </name>
  <category>
   Skirt
  </category>
  <size>
   M
  </size>
  <color>
   Оранжевый
  </color>
  <material>
   Нейлон
  </material>
  <price>
   908768
  </price>
  <rating>
   3.12
  </rating>
  <reviews>
   233973
  </reviews>
 </clothing>
 <clothing>
  <id>
   215419721
  </id>
  <name>
   Reebok Shirt E-8493
  </name>
  <category>
   Shirt
  </category>
  <size>
   L
  </size>
  <color>
   Фиолетовый
  </color>
  <material>
   Нейлон
  </material>
  <price>
   990154
  </price>
  <rating>
   2.69
  </rating>
  <reviews>
   295524
  </reviews>
  <exclusive>
   no
  </exclusive>
 </clothing>
 <clothing>
  <id>
   236540392
  </id>
  <name>
   Vans Belts T-3034
  </name>
  <category>
   Belts
  </category>
  <size>
   L
  </size>
  <color>
   Зеленый
  </color>
  <material>
   Хлопок
  </material>
  <price>
   880649
  </price>
  <rating>
   2.15
  </rating>
  <reviews>
   112210
  </reviews>
  <exclusive>
   no
  </exclusive>
 </clothing>
 <clothing>
  <id>
   474653339
  </id>
  <name>
   Reebok Jacket X-9091
  </name>
  <category>
   Jacket
  </category>
  <size>
   XL
  </size>
  <color>
   Оранжевый
  </color>
  <material>
   Хлопок
  </material>
  <price>
   562314
  </price>
  <rating>
   1.67
  </rating>
  <reviews>
   857651
  </reviews>
  <new>
   +
  </new>
  <exclusive>
   yes
  </exclusive>
  <sporty>
   no
  </sporty>
 </clothing>
 <clothing>
  <id>
   215287689
  </id>
  <name>
   Under Armour Jeans T-5176
  </name>
  <category>
   Jeans
  </category>
  <size>
   XXL
  </size>
  <color>
   Оранжевый
  </color>
  <material>
   Шелк
  </material>
  <price>
   623411
  </price>
  <rating>
   4.83
  </rating>
  <reviews>
   949469
  </reviews>
  <new>
   -
  </new>
  <exclusive>
   no
  </exclusive>
 </clothing>
 <clothing>
  <id>
   646344994
  </id>
  <name>
   Adidas Shirt E-8832
  </name>
  <category>
   Shirt
  </category>
  <size>
   S
  </size>
  <color>
   Зеленый
  </color>
  <material>
   Шелк
  </material>
  <price>
   974865
  </price>
  <rating>
   2.78
  </rating>
  <reviews>
   950731
  </reviews>
  <new>
   -
  </new>
 </clothing>
 <clothing>
  <id>
   138017238
  </id>
  <name>
   PleinSport Socks K-6817
  </name>
  <category>
   Socks
  </category>
  <size>
   M
  </size>
  <color>
   Желтый
  </color>
  <material>
   Хлопок
  </material>
  <price>
   402337
  </price>
  <rating>
   4.66
  </rating>
  <reviews>
   50050
  </reviews>
  <sporty>
   no
  </sporty>
 </clothing>
 <clothing>
  <id>
   144364565
  </id>
  <name>
   Ellesse Jeans Q-8085
  </name>
  <category>
   Jeans
  </category>
  <size>
   XL
  </size>
  <color>
   Оранжевый
  </color>
  <material>
   Лен
  </material>
  <price>
   568197
  </price>
  <rating>
   2.3
  </rating>
  <reviews>
   445021
  </reviews>
  <new>
   +
  </new>
  <exclusive>
   no
  </exclusive>
  <sporty>
   no
  </sporty>
 </clothing>
 <clothing>
  <id>
   547253918
  </id>
  <name>
   Under Armour Shoes S-4885
  </name>
  <category>
   Shoes
  </category>
  <size>
   S
  </size>
  <color>
   Фиолетовый
  </color>
  <material>
   Лен
  </material>
  <price>
   356943
  </price>
  <rating>
   2.87
  </rating>
  <reviews>
   911311
  </reviews>
  <new>
   -
  </new>
  <exclusive>
   no
  </exclusive>
  <sporty>
   no
  </sporty>
 </clothing>
</clothing-items>
