<?xml version="1.0" encoding="utf-8"?>
<clothing-items>
 <clothing>
  <id>
   943444024
  </id>
  <name>
   Vans Gloves L-7586
  </name>
  <category>
   Gloves
  </category>
  <size>
   S
  </size>
  <color>
   Синий
  </color>
  <material>
   Вискоза
  </material>
  <price>
   597893
  </price>
  <rating>
   2.83
  </rating>
  <reviews>
   475190
  </reviews>
  <new>
   -
  </new>
  <sporty>
   no
  </sporty>
 </clothing>
 <clothing>
  <id>
   874992348
  </id>
  <name>
   Ellesse Blouse Q-4755
  </name>
  <category>
   Blouse
  </category>
  <size>
   XL
  </size>
  <color>
   Оранжевый
  </color>
  <material>
   Шелк
  </material>
  <price>
   739190
  </price>
  <rating>
   2.26
  </rating>
  <reviews>
   791176
  </reviews>
  <new>
   +
  </new>
  <sporty>
   no
  </sporty>
 </clothing>
 <clothing>
  <id>
   138359542
  </id>
  <name>
   Lacoste Shoes D-9752
  </name>
  <category>
   Shoes
  </category>
  <size>
   XXL
  </size>
  <color>
   Голубой
  </color>
  <material>
   Хлопок
  </material>
  <price>
   412634
  </price>
  <rating>
   3.64
  </rating>
  <reviews>
   186265
  </reviews>
  <new>
   +
  </new>
  <sporty>
   yes
  </sporty>
 </clothing>
 <clothing>
  <id>
   903929928
  </id>
  <name>
   New Balance Shirt Q-1997
  </name>
  <category>
   Shirt
  </category>
  <size>
   L
  </size>
  <color>
   Синий
  </color>
  <material>
   Полиэстер
  </material>
  <price>
   735260
  </price>
  <rating>
   4.52
  </rating>
  <reviews>
   461382
  </reviews>
  <new>
   +
  </new>
  <exclusive>
   no
  </exclusive>
  <sporty>
   no
  </sporty>
 </clothing>
 <clothing>
  <id>
   456768647
  </id>
  <name>
   Puma Jeans H-1720
  </name>
  <category>
   Jeans
  </category>
  <size>
   XXL
  </size>
  <color>
   Фиолетовый
  </color>
  <material>
   Вискоза
  </material>
  <price>
   670351
  </price>
  <rating>
   1.11
  </rating>
  <reviews>
   444983
  </reviews>
  <new>
   +
  </new>
  <sporty>
   no
  </sporty>
 </clothing>
 <clothing>
  <id>
   469556132
  </id>
  <name>
   Vans Umbrellas S-3869
  </name>
  <category>
   Umbrellas
  </category>
  <size>
   XL
  </size>
  <color>
   Оранжевый
  </color>
  <material>
   Хлопок
  </material>
  <price>
   505763
  </price>
  <rating>
   1.66
  </rating>
  <reviews>
   98526
  </reviews>
  <new>
   +
  </new>
  <exclusive>
   no
  </exclusive>
 </clothing>
 <clothing>
  <id>
   888658449
  </id>
  <name>
   Vans Umbrellas D-3287
  </name>
  <category>
   Umbrellas
  </category>
  <size>
   S
  </size>
  <color>
   Оранжевый
  </color>
  <material>
   Кожа
  </material>
  <price>
   887479
  </price>
  <rating>
   1.87
  </rating>
  <reviews>
   799180
  </reviews>
  <sporty>
   no
  </sporty>
 </clothing>
 <clothing>
  <id>
   904390499
  </id>
  <name>
   Addidas Shirt D-8790
  </name>
  <category>
   Shirt
  </category>
  <size>
   M
  </size>
  <color>
   Голубой
  </color>
  <material>
   Шерсть
  </material>
  <price>
   791683
  </price>
  <rating>
   4.02
  </rating>
  <reviews>
   316707
  </reviews>
  <new>
   +
  </new>
  <exclusive>
   yes
  </exclusive>
  <sporty>
   no
  </sporty>
 </clothing>
 <clothing>
  <id>
   214810370
  </id>
  <name>
   Ellesse Shoes K-4981
  </name>
  <category>
   Shoes
  </category>
  <size>
   L
  </size>
  <color>
   Оранжевый
  </color>
  <material>
   Лен
  </material>
  <price>
   348693
  </price>
  <rating>
   2.57
  </rating>
  <reviews>
   790143
  </reviews>
  <new>
   -
  </new>
  <exclusive>
   yes
  </exclusive>
  <sporty>
   yes
  </sporty>
 </clothing>
 <clothing>
  <id>
   133805306
  </id>
  <name>
   Nike Dress H-2044
  </name>
  <category>
   Dress
  </category>
  <size>
   S
  </size>
  <color>
   Желтый
  </color>
  <material>
   Полиэстер
  </material>
  <price>
   302671
  </price>
  <rating>
   4.1
  </rating>
  <reviews>
   114348
  </reviews>
 </clothing>
 <clothing>
  <id>
   271331764
  </id>
  <name>
   Puma Hat F-1574
  </name>
  <category>
   Hat
  </category>
  <size>
   M
  </size>
  <color>
   Красный
  </color>
  <material>
   Полиэстер
  </material>
  <price>
   437342
  </price>
  <rating>
   2.29
  </rating>
  <reviews>
   74220
  </reviews>
  <new>
   -
  </new>
  <exclusive>
   no
  </exclusive>
 </clothing>
 <clothing>
  <id>
   724816037
  </id>
  <name>
   Brooks Sweater C-1777
  </name>
  <category>
   Sweater
  </category>
  <size>
   L
  </size>
  <color>
   Красный
  </color>
  <material>
   Вискоза
  </material>
  <price>
   389951
  </price>
  <rating>
   1.84
  </rating>
  <reviews>
   873128
  </reviews>
  <exclusive>
   yes
  </exclusive>
 </clothing>
 <clothing>
  <id>
   269443550
  </id>
  <name>
   Adidas Dress V-8578
  </name>
  <category>
   Dress
  </category>
  <size>
   S
  </size>
  <color>
   Синий
  </color>
  <material>
   Шелк
  </material>
  <price>
   217938
  </price>
  <rating>
   1.61
  </rating>
  <reviews>
   246510
  </reviews>
  <new>
   +
  </new>
  <exclusive>
   yes
  </exclusive>
  <sporty>
   yes
  </sporty>
 </clothing>
 <clothing>
  <id>
   606582900
  </id>
  <name>
   Under Armour Shoes W-5733
  </name>
  <category>
   Shoes
  </category>
  <size>
   M
  </size>
  <color>
   Зеленый
  </color>
  <material>
   Шерсть
  </material>
  <price>
   719468
  </price>
  <rating>
   2.27
  </rating>
  <reviews>
   903490
  </reviews>
  <new>
   +
  </new>
  <sporty>
   no
  </sporty>
 </clothing>
 <clothing>
  <id>
   997195104
  </id>
  <name>
   Puma Belts P-3729
  </name>
  <category>
   Belts
  </category>
  <size>
   L
  </size>
  <color>
   Синий
  </color>
  <material>
   Шерсть
  </material>
  <price>
   303770
  </price>
  <rating>
   4.18
  </rating>
  <reviews>
   907909
  </reviews>
 </clothing>
 <clothing>
  <id>
   729252084
  </id>
  <name>
   Nike Jacket P-4038
  </name>
  <category>
   Jacket
  </category>
  <size>
   XL
  </size>
  <color>
   Зеленый
  </color>
  <material>
   Кожа
  </material>
  <price>
   934831
  </price>
  <rating>
   3.45
  </rating>
  <reviews>
   240414
  </reviews>
  <exclusive>
   yes
  </exclusive>
 </clothing>
</clothing-items>
