<?xml version="1.0" encoding="utf-8"?>
<clothing-items>
 <clothing>
  <id>
   169108336
  </id>
  <name>
   Brooks Shoes W-9721
  </name>
  <category>
   Shoes
  </category>
  <size>
   S
  </size>
  <color>
   Зеленый
  </color>
  <material>
   Шерсть
  </material>
  <price>
   891416
  </price>
  <rating>
   1.66
  </rating>
  <reviews>
   568777
  </reviews>
  <exclusive>
   yes
  </exclusive>
  <sporty>
   no
  </sporty>
 </clothing>
 <clothing>
  <id>
   333130342
  </id>
  <name>
   DC Umbrellas N-8568
  </name>
  <category>
   Umbrellas
  </category>
  <size>
   XXL
  </size>
  <color>
   Оранжевый
  </color>
  <material>
   Кожа
  </material>
  <price>
   648595
  </price>
  <rating>
   4.87
  </rating>
  <reviews>
   408713
  </reviews>
  <new>
   +
  </new>
  <exclusive>
   yes
  </exclusive>
  <sporty>
   no
  </sporty>
 </clothing>
 <clothing>
  <id>
   321497774
  </id>
  <name>
   New Balance Skirt F-3112
  </name>
  <category>
   Skirt
  </category>
  <size>
   XXL
  </size>
  <color>
   Красный
  </color>
  <material>
   Хлопок
  </material>
  <price>
   539998
  </price>
  <rating>
   1.04
  </rating>
  <reviews>
   209483
  </reviews>
  <new>
   -
  </new>
  <exclusive>
   no
  </exclusive>
 </clothing>
 <clothing>
  <id>
   565837660
  </id>
  <name>
   New Balance Handbags G-8362
  </name>
  <category>
   Handbags
  </category>
  <size>
   M
  </size>
  <color>
   Желтый
  </color>
  <material>
   Кожа
  </material>
  <price>
   448864
  </price>
  <rating>
   2.12
  </rating>
  <reviews>
   580091
  </reviews>
  <new>
   +
  </new>
  <exclusive>
   yes
  </exclusive>
  <sporty>
   no
  </sporty>
 </clothing>
 <clothing>
  <id>
   116258146
  </id>
  <name>
   New Balance Belts G-3308
  </name>
  <category>
   Belts
  </category>
  <size>
   S
  </size>
  <color>
   Оранжевый
  </color>
  <material>
   Шерсть
  </material>
  <price>
   618233
  </price>
  <rating>
   2.01
  </rating>
  <reviews>
   531773
  </reviews>
 </clothing>
 <clothing>
  <id>
   230570738
  </id>
  <name>
   Brooks Blouse X-9781
  </name>
  <category>
   Blouse
  </category>
  <size>
   S
  </size>
  <color>
   Зеленый
  </color>
  <material>
   Нейлон
  </material>
  <price>
   125210
  </price>
  <rating>
   4.12
  </rating>
  <reviews>
   51252
  </reviews>
  <new>
   -
  </new>
  <exclusive>
   yes
  </exclusive>
 </clothing>
 <clothing>
  <id>
   561316970
  </id>
  <name>
   Puma Umbrellas T-6590
  </name>
  <category>
   Umbrellas
  </category>
  <size>
   L
  </size>
  <color>
   Голубой
  </color>
  <material>
   Полиэстер
  </material>
  <price>
   569445
  </price>
  <rating>
   3.78
  </rating>
  <reviews>
   429961
  </reviews>
  <new>
   +
  </new>
  <exclusive>
   no
  </exclusive>
  <sporty>
   no
  </sporty>
 </clothing>
 <clothing>
  <id>
   517741881
  </id>
  <name>
   PleinSport Shoes J-3977
  </name>
  <category>
   Shoes
  </category>
  <size>
   XL
  </size>
  <color>
   Синий
  </color>
  <material>
   Лен
  </material>
  <price>
   764709
  </price>
  <rating>
   4.25
  </rating>
  <reviews>
   3744
  </reviews>
  <sporty>
   no
  </sporty>
 </clothing>
 <clothing>
  <id>
   199241943
  </id>
  <name>
   Nike Gloves S-6537
  </name>
  <category>
   Gloves
  </category>
  <size>
   L
  </size>
  <color>
   Голубой
  </color>
  <material>
   Хлопок
  </material>
  <price>
   352318
  </price>
  <rating>
   2.93
  </rating>
  <reviews>
   561683
  </reviews>
 </clothing>
 <clothing>
  <id>
   254698436
  </id>
  <name>
   Puma Socks J-6309
  </name>
  <category>
   Socks
  </category>
  <size>
   XXL
  </size>
  <color>
   Зеленый
  </color>
  <material>
   Шелк
  </material>
  <price>
   779542
  </price>
  <rating>
   4.87
  </rating>
  <reviews>
   131608
  </reviews>
  <new>
   +
  </new>
  <exclusive>
   no
  </exclusive>
 </clothing>
 <clothing>
  <id>
   536769063
  </id>
  <name>
   DC Blouse V-6067
  </name>
  <category>
   Blouse
  </category>
  <size>
   XL
  </size>
  <color>
   Зеленый
  </color>
  <material>
   Нейлон
  </material>
  <price>
   423690
  </price>
  <rating>
   1.75
  </rating>
  <reviews>
   84842
  </reviews>
  <new>
   +
  </new>
  <exclusive>
   yes
  </exclusive>
 </clothing>
 <clothing>
  <id>
   477072237
  </id>
  <name>
   Ellesse Handbags J-7440
  </name>
  <category>
   Handbags
  </category>
  <size>
   XL
  </size>
  <color>
   Голубой
  </color>
  <material>
   Шелк
  </material>
  <price>
   621885
  </price>
  <rating>
   3.57
  </rating>
  <reviews>
   34828
  </reviews>
  <exclusive>
   no
  </exclusive>
 </clothing>
 <clothing>
  <id>
   411422701
  </id>
  <name>
   Asics Sweater D-4954
  </name>
  <category>
   Sweater
  </category>
  <size>
   XXL
  </size>
  <color>
   Фиолетовый
  </color>
  <material>
   Хлопок
  </material>
  <price>
   660550
  </price>
  <rating>
   4.33
  </rating>
  <reviews>
   153011
  </reviews>
  <new>
   -
  </new>
 </clothing>
 <clothing>
  <id>
   281497656
  </id>
  <name>
   Adidas Shirt Y-2141
  </name>
  <category>
   Shirt
  </category>
  <size>
   S
  </size>
  <color>
   Голубой
  </color>
  <material>
   Шелк
  </material>
  <price>
   286928
  </price>
  <rating>
   2.87
  </rating>
  <reviews>
   481124
  </reviews>
  <new>
   +
  </new>
 </clothing>
 <clothing>
  <id>
   157870736
  </id>
  <name>
   Adidas T-shirt V-1801
  </name>
  <category>
   T-shirt
  </category>
  <size>
   S
  </size>
  <color>
   Желтый
  </color>
  <material>
   Полиэстер
  </material>
  <price>
   173601
  </price>
  <rating>
   3.8
  </rating>
  <reviews>
   839332
  </reviews>
  <new>
   +
  </new>
  <sporty>
   no
  </sporty>
 </clothing>
 <clothing>
  <id>
   939877295
  </id>
  <name>
   Converse Shirt C-7562
  </name>
  <category>
   Shirt
  </category>
  <size>
   L
  </size>
  <color>
   Желтый
  </color>
  <material>
   Шелк
  </material>
  <price>
   444374
  </price>
  <rating>
   3.34
  </rating>
  <reviews>
   716716
  </reviews>
  <sporty>
   no
  </sporty>
 </clothing>
 <clothing>
  <id>
   866922645
  </id>
  <name>
   New Balance Sweater M-8664
  </name>
  <category>
   Sweater
  </category>
  <size>
   XL
  </size>
  <color>
   Зеленый
  </color>
  <material>
   Шелк
  </material>
  <price>
   317184
  </price>
  <rating>
   1.71
  </rating>
  <reviews>
   846860
  </reviews>
  <new>
   -
  </new>
  <exclusive>
   no
  </exclusive>
  <sporty>
   yes
  </sporty>
 </clothing>
 <clothing>
  <id>
   362569284
  </id>
  <name>
   Asics Dress B-5523
  </name>
  <category>
   Dress
  </category>
  <size>
   S
  </size>
  <color>
   Синий
  </color>
  <material>
   Лен
  </material>
  <price>
   182799
  </price>
  <rating>
   2.05
  </rating>
  <reviews>
   2541
  </reviews>
 </clothing>
 <clothing>
  <id>
   654747541
  </id>
  <name>
   Lacoste Shoes W-1035
  </name>
  <category>
   Shoes
  </category>
  <size>
   XXL
  </size>
  <color>
   Оранжевый
  </color>
  <material>
   Шерсть
  </material>
  <price>
   666296
  </price>
  <rating>
   3.48
  </rating>
  <reviews>
   158347
  </reviews>
  <new>
   -
  </new>
  <exclusive>
   yes
  </exclusive>
  <sporty>
   yes
  </sporty>
 </clothing>
 <clothing>
  <id>
   455165668
  </id>
  <name>
   Lacoste Dress I-2649
  </name>
  <category>
   Dress
  </category>
  <size>
   XXL
  </size>
  <color>
   Голубой
  </color>
  <material>
   Полиэстер
  </material>
  <price>
   774587
  </price>
  <rating>
   2.52
  </rating>
  <reviews>
   35154
  </reviews>
  <new>
   -
  </new>
 </clothing>
 <clothing>
  <id>
   352980359
  </id>
  <name>
   PleinSport Blouse F-7250
  </name>
  <category>
   Blouse
  </category>
  <size>
   M
  </size>
  <color>
   Желтый
  </color>
  <material>
   Хлопок
  </material>
  <price>
   395949
  </price>
  <rating>
   1.91
  </rating>
  <reviews>
   293582
  </reviews>
  <new>
   +
  </new>
 </clothing>
 <clothing>
  <id>
   648638420
  </id>
  <name>
   Reebok Jeans R-1418
  </name>
  <category>
   Jeans
  </category>
  <size>
   S
  </size>
  <color>
   Оранжевый
  </color>
  <material>
   Шерсть
  </material>
  <price>
   337508
  </price>
  <rating>
   2.12
  </rating>
  <reviews>
   609685
  </reviews>
  <new>
   -
  </new>
  <exclusive>
   no
  </exclusive>
  <sporty>
   no
  </sporty>
 </clothing>
 <clothing>
  <id>
   710336532
  </id>
  <name>
   Nike T-shirt P-9940
  </name>
  <category>
   T-shirt
  </category>
  <size>
   M
  </size>
  <color>
   Красный
  </color>
  <material>
   Полиэстер
  </material>
  <price>
   834738
  </price>
  <rating>
   2.07
  </rating>
  <reviews>
   269143
  </reviews>
  <new>
   -
  </new>
  <exclusive>
   no
  </exclusive>
  <sporty>
   yes
  </sporty>
 </clothing>
 <clothing>
  <id>
   828034849
  </id>
  <name>
   Vans Shirt F-8576
  </name>
  <category>
   Shirt
  </category>
  <size>
   XL
  </size>
  <color>
   Синий
  </color>
  <material>
   Нейлон
  </material>
  <price>
   638302
  </price>
  <rating>
   1.22
  </rating>
  <reviews>
   770964
  </reviews>
  <new>
   -
  </new>
  <exclusive>
   yes
  </exclusive>
  <sporty>
   no
  </sporty>
 </clothing>
 <clothing>
  <id>
   649927340
  </id>
  <name>
   Vans Pants Y-7853
  </name>
  <category>
   Pants
  </category>
  <size>
   XXL
  </size>
  <color>
   Желтый
  </color>
  <material>
   Кожа
  </material>
  <price>
   412385
  </price>
  <rating>
   4.39
  </rating>
  <reviews>
   180884
  </reviews>
  <sporty>
   no
  </sporty>
 </clothing>
 <clothing>
  <id>
   911507821
  </id>
  <name>
   Addidas Umbrellas W-8916
  </name>
  <category>
   Umbrellas
  </category>
  <size>
   M
  </size>
  <color>
   Красный
  </color>
  <material>
   Нейлон
  </material>
  <price>
   271434
  </price>
  <rating>
   2.79
  </rating>
  <reviews>
   850648
  </reviews>
  <new>
   +
  </new>
  <sporty>
   yes
  </sporty>
 </clothing>
 <clothing>
  <id>
   225122947
  </id>
  <name>
   PleinSport Jacket D-4435
  </name>
  <category>
   Jacket
  </category>
  <size>
   M
  </size>
  <color>
   Синий
  </color>
  <material>
   Хлопок
  </material>
  <price>
   107263
  </price>
  <rating>
   1.7
  </rating>
  <reviews>
   150029
  </reviews>
  <exclusive>
   no
  </exclusive>
 </clothing>
 <clothing>
  <id>
   245749720
  </id>
  <name>
   Adidas Shirt C-4947
  </name>
  <category>
   Shirt
  </category>
  <size>
   XL
  </size>
  <color>
   Красный
  </color>
  <material>
   Хлопок
  </material>
  <price>
   317731
  </price>
  <rating>
   2.7
  </rating>
  <reviews>
   707823
  </reviews>
  <new>
   -
  </new>
 </clothing>
 <clothing>
  <id>
   360025048
  </id>
  <name>
   PleinSport Handbags E-4040
  </name>
  <category>
   Handbags
  </category>
  <size>
   M
  </size>
  <color>
   Оранжевый
  </color>
  <material>
   Кожа
  </material>
  <price>
   271401
  </price>
  <rating>
   2.38
  </rating>
  <reviews>
   349573
  </reviews>
  <new>
   +
  </new>
  <exclusive>
   yes
  </exclusive>
  <sporty>
   yes
  </sporty>
 </clothing>
 <clothing>
  <id>
   206831704
  </id>
  <name>
   New Balance Handbags A-1408
  </name>
  <category>
   Handbags
  </category>
  <size>
   S
  </size>
  <color>
   Синий
  </color>
  <material>
   Хлопок
  </material>
  <price>
   928759
  </price>
  <rating>
   1.83
  </rating>
  <reviews>
   7148
  </reviews>
 </clothing>
 <clothing>
  <id>
   851056941
  </id>
  <name>
   Asics Pants K-3045
  </name>
  <category>
   Pants
  </category>
  <size>
   L
  </size>
  <color>
   Голубой
  </color>
  <material>
   Вискоза
  </material>
  <price>
   259971
  </price>
  <rating>
   4.63
  </rating>
  <reviews>
   309489
  </reviews>
  <new>
   -
  </new>
  <sporty>
   no
  </sporty>
 </clothing>
 <clothing>
  <id>
   266709885
  </id>
  <name>
   Ellesse Umbrellas Y-8546
  </name>
  <category>
   Umbrellas
  </category>
  <size>
   XL
  </size>
  <color>
   Фиолетовый
  </color>
  <material>
   Кожа
  </material>
  <price>
   748917
  </price>
  <rating>
   2.1
  </rating>
  <reviews>
   213236
  </reviews>
  <new>
   +
  </new>
  <exclusive>
   yes
  </exclusive>
 </clothing>
 <clothing>
  <id>
   871226705
  </id>
  <name>
   DC Dress L-5319
  </name>
  <category>
   Dress
  </category>
  <size>
   XXL
  </size>
  <color>
   Желтый
  </color>
  <material>
   Вискоза
  </material>
  <price>
   803996
  </price>
  <rating>
   4.97
  </rating>
  <reviews>
   248154
  </reviews>
  <new>
   +
  </new>
  <sporty>
   no
  </sporty>
 </clothing>
 <clothing>
  <id>
   144004880
  </id>
  <name>
   Addidas T-shirt H-3066
  </name>
  <category>
   T-shirt
  </category>
  <size>
   XL
  </size>
  <color>
   Зеленый
  </color>
  <material>
   Хлопок
  </material>
  <price>
   865041
  </price>
  <rating>
   3.91
  </rating>
  <reviews>
   60213
  </reviews>
  <exclusive>
   yes
  </exclusive>
  <sporty>
   no
  </sporty>
 </clothing>
 <clothing>
  <id>
   865061833
  </id>
  <name>
   Adidas Shoes N-2773
  </name>
  <category>
   Shoes
  </category>
  <size>
   S
  </size>
  <color>
   Синий
  </color>
  <material>
   Шелк
  </material>
  <price>
   403192
  </price>
  <rating>
   2.88
  </rating>
  <reviews>
   995462
  </reviews>
  <new>
   -
  </new>
  <exclusive>
   no
  </exclusive>
  <sporty>
   no
  </sporty>
 </clothing>
 <clothing>
  <id>
   334986585
  </id>
  <name>
   Brooks Jeans X-7562
  </name>
  <category>
   Jeans
  </category>
  <size>
   XL
  </size>
  <color>
   Зеленый
  </color>
  <material>
   Вискоза
  </material>
  <price>
   521531
  </price>
  <rating>
   2.23
  </rating>
  <reviews>
   111119
  </reviews>
  <new>
   +
  </new>
 </clothing>
 <clothing>
  <id>
   401814366
  </id>
  <name>
   Asics Shirt J-7974
  </name>
  <category>
   Shirt
  </category>
  <size>
   S
  </size>
  <color>
   Красный
  </color>
  <material>
   Лен
  </material>
  <price>
   155477
  </price>
  <rating>
   2.79
  </rating>
  <reviews>
   978806
  </reviews>
  <exclusive>
   yes
  </exclusive>
  <sporty>
   no
  </sporty>
 </clothing>
 <clothing>
  <id>
   163818496
  </id>
  <name>
   Ellesse Pants T-8790
  </name>
  <category>
   Pants
  </category>
  <size>
   S
  </size>
  <color>
   Голубой
  </color>
  <material>
   Нейлон
  </material>
  <price>
   566689
  </price>
  <rating>
   3.28
  </rating>
  <reviews>
   933479
  </reviews>
  <new>
   -
  </new>
  <sporty>
   yes
  </sporty>
 </clothing>
 <clothing>
  <id>
   592507024
  </id>
  <name>
   Puma Dress S-1583
  </name>
  <category>
   Dress
  </category>
  <size>
   M
  </size>
  <color>
   Фиолетовый
  </color>
  <material>
   Шерсть
  </material>
  <price>
   609273
  </price>
  <rating>
   2.38
  </rating>
  <reviews>
   966529
  </reviews>
  <new>
   +
  </new>
  <sporty>
   no
  </sporty>
 </clothing>
 <clothing>
  <id>
   947771684
  </id>
  <name>
   DC Shirt I-6476
  </name>
  <category>
   Shirt
  </category>
  <size>
   S
  </size>
  <color>
   Голубой
  </color>
  <material>
   Нейлон
  </material>
  <price>
   480322
  </price>
  <rating>
   1.79
  </rating>
  <reviews>
   742633
  </reviews>
  <new>
   -
  </new>
  <exclusive>
   no
  </exclusive>
  <sporty>
   no
  </sporty>
 </clothing>
 <clothing>
  <id>
   860831617
  </id>
  <name>
   Nike Pants D-5105
  </name>
  <category>
   Pants
  </category>
  <size>
   S
  </size>
  <color>
   Синий
  </color>
  <material>
   Нейлон
  </material>
  <price>
   662448
  </price>
  <rating>
   2.77
  </rating>
  <reviews>
   466681
  </reviews>
  <new>
   -
  </new>
  <sporty>
   no
  </sporty>
 </clothing>
 <clothing>
  <id>
   192670964
  </id>
  <name>
   Addidas Pants F-4807
  </name>
  <category>
   Pants
  </category>
  <size>
   S
  </size>
  <color>
   Красный
  </color>
  <material>
   Шелк
  </material>
  <price>
   270860
  </price>
  <rating>
   2.11
  </rating>
  <reviews>
   661733
  </reviews>
  <new>
   -
  </new>
 </clothing>
 <clothing>
  <id>
   148668171
  </id>
  <name>
   DC Shirt I-7215
  </name>
  <category>
   Shirt
  </category>
  <size>
   XXL
  </size>
  <color>
   Фиолетовый
  </color>
  <material>
   Полиэстер
  </material>
  <price>
   698895
  </price>
  <rating>
   2.42
  </rating>
  <reviews>
   444856
  </reviews>
  <new>
   -
  </new>
  <exclusive>
   yes
  </exclusive>
  <sporty>
   no
  </sporty>
 </clothing>
</clothing-items>
