<?xml version="1.0" encoding="utf-8"?>
<clothing-items>
 <clothing>
  <id>
   556828599
  </id>
  <name>
   Converse Socks G-9357
  </name>
  <category>
   Socks
  </category>
  <size>
   XXL
  </size>
  <color>
   Зеленый
  </color>
  <material>
   Нейлон
  </material>
  <price>
   881666
  </price>
  <rating>
   4.85
  </rating>
  <reviews>
   891665
  </reviews>
  <sporty>
   no
  </sporty>
 </clothing>
 <clothing>
  <id>
   558402257
  </id>
  <name>
   Converse Umbrellas X-4824
  </name>
  <category>
   Umbrellas
  </category>
  <size>
   XL
  </size>
  <color>
   Фиолетовый
  </color>
  <material>
   Вискоза
  </material>
  <price>
   685641
  </price>
  <rating>
   3.81
  </rating>
  <reviews>
   458673
  </reviews>
 </clothing>
 <clothing>
  <id>
   457471693
  </id>
  <name>
   Asics Umbrellas E-3045
  </name>
  <category>
   Umbrellas
  </category>
  <size>
   L
  </size>
  <color>
   Фиолетовый
  </color>
  <material>
   Нейлон
  </material>
  <price>
   975911
  </price>
  <rating>
   4.59
  </rating>
  <reviews>
   195080
  </reviews>
  <new>
   -
  </new>
 </clothing>
 <clothing>
  <id>
   113761870
  </id>
  <name>
   Vans Sweater A-2481
  </name>
  <category>
   Sweater
  </category>
  <size>
   XL
  </size>
  <color>
   Желтый
  </color>
  <material>
   Шелк
  </material>
  <price>
   848001
  </price>
  <rating>
   1.02
  </rating>
  <reviews>
   615434
  </reviews>
  <new>
   -
  </new>
 </clothing>
 <clothing>
  <id>
   361278659
  </id>
  <name>
   Converse Skirt J-3674
  </name>
  <category>
   Skirt
  </category>
  <size>
   S
  </size>
  <color>
   Голубой
  </color>
  <material>
   Шелк
  </material>
  <price>
   924844
  </price>
  <rating>
   1.95
  </rating>
  <reviews>
   265889
  </reviews>
  <new>
   +
  </new>
 </clothing>
 <clothing>
  <id>
   589510649
  </id>
  <name>
   Reebok Socks L-7642
  </name>
  <category>
   Socks
  </category>
  <size>
   S
  </size>
  <color>
   Желтый
  </color>
  <material>
   Вискоза
  </material>
  <price>
   303785
  </price>
  <rating>
   3.41
  </rating>
  <reviews>
   116158
  </reviews>
  <new>
   -
  </new>
 </clothing>
 <clothing>
  <id>
   104807702
  </id>
  <name>
   Adidas Umbrellas C-8586
  </name>
  <category>
   Umbrellas
  </category>
  <size>
   XXL
  </size>
  <color>
   Фиолетовый
  </color>
  <material>
   Лен
  </material>
  <price>
   387151
  </price>
  <rating>
   4.03
  </rating>
  <reviews>
   544048
  </reviews>
  <exclusive>
   no
  </exclusive>
  <sporty>
   no
  </sporty>
 </clothing>
 <clothing>
  <id>
   432784467
  </id>
  <name>
   Converse Pants S-5822
  </name>
  <category>
   Pants
  </category>
  <size>
   L
  </size>
  <color>
   Желтый
  </color>
  <material>
   Шерсть
  </material>
  <price>
   180707
  </price>
  <rating>
   3.39
  </rating>
  <reviews>
   972303
  </reviews>
  <new>
   -
  </new>
  <exclusive>
   no
  </exclusive>
 </clothing>
 <clothing>
  <id>
   998113875
  </id>
  <name>
   Brooks Shirt J-2368
  </name>
  <category>
   Shirt
  </category>
  <size>
   XXL
  </size>
  <color>
   Зеленый
  </color>
  <material>
   Кожа
  </material>
  <price>
   812422
  </price>
  <rating>
   2.27
  </rating>
  <reviews>
   777764
  </reviews>
  <new>
   -
  </new>
 </clothing>
 <clothing>
  <id>
   418763141
  </id>
  <name>
   Puma Shoes U-2883
  </name>
  <category>
   Shoes
  </category>
  <size>
   M
  </size>
  <color>
   Желтый
  </color>
  <material>
   Шелк
  </material>
  <price>
   576020
  </price>
  <rating>
   4.01
  </rating>
  <reviews>
   161196
  </reviews>
  <new>
   +
  </new>
  <sporty>
   yes
  </sporty>
 </clothing>
 <clothing>
  <id>
   733181995
  </id>
  <name>
   Under Armour Shirt X-5118
  </name>
  <category>
   Shirt
  </category>
  <size>
   M
  </size>
  <color>
   Фиолетовый
  </color>
  <material>
   Лен
  </material>
  <price>
   967659
  </price>
  <rating>
   4.34
  </rating>
  <reviews>
   843454
  </reviews>
  <exclusive>
   yes
  </exclusive>
  <sporty>
   yes
  </sporty>
 </clothing>
 <clothing>
  <id>
   133942207
  </id>
  <name>
   Vans Handbags K-3135
  </name>
  <category>
   Handbags
  </category>
  <size>
   XL
  </size>
  <color>
   Зеленый
  </color>
  <material>
   Шерсть
  </material>
  <price>
   743114
  </price>
  <rating>
   2.53
  </rating>
  <reviews>
   930061
  </reviews>
  <sporty>
   no
  </sporty>
 </clothing>
 <clothing>
  <id>
   985054143
  </id>
  <name>
   Brooks Shoes N-9903
  </name>
  <category>
   Shoes
  </category>
  <size>
   XXL
  </size>
  <color>
   Голубой
  </color>
  <material>
   Хлопок
  </material>
  <price>
   373151
  </price>
  <rating>
   3.11
  </rating>
  <reviews>
   942453
  </reviews>
  <new>
   -
  </new>
  <sporty>
   yes
  </sporty>
 </clothing>
 <clothing>
  <id>
   638633293
  </id>
  <name>
   New Balance Sweater B-1901
  </name>
  <category>
   Sweater
  </category>
  <size>
   M
  </size>
  <color>
   Зеленый
  </color>
  <material>
   Полиэстер
  </material>
  <price>
   643902
  </price>
  <rating>
   3.72
  </rating>
  <reviews>
   106311
  </reviews>
  <new>
   +
  </new>
 </clothing>
 <clothing>
  <id>
   996459176
  </id>
  <name>
   Adidas T-shirt F-4419
  </name>
  <category>
   T-shirt
  </category>
  <size>
   XL
  </size>
  <color>
   Синий
  </color>
  <material>
   Вискоза
  </material>
  <price>
   114161
  </price>
  <rating>
   2.17
  </rating>
  <reviews>
   301448
  </reviews>
  <new>
   +
  </new>
 </clothing>
 <clothing>
  <id>
   255070499
  </id>
  <name>
   Brooks Blouse R-6918
  </name>
  <category>
   Blouse
  </category>
  <size>
   L
  </size>
  <color>
   Желтый
  </color>
  <material>
   Лен
  </material>
  <price>
   279776
  </price>
  <rating>
   1.28
  </rating>
  <reviews>
   561906
  </reviews>
  <new>
   -
  </new>
 </clothing>
 <clothing>
  <id>
   808713604
  </id>
  <name>
   Ellesse Jeans T-8241
  </name>
  <category>
   Jeans
  </category>
  <size>
   S
  </size>
  <color>
   Зеленый
  </color>
  <material>
   Лен
  </material>
  <price>
   384437
  </price>
  <rating>
   3.23
  </rating>
  <reviews>
   897358
  </reviews>
  <new>
   +
  </new>
  <exclusive>
   no
  </exclusive>
  <sporty>
   yes
  </sporty>
 </clothing>
 <clothing>
  <id>
   512788122
  </id>
  <name>
   Reebok Hat Y-8066
  </name>
  <category>
   Hat
  </category>
  <size>
   M
  </size>
  <color>
   Зеленый
  </color>
  <material>
   Полиэстер
  </material>
  <price>
   989358
  </price>
  <rating>
   1.75
  </rating>
  <reviews>
   154143
  </reviews>
  <new>
   +
  </new>
 </clothing>
 <clothing>
  <id>
   599596650
  </id>
  <name>
   Converse Hat M-8124
  </name>
  <category>
   Hat
  </category>
  <size>
   M
  </size>
  <color>
   Желтый
  </color>
  <material>
   Хлопок
  </material>
  <price>
   831733
  </price>
  <rating>
   2.05
  </rating>
  <reviews>
   813508
  </reviews>
  <new>
   +
  </new>
  <exclusive>
   yes
  </exclusive>
  <sporty>
   yes
  </sporty>
 </clothing>
 <clothing>
  <id>
   173465895
  </id>
  <name>
   Vans Pants L-7074
  </name>
  <category>
   Pants
  </category>
  <size>
   S
  </size>
  <color>
   Красный
  </color>
  <material>
   Лен
  </material>
  <price>
   932278
  </price>
  <rating>
   2.6
  </rating>
  <reviews>
   529817
  </reviews>
  <new>
   +
  </new>
  <exclusive>
   no
  </exclusive>
  <sporty>
   yes
  </sporty>
 </clothing>
 <clothing>
  <id>
   528543169
  </id>
  <name>
   PleinSport T-shirt B-5370
  </name>
  <category>
   T-shirt
  </category>
  <size>
   S
  </size>
  <color>
   Зеленый
  </color>
  <material>
   Шелк
  </material>
  <price>
   394756
  </price>
  <rating>
   2.1
  </rating>
  <reviews>
   425396
  </reviews>
  <new>
   -
  </new>
  <exclusive>
   no
  </exclusive>
 </clothing>
 <clothing>
  <id>
   503576280
  </id>
  <name>
   Converse Blouse Y-3054
  </name>
  <category>
   Blouse
  </category>
  <size>
   S
  </size>
  <color>
   Синий
  </color>
  <material>
   Полиэстер
  </material>
  <price>
   640222
  </price>
  <rating>
   2.05
  </rating>
  <reviews>
   612565
  </reviews>
  <exclusive>
   yes
  </exclusive>
  <sporty>
   yes
  </sporty>
 </clothing>
 <clothing>
  <id>
   492287884
  </id>
  <name>
   Reebok Hat F-4572
  </name>
  <category>
   Hat
  </category>
  <size>
   XXL
  </size>
  <color>
   Зеленый
  </color>
  <material>
   Кожа
  </material>
  <price>
   289358
  </price>
  <rating>
   2.47
  </rating>
  <reviews>
   920325
  </reviews>
  <new>
   +
  </new>
  <exclusive>
   no
  </exclusive>
  <sporty>
   no
  </sporty>
 </clothing>
 <clothing>
  <id>
   161219418
  </id>
  <name>
   Ellesse Blouse D-1804
  </name>
  <category>
   Blouse
  </category>
  <size>
   L
  </size>
  <color>
   Красный
  </color>
  <material>
   Шерсть
  </material>
  <price>
   426385
  </price>
  <rating>
   3.34
  </rating>
  <reviews>
   99834
  </reviews>
 </clothing>
 <clothing>
  <id>
   215392533
  </id>
  <name>
   Converse Socks Z-8336
  </name>
  <category>
   Socks
  </category>
  <size>
   M
  </size>
  <color>
   Красный
  </color>
  <material>
   Вискоза
  </material>
  <price>
   717608
  </price>
  <rating>
   2.92
  </rating>
  <reviews>
   206488
  </reviews>
  <new>
   +
  </new>
  <exclusive>
   no
  </exclusive>
  <sporty>
   yes
  </sporty>
 </clothing>
 <clothing>
  <id>
   497654919
  </id>
  <name>
   Converse Sweater T-1308
  </name>
  <category>
   Sweater
  </category>
  <size>
   XL
  </size>
  <color>
   Зеленый
  </color>
  <material>
   Полиэстер
  </material>
  <price>
   948408
  </price>
  <rating>
   3.29
  </rating>
  <reviews>
   33925
  </reviews>
  <exclusive>
   yes
  </exclusive>
  <sporty>
   yes
  </sporty>
 </clothing>
 <clothing>
  <id>
   851444146
  </id>
  <name>
   Converse T-shirt E-9672
  </name>
  <category>
   T-shirt
  </category>
  <size>
   M
  </size>
  <color>
   Оранжевый
  </color>
  <material>
   Вискоза
  </material>
  <price>
   689288
  </price>
  <rating>
   1.09
  </rating>
  <reviews>
   735676
  </reviews>
  <exclusive>
   no
  </exclusive>
 </clothing>
 <clothing>
  <id>
   548540231
  </id>
  <name>
   Adidas Socks M-3639
  </name>
  <category>
   Socks
  </category>
  <size>
   S
  </size>
  <color>
   Красный
  </color>
  <material>
   Лен
  </material>
  <price>
   961922
  </price>
  <rating>
   1.2
  </rating>
  <reviews>
   596739
  </reviews>
  <new>
   -
  </new>
 </clothing>
 <clothing>
  <id>
   257764873
  </id>
  <name>
   Ellesse Pants L-6501
  </name>
  <category>
   Pants
  </category>
  <size>
   M
  </size>
  <color>
   Оранжевый
  </color>
  <material>
   Кожа
  </material>
  <price>
   432854
  </price>
  <rating>
   4.43
  </rating>
  <reviews>
   500803
  </reviews>
  <exclusive>
   no
  </exclusive>
 </clothing>
 <clothing>
  <id>
   850436004
  </id>
  <name>
   Brooks Dress D-2034
  </name>
  <category>
   Dress
  </category>
  <size>
   XL
  </size>
  <color>
   Зеленый
  </color>
  <material>
   Вискоза
  </material>
  <price>
   537748
  </price>
  <rating>
   4.22
  </rating>
  <reviews>
   574723
  </reviews>
  <new>
   -
  </new>
  <exclusive>
   no
  </exclusive>
 </clothing>
 <clothing>
  <id>
   489935197
  </id>
  <name>
   Under Armour Skirt Z-3004
  </name>
  <category>
   Skirt
  </category>
  <size>
   S
  </size>
  <color>
   Голубой
  </color>
  <material>
   Полиэстер
  </material>
  <price>
   836125
  </price>
  <rating>
   3.63
  </rating>
  <reviews>
   441207
  </reviews>
  <exclusive>
   yes
  </exclusive>
  <sporty>
   no
  </sporty>
 </clothing>
 <clothing>
  <id>
   365246719
  </id>
  <name>
   Under Armour Skirt K-2095
  </name>
  <category>
   Skirt
  </category>
  <size>
   XL
  </size>
  <color>
   Зеленый
  </color>
  <material>
   Кожа
  </material>
  <price>
   158273
  </price>
  <rating>
   4.25
  </rating>
  <reviews>
   368082
  </reviews>
  <new>
   +
  </new>
  <sporty>
   no
  </sporty>
 </clothing>
 <clothing>
  <id>
   763694052
  </id>
  <name>
   Adidas Umbrellas J-6667
  </name>
  <category>
   Umbrellas
  </category>
  <size>
   L
  </size>
  <color>
   Оранжевый
  </color>
  <material>
   Хлопок
  </material>
  <price>
   643591
  </price>
  <rating>
   1.05
  </rating>
  <reviews>
   666386
  </reviews>
 </clothing>
 <clothing>
  <id>
   375585198
  </id>
  <name>
   Lacoste Skirt C-7323
  </name>
  <category>
   Skirt
  </category>
  <size>
   L
  </size>
  <color>
   Фиолетовый
  </color>
  <material>
   Нейлон
  </material>
  <price>
   305663
  </price>
  <rating>
   2.86
  </rating>
  <reviews>
   980348
  </reviews>
  <new>
   +
  </new>
  <exclusive>
   no
  </exclusive>
 </clothing>
 <clothing>
  <id>
   970052371
  </id>
  <name>
   Asics Shoes K-2443
  </name>
  <category>
   Shoes
  </category>
  <size>
   XXL
  </size>
  <color>
   Голубой
  </color>
  <material>
   Вискоза
  </material>
  <price>
   501571
  </price>
  <rating>
   4.44
  </rating>
  <reviews>
   670876
  </reviews>
 </clothing>
 <clothing>
  <id>
   769952331
  </id>
  <name>
   New Balance T-shirt W-4293
  </name>
  <category>
   T-shirt
  </category>
  <size>
   XL
  </size>
  <color>
   Зеленый
  </color>
  <material>
   Хлопок
  </material>
  <price>
   812665
  </price>
  <rating>
   1.72
  </rating>
  <reviews>
   396261
  </reviews>
  <exclusive>
   no
  </exclusive>
 </clothing>
 <clothing>
  <id>
   404081715
  </id>
  <name>
   Fila Shoes A-9450
  </name>
  <category>
   Shoes
  </category>
  <size>
   M
  </size>
  <color>
   Зеленый
  </color>
  <material>
   Вискоза
  </material>
  <price>
   931562
  </price>
  <rating>
   4.88
  </rating>
  <reviews>
   92308
  </reviews>
  <new>
   -
  </new>
 </clothing>
 <clothing>
  <id>
   548137048
  </id>
  <name>
   Fila Skirt H-7327
  </name>
  <category>
   Skirt
  </category>
  <size>
   XXL
  </size>
  <color>
   Синий
  </color>
  <material>
   Вискоза
  </material>
  <price>
   690908
  </price>
  <rating>
   3.94
  </rating>
  <reviews>
   811930
  </reviews>
  <new>
   +
  </new>
 </clothing>
 <clothing>
  <id>
   498233117
  </id>
  <name>
   Asics Jeans F-6376
  </name>
  <category>
   Jeans
  </category>
  <size>
   XL
  </size>
  <color>
   Фиолетовый
  </color>
  <material>
   Шелк
  </material>
  <price>
   103570
  </price>
  <rating>
   2.11
  </rating>
  <reviews>
   557625
  </reviews>
 </clothing>
 <clothing>
  <id>
   636947975
  </id>
  <name>
   Under Armour Shirt R-8208
  </name>
  <category>
   Shirt
  </category>
  <size>
   XL
  </size>
  <color>
   Зеленый
  </color>
  <material>
   Лен
  </material>
  <price>
   466660
  </price>
  <rating>
   4.67
  </rating>
  <reviews>
   128717
  </reviews>
  <new>
   -
  </new>
  <exclusive>
   yes
  </exclusive>
  <sporty>
   no
  </sporty>
 </clothing>
 <clothing>
  <id>
   598755193
  </id>
  <name>
   Lacoste Socks C-7740
  </name>
  <category>
   Socks
  </category>
  <size>
   XL
  </size>
  <color>
   Оранжевый
  </color>
  <material>
   Полиэстер
  </material>
  <price>
   822147
  </price>
  <rating>
   1.47
  </rating>
  <reviews>
   824540
  </reviews>
  <exclusive>
   yes
  </exclusive>
 </clothing>
 <clothing>
  <id>
   577550069
  </id>
  <name>
   Vans Sweater Q-7725
  </name>
  <category>
   Sweater
  </category>
  <size>
   L
  </size>
  <color>
   Зеленый
  </color>
  <material>
   Вискоза
  </material>
  <price>
   182051
  </price>
  <rating>
   4.17
  </rating>
  <reviews>
   611347
  </reviews>
  <sporty>
   no
  </sporty>
 </clothing>
 <clothing>
  <id>
   196121358
  </id>
  <name>
   Brooks Shoes K-2882
  </name>
  <category>
   Shoes
  </category>
  <size>
   L
  </size>
  <color>
   Синий
  </color>
  <material>
   Шерсть
  </material>
  <price>
   652733
  </price>
  <rating>
   3.03
  </rating>
  <reviews>
   203645
  </reviews>
  <sporty>
   no
  </sporty>
 </clothing>
</clothing-items>
