<?xml version="1.0" encoding="utf-8"?>
<clothing-items>
 <clothing>
  <id>
   776487117
  </id>
  <name>
   Lacoste Jacket T-9223
  </name>
  <category>
   Jacket
  </category>
  <size>
   S
  </size>
  <color>
   Желтый
  </color>
  <material>
   Хлопок
  </material>
  <price>
   736022
  </price>
  <rating>
   3.45
  </rating>
  <reviews>
   417496
  </reviews>
  <new>
   -
  </new>
  <exclusive>
   no
  </exclusive>
 </clothing>
 <clothing>
  <id>
   764607324
  </id>
  <name>
   Vans Dress A-5543
  </name>
  <category>
   Dress
  </category>
  <size>
   M
  </size>
  <color>
   Фиолетовый
  </color>
  <material>
   Нейлон
  </material>
  <price>
   860716
  </price>
  <rating>
   2.41
  </rating>
  <reviews>
   245774
  </reviews>
  <new>
   +
  </new>
  <exclusive>
   no
  </exclusive>
  <sporty>
   no
  </sporty>
 </clothing>
 <clothing>
  <id>
   794639671
  </id>
  <name>
   Asics Skirt S-6699
  </name>
  <category>
   Skirt
  </category>
  <size>
   M
  </size>
  <color>
   Зеленый
  </color>
  <material>
   Хлопок
  </material>
  <price>
   414226
  </price>
  <rating>
   3.26
  </rating>
  <reviews>
   52778
  </reviews>
 </clothing>
 <clothing>
  <id>
   750196593
  </id>
  <name>
   New Balance Skirt P-4079
  </name>
  <category>
   Skirt
  </category>
  <size>
   XXL
  </size>
  <color>
   Красный
  </color>
  <material>
   Хлопок
  </material>
  <price>
   312446
  </price>
  <rating>
   4.16
  </rating>
  <reviews>
   464858
  </reviews>
  <new>
   +
  </new>
  <exclusive>
   yes
  </exclusive>
  <sporty>
   no
  </sporty>
 </clothing>
 <clothing>
  <id>
   930993451
  </id>
  <name>
   Nike T-shirt T-9502
  </name>
  <category>
   T-shirt
  </category>
  <size>
   XXL
  </size>
  <color>
   Зеленый
  </color>
  <material>
   Шерсть
  </material>
  <price>
   554076
  </price>
  <rating>
   2.59
  </rating>
  <reviews>
   184950
  </reviews>
  <new>
   +
  </new>
 </clothing>
 <clothing>
  <id>
   552288621
  </id>
  <name>
   Addidas Handbags O-8878
  </name>
  <category>
   Handbags
  </category>
  <size>
   XXL
  </size>
  <color>
   Оранжевый
  </color>
  <material>
   Шелк
  </material>
  <price>
   710208
  </price>
  <rating>
   1.8
  </rating>
  <reviews>
   256500
  </reviews>
  <new>
   +
  </new>
  <exclusive>
   yes
  </exclusive>
  <sporty>
   no
  </sporty>
 </clothing>
 <clothing>
  <id>
   236783715
  </id>
  <name>
   Asics Jeans H-1627
  </name>
  <category>
   Jeans
  </category>
  <size>
   XL
  </size>
  <color>
   Желтый
  </color>
  <material>
   Нейлон
  </material>
  <price>
   799849
  </price>
  <rating>
   3.99
  </rating>
  <reviews>
   825602
  </reviews>
  <new>
   -
  </new>
  <exclusive>
   no
  </exclusive>
  <sporty>
   yes
  </sporty>
 </clothing>
 <clothing>
  <id>
   622197265
  </id>
  <name>
   Fila Hat I-3111
  </name>
  <category>
   Hat
  </category>
  <size>
   XL
  </size>
  <color>
   Голубой
  </color>
  <material>
   Лен
  </material>
  <price>
   272704
  </price>
  <rating>
   3.91
  </rating>
  <reviews>
   789441
  </reviews>
  <exclusive>
   no
  </exclusive>
 </clothing>
 <clothing>
  <id>
   565927373
  </id>
  <name>
   PleinSport T-shirt Y-7929
  </name>
  <category>
   T-shirt
  </category>
  <size>
   S
  </size>
  <color>
   Желтый
  </color>
  <material>
   Нейлон
  </material>
  <price>
   234886
  </price>
  <rating>
   1.07
  </rating>
  <reviews>
   831491
  </reviews>
  <new>
   -
  </new>
  <exclusive>
   yes
  </exclusive>
 </clothing>
 <clothing>
  <id>
   773355730
  </id>
  <name>
   Reebok Dress L-5352
  </name>
  <category>
   Dress
  </category>
  <size>
   M
  </size>
  <color>
   Желтый
  </color>
  <material>
   Вискоза
  </material>
  <price>
   959650
  </price>
  <rating>
   3.18
  </rating>
  <reviews>
   246657
  </reviews>
  <exclusive>
   no
  </exclusive>
  <sporty>
   yes
  </sporty>
 </clothing>
 <clothing>
  <id>
   285431242
  </id>
  <name>
   Ellesse Shoes C-4760
  </name>
  <category>
   Shoes
  </category>
  <size>
   XL
  </size>
  <color>
   Желтый
  </color>
  <material>
   Полиэстер
  </material>
  <price>
   100145
  </price>
  <rating>
   1.83
  </rating>
  <reviews>
   256931
  </reviews>
  <sporty>
   no
  </sporty>
 </clothing>
 <clothing>
  <id>
   216796357
  </id>
  <name>
   New Balance Gloves I-9641
  </name>
  <category>
   Gloves
  </category>
  <size>
   L
  </size>
  <color>
   Желтый
  </color>
  <material>
   Шелк
  </material>
  <price>
   704769
  </price>
  <rating>
   4.75
  </rating>
  <reviews>
   601670
  </reviews>
  <new>
   -
  </new>
  <exclusive>
   no
  </exclusive>
  <sporty>
   no
  </sporty>
 </clothing>
 <clothing>
  <id>
   335563126
  </id>
  <name>
   Reebok Shoes Q-5892
  </name>
  <category>
   Shoes
  </category>
  <size>
   XL
  </size>
  <color>
   Синий
  </color>
  <material>
   Полиэстер
  </material>
  <price>
   732116
  </price>
  <rating>
   4.82
  </rating>
  <reviews>
   982957
  </reviews>
  <new>
   -
  </new>
  <exclusive>
   yes
  </exclusive>
 </clothing>
 <clothing>
  <id>
   620210189
  </id>
  <name>
   Lacoste Jacket Y-4686
  </name>
  <category>
   Jacket
  </category>
  <size>
   XXL
  </size>
  <color>
   Зеленый
  </color>
  <material>
   Кожа
  </material>
  <price>
   368219
  </price>
  <rating>
   4.21
  </rating>
  <reviews>
   180922
  </reviews>
  <new>
   -
  </new>
  <exclusive>
   no
  </exclusive>
  <sporty>
   no
  </sporty>
 </clothing>
 <clothing>
  <id>
   202594440
  </id>
  <name>
   Ellesse Jacket Y-2349
  </name>
  <category>
   Jacket
  </category>
  <size>
   S
  </size>
  <color>
   Синий
  </color>
  <material>
   Лен
  </material>
  <price>
   506163
  </price>
  <rating>
   2.74
  </rating>
  <reviews>
   645531
  </reviews>
  <new>
   -
  </new>
 </clothing>
 <clothing>
  <id>
   891527654
  </id>
  <name>
   PleinSport Shirt D-5576
  </name>
  <category>
   Shirt
  </category>
  <size>
   M
  </size>
  <color>
   Голубой
  </color>
  <material>
   Лен
  </material>
  <price>
   970316
  </price>
  <rating>
   2.21
  </rating>
  <reviews>
   727562
  </reviews>
  <new>
   -
  </new>
  <exclusive>
   no
  </exclusive>
  <sporty>
   no
  </sporty>
 </clothing>
 <clothing>
  <id>
   420941531
  </id>
  <name>
   PleinSport Skirt R-3252
  </name>
  <category>
   Skirt
  </category>
  <size>
   S
  </size>
  <color>
   Фиолетовый
  </color>
  <material>
   Шерсть
  </material>
  <price>
   319490
  </price>
  <rating>
   2.77
  </rating>
  <reviews>
   355569
  </reviews>
  <sporty>
   no
  </sporty>
 </clothing>
 <clothing>
  <id>
   134464540
  </id>
  <name>
   DC T-shirt F-6779
  </name>
  <category>
   T-shirt
  </category>
  <size>
   L
  </size>
  <color>
   Оранжевый
  </color>
  <material>
   Полиэстер
  </material>
  <price>
   459173
  </price>
  <rating>
   2.59
  </rating>
  <reviews>
   573457
  </reviews>
  <new>
   +
  </new>
  <sporty>
   yes
  </sporty>
 </clothing>
 <clothing>
  <id>
   272534549
  </id>
  <name>
   Adidas T-shirt Q-6726
  </name>
  <category>
   T-shirt
  </category>
  <size>
   XL
  </size>
  <color>
   Синий
  </color>
  <material>
   Шелк
  </material>
  <price>
   734964
  </price>
  <rating>
   4.61
  </rating>
  <reviews>
   525073
  </reviews>
  <new>
   -
  </new>
  <exclusive>
   no
  </exclusive>
 </clothing>
 <clothing>
  <id>
   795660257
  </id>
  <name>
   DC Jacket J-7897
  </name>
  <category>
   Jacket
  </category>
  <size>
   L
  </size>
  <color>
   Синий
  </color>
  <material>
   Лен
  </material>
  <price>
   778803
  </price>
  <rating>
   1.27
  </rating>
  <reviews>
   296982
  </reviews>
  <new>
   +
  </new>
  <exclusive>
   no
  </exclusive>
  <sporty>
   no
  </sporty>
 </clothing>
 <clothing>
  <id>
   856409866
  </id>
  <name>
   Nike Pants S-2987
  </name>
  <category>
   Pants
  </category>
  <size>
   S
  </size>
  <color>
   Оранжевый
  </color>
  <material>
   Лен
  </material>
  <price>
   801335
  </price>
  <rating>
   1.04
  </rating>
  <reviews>
   111299
  </reviews>
  <new>
   +
  </new>
  <exclusive>
   no
  </exclusive>
 </clothing>
 <clothing>
  <id>
   413181181
  </id>
  <name>
   Lacoste Handbags A-2693
  </name>
  <category>
   Handbags
  </category>
  <size>
   XXL
  </size>
  <color>
   Фиолетовый
  </color>
  <material>
   Хлопок
  </material>
  <price>
   432400
  </price>
  <rating>
   2.49
  </rating>
  <reviews>
   936917
  </reviews>
 </clothing>
</clothing-items>
