<?xml version="1.0" encoding="utf-8"?>
<clothing-items>
 <clothing>
  <id>
   339937540
  </id>
  <name>
   Puma Jacket V-2994
  </name>
  <category>
   Jacket
  </category>
  <size>
   S
  </size>
  <color>
   Оранжевый
  </color>
  <material>
   Хлопок
  </material>
  <price>
   120916
  </price>
  <rating>
   3.49
  </rating>
  <reviews>
   678287
  </reviews>
  <exclusive>
   yes
  </exclusive>
 </clothing>
 <clothing>
  <id>
   530532503
  </id>
  <name>
   Asics Shirt B-5987
  </name>
  <category>
   Shirt
  </category>
  <size>
   XXL
  </size>
  <color>
   Красный
  </color>
  <material>
   Полиэстер
  </material>
  <price>
   731236
  </price>
  <rating>
   2.17
  </rating>
  <reviews>
   608861
  </reviews>
  <exclusive>
   no
  </exclusive>
 </clothing>
 <clothing>
  <id>
   507273973
  </id>
  <name>
   Ellesse Shirt Y-7623
  </name>
  <category>
   Shirt
  </category>
  <size>
   S
  </size>
  <color>
   Синий
  </color>
  <material>
   Лен
  </material>
  <price>
   992069
  </price>
  <rating>
   2.06
  </rating>
  <reviews>
   2276
  </reviews>
  <exclusive>
   no
  </exclusive>
  <sporty>
   no
  </sporty>
 </clothing>
 <clothing>
  <id>
   575220263
  </id>
  <name>
   Adidas Handbags B-9134
  </name>
  <category>
   Handbags
  </category>
  <size>
   M
  </size>
  <color>
   Желтый
  </color>
  <material>
   Нейлон
  </material>
  <price>
   398853
  </price>
  <rating>
   4.6
  </rating>
  <reviews>
   551968
  </reviews>
  <sporty>
   yes
  </sporty>
 </clothing>
 <clothing>
  <id>
   421739213
  </id>
  <name>
   Vans Sweater X-4498
  </name>
  <category>
   Sweater
  </category>
  <size>
   M
  </size>
  <color>
   Желтый
  </color>
  <material>
   Лен
  </material>
  <price>
   360996
  </price>
  <rating>
   3.34
  </rating>
  <reviews>
   461851
  </reviews>
  <new>
   -
  </new>
  <exclusive>
   yes
  </exclusive>
  <sporty>
   yes
  </sporty>
 </clothing>
 <clothing>
  <id>
   871404431
  </id>
  <name>
   PleinSport Shoes J-3264
  </name>
  <category>
   Shoes
  </category>
  <size>
   M
  </size>
  <color>
   Голубой
  </color>
  <material>
   Шерсть
  </material>
  <price>
   600094
  </price>
  <rating>
   2.61
  </rating>
  <reviews>
   856276
  </reviews>
  <new>
   -
  </new>
  <exclusive>
   no
  </exclusive>
 </clothing>
 <clothing>
  <id>
   351329276
  </id>
  <name>
   Converse Shirt L-3544
  </name>
  <category>
   Shirt
  </category>
  <size>
   XL
  </size>
  <color>
   Фиолетовый
  </color>
  <material>
   Шерсть
  </material>
  <price>
   422999
  </price>
  <rating>
   1.76
  </rating>
  <reviews>
   494453
  </reviews>
  <exclusive>
   no
  </exclusive>
  <sporty>
   yes
  </sporty>
 </clothing>
 <clothing>
  <id>
   204604138
  </id>
  <name>
   Converse Skirt Z-6796
  </name>
  <category>
   Skirt
  </category>
  <size>
   L
  </size>
  <color>
   Красный
  </color>
  <material>
   Вискоза
  </material>
  <price>
   613458
  </price>
  <rating>
   1.75
  </rating>
  <reviews>
   709484
  </reviews>
  <new>
   -
  </new>
  <exclusive>
   yes
  </exclusive>
  <sporty>
   no
  </sporty>
 </clothing>
 <clothing>
  <id>
   996457304
  </id>
  <name>
   Vans Dress Z-8015
  </name>
  <category>
   Dress
  </category>
  <size>
   L
  </size>
  <color>
   Синий
  </color>
  <material>
   Полиэстер
  </material>
  <price>
   534934
  </price>
  <rating>
   2.06
  </rating>
  <reviews>
   354182
  </reviews>
  <new>
   -
  </new>
  <exclusive>
   no
  </exclusive>
  <sporty>
   no
  </sporty>
 </clothing>
 <clothing>
  <id>
   132729538
  </id>
  <name>
   Addidas Dress E-3300
  </name>
  <category>
   Dress
  </category>
  <size>
   XL
  </size>
  <color>
   Зеленый
  </color>
  <material>
   Лен
  </material>
  <price>
   350758
  </price>
  <rating>
   4.12
  </rating>
  <reviews>
   317478
  </reviews>
  <exclusive>
   yes
  </exclusive>
  <sporty>
   yes
  </sporty>
 </clothing>
 <clothing>
  <id>
   261075724
  </id>
  <name>
   Reebok Gloves W-7180
  </name>
  <category>
   Gloves
  </category>
  <size>
   M
  </size>
  <color>
   Фиолетовый
  </color>
  <material>
   Шелк
  </material>
  <price>
   712605
  </price>
  <rating>
   4.77
  </rating>
  <reviews>
   539003
  </reviews>
  <new>
   -
  </new>
  <exclusive>
   yes
  </exclusive>
  <sporty>
   no
  </sporty>
 </clothing>
 <clothing>
  <id>
   380882627
  </id>
  <name>
   Addidas Belts Z-3739
  </name>
  <category>
   Belts
  </category>
  <size>
   XXL
  </size>
  <color>
   Желтый
  </color>
  <material>
   Лен
  </material>
  <price>
   480128
  </price>
  <rating>
   1.02
  </rating>
  <reviews>
   774293
  </reviews>
  <new>
   +
  </new>
  <exclusive>
   yes
  </exclusive>
 </clothing>
 <clothing>
  <id>
   961104744
  </id>
  <name>
   Under Armour Dress I-4979
  </name>
  <category>
   Dress
  </category>
  <size>
   XXL
  </size>
  <color>
   Желтый
  </color>
  <material>
   Вискоза
  </material>
  <price>
   817866
  </price>
  <rating>
   3.66
  </rating>
  <reviews>
   101382
  </reviews>
  <exclusive>
   yes
  </exclusive>
 </clothing>
 <clothing>
  <id>
   843701693
  </id>
  <name>
   Reebok Umbrellas M-7723
  </name>
  <category>
   Umbrellas
  </category>
  <size>
   XXL
  </size>
  <color>
   Красный
  </color>
  <material>
   Нейлон
  </material>
  <price>
   833741
  </price>
  <rating>
   3.01
  </rating>
  <reviews>
   852220
  </reviews>
 </clothing>
 <clothing>
  <id>
   940801996
  </id>
  <name>
   PleinSport Socks S-9547
  </name>
  <category>
   Socks
  </category>
  <size>
   L
  </size>
  <color>
   Красный
  </color>
  <material>
   Нейлон
  </material>
  <price>
   771599
  </price>
  <rating>
   1.06
  </rating>
  <reviews>
   953580
  </reviews>
  <sporty>
   yes
  </sporty>
 </clothing>
 <clothing>
  <id>
   955604058
  </id>
  <name>
   DC Blouse X-9043
  </name>
  <category>
   Blouse
  </category>
  <size>
   S
  </size>
  <color>
   Зеленый
  </color>
  <material>
   Полиэстер
  </material>
  <price>
   143898
  </price>
  <rating>
   3.72
  </rating>
  <reviews>
   706786
  </reviews>
  <exclusive>
   no
  </exclusive>
  <sporty>
   yes
  </sporty>
 </clothing>
 <clothing>
  <id>
   259347341
  </id>
  <name>
   Lacoste Belts P-7277
  </name>
  <category>
   Belts
  </category>
  <size>
   XXL
  </size>
  <color>
   Фиолетовый
  </color>
  <material>
   Полиэстер
  </material>
  <price>
   551632
  </price>
  <rating>
   2.82
  </rating>
  <reviews>
   665530
  </reviews>
  <new>
   -
  </new>
  <sporty>
   no
  </sporty>
 </clothing>
 <clothing>
  <id>
   210914162
  </id>
  <name>
   Converse Shoes F-1434
  </name>
  <category>
   Shoes
  </category>
  <size>
   XXL
  </size>
  <color>
   Синий
  </color>
  <material>
   Вискоза
  </material>
  <price>
   257470
  </price>
  <rating>
   3.63
  </rating>
  <reviews>
   912014
  </reviews>
  <new>
   +
  </new>
  <sporty>
   yes
  </sporty>
 </clothing>
 <clothing>
  <id>
   830228363
  </id>
  <name>
   Ellesse Hat Z-1592
  </name>
  <category>
   Hat
  </category>
  <size>
   L
  </size>
  <color>
   Синий
  </color>
  <material>
   Хлопок
  </material>
  <price>
   779458
  </price>
  <rating>
   4.31
  </rating>
  <reviews>
   893008
  </reviews>
  <new>
   -
  </new>
  <sporty>
   yes
  </sporty>
 </clothing>
 <clothing>
  <id>
   800242854
  </id>
  <name>
   Fila Pants R-6408
  </name>
  <category>
   Pants
  </category>
  <size>
   M
  </size>
  <color>
   Желтый
  </color>
  <material>
   Шелк
  </material>
  <price>
   723356
  </price>
  <rating>
   1.16
  </rating>
  <reviews>
   786540
  </reviews>
 </clothing>
 <clothing>
  <id>
   133253246
  </id>
  <name>
   Ellesse Dress O-7483
  </name>
  <category>
   Dress
  </category>
  <size>
   S
  </size>
  <color>
   Фиолетовый
  </color>
  <material>
   Шерсть
  </material>
  <price>
   795645
  </price>
  <rating>
   4.79
  </rating>
  <reviews>
   742956
  </reviews>
  <new>
   +
  </new>
  <exclusive>
   yes
  </exclusive>
 </clothing>
 <clothing>
  <id>
   963678614
  </id>
  <name>
   Vans Sweater T-7258
  </name>
  <category>
   Sweater
  </category>
  <size>
   L
  </size>
  <color>
   Синий
  </color>
  <material>
   Кожа
  </material>
  <price>
   984178
  </price>
  <rating>
   3.51
  </rating>
  <reviews>
   452329
  </reviews>
  <new>
   +
  </new>
  <exclusive>
   no
  </exclusive>
 </clothing>
 <clothing>
  <id>
   670403578
  </id>
  <name>
   New Balance Skirt U-7074
  </name>
  <category>
   Skirt
  </category>
  <size>
   M
  </size>
  <color>
   Желтый
  </color>
  <material>
   Нейлон
  </material>
  <price>
   272124
  </price>
  <rating>
   4.42
  </rating>
  <reviews>
   488463
  </reviews>
  <exclusive>
   yes
  </exclusive>
 </clothing>
 <clothing>
  <id>
   497994804
  </id>
  <name>
   Nike Hat F-7824
  </name>
  <category>
   Hat
  </category>
  <size>
   XXL
  </size>
  <color>
   Зеленый
  </color>
  <material>
   Полиэстер
  </material>
  <price>
   639735
  </price>
  <rating>
   2.03
  </rating>
  <reviews>
   386556
  </reviews>
  <new>
   +
  </new>
  <exclusive>
   yes
  </exclusive>
  <sporty>
   yes
  </sporty>
 </clothing>
 <clothing>
  <id>
   340459306
  </id>
  <name>
   Reebok Sweater T-2933
  </name>
  <category>
   Sweater
  </category>
  <size>
   M
  </size>
  <color>
   Синий
  </color>
  <material>
   Вискоза
  </material>
  <price>
   167750
  </price>
  <rating>
   2.9
  </rating>
  <reviews>
   736959
  </reviews>
  <new>
   +
  </new>
  <exclusive>
   yes
  </exclusive>
 </clothing>
</clothing-items>
