<?xml version="1.0" encoding="utf-8"?>
<clothing-items>
 <clothing>
  <id>
   637619074
  </id>
  <name>
   Addidas Dress L-7482
  </name>
  <category>
   Dress
  </category>
  <size>
   L
  </size>
  <color>
   Зеленый
  </color>
  <material>
   Хлопок
  </material>
  <price>
   287785
  </price>
  <rating>
   1.17
  </rating>
  <reviews>
   230437
  </reviews>
  <exclusive>
   yes
  </exclusive>
 </clothing>
 <clothing>
  <id>
   464475041
  </id>
  <name>
   Addidas Blouse D-4053
  </name>
  <category>
   Blouse
  </category>
  <size>
   XL
  </size>
  <color>
   Красный
  </color>
  <material>
   Вискоза
  </material>
  <price>
   157985
  </price>
  <rating>
   4.45
  </rating>
  <reviews>
   971045
  </reviews>
  <sporty>
   yes
  </sporty>
 </clothing>
 <clothing>
  <id>
   163740763
  </id>
  <name>
   Addidas Umbrellas Z-7337
  </name>
  <category>
   Umbrellas
  </category>
  <size>
   S
  </size>
  <color>
   Оранжевый
  </color>
  <material>
   Шелк
  </material>
  <price>
   324113
  </price>
  <rating>
   4.72
  </rating>
  <reviews>
   566237
  </reviews>
  <new>
   +
  </new>
  <exclusive>
   no
  </exclusive>
 </clothing>
 <clothing>
  <id>
   545679383
  </id>
  <name>
   DC Sweater R-4636
  </name>
  <category>
   Sweater
  </category>
  <size>
   M
  </size>
  <color>
   Синий
  </color>
  <material>
   Лен
  </material>
  <price>
   834552
  </price>
  <rating>
   1.38
  </rating>
  <reviews>
   522735
  </reviews>
  <new>
   +
  </new>
  <exclusive>
   no
  </exclusive>
  <sporty>
   no
  </sporty>
 </clothing>
 <clothing>
  <id>
   898494639
  </id>
  <name>
   Converse Gloves G-2963
  </name>
  <category>
   Gloves
  </category>
  <size>
   XXL
  </size>
  <color>
   Фиолетовый
  </color>
  <material>
   Нейлон
  </material>
  <price>
   560585
  </price>
  <rating>
   1.98
  </rating>
  <reviews>
   633971
  </reviews>
  <sporty>
   no
  </sporty>
 </clothing>
 <clothing>
  <id>
   284507329
  </id>
  <name>
   Nike Jacket F-9965
  </name>
  <category>
   Jacket
  </category>
  <size>
   S
  </size>
  <color>
   Синий
  </color>
  <material>
   Кожа
  </material>
  <price>
   188415
  </price>
  <rating>
   1.19
  </rating>
  <reviews>
   592164
  </reviews>
  <exclusive>
   no
  </exclusive>
  <sporty>
   no
  </sporty>
 </clothing>
 <clothing>
  <id>
   212504633
  </id>
  <name>
   Vans Pants Z-6430
  </name>
  <category>
   Pants
  </category>
  <size>
   XL
  </size>
  <color>
   Желтый
  </color>
  <material>
   Нейлон
  </material>
  <price>
   792847
  </price>
  <rating>
   2.46
  </rating>
  <reviews>
   680344
  </reviews>
  <new>
   -
  </new>
 </clothing>
 <clothing>
  <id>
   703852702
  </id>
  <name>
   DC Jeans V-2115
  </name>
  <category>
   Jeans
  </category>
  <size>
   XXL
  </size>
  <color>
   Красный
  </color>
  <material>
   Нейлон
  </material>
  <price>
   908043
  </price>
  <rating>
   2.99
  </rating>
  <reviews>
   480218
  </reviews>
  <sporty>
   no
  </sporty>
 </clothing>
 <clothing>
  <id>
   469514275
  </id>
  <name>
   Lacoste Pants V-9224
  </name>
  <category>
   Pants
  </category>
  <size>
   XL
  </size>
  <color>
   Желтый
  </color>
  <material>
   Вискоза
  </material>
  <price>
   928645
  </price>
  <rating>
   2.79
  </rating>
  <reviews>
   899965
  </reviews>
  <new>
   +
  </new>
  <exclusive>
   no
  </exclusive>
  <sporty>
   no
  </sporty>
 </clothing>
 <clothing>
  <id>
   747825955
  </id>
  <name>
   Lacoste Handbags G-4040
  </name>
  <category>
   Handbags
  </category>
  <size>
   M
  </size>
  <color>
   Красный
  </color>
  <material>
   Вискоза
  </material>
  <price>
   604935
  </price>
  <rating>
   1.36
  </rating>
  <reviews>
   954760
  </reviews>
 </clothing>
 <clothing>
  <id>
   293048918
  </id>
  <name>
   New Balance Shoes N-8468
  </name>
  <category>
   Shoes
  </category>
  <size>
   M
  </size>
  <color>
   Зеленый
  </color>
  <material>
   Хлопок
  </material>
  <price>
   118855
  </price>
  <rating>
   1.86
  </rating>
  <reviews>
   152463
  </reviews>
  <new>
   -
  </new>
  <exclusive>
   yes
  </exclusive>
  <sporty>
   no
  </sporty>
 </clothing>
 <clothing>
  <id>
   411835584
  </id>
  <name>
   Fila Dress D-7012
  </name>
  <category>
   Dress
  </category>
  <size>
   M
  </size>
  <color>
   Красный
  </color>
  <material>
   Лен
  </material>
  <price>
   884974
  </price>
  <rating>
   4.04
  </rating>
  <reviews>
   80295
  </reviews>
  <exclusive>
   no
  </exclusive>
 </clothing>
 <clothing>
  <id>
   632173273
  </id>
  <name>
   Converse Hat G-4193
  </name>
  <category>
   Hat
  </category>
  <size>
   XL
  </size>
  <color>
   Желтый
  </color>
  <material>
   Полиэстер
  </material>
  <price>
   469981
  </price>
  <rating>
   3.04
  </rating>
  <reviews>
   42519
  </reviews>
  <exclusive>
   no
  </exclusive>
  <sporty>
   no
  </sporty>
 </clothing>
 <clothing>
  <id>
   897169289
  </id>
  <name>
   Fila Pants E-9287
  </name>
  <category>
   Pants
  </category>
  <size>
   L
  </size>
  <color>
   Желтый
  </color>
  <material>
   Вискоза
  </material>
  <price>
   649708
  </price>
  <rating>
   1.07
  </rating>
  <reviews>
   421082
  </reviews>
  <exclusive>
   yes
  </exclusive>
  <sporty>
   yes
  </sporty>
 </clothing>
 <clothing>
  <id>
   846820772
  </id>
  <name>
   Vans Handbags Y-4962
  </name>
  <category>
   Handbags
  </category>
  <size>
   XL
  </size>
  <color>
   Фиолетовый
  </color>
  <material>
   Лен
  </material>
  <price>
   241990
  </price>
  <rating>
   4.13
  </rating>
  <reviews>
   837337
  </reviews>
  <new>
   -
  </new>
  <exclusive>
   no
  </exclusive>
  <sporty>
   no
  </sporty>
 </clothing>
 <clothing>
  <id>
   397767533
  </id>
  <name>
   Under Armour Shirt N-2970
  </name>
  <category>
   Shirt
  </category>
  <size>
   XXL
  </size>
  <color>
   Желтый
  </color>
  <material>
   Вискоза
  </material>
  <price>
   559530
  </price>
  <rating>
   1.38
  </rating>
  <reviews>
   823610
  </reviews>
  <new>
   +
  </new>
  <sporty>
   no
  </sporty>
 </clothing>
 <clothing>
  <id>
   209843589
  </id>
  <name>
   Converse Hat F-5250
  </name>
  <category>
   Hat
  </category>
  <size>
   XL
  </size>
  <color>
   Красный
  </color>
  <material>
   Нейлон
  </material>
  <price>
   820040
  </price>
  <rating>
   4.08
  </rating>
  <reviews>
   410751
  </reviews>
  <exclusive>
   no
  </exclusive>
  <sporty>
   no
  </sporty>
 </clothing>
 <clothing>
  <id>
   245932140
  </id>
  <name>
   Puma Gloves D-1362
  </name>
  <category>
   Gloves
  </category>
  <size>
   L
  </size>
  <color>
   Зеленый
  </color>
  <material>
   Шелк
  </material>
  <price>
   303476
  </price>
  <rating>
   1.2
  </rating>
  <reviews>
   375881
  </reviews>
  <new>
   +
  </new>
  <exclusive>
   no
  </exclusive>
 </clothing>
 <clothing>
  <id>
   679805194
  </id>
  <name>
   Puma Socks Z-4611
  </name>
  <category>
   Socks
  </category>
  <size>
   S
  </size>
  <color>
   Синий
  </color>
  <material>
   Шелк
  </material>
  <price>
   709618
  </price>
  <rating>
   4.85
  </rating>
  <reviews>
   454797
  </reviews>
  <exclusive>
   no
  </exclusive>
  <sporty>
   yes
  </sporty>
 </clothing>
 <clothing>
  <id>
   479054251
  </id>
  <name>
   Converse Umbrellas M-9920
  </name>
  <category>
   Umbrellas
  </category>
  <size>
   XXL
  </size>
  <color>
   Фиолетовый
  </color>
  <material>
   Нейлон
  </material>
  <price>
   440956
  </price>
  <rating>
   2.76
  </rating>
  <reviews>
   391991
  </reviews>
  <sporty>
   no
  </sporty>
 </clothing>
 <clothing>
  <id>
   277573082
  </id>
  <name>
   Vans T-shirt P-8622
  </name>
  <category>
   T-shirt
  </category>
  <size>
   XL
  </size>
  <color>
   Синий
  </color>
  <material>
   Шерсть
  </material>
  <price>
   534687
  </price>
  <rating>
   3.61
  </rating>
  <reviews>
   610477
  </reviews>
  <new>
   +
  </new>
 </clothing>
 <clothing>
  <id>
   188445152
  </id>
  <name>
   Under Armour Shoes M-5128
  </name>
  <category>
   Shoes
  </category>
  <size>
   S
  </size>
  <color>
   Желтый
  </color>
  <material>
   Шелк
  </material>
  <price>
   493248
  </price>
  <rating>
   1.87
  </rating>
  <reviews>
   618078
  </reviews>
  <new>
   -
  </new>
 </clothing>
 <clothing>
  <id>
   310637388
  </id>
  <name>
   Adidas Shoes G-5147
  </name>
  <category>
   Shoes
  </category>
  <size>
   XL
  </size>
  <color>
   Синий
  </color>
  <material>
   Лен
  </material>
  <price>
   836644
  </price>
  <rating>
   3.72
  </rating>
  <reviews>
   624278
  </reviews>
 </clothing>
 <clothing>
  <id>
   834559712
  </id>
  <name>
   PleinSport Hat S-6167
  </name>
  <category>
   Hat
  </category>
  <size>
   XL
  </size>
  <color>
   Желтый
  </color>
  <material>
   Лен
  </material>
  <price>
   778027
  </price>
  <rating>
   3.36
  </rating>
  <reviews>
   506885
  </reviews>
  <exclusive>
   no
  </exclusive>
 </clothing>
 <clothing>
  <id>
   117704858
  </id>
  <name>
   New Balance Pants F-9381
  </name>
  <category>
   Pants
  </category>
  <size>
   L
  </size>
  <color>
   Желтый
  </color>
  <material>
   Лен
  </material>
  <price>
   376812
  </price>
  <rating>
   1.97
  </rating>
  <reviews>
   277950
  </reviews>
 </clothing>
 <clothing>
  <id>
   243494252
  </id>
  <name>
   Ellesse Sweater G-9103
  </name>
  <category>
   Sweater
  </category>
  <size>
   XL
  </size>
  <color>
   Синий
  </color>
  <material>
   Хлопок
  </material>
  <price>
   995087
  </price>
  <rating>
   1.95
  </rating>
  <reviews>
   318894
  </reviews>
 </clothing>
 <clothing>
  <id>
   912164859
  </id>
  <name>
   PleinSport Dress L-8196
  </name>
  <category>
   Dress
  </category>
  <size>
   S
  </size>
  <color>
   Оранжевый
  </color>
  <material>
   Лен
  </material>
  <price>
   344730
  </price>
  <rating>
   2.31
  </rating>
  <reviews>
   420670
  </reviews>
  <new>
   +
  </new>
  <sporty>
   no
  </sporty>
 </clothing>
 <clothing>
  <id>
   781705224
  </id>
  <name>
   Reebok Socks T-9176
  </name>
  <category>
   Socks
  </category>
  <size>
   L
  </size>
  <color>
   Желтый
  </color>
  <material>
   Вискоза
  </material>
  <price>
   487803
  </price>
  <rating>
   4.34
  </rating>
  <reviews>
   891188
  </reviews>
  <sporty>
   no
  </sporty>
 </clothing>
 <clothing>
  <id>
   989294218
  </id>
  <name>
   Puma Handbags B-9530
  </name>
  <category>
   Handbags
  </category>
  <size>
   XL
  </size>
  <color>
   Красный
  </color>
  <material>
   Хлопок
  </material>
  <price>
   105005
  </price>
  <rating>
   4.91
  </rating>
  <reviews>
   759160
  </reviews>
  <exclusive>
   yes
  </exclusive>
  <sporty>
   no
  </sporty>
 </clothing>
 <clothing>
  <id>
   291963037
  </id>
  <name>
   Fila Handbags H-1091
  </name>
  <category>
   Handbags
  </category>
  <size>
   XL
  </size>
  <color>
   Фиолетовый
  </color>
  <material>
   Лен
  </material>
  <price>
   578172
  </price>
  <rating>
   4.25
  </rating>
  <reviews>
   937781
  </reviews>
  <exclusive>
   no
  </exclusive>
  <sporty>
   no
  </sporty>
 </clothing>
 <clothing>
  <id>
   633955986
  </id>
  <name>
   Puma Socks N-3792
  </name>
  <category>
   Socks
  </category>
  <size>
   XXL
  </size>
  <color>
   Желтый
  </color>
  <material>
   Шелк
  </material>
  <price>
   741703
  </price>
  <rating>
   4.72
  </rating>
  <reviews>
   382623
  </reviews>
  <new>
   -
  </new>
  <exclusive>
   yes
  </exclusive>
  <sporty>
   no
  </sporty>
 </clothing>
 <clothing>
  <id>
   180066429
  </id>
  <name>
   Puma Socks Z-9862
  </name>
  <category>
   Socks
  </category>
  <size>
   XL
  </size>
  <color>
   Оранжевый
  </color>
  <material>
   Полиэстер
  </material>
  <price>
   591015
  </price>
  <rating>
   4.01
  </rating>
  <reviews>
   770425
  </reviews>
  <new>
   +
  </new>
  <sporty>
   no
  </sporty>
 </clothing>
 <clothing>
  <id>
   978208710
  </id>
  <name>
   Fila T-shirt U-1265
  </name>
  <category>
   T-shirt
  </category>
  <size>
   L
  </size>
  <color>
   Желтый
  </color>
  <material>
   Полиэстер
  </material>
  <price>
   886554
  </price>
  <rating>
   4.77
  </rating>
  <reviews>
   342965
  </reviews>
  <new>
   -
  </new>
  <sporty>
   no
  </sporty>
 </clothing>
 <clothing>
  <id>
   193724374
  </id>
  <name>
   PleinSport Skirt B-7473
  </name>
  <category>
   Skirt
  </category>
  <size>
   XL
  </size>
  <color>
   Фиолетовый
  </color>
  <material>
   Вискоза
  </material>
  <price>
   983186
  </price>
  <rating>
   1.08
  </rating>
  <reviews>
   346875
  </reviews>
  <new>
   -
  </new>
  <sporty>
   no
  </sporty>
 </clothing>
 <clothing>
  <id>
   822479566
  </id>
  <name>
   New Balance Jeans V-2015
  </name>
  <category>
   Jeans
  </category>
  <size>
   XXL
  </size>
  <color>
   Фиолетовый
  </color>
  <material>
   Вискоза
  </material>
  <price>
   214183
  </price>
  <rating>
   1.42
  </rating>
  <reviews>
   276113
  </reviews>
  <exclusive>
   no
  </exclusive>
  <sporty>
   yes
  </sporty>
 </clothing>
 <clothing>
  <id>
   679963059
  </id>
  <name>
   Brooks Shoes A-5661
  </name>
  <category>
   Shoes
  </category>
  <size>
   XXL
  </size>
  <color>
   Фиолетовый
  </color>
  <material>
   Шелк
  </material>
  <price>
   703546
  </price>
  <rating>
   3.63
  </rating>
  <reviews>
   118730
  </reviews>
  <new>
   +
  </new>
  <exclusive>
   no
  </exclusive>
  <sporty>
   yes
  </sporty>
 </clothing>
 <clothing>
  <id>
   306702728
  </id>
  <name>
   Asics Shoes N-9842
  </name>
  <category>
   Shoes
  </category>
  <size>
   XL
  </size>
  <color>
   Голубой
  </color>
  <material>
   Кожа
  </material>
  <price>
   371597
  </price>
  <rating>
   1.67
  </rating>
  <reviews>
   148818
  </reviews>
  <new>
   -
  </new>
 </clothing>
 <clothing>
  <id>
   899465182
  </id>
  <name>
   Puma Shoes A-9966
  </name>
  <category>
   Shoes
  </category>
  <size>
   XL
  </size>
  <color>
   Зеленый
  </color>
  <material>
   Кожа
  </material>
  <price>
   310412
  </price>
  <rating>
   3.37
  </rating>
  <reviews>
   915947
  </reviews>
  <sporty>
   yes
  </sporty>
 </clothing>
 <clothing>
  <id>
   207155070
  </id>
  <name>
   Fila Sweater N-1132
  </name>
  <category>
   Sweater
  </category>
  <size>
   XXL
  </size>
  <color>
   Желтый
  </color>
  <material>
   Шелк
  </material>
  <price>
   467849
  </price>
  <rating>
   4.84
  </rating>
  <reviews>
   959238
  </reviews>
  <exclusive>
   no
  </exclusive>
 </clothing>
 <clothing>
  <id>
   955347808
  </id>
  <name>
   Reebok T-shirt E-2168
  </name>
  <category>
   T-shirt
  </category>
  <size>
   L
  </size>
  <color>
   Красный
  </color>
  <material>
   Кожа
  </material>
  <price>
   621594
  </price>
  <rating>
   2.98
  </rating>
  <reviews>
   485151
  </reviews>
  <new>
   +
  </new>
  <sporty>
   yes
  </sporty>
 </clothing>
 <clothing>
  <id>
   681253488
  </id>
  <name>
   Under Armour Hat X-8021
  </name>
  <category>
   Hat
  </category>
  <size>
   M
  </size>
  <color>
   Синий
  </color>
  <material>
   Шерсть
  </material>
  <price>
   648513
  </price>
  <rating>
   1.24
  </rating>
  <reviews>
   139971
  </reviews>
  <new>
   -
  </new>
  <exclusive>
   yes
  </exclusive>
  <sporty>
   no
  </sporty>
 </clothing>
 <clothing>
  <id>
   206303548
  </id>
  <name>
   PleinSport Socks S-2432
  </name>
  <category>
   Socks
  </category>
  <size>
   S
  </size>
  <color>
   Оранжевый
  </color>
  <material>
   Вискоза
  </material>
  <price>
   272367
  </price>
  <rating>
   1.2
  </rating>
  <reviews>
   175411
  </reviews>
  <exclusive>
   no
  </exclusive>
 </clothing>
 <clothing>
  <id>
   112147840
  </id>
  <name>
   Fila Handbags C-3840
  </name>
  <category>
   Handbags
  </category>
  <size>
   M
  </size>
  <color>
   Зеленый
  </color>
  <material>
   Хлопок
  </material>
  <price>
   460662
  </price>
  <rating>
   1.52
  </rating>
  <reviews>
   490399
  </reviews>
  <new>
   +
  </new>
  <sporty>
   no
  </sporty>
 </clothing>
 <clothing>
  <id>
   349467647
  </id>
  <name>
   DC Shirt E-2110
  </name>
  <category>
   Shirt
  </category>
  <size>
   L
  </size>
  <color>
   Фиолетовый
  </color>
  <material>
   Полиэстер
  </material>
  <price>
   732443
  </price>
  <rating>
   4.87
  </rating>
  <reviews>
   243860
  </reviews>
  <new>
   +
  </new>
  <sporty>
   yes
  </sporty>
 </clothing>
 <clothing>
  <id>
   240356430
  </id>
  <name>
   Addidas Gloves H-6492
  </name>
  <category>
   Gloves
  </category>
  <size>
   L
  </size>
  <color>
   Желтый
  </color>
  <material>
   Нейлон
  </material>
  <price>
   319429
  </price>
  <rating>
   1.13
  </rating>
  <reviews>
   331512
  </reviews>
  <sporty>
   yes
  </sporty>
 </clothing>
</clothing-items>
