<?xml version="1.0" encoding="utf-8"?>
<clothing-items>
 <clothing>
  <id>
   290928776
  </id>
  <name>
   Reebok Pants X-8042
  </name>
  <category>
   Pants
  </category>
  <size>
   S
  </size>
  <color>
   Фиолетовый
  </color>
  <material>
   Вискоза
  </material>
  <price>
   373757
  </price>
  <rating>
   4.27
  </rating>
  <reviews>
   612094
  </reviews>
  <new>
   +
  </new>
  <exclusive>
   yes
  </exclusive>
  <sporty>
   no
  </sporty>
 </clothing>
 <clothing>
  <id>
   635834388
  </id>
  <name>
   PleinSport Socks B-6354
  </name>
  <category>
   Socks
  </category>
  <size>
   L
  </size>
  <color>
   Синий
  </color>
  <material>
   Полиэстер
  </material>
  <price>
   150667
  </price>
  <rating>
   3.55
  </rating>
  <reviews>
   70455
  </reviews>
  <exclusive>
   yes
  </exclusive>
  <sporty>
   yes
  </sporty>
 </clothing>
 <clothing>
  <id>
   904042555
  </id>
  <name>
   Asics Gloves G-9839
  </name>
  <category>
   Gloves
  </category>
  <size>
   XXL
  </size>
  <color>
   Оранжевый
  </color>
  <material>
   Полиэстер
  </material>
  <price>
   816750
  </price>
  <rating>
   3.49
  </rating>
  <reviews>
   506021
  </reviews>
  <new>
   -
  </new>
  <exclusive>
   yes
  </exclusive>
  <sporty>
   no
  </sporty>
 </clothing>
 <clothing>
  <id>
   516320492
  </id>
  <name>
   Under Armour Gloves R-3757
  </name>
  <category>
   Gloves
  </category>
  <size>
   S
  </size>
  <color>
   Желтый
  </color>
  <material>
   Полиэстер
  </material>
  <price>
   738278
  </price>
  <rating>
   4.56
  </rating>
  <reviews>
   469433
  </reviews>
  <new>
   -
  </new>
  <exclusive>
   no
  </exclusive>
  <sporty>
   no
  </sporty>
 </clothing>
 <clothing>
  <id>
   920448798
  </id>
  <name>
   Fila Dress F-4418
  </name>
  <category>
   Dress
  </category>
  <size>
   S
  </size>
  <color>
   Желтый
  </color>
  <material>
   Полиэстер
  </material>
  <price>
   511687
  </price>
  <rating>
   2.47
  </rating>
  <reviews>
   226611
  </reviews>
  <new>
   -
  </new>
  <exclusive>
   no
  </exclusive>
  <sporty>
   no
  </sporty>
 </clothing>
 <clothing>
  <id>
   809641695
  </id>
  <name>
   Ellesse T-shirt A-8055
  </name>
  <category>
   T-shirt
  </category>
  <size>
   XXL
  </size>
  <color>
   Голубой
  </color>
  <material>
   Кожа
  </material>
  <price>
   272522
  </price>
  <rating>
   2.87
  </rating>
  <reviews>
   18599
  </reviews>
  <new>
   -
  </new>
  <exclusive>
   no
  </exclusive>
 </clothing>
 <clothing>
  <id>
   473810794
  </id>
  <name>
   New Balance Belts S-9734
  </name>
  <category>
   Belts
  </category>
  <size>
   L
  </size>
  <color>
   Голубой
  </color>
  <material>
   Полиэстер
  </material>
  <price>
   142461
  </price>
  <rating>
   4.83
  </rating>
  <reviews>
   415748
  </reviews>
  <exclusive>
   yes
  </exclusive>
 </clothing>
 <clothing>
  <id>
   417682797
  </id>
  <name>
   DC Handbags K-7580
  </name>
  <category>
   Handbags
  </category>
  <size>
   M
  </size>
  <color>
   Фиолетовый
  </color>
  <material>
   Лен
  </material>
  <price>
   229008
  </price>
  <rating>
   3.19
  </rating>
  <reviews>
   258330
  </reviews>
  <new>
   +
  </new>
  <exclusive>
   no
  </exclusive>
 </clothing>
 <clothing>
  <id>
   240624362
  </id>
  <name>
   Ellesse Umbrellas R-6867
  </name>
  <category>
   Umbrellas
  </category>
  <size>
   L
  </size>
  <color>
   Синий
  </color>
  <material>
   Полиэстер
  </material>
  <price>
   688666
  </price>
  <rating>
   2.11
  </rating>
  <reviews>
   438097
  </reviews>
  <new>
   +
  </new>
  <exclusive>
   no
  </exclusive>
  <sporty>
   yes
  </sporty>
 </clothing>
 <clothing>
  <id>
   838693100
  </id>
  <name>
   Brooks T-shirt J-7603
  </name>
  <category>
   T-shirt
  </category>
  <size>
   L
  </size>
  <color>
   Красный
  </color>
  <material>
   Полиэстер
  </material>
  <price>
   357838
  </price>
  <rating>
   4.71
  </rating>
  <reviews>
   792911
  </reviews>
  <exclusive>
   no
  </exclusive>
  <sporty>
   yes
  </sporty>
 </clothing>
 <clothing>
  <id>
   265690249
  </id>
  <name>
   Adidas Socks U-9226
  </name>
  <category>
   Socks
  </category>
  <size>
   XXL
  </size>
  <color>
   Зеленый
  </color>
  <material>
   Кожа
  </material>
  <price>
   302941
  </price>
  <rating>
   1.06
  </rating>
  <reviews>
   590263
  </reviews>
 </clothing>
 <clothing>
  <id>
   674716855
  </id>
  <name>
   Asics Pants T-7354
  </name>
  <category>
   Pants
  </category>
  <size>
   S
  </size>
  <color>
   Синий
  </color>
  <material>
   Вискоза
  </material>
  <price>
   714037
  </price>
  <rating>
   1.04
  </rating>
  <reviews>
   458221
  </reviews>
  <new>
   -
  </new>
  <sporty>
   yes
  </sporty>
 </clothing>
 <clothing>
  <id>
   917272506
  </id>
  <name>
   Adidas Gloves B-4355
  </name>
  <category>
   Gloves
  </category>
  <size>
   L
  </size>
  <color>
   Фиолетовый
  </color>
  <material>
   Полиэстер
  </material>
  <price>
   428174
  </price>
  <rating>
   2.68
  </rating>
  <reviews>
   51186
  </reviews>
  <new>
   -
  </new>
  <exclusive>
   yes
  </exclusive>
 </clothing>
 <clothing>
  <id>
   729062430
  </id>
  <name>
   Addidas Hat P-2008
  </name>
  <category>
   Hat
  </category>
  <size>
   L
  </size>
  <color>
   Красный
  </color>
  <material>
   Хлопок
  </material>
  <price>
   567618
  </price>
  <rating>
   2.39
  </rating>
  <reviews>
   117786
  </reviews>
 </clothing>
 <clothing>
  <id>
   518141103
  </id>
  <name>
   Brooks Socks X-2882
  </name>
  <category>
   Socks
  </category>
  <size>
   M
  </size>
  <color>
   Красный
  </color>
  <material>
   Лен
  </material>
  <price>
   224535
  </price>
  <rating>
   3.14
  </rating>
  <reviews>
   664568
  </reviews>
  <new>
   +
  </new>
  <exclusive>
   yes
  </exclusive>
 </clothing>
 <clothing>
  <id>
   113047210
  </id>
  <name>
   Reebok Shoes M-8793
  </name>
  <category>
   Shoes
  </category>
  <size>
   L
  </size>
  <color>
   Красный
  </color>
  <material>
   Кожа
  </material>
  <price>
   543940
  </price>
  <rating>
   4.86
  </rating>
  <reviews>
   822189
  </reviews>
  <new>
   -
  </new>
  <exclusive>
   no
  </exclusive>
  <sporty>
   no
  </sporty>
 </clothing>
 <clothing>
  <id>
   290711852
  </id>
  <name>
   Asics Belts H-3898
  </name>
  <category>
   Belts
  </category>
  <size>
   XXL
  </size>
  <color>
   Фиолетовый
  </color>
  <material>
   Нейлон
  </material>
  <price>
   403082
  </price>
  <rating>
   4.52
  </rating>
  <reviews>
   314702
  </reviews>
  <new>
   +
  </new>
  <exclusive>
   yes
  </exclusive>
 </clothing>
 <clothing>
  <id>
   627758265
  </id>
  <name>
   Reebok Shirt S-9102
  </name>
  <category>
   Shirt
  </category>
  <size>
   S
  </size>
  <color>
   Красный
  </color>
  <material>
   Шелк
  </material>
  <price>
   574469
  </price>
  <rating>
   3.7
  </rating>
  <reviews>
   856621
  </reviews>
  <sporty>
   yes
  </sporty>
 </clothing>
 <clothing>
  <id>
   177249763
  </id>
  <name>
   Reebok Jeans T-8840
  </name>
  <category>
   Jeans
  </category>
  <size>
   M
  </size>
  <color>
   Красный
  </color>
  <material>
   Шерсть
  </material>
  <price>
   627055
  </price>
  <rating>
   1.53
  </rating>
  <reviews>
   939706
  </reviews>
  <sporty>
   no
  </sporty>
 </clothing>
 <clothing>
  <id>
   673417310
  </id>
  <name>
   Adidas Sweater A-7072
  </name>
  <category>
   Sweater
  </category>
  <size>
   M
  </size>
  <color>
   Оранжевый
  </color>
  <material>
   Кожа
  </material>
  <price>
   987045
  </price>
  <rating>
   1.1
  </rating>
  <reviews>
   555850
  </reviews>
  <new>
   +
  </new>
 </clothing>
 <clothing>
  <id>
   706533256
  </id>
  <name>
   DC Jacket N-2967
  </name>
  <category>
   Jacket
  </category>
  <size>
   L
  </size>
  <color>
   Красный
  </color>
  <material>
   Нейлон
  </material>
  <price>
   796877
  </price>
  <rating>
   4.84
  </rating>
  <reviews>
   504878
  </reviews>
  <new>
   -
  </new>
  <sporty>
   no
  </sporty>
 </clothing>
 <clothing>
  <id>
   614377642
  </id>
  <name>
   Under Armour Handbags L-7175
  </name>
  <category>
   Handbags
  </category>
  <size>
   XXL
  </size>
  <color>
   Синий
  </color>
  <material>
   Шелк
  </material>
  <price>
   710055
  </price>
  <rating>
   3.73
  </rating>
  <reviews>
   384885
  </reviews>
  <exclusive>
   no
  </exclusive>
  <sporty>
   yes
  </sporty>
 </clothing>
 <clothing>
  <id>
   919207433
  </id>
  <name>
   Fila Hat T-6586
  </name>
  <category>
   Hat
  </category>
  <size>
   XXL
  </size>
  <color>
   Фиолетовый
  </color>
  <material>
   Полиэстер
  </material>
  <price>
   779138
  </price>
  <rating>
   2.29
  </rating>
  <reviews>
   176127
  </reviews>
  <sporty>
   no
  </sporty>
 </clothing>
 <clothing>
  <id>
   308569653
  </id>
  <name>
   Converse Skirt B-2794
  </name>
  <category>
   Skirt
  </category>
  <size>
   M
  </size>
  <color>
   Синий
  </color>
  <material>
   Хлопок
  </material>
  <price>
   927460
  </price>
  <rating>
   2.12
  </rating>
  <reviews>
   438861
  </reviews>
  <new>
   +
  </new>
  <exclusive>
   no
  </exclusive>
  <sporty>
   no
  </sporty>
 </clothing>
 <clothing>
  <id>
   851758825
  </id>
  <name>
   Converse Socks S-7016
  </name>
  <category>
   Socks
  </category>
  <size>
   XL
  </size>
  <color>
   Синий
  </color>
  <material>
   Кожа
  </material>
  <price>
   900129
  </price>
  <rating>
   4.69
  </rating>
  <reviews>
   542990
  </reviews>
  <exclusive>
   yes
  </exclusive>
 </clothing>
 <clothing>
  <id>
   413941810
  </id>
  <name>
   Converse Umbrellas N-6916
  </name>
  <category>
   Umbrellas
  </category>
  <size>
   S
  </size>
  <color>
   Красный
  </color>
  <material>
   Полиэстер
  </material>
  <price>
   754910
  </price>
  <rating>
   3.11
  </rating>
  <reviews>
   258819
  </reviews>
  <new>
   +
  </new>
  <exclusive>
   yes
  </exclusive>
  <sporty>
   no
  </sporty>
 </clothing>
 <clothing>
  <id>
   833340592
  </id>
  <name>
   Brooks Sweater R-2537
  </name>
  <category>
   Sweater
  </category>
  <size>
   XXL
  </size>
  <color>
   Красный
  </color>
  <material>
   Шелк
  </material>
  <price>
   947659
  </price>
  <rating>
   3.97
  </rating>
  <reviews>
   50091
  </reviews>
  <new>
   +
  </new>
  <sporty>
   no
  </sporty>
 </clothing>
</clothing-items>
