<?xml version="1.0" encoding="utf-8"?>
<clothing-items>
 <clothing>
  <id>
   575759952
  </id>
  <name>
   Lacoste Jacket A-1953
  </name>
  <category>
   Jacket
  </category>
  <size>
   XL
  </size>
  <color>
   Фиолетовый
  </color>
  <material>
   Нейлон
  </material>
  <price>
   542394
  </price>
  <rating>
   2.38
  </rating>
  <reviews>
   793929
  </reviews>
  <sporty>
   yes
  </sporty>
 </clothing>
 <clothing>
  <id>
   445329616
  </id>
  <name>
   Puma Umbrellas D-3666
  </name>
  <category>
   Umbrellas
  </category>
  <size>
   S
  </size>
  <color>
   Зеленый
  </color>
  <material>
   Хлопок
  </material>
  <price>
   629606
  </price>
  <rating>
   4.56
  </rating>
  <reviews>
   161578
  </reviews>
  <new>
   -
  </new>
  <exclusive>
   no
  </exclusive>
 </clothing>
 <clothing>
  <id>
   828022781
  </id>
  <name>
   Lacoste Jacket E-4951
  </name>
  <category>
   Jacket
  </category>
  <size>
   XL
  </size>
  <color>
   Зеленый
  </color>
  <material>
   Лен
  </material>
  <price>
   683473
  </price>
  <rating>
   4.95
  </rating>
  <reviews>
   22456
  </reviews>
  <exclusive>
   no
  </exclusive>
 </clothing>
 <clothing>
  <id>
   541368616
  </id>
  <name>
   DC Skirt S-8499
  </name>
  <category>
   Skirt
  </category>
  <size>
   M
  </size>
  <color>
   Фиолетовый
  </color>
  <material>
   Полиэстер
  </material>
  <price>
   609328
  </price>
  <rating>
   5.0
  </rating>
  <reviews>
   181432
  </reviews>
  <new>
   -
  </new>
  <exclusive>
   yes
  </exclusive>
  <sporty>
   no
  </sporty>
 </clothing>
 <clothing>
  <id>
   140978024
  </id>
  <name>
   Nike Belts Z-2872
  </name>
  <category>
   Belts
  </category>
  <size>
   XXL
  </size>
  <color>
   Синий
  </color>
  <material>
   Лен
  </material>
  <price>
   706666
  </price>
  <rating>
   2.05
  </rating>
  <reviews>
   481905
  </reviews>
  <new>
   -
  </new>
  <exclusive>
   no
  </exclusive>
  <sporty>
   no
  </sporty>
 </clothing>
 <clothing>
  <id>
   179373629
  </id>
  <name>
   Reebok Jacket A-3531
  </name>
  <category>
   Jacket
  </category>
  <size>
   M
  </size>
  <color>
   Зеленый
  </color>
  <material>
   Хлопок
  </material>
  <price>
   141128
  </price>
  <rating>
   4.08
  </rating>
  <reviews>
   714085
  </reviews>
  <sporty>
   no
  </sporty>
 </clothing>
 <clothing>
  <id>
   777008436
  </id>
  <name>
   Adidas Belts K-5584
  </name>
  <category>
   Belts
  </category>
  <size>
   XXL
  </size>
  <color>
   Желтый
  </color>
  <material>
   Вискоза
  </material>
  <price>
   302456
  </price>
  <rating>
   2.59
  </rating>
  <reviews>
   595499
  </reviews>
  <new>
   -
  </new>
  <exclusive>
   no
  </exclusive>
 </clothing>
 <clothing>
  <id>
   534918064
  </id>
  <name>
   Nike Dress N-5576
  </name>
  <category>
   Dress
  </category>
  <size>
   L
  </size>
  <color>
   Зеленый
  </color>
  <material>
   Нейлон
  </material>
  <price>
   452612
  </price>
  <rating>
   4.43
  </rating>
  <reviews>
   45277
  </reviews>
  <new>
   -
  </new>
  <exclusive>
   yes
  </exclusive>
  <sporty>
   no
  </sporty>
 </clothing>
 <clothing>
  <id>
   452022891
  </id>
  <name>
   Addidas Belts V-2292
  </name>
  <category>
   Belts
  </category>
  <size>
   S
  </size>
  <color>
   Красный
  </color>
  <material>
   Шерсть
  </material>
  <price>
   218656
  </price>
  <rating>
   2.03
  </rating>
  <reviews>
   132811
  </reviews>
  <new>
   -
  </new>
  <exclusive>
   no
  </exclusive>
 </clothing>
 <clothing>
  <id>
   734742552
  </id>
  <name>
   Puma Shirt O-2157
  </name>
  <category>
   Shirt
  </category>
  <size>
   XL
  </size>
  <color>
   Желтый
  </color>
  <material>
   Лен
  </material>
  <price>
   656567
  </price>
  <rating>
   1.03
  </rating>
  <reviews>
   821928
  </reviews>
  <sporty>
   no
  </sporty>
 </clothing>
 <clothing>
  <id>
   551904840
  </id>
  <name>
   Lacoste Shirt H-6205
  </name>
  <category>
   Shirt
  </category>
  <size>
   XL
  </size>
  <color>
   Оранжевый
  </color>
  <material>
   Кожа
  </material>
  <price>
   467292
  </price>
  <rating>
   2.14
  </rating>
  <reviews>
   878083
  </reviews>
  <exclusive>
   yes
  </exclusive>
  <sporty>
   yes
  </sporty>
 </clothing>
 <clothing>
  <id>
   924859360
  </id>
  <name>
   DC Shirt G-3542
  </name>
  <category>
   Shirt
  </category>
  <size>
   L
  </size>
  <color>
   Голубой
  </color>
  <material>
   Лен
  </material>
  <price>
   914126
  </price>
  <rating>
   1.01
  </rating>
  <reviews>
   177121
  </reviews>
  <new>
   -
  </new>
  <sporty>
   yes
  </sporty>
 </clothing>
 <clothing>
  <id>
   620354317
  </id>
  <name>
   New Balance Belts I-1046
  </name>
  <category>
   Belts
  </category>
  <size>
   S
  </size>
  <color>
   Фиолетовый
  </color>
  <material>
   Полиэстер
  </material>
  <price>
   144599
  </price>
  <rating>
   4.5
  </rating>
  <reviews>
   55260
  </reviews>
  <exclusive>
   no
  </exclusive>
  <sporty>
   no
  </sporty>
 </clothing>
 <clothing>
  <id>
   610026035
  </id>
  <name>
   Adidas Umbrellas V-5822
  </name>
  <category>
   Umbrellas
  </category>
  <size>
   L
  </size>
  <color>
   Желтый
  </color>
  <material>
   Нейлон
  </material>
  <price>
   439258
  </price>
  <rating>
   1.78
  </rating>
  <reviews>
   272295
  </reviews>
  <new>
   -
  </new>
  <sporty>
   no
  </sporty>
 </clothing>
 <clothing>
  <id>
   213555256
  </id>
  <name>
   Vans Shirt F-5456
  </name>
  <category>
   Shirt
  </category>
  <size>
   XL
  </size>
  <color>
   Синий
  </color>
  <material>
   Хлопок
  </material>
  <price>
   265625
  </price>
  <rating>
   1.99
  </rating>
  <reviews>
   859699
  </reviews>
  <new>
   +
  </new>
  <exclusive>
   no
  </exclusive>
  <sporty>
   no
  </sporty>
 </clothing>
 <clothing>
  <id>
   383478499
  </id>
  <name>
   Ellesse Sweater A-2451
  </name>
  <category>
   Sweater
  </category>
  <size>
   XL
  </size>
  <color>
   Оранжевый
  </color>
  <material>
   Лен
  </material>
  <price>
   504042
  </price>
  <rating>
   2.31
  </rating>
  <reviews>
   826122
  </reviews>
  <exclusive>
   no
  </exclusive>
  <sporty>
   no
  </sporty>
 </clothing>
 <clothing>
  <id>
   300140036
  </id>
  <name>
   Reebok Belts U-4080
  </name>
  <category>
   Belts
  </category>
  <size>
   XL
  </size>
  <color>
   Желтый
  </color>
  <material>
   Нейлон
  </material>
  <price>
   179972
  </price>
  <rating>
   2.99
  </rating>
  <reviews>
   217681
  </reviews>
  <new>
   +
  </new>
  <exclusive>
   no
  </exclusive>
  <sporty>
   yes
  </sporty>
 </clothing>
 <clothing>
  <id>
   778248338
  </id>
  <name>
   Addidas Pants O-8518
  </name>
  <category>
   Pants
  </category>
  <size>
   L
  </size>
  <color>
   Зеленый
  </color>
  <material>
   Хлопок
  </material>
  <price>
   547050
  </price>
  <rating>
   4.9
  </rating>
  <reviews>
   287046
  </reviews>
  <new>
   -
  </new>
  <exclusive>
   no
  </exclusive>
  <sporty>
   yes
  </sporty>
 </clothing>
 <clothing>
  <id>
   602723977
  </id>
  <name>
   Nike Jacket D-6297
  </name>
  <category>
   Jacket
  </category>
  <size>
   XL
  </size>
  <color>
   Синий
  </color>
  <material>
   Шерсть
  </material>
  <price>
   126995
  </price>
  <rating>
   3.01
  </rating>
  <reviews>
   975704
  </reviews>
  <sporty>
   yes
  </sporty>
 </clothing>
 <clothing>
  <id>
   837576126
  </id>
  <name>
   Lacoste Jacket B-7549
  </name>
  <category>
   Jacket
  </category>
  <size>
   XL
  </size>
  <color>
   Синий
  </color>
  <material>
   Шерсть
  </material>
  <price>
   221146
  </price>
  <rating>
   2.22
  </rating>
  <reviews>
   464304
  </reviews>
  <new>
   -
  </new>
  <sporty>
   yes
  </sporty>
 </clothing>
 <clothing>
  <id>
   455914047
  </id>
  <name>
   Lacoste Jeans G-9258
  </name>
  <category>
   Jeans
  </category>
  <size>
   L
  </size>
  <color>
   Красный
  </color>
  <material>
   Вискоза
  </material>
  <price>
   222666
  </price>
  <rating>
   4.67
  </rating>
  <reviews>
   809020
  </reviews>
  <new>
   -
  </new>
 </clothing>
 <clothing>
  <id>
   336765062
  </id>
  <name>
   Lacoste Handbags F-3080
  </name>
  <category>
   Handbags
  </category>
  <size>
   XL
  </size>
  <color>
   Голубой
  </color>
  <material>
   Вискоза
  </material>
  <price>
   448681
  </price>
  <rating>
   2.73
  </rating>
  <reviews>
   612282
  </reviews>
  <new>
   -
  </new>
  <exclusive>
   yes
  </exclusive>
 </clothing>
 <clothing>
  <id>
   551884175
  </id>
  <name>
   New Balance Hat Z-3553
  </name>
  <category>
   Hat
  </category>
  <size>
   M
  </size>
  <color>
   Зеленый
  </color>
  <material>
   Кожа
  </material>
  <price>
   116842
  </price>
  <rating>
   3.44
  </rating>
  <reviews>
   654488
  </reviews>
  <sporty>
   no
  </sporty>
 </clothing>
 <clothing>
  <id>
   143536305
  </id>
  <name>
   Fila Jeans Y-1278
  </name>
  <category>
   Jeans
  </category>
  <size>
   M
  </size>
  <color>
   Красный
  </color>
  <material>
   Хлопок
  </material>
  <price>
   462284
  </price>
  <rating>
   3.01
  </rating>
  <reviews>
   987366
  </reviews>
  <new>
   -
  </new>
  <exclusive>
   no
  </exclusive>
 </clothing>
 <clothing>
  <id>
   489725777
  </id>
  <name>
   Under Armour Skirt Q-8953
  </name>
  <category>
   Skirt
  </category>
  <size>
   M
  </size>
  <color>
   Оранжевый
  </color>
  <material>
   Хлопок
  </material>
  <price>
   726978
  </price>
  <rating>
   2.79
  </rating>
  <reviews>
   674720
  </reviews>
  <new>
   -
  </new>
  <sporty>
   no
  </sporty>
 </clothing>
 <clothing>
  <id>
   548904566
  </id>
  <name>
   Vans Handbags S-1607
  </name>
  <category>
   Handbags
  </category>
  <size>
   XXL
  </size>
  <color>
   Синий
  </color>
  <material>
   Шерсть
  </material>
  <price>
   420958
  </price>
  <rating>
   3.96
  </rating>
  <reviews>
   995449
  </reviews>
  <new>
   -
  </new>
  <exclusive>
   yes
  </exclusive>
 </clothing>
 <clothing>
  <id>
   236199489
  </id>
  <name>
   Lacoste Hat Y-1817
  </name>
  <category>
   Hat
  </category>
  <size>
   L
  </size>
  <color>
   Красный
  </color>
  <material>
   Нейлон
  </material>
  <price>
   576082
  </price>
  <rating>
   4.4
  </rating>
  <reviews>
   356805
  </reviews>
  <exclusive>
   yes
  </exclusive>
 </clothing>
 <clothing>
  <id>
   638261016
  </id>
  <name>
   Under Armour Belts F-1543
  </name>
  <category>
   Belts
  </category>
  <size>
   L
  </size>
  <color>
   Голубой
  </color>
  <material>
   Вискоза
  </material>
  <price>
   301491
  </price>
  <rating>
   2.31
  </rating>
  <reviews>
   781514
  </reviews>
  <new>
   -
  </new>
 </clothing>
 <clothing>
  <id>
   756996239
  </id>
  <name>
   New Balance Jeans E-4323
  </name>
  <category>
   Jeans
  </category>
  <size>
   XXL
  </size>
  <color>
   Красный
  </color>
  <material>
   Кожа
  </material>
  <price>
   162395
  </price>
  <rating>
   2.72
  </rating>
  <reviews>
   605754
  </reviews>
  <exclusive>
   yes
  </exclusive>
  <sporty>
   no
  </sporty>
 </clothing>
 <clothing>
  <id>
   995426330
  </id>
  <name>
   Ellesse Dress T-9071
  </name>
  <category>
   Dress
  </category>
  <size>
   S
  </size>
  <color>
   Красный
  </color>
  <material>
   Лен
  </material>
  <price>
   248100
  </price>
  <rating>
   1.77
  </rating>
  <reviews>
   399010
  </reviews>
  <new>
   -
  </new>
  <exclusive>
   yes
  </exclusive>
  <sporty>
   no
  </sporty>
 </clothing>
 <clothing>
  <id>
   960746936
  </id>
  <name>
   New Balance Socks Z-6851
  </name>
  <category>
   Socks
  </category>
  <size>
   M
  </size>
  <color>
   Зеленый
  </color>
  <material>
   Вискоза
  </material>
  <price>
   695863
  </price>
  <rating>
   3.91
  </rating>
  <reviews>
   352945
  </reviews>
  <new>
   -
  </new>
  <exclusive>
   no
  </exclusive>
  <sporty>
   no
  </sporty>
 </clothing>
 <clothing>
  <id>
   234670414
  </id>
  <name>
   Under Armour Gloves C-7618
  </name>
  <category>
   Gloves
  </category>
  <size>
   XXL
  </size>
  <color>
   Синий
  </color>
  <material>
   Шелк
  </material>
  <price>
   404208
  </price>
  <rating>
   1.72
  </rating>
  <reviews>
   990561
  </reviews>
  <new>
   -
  </new>
  <exclusive>
   no
  </exclusive>
 </clothing>
 <clothing>
  <id>
   949152710
  </id>
  <name>
   Adidas Blouse U-5874
  </name>
  <category>
   Blouse
  </category>
  <size>
   S
  </size>
  <color>
   Оранжевый
  </color>
  <material>
   Лен
  </material>
  <price>
   223793
  </price>
  <rating>
   1.45
  </rating>
  <reviews>
   747567
  </reviews>
  <new>
   +
  </new>
 </clothing>
</clothing-items>
