<?xml version="1.0" encoding="utf-8"?>
<clothing-items>
 <clothing>
  <id>
   202164543
  </id>
  <name>
   Brooks T-shirt A-4792
  </name>
  <category>
   T-shirt
  </category>
  <size>
   L
  </size>
  <color>
   Синий
  </color>
  <material>
   Шелк
  </material>
  <price>
   497989
  </price>
  <rating>
   1.93
  </rating>
  <reviews>
   861449
  </reviews>
  <new>
   -
  </new>
  <exclusive>
   yes
  </exclusive>
 </clothing>
 <clothing>
  <id>
   416222559
  </id>
  <name>
   Converse Belts C-9415
  </name>
  <category>
   Belts
  </category>
  <size>
   L
  </size>
  <color>
   Синий
  </color>
  <material>
   Вискоза
  </material>
  <price>
   110416
  </price>
  <rating>
   2.89
  </rating>
  <reviews>
   823076
  </reviews>
  <sporty>
   no
  </sporty>
 </clothing>
 <clothing>
  <id>
   145830876
  </id>
  <name>
   Nike Gloves W-7823
  </name>
  <category>
   Gloves
  </category>
  <size>
   XL
  </size>
  <color>
   Оранжевый
  </color>
  <material>
   Шелк
  </material>
  <price>
   460535
  </price>
  <rating>
   2.87
  </rating>
  <reviews>
   308004
  </reviews>
  <exclusive>
   yes
  </exclusive>
 </clothing>
 <clothing>
  <id>
   868269079
  </id>
  <name>
   Reebok Gloves F-7527
  </name>
  <category>
   Gloves
  </category>
  <size>
   XXL
  </size>
  <color>
   Желтый
  </color>
  <material>
   Лен
  </material>
  <price>
   886512
  </price>
  <rating>
   2.71
  </rating>
  <reviews>
   489242
  </reviews>
  <new>
   -
  </new>
  <exclusive>
   no
  </exclusive>
 </clothing>
 <clothing>
  <id>
   970448777
  </id>
  <name>
   Converse Jeans T-2352
  </name>
  <category>
   Jeans
  </category>
  <size>
   XL
  </size>
  <color>
   Зеленый
  </color>
  <material>
   Шерсть
  </material>
  <price>
   519471
  </price>
  <rating>
   2.86
  </rating>
  <reviews>
   999563
  </reviews>
  <exclusive>
   no
  </exclusive>
  <sporty>
   no
  </sporty>
 </clothing>
 <clothing>
  <id>
   779159218
  </id>
  <name>
   Puma Gloves J-1636
  </name>
  <category>
   Gloves
  </category>
  <size>
   M
  </size>
  <color>
   Синий
  </color>
  <material>
   Шерсть
  </material>
  <price>
   274714
  </price>
  <rating>
   2.0
  </rating>
  <reviews>
   574564
  </reviews>
  <new>
   -
  </new>
  <exclusive>
   yes
  </exclusive>
 </clothing>
 <clothing>
  <id>
   929821405
  </id>
  <name>
   Ellesse Jacket J-6746
  </name>
  <category>
   Jacket
  </category>
  <size>
   XL
  </size>
  <color>
   Фиолетовый
  </color>
  <material>
   Полиэстер
  </material>
  <price>
   348264
  </price>
  <rating>
   2.95
  </rating>
  <reviews>
   332854
  </reviews>
  <new>
   -
  </new>
  <sporty>
   yes
  </sporty>
 </clothing>
 <clothing>
  <id>
   155903526
  </id>
  <name>
   Brooks Sweater V-8967
  </name>
  <category>
   Sweater
  </category>
  <size>
   XL
  </size>
  <color>
   Голубой
  </color>
  <material>
   Кожа
  </material>
  <price>
   928923
  </price>
  <rating>
   2.11
  </rating>
  <reviews>
   732769
  </reviews>
  <new>
   -
  </new>
  <exclusive>
   no
  </exclusive>
  <sporty>
   no
  </sporty>
 </clothing>
 <clothing>
  <id>
   443496722
  </id>
  <name>
   Vans Shirt D-9195
  </name>
  <category>
   Shirt
  </category>
  <size>
   M
  </size>
  <color>
   Красный
  </color>
  <material>
   Хлопок
  </material>
  <price>
   906929
  </price>
  <rating>
   3.62
  </rating>
  <reviews>
   863204
  </reviews>
  <new>
   +
  </new>
  <exclusive>
   no
  </exclusive>
  <sporty>
   no
  </sporty>
 </clothing>
 <clothing>
  <id>
   646439480
  </id>
  <name>
   Reebok Shoes F-1440
  </name>
  <category>
   Shoes
  </category>
  <size>
   S
  </size>
  <color>
   Голубой
  </color>
  <material>
   Лен
  </material>
  <price>
   252704
  </price>
  <rating>
   4.73
  </rating>
  <reviews>
   48568
  </reviews>
  <new>
   +
  </new>
  <sporty>
   yes
  </sporty>
 </clothing>
 <clothing>
  <id>
   505970483
  </id>
  <name>
   Vans Skirt H-5636
  </name>
  <category>
   Skirt
  </category>
  <size>
   XXL
  </size>
  <color>
   Синий
  </color>
  <material>
   Шерсть
  </material>
  <price>
   516819
  </price>
  <rating>
   3.99
  </rating>
  <reviews>
   176105
  </reviews>
  <exclusive>
   yes
  </exclusive>
 </clothing>
</clothing-items>
