<?xml version="1.0" encoding="utf-8"?>
<clothing-items>
 <clothing>
  <id>
   369192615
  </id>
  <name>
   Lacoste Shirt V-6674
  </name>
  <category>
   Shirt
  </category>
  <size>
   XXL
  </size>
  <color>
   Красный
  </color>
  <material>
   Кожа
  </material>
  <price>
   778506
  </price>
  <rating>
   1.0
  </rating>
  <reviews>
   270661
  </reviews>
  <sporty>
   no
  </sporty>
 </clothing>
 <clothing>
  <id>
   770419055
  </id>
  <name>
   Adidas Jacket Y-9296
  </name>
  <category>
   Jacket
  </category>
  <size>
   S
  </size>
  <color>
   Красный
  </color>
  <material>
   Лен
  </material>
  <price>
   143102
  </price>
  <rating>
   2.89
  </rating>
  <reviews>
   86906
  </reviews>
  <exclusive>
   yes
  </exclusive>
 </clothing>
 <clothing>
  <id>
   503070793
  </id>
  <name>
   New Balance Pants A-8673
  </name>
  <category>
   Pants
  </category>
  <size>
   M
  </size>
  <color>
   Красный
  </color>
  <material>
   Нейлон
  </material>
  <price>
   484510
  </price>
  <rating>
   1.38
  </rating>
  <reviews>
   853555
  </reviews>
  <new>
   -
  </new>
  <exclusive>
   no
  </exclusive>
 </clothing>
 <clothing>
  <id>
   494628093
  </id>
  <name>
   Under Armour Sweater L-8143
  </name>
  <category>
   Sweater
  </category>
  <size>
   S
  </size>
  <color>
   Голубой
  </color>
  <material>
   Полиэстер
  </material>
  <price>
   157199
  </price>
  <rating>
   3.41
  </rating>
  <reviews>
   255853
  </reviews>
  <new>
   -
  </new>
  <sporty>
   yes
  </sporty>
 </clothing>
 <clothing>
  <id>
   252917097
  </id>
  <name>
   Fila Belts A-6612
  </name>
  <category>
   Belts
  </category>
  <size>
   XXL
  </size>
  <color>
   Зеленый
  </color>
  <material>
   Лен
  </material>
  <price>
   518753
  </price>
  <rating>
   3.0
  </rating>
  <reviews>
   497463
  </reviews>
  <new>
   -
  </new>
  <exclusive>
   yes
  </exclusive>
  <sporty>
   no
  </sporty>
 </clothing>
 <clothing>
  <id>
   372824294
  </id>
  <name>
   Reebok Umbrellas G-5673
  </name>
  <category>
   Umbrellas
  </category>
  <size>
   S
  </size>
  <color>
   Красный
  </color>
  <material>
   Нейлон
  </material>
  <price>
   625547
  </price>
  <rating>
   3.55
  </rating>
  <reviews>
   251115
  </reviews>
  <sporty>
   yes
  </sporty>
 </clothing>
 <clothing>
  <id>
   575531494
  </id>
  <name>
   Lacoste Shirt P-1240
  </name>
  <category>
   Shirt
  </category>
  <size>
   M
  </size>
  <color>
   Красный
  </color>
  <material>
   Вискоза
  </material>
  <price>
   168601
  </price>
  <rating>
   4.61
  </rating>
  <reviews>
   291098
  </reviews>
  <new>
   +
  </new>
  <exclusive>
   yes
  </exclusive>
  <sporty>
   no
  </sporty>
 </clothing>
 <clothing>
  <id>
   286333209
  </id>
  <name>
   Vans Sweater T-5538
  </name>
  <category>
   Sweater
  </category>
  <size>
   XXL
  </size>
  <color>
   Оранжевый
  </color>
  <material>
   Хлопок
  </material>
  <price>
   507870
  </price>
  <rating>
   3.54
  </rating>
  <reviews>
   442008
  </reviews>
  <sporty>
   no
  </sporty>
 </clothing>
 <clothing>
  <id>
   938835192
  </id>
  <name>
   DC Shirt W-2114
  </name>
  <category>
   Shirt
  </category>
  <size>
   XXL
  </size>
  <color>
   Голубой
  </color>
  <material>
   Шерсть
  </material>
  <price>
   863228
  </price>
  <rating>
   4.92
  </rating>
  <reviews>
   991193
  </reviews>
  <exclusive>
   no
  </exclusive>
 </clothing>
 <clothing>
  <id>
   724658092
  </id>
  <name>
   Vans Shoes E-1150
  </name>
  <category>
   Shoes
  </category>
  <size>
   XL
  </size>
  <color>
   Синий
  </color>
  <material>
   Вискоза
  </material>
  <price>
   783265
  </price>
  <rating>
   4.51
  </rating>
  <reviews>
   591914
  </reviews>
  <exclusive>
   yes
  </exclusive>
 </clothing>
 <clothing>
  <id>
   196511794
  </id>
  <name>
   Nike T-shirt J-8845
  </name>
  <category>
   T-shirt
  </category>
  <size>
   M
  </size>
  <color>
   Красный
  </color>
  <material>
   Шерсть
  </material>
  <price>
   487703
  </price>
  <rating>
   2.71
  </rating>
  <reviews>
   970092
  </reviews>
  <sporty>
   no
  </sporty>
 </clothing>
 <clothing>
  <id>
   630354181
  </id>
  <name>
   Reebok Umbrellas K-7515
  </name>
  <category>
   Umbrellas
  </category>
  <size>
   L
  </size>
  <color>
   Красный
  </color>
  <material>
   Нейлон
  </material>
  <price>
   289306
  </price>
  <rating>
   2.71
  </rating>
  <reviews>
   463537
  </reviews>
  <new>
   +
  </new>
 </clothing>
 <clothing>
  <id>
   590341965
  </id>
  <name>
   Adidas Socks J-3055
  </name>
  <category>
   Socks
  </category>
  <size>
   L
  </size>
  <color>
   Синий
  </color>
  <material>
   Лен
  </material>
  <price>
   872588
  </price>
  <rating>
   3.88
  </rating>
  <reviews>
   935493
  </reviews>
  <exclusive>
   no
  </exclusive>
 </clothing>
 <clothing>
  <id>
   548921892
  </id>
  <name>
   Nike Handbags E-7689
  </name>
  <category>
   Handbags
  </category>
  <size>
   L
  </size>
  <color>
   Голубой
  </color>
  <material>
   Вискоза
  </material>
  <price>
   122038
  </price>
  <rating>
   1.18
  </rating>
  <reviews>
   635985
  </reviews>
  <new>
   -
  </new>
  <exclusive>
   no
  </exclusive>
  <sporty>
   no
  </sporty>
 </clothing>
 <clothing>
  <id>
   466269023
  </id>
  <name>
   Brooks Hat H-4291
  </name>
  <category>
   Hat
  </category>
  <size>
   M
  </size>
  <color>
   Синий
  </color>
  <material>
   Вискоза
  </material>
  <price>
   734887
  </price>
  <rating>
   4.82
  </rating>
  <reviews>
   129289
  </reviews>
  <new>
   -
  </new>
  <exclusive>
   yes
  </exclusive>
  <sporty>
   no
  </sporty>
 </clothing>
 <clothing>
  <id>
   436912489
  </id>
  <name>
   Adidas Socks K-7489
  </name>
  <category>
   Socks
  </category>
  <size>
   L
  </size>
  <color>
   Оранжевый
  </color>
  <material>
   Хлопок
  </material>
  <price>
   558530
  </price>
  <rating>
   1.37
  </rating>
  <reviews>
   527446
  </reviews>
  <new>
   -
  </new>
  <sporty>
   yes
  </sporty>
 </clothing>
 <clothing>
  <id>
   249169878
  </id>
  <name>
   DC Handbags C-1642
  </name>
  <category>
   Handbags
  </category>
  <size>
   XXL
  </size>
  <color>
   Красный
  </color>
  <material>
   Кожа
  </material>
  <price>
   642339
  </price>
  <rating>
   4.39
  </rating>
  <reviews>
   16260
  </reviews>
  <new>
   -
  </new>
  <sporty>
   no
  </sporty>
 </clothing>
 <clothing>
  <id>
   141670903
  </id>
  <name>
   Reebok Hat R-6846
  </name>
  <category>
   Hat
  </category>
  <size>
   M
  </size>
  <color>
   Зеленый
  </color>
  <material>
   Шерсть
  </material>
  <price>
   927255
  </price>
  <rating>
   3.77
  </rating>
  <reviews>
   159281
  </reviews>
  <exclusive>
   no
  </exclusive>
 </clothing>
 <clothing>
  <id>
   764988260
  </id>
  <name>
   Converse Umbrellas U-7863
  </name>
  <category>
   Umbrellas
  </category>
  <size>
   S
  </size>
  <color>
   Фиолетовый
  </color>
  <material>
   Хлопок
  </material>
  <price>
   495687
  </price>
  <rating>
   4.88
  </rating>
  <reviews>
   256854
  </reviews>
  <new>
   +
  </new>
  <sporty>
   no
  </sporty>
 </clothing>
 <clothing>
  <id>
   273676756
  </id>
  <name>
   Puma Umbrellas B-3792
  </name>
  <category>
   Umbrellas
  </category>
  <size>
   XXL
  </size>
  <color>
   Зеленый
  </color>
  <material>
   Лен
  </material>
  <price>
   715855
  </price>
  <rating>
   2.59
  </rating>
  <reviews>
   306843
  </reviews>
  <new>
   -
  </new>
  <exclusive>
   no
  </exclusive>
  <sporty>
   yes
  </sporty>
 </clothing>
 <clothing>
  <id>
   212243771
  </id>
  <name>
   Fila Umbrellas H-3285
  </name>
  <category>
   Umbrellas
  </category>
  <size>
   S
  </size>
  <color>
   Зеленый
  </color>
  <material>
   Хлопок
  </material>
  <price>
   178032
  </price>
  <rating>
   4.76
  </rating>
  <reviews>
   125044
  </reviews>
  <new>
   +
  </new>
  <exclusive>
   no
  </exclusive>
  <sporty>
   yes
  </sporty>
 </clothing>
 <clothing>
  <id>
   362116697
  </id>
  <name>
   Adidas Shirt B-8160
  </name>
  <category>
   Shirt
  </category>
  <size>
   M
  </size>
  <color>
   Желтый
  </color>
  <material>
   Шерсть
  </material>
  <price>
   691932
  </price>
  <rating>
   1.2
  </rating>
  <reviews>
   615000
  </reviews>
  <new>
   -
  </new>
 </clothing>
 <clothing>
  <id>
   622757281
  </id>
  <name>
   Asics Socks Q-1295
  </name>
  <category>
   Socks
  </category>
  <size>
   S
  </size>
  <color>
   Красный
  </color>
  <material>
   Кожа
  </material>
  <price>
   208175
  </price>
  <rating>
   2.33
  </rating>
  <reviews>
   438923
  </reviews>
  <exclusive>
   no
  </exclusive>
 </clothing>
 <clothing>
  <id>
   447013346
  </id>
  <name>
   Reebok T-shirt Z-2830
  </name>
  <category>
   T-shirt
  </category>
  <size>
   L
  </size>
  <color>
   Голубой
  </color>
  <material>
   Вискоза
  </material>
  <price>
   177409
  </price>
  <rating>
   2.29
  </rating>
  <reviews>
   8797
  </reviews>
  <new>
   +
  </new>
  <exclusive>
   yes
  </exclusive>
 </clothing>
 <clothing>
  <id>
   557624631
  </id>
  <name>
   Fila Umbrellas L-5513
  </name>
  <category>
   Umbrellas
  </category>
  <size>
   S
  </size>
  <color>
   Синий
  </color>
  <material>
   Лен
  </material>
  <price>
   221579
  </price>
  <rating>
   4.28
  </rating>
  <reviews>
   175708
  </reviews>
  <new>
   -
  </new>
 </clothing>
 <clothing>
  <id>
   340704030
  </id>
  <name>
   Asics Gloves N-4965
  </name>
  <category>
   Gloves
  </category>
  <size>
   L
  </size>
  <color>
   Голубой
  </color>
  <material>
   Лен
  </material>
  <price>
   399469
  </price>
  <rating>
   1.91
  </rating>
  <reviews>
   594559
  </reviews>
  <new>
   +
  </new>
  <exclusive>
   no
  </exclusive>
 </clothing>
 <clothing>
  <id>
   604890728
  </id>
  <name>
   DC Handbags P-2135
  </name>
  <category>
   Handbags
  </category>
  <size>
   S
  </size>
  <color>
   Желтый
  </color>
  <material>
   Кожа
  </material>
  <price>
   893959
  </price>
  <rating>
   2.96
  </rating>
  <reviews>
   835272
  </reviews>
  <new>
   +
  </new>
  <sporty>
   no
  </sporty>
 </clothing>
 <clothing>
  <id>
   601612390
  </id>
  <name>
   PleinSport T-shirt H-3528
  </name>
  <category>
   T-shirt
  </category>
  <size>
   XL
  </size>
  <color>
   Красный
  </color>
  <material>
   Вискоза
  </material>
  <price>
   535614
  </price>
  <rating>
   3.28
  </rating>
  <reviews>
   705415
  </reviews>
  <sporty>
   yes
  </sporty>
 </clothing>
 <clothing>
  <id>
   346542694
  </id>
  <name>
   Puma Hat H-5284
  </name>
  <category>
   Hat
  </category>
  <size>
   XL
  </size>
  <color>
   Синий
  </color>
  <material>
   Кожа
  </material>
  <price>
   449870
  </price>
  <rating>
   4.87
  </rating>
  <reviews>
   375115
  </reviews>
  <exclusive>
   yes
  </exclusive>
  <sporty>
   no
  </sporty>
 </clothing>
 <clothing>
  <id>
   338210866
  </id>
  <name>
   Brooks Pants Y-3984
  </name>
  <category>
   Pants
  </category>
  <size>
   XL
  </size>
  <color>
   Зеленый
  </color>
  <material>
   Шерсть
  </material>
  <price>
   653731
  </price>
  <rating>
   3.13
  </rating>
  <reviews>
   318125
  </reviews>
  <new>
   +
  </new>
  <exclusive>
   yes
  </exclusive>
  <sporty>
   no
  </sporty>
 </clothing>
 <clothing>
  <id>
   599766658
  </id>
  <name>
   Asics Blouse S-4108
  </name>
  <category>
   Blouse
  </category>
  <size>
   XXL
  </size>
  <color>
   Оранжевый
  </color>
  <material>
   Полиэстер
  </material>
  <price>
   913586
  </price>
  <rating>
   1.85
  </rating>
  <reviews>
   257392
  </reviews>
  <exclusive>
   yes
  </exclusive>
  <sporty>
   yes
  </sporty>
 </clothing>
 <clothing>
  <id>
   679270496
  </id>
  <name>
   Puma T-shirt X-2571
  </name>
  <category>
   T-shirt
  </category>
  <size>
   M
  </size>
  <color>
   Красный
  </color>
  <material>
   Хлопок
  </material>
  <price>
   683316
  </price>
  <rating>
   3.11
  </rating>
  <reviews>
   300505
  </reviews>
  <new>
   -
  </new>
  <sporty>
   no
  </sporty>
 </clothing>
 <clothing>
  <id>
   504006779
  </id>
  <name>
   Vans Pants M-8385
  </name>
  <category>
   Pants
  </category>
  <size>
   M
  </size>
  <color>
   Зеленый
  </color>
  <material>
   Полиэстер
  </material>
  <price>
   663135
  </price>
  <rating>
   2.72
  </rating>
  <reviews>
   157616
  </reviews>
  <exclusive>
   no
  </exclusive>
  <sporty>
   no
  </sporty>
 </clothing>
 <clothing>
  <id>
   361956999
  </id>
  <name>
   DC Gloves U-1736
  </name>
  <category>
   Gloves
  </category>
  <size>
   L
  </size>
  <color>
   Голубой
  </color>
  <material>
   Вискоза
  </material>
  <price>
   626550
  </price>
  <rating>
   1.17
  </rating>
  <reviews>
   415925
  </reviews>
  <exclusive>
   no
  </exclusive>
  <sporty>
   yes
  </sporty>
 </clothing>
 <clothing>
  <id>
   502341258
  </id>
  <name>
   PleinSport Gloves O-1494
  </name>
  <category>
   Gloves
  </category>
  <size>
   M
  </size>
  <color>
   Оранжевый
  </color>
  <material>
   Полиэстер
  </material>
  <price>
   374141
  </price>
  <rating>
   3.8
  </rating>
  <reviews>
   36336
  </reviews>
  <new>
   -
  </new>
  <exclusive>
   no
  </exclusive>
  <sporty>
   no
  </sporty>
 </clothing>
 <clothing>
  <id>
   630145716
  </id>
  <name>
   Asics Shoes T-9488
  </name>
  <category>
   Shoes
  </category>
  <size>
   L
  </size>
  <color>
   Зеленый
  </color>
  <material>
   Хлопок
  </material>
  <price>
   950423
  </price>
  <rating>
   2.85
  </rating>
  <reviews>
   817360
  </reviews>
  <new>
   -
  </new>
  <exclusive>
   yes
  </exclusive>
  <sporty>
   yes
  </sporty>
 </clothing>
 <clothing>
  <id>
   538476716
  </id>
  <name>
   Asics Gloves W-4783
  </name>
  <category>
   Gloves
  </category>
  <size>
   XL
  </size>
  <color>
   Фиолетовый
  </color>
  <material>
   Шелк
  </material>
  <price>
   379427
  </price>
  <rating>
   2.57
  </rating>
  <reviews>
   662281
  </reviews>
  <new>
   -
  </new>
  <sporty>
   yes
  </sporty>
 </clothing>
 <clothing>
  <id>
   199891599
  </id>
  <name>
   Puma Socks O-3085
  </name>
  <category>
   Socks
  </category>
  <size>
   S
  </size>
  <color>
   Голубой
  </color>
  <material>
   Кожа
  </material>
  <price>
   225814
  </price>
  <rating>
   3.53
  </rating>
  <reviews>
   248308
  </reviews>
  <new>
   -
  </new>
  <exclusive>
   no
  </exclusive>
 </clothing>
</clothing-items>
