<?xml version="1.0" encoding="utf-8"?>
<clothing-items>
 <clothing>
  <id>
   859197047
  </id>
  <name>
   Fila Blouse K-1844
  </name>
  <category>
   Blouse
  </category>
  <size>
   XL
  </size>
  <color>
   Фиолетовый
  </color>
  <material>
   Шерсть
  </material>
  <price>
   112832
  </price>
  <rating>
   1.48
  </rating>
  <reviews>
   443634
  </reviews>
  <sporty>
   no
  </sporty>
 </clothing>
 <clothing>
  <id>
   817792847
  </id>
  <name>
   Puma Sweater H-7559
  </name>
  <category>
   Sweater
  </category>
  <size>
   S
  </size>
  <color>
   Оранжевый
  </color>
  <material>
   Кожа
  </material>
  <price>
   788240
  </price>
  <rating>
   2.91
  </rating>
  <reviews>
   735701
  </reviews>
  <sporty>
   no
  </sporty>
 </clothing>
 <clothing>
  <id>
   743119746
  </id>
  <name>
   Reebok Belts N-4939
  </name>
  <category>
   Belts
  </category>
  <size>
   M
  </size>
  <color>
   Синий
  </color>
  <material>
   Нейлон
  </material>
  <price>
   797692
  </price>
  <rating>
   1.21
  </rating>
  <reviews>
   166907
  </reviews>
  <exclusive>
   yes
  </exclusive>
  <sporty>
   yes
  </sporty>
 </clothing>
 <clothing>
  <id>
   167370423
  </id>
  <name>
   Reebok Gloves F-4894
  </name>
  <category>
   Gloves
  </category>
  <size>
   L
  </size>
  <color>
   Фиолетовый
  </color>
  <material>
   Полиэстер
  </material>
  <price>
   586685
  </price>
  <rating>
   3.51
  </rating>
  <reviews>
   412884
  </reviews>
  <exclusive>
   no
  </exclusive>
 </clothing>
 <clothing>
  <id>
   759982550
  </id>
  <name>
   Lacoste Skirt X-5322
  </name>
  <category>
   Skirt
  </category>
  <size>
   L
  </size>
  <color>
   Желтый
  </color>
  <material>
   Шерсть
  </material>
  <price>
   251989
  </price>
  <rating>
   1.0
  </rating>
  <reviews>
   115483
  </reviews>
  <sporty>
   no
  </sporty>
 </clothing>
 <clothing>
  <id>
   149525773
  </id>
  <name>
   Vans Dress Z-6113
  </name>
  <category>
   Dress
  </category>
  <size>
   M
  </size>
  <color>
   Оранжевый
  </color>
  <material>
   Вискоза
  </material>
  <price>
   677584
  </price>
  <rating>
   1.5
  </rating>
  <reviews>
   233144
  </reviews>
  <exclusive>
   no
  </exclusive>
  <sporty>
   yes
  </sporty>
 </clothing>
 <clothing>
  <id>
   182847246
  </id>
  <name>
   Converse Jeans H-7870
  </name>
  <category>
   Jeans
  </category>
  <size>
   S
  </size>
  <color>
   Фиолетовый
  </color>
  <material>
   Нейлон
  </material>
  <price>
   537213
  </price>
  <rating>
   1.35
  </rating>
  <reviews>
   417741
  </reviews>
  <exclusive>
   yes
  </exclusive>
  <sporty>
   no
  </sporty>
 </clothing>
 <clothing>
  <id>
   495894270
  </id>
  <name>
   PleinSport Gloves B-8344
  </name>
  <category>
   Gloves
  </category>
  <size>
   S
  </size>
  <color>
   Красный
  </color>
  <material>
   Вискоза
  </material>
  <price>
   303822
  </price>
  <rating>
   3.71
  </rating>
  <reviews>
   606790
  </reviews>
  <new>
   -
  </new>
  <exclusive>
   no
  </exclusive>
  <sporty>
   yes
  </sporty>
 </clothing>
 <clothing>
  <id>
   903512965
  </id>
  <name>
   Adidas Skirt Z-9251
  </name>
  <category>
   Skirt
  </category>
  <size>
   XXL
  </size>
  <color>
   Синий
  </color>
  <material>
   Нейлон
  </material>
  <price>
   270221
  </price>
  <rating>
   4.59
  </rating>
  <reviews>
   896080
  </reviews>
  <new>
   -
  </new>
  <exclusive>
   no
  </exclusive>
  <sporty>
   no
  </sporty>
 </clothing>
 <clothing>
  <id>
   392870605
  </id>
  <name>
   DC Sweater B-4405
  </name>
  <category>
   Sweater
  </category>
  <size>
   XL
  </size>
  <color>
   Зеленый
  </color>
  <material>
   Шелк
  </material>
  <price>
   849413
  </price>
  <rating>
   1.94
  </rating>
  <reviews>
   475254
  </reviews>
  <new>
   +
  </new>
  <exclusive>
   no
  </exclusive>
  <sporty>
   no
  </sporty>
 </clothing>
 <clothing>
  <id>
   672231791
  </id>
  <name>
   Ellesse Jeans E-6723
  </name>
  <category>
   Jeans
  </category>
  <size>
   XL
  </size>
  <color>
   Зеленый
  </color>
  <material>
   Шерсть
  </material>
  <price>
   562478
  </price>
  <rating>
   4.17
  </rating>
  <reviews>
   196784
  </reviews>
  <sporty>
   no
  </sporty>
 </clothing>
 <clothing>
  <id>
   819865083
  </id>
  <name>
   Brooks Shoes H-2885
  </name>
  <category>
   Shoes
  </category>
  <size>
   M
  </size>
  <color>
   Зеленый
  </color>
  <material>
   Лен
  </material>
  <price>
   168311
  </price>
  <rating>
   3.89
  </rating>
  <reviews>
   662483
  </reviews>
  <sporty>
   no
  </sporty>
 </clothing>
 <clothing>
  <id>
   283637712
  </id>
  <name>
   Fila Blouse N-7645
  </name>
  <category>
   Blouse
  </category>
  <size>
   XXL
  </size>
  <color>
   Фиолетовый
  </color>
  <material>
   Нейлон
  </material>
  <price>
   177074
  </price>
  <rating>
   3.81
  </rating>
  <reviews>
   99303
  </reviews>
  <new>
   +
  </new>
  <exclusive>
   no
  </exclusive>
 </clothing>
 <clothing>
  <id>
   375767330
  </id>
  <name>
   Addidas Blouse J-3327
  </name>
  <category>
   Blouse
  </category>
  <size>
   S
  </size>
  <color>
   Оранжевый
  </color>
  <material>
   Нейлон
  </material>
  <price>
   139319
  </price>
  <rating>
   1.33
  </rating>
  <reviews>
   731013
  </reviews>
  <new>
   +
  </new>
  <exclusive>
   yes
  </exclusive>
  <sporty>
   yes
  </sporty>
 </clothing>
 <clothing>
  <id>
   145858597
  </id>
  <name>
   Fila Handbags Z-5102
  </name>
  <category>
   Handbags
  </category>
  <size>
   M
  </size>
  <color>
   Голубой
  </color>
  <material>
   Кожа
  </material>
  <price>
   801450
  </price>
  <rating>
   1.28
  </rating>
  <reviews>
   106353
  </reviews>
  <exclusive>
   yes
  </exclusive>
 </clothing>
 <clothing>
  <id>
   740407014
  </id>
  <name>
   Lacoste Gloves L-2250
  </name>
  <category>
   Gloves
  </category>
  <size>
   M
  </size>
  <color>
   Фиолетовый
  </color>
  <material>
   Кожа
  </material>
  <price>
   491212
  </price>
  <rating>
   2.9
  </rating>
  <reviews>
   894184
  </reviews>
  <new>
   -
  </new>
  <sporty>
   yes
  </sporty>
 </clothing>
 <clothing>
  <id>
   245817868
  </id>
  <name>
   DC Skirt D-8269
  </name>
  <category>
   Skirt
  </category>
  <size>
   S
  </size>
  <color>
   Синий
  </color>
  <material>
   Вискоза
  </material>
  <price>
   380694
  </price>
  <rating>
   1.18
  </rating>
  <reviews>
   502323
  </reviews>
  <sporty>
   no
  </sporty>
 </clothing>
 <clothing>
  <id>
   981157347
  </id>
  <name>
   Converse Socks L-1389
  </name>
  <category>
   Socks
  </category>
  <size>
   XL
  </size>
  <color>
   Синий
  </color>
  <material>
   Шерсть
  </material>
  <price>
   218119
  </price>
  <rating>
   3.28
  </rating>
  <reviews>
   526085
  </reviews>
  <exclusive>
   yes
  </exclusive>
 </clothing>
 <clothing>
  <id>
   457589012
  </id>
  <name>
   Brooks Pants Q-2301
  </name>
  <category>
   Pants
  </category>
  <size>
   S
  </size>
  <color>
   Фиолетовый
  </color>
  <material>
   Шелк
  </material>
  <price>
   564598
  </price>
  <rating>
   3.47
  </rating>
  <reviews>
   730879
  </reviews>
  <exclusive>
   yes
  </exclusive>
 </clothing>
 <clothing>
  <id>
   127949778
  </id>
  <name>
   Under Armour Gloves D-4215
  </name>
  <category>
   Gloves
  </category>
  <size>
   M
  </size>
  <color>
   Фиолетовый
  </color>
  <material>
   Хлопок
  </material>
  <price>
   624203
  </price>
  <rating>
   4.0
  </rating>
  <reviews>
   759575
  </reviews>
  <sporty>
   no
  </sporty>
 </clothing>
 <clothing>
  <id>
   865618056
  </id>
  <name>
   Lacoste Gloves I-9278
  </name>
  <category>
   Gloves
  </category>
  <size>
   L
  </size>
  <color>
   Фиолетовый
  </color>
  <material>
   Вискоза
  </material>
  <price>
   906377
  </price>
  <rating>
   4.93
  </rating>
  <reviews>
   229952
  </reviews>
  <exclusive>
   yes
  </exclusive>
  <sporty>
   yes
  </sporty>
 </clothing>
 <clothing>
  <id>
   104095353
  </id>
  <name>
   DC Handbags D-2956
  </name>
  <category>
   Handbags
  </category>
  <size>
   M
  </size>
  <color>
   Синий
  </color>
  <material>
   Нейлон
  </material>
  <price>
   495059
  </price>
  <rating>
   3.39
  </rating>
  <reviews>
   250725
  </reviews>
  <sporty>
   no
  </sporty>
 </clothing>
 <clothing>
  <id>
   430506425
  </id>
  <name>
   DC Umbrellas Y-9086
  </name>
  <category>
   Umbrellas
  </category>
  <size>
   XL
  </size>
  <color>
   Желтый
  </color>
  <material>
   Хлопок
  </material>
  <price>
   408456
  </price>
  <rating>
   3.0
  </rating>
  <reviews>
   457779
  </reviews>
  <exclusive>
   yes
  </exclusive>
 </clothing>
 <clothing>
  <id>
   810703121
  </id>
  <name>
   DC T-shirt L-7683
  </name>
  <category>
   T-shirt
  </category>
  <size>
   M
  </size>
  <color>
   Желтый
  </color>
  <material>
   Нейлон
  </material>
  <price>
   990191
  </price>
  <rating>
   4.17
  </rating>
  <reviews>
   354550
  </reviews>
  <sporty>
   no
  </sporty>
 </clothing>
 <clothing>
  <id>
   373440579
  </id>
  <name>
   Addidas Hat B-6107
  </name>
  <category>
   Hat
  </category>
  <size>
   XXL
  </size>
  <color>
   Зеленый
  </color>
  <material>
   Полиэстер
  </material>
  <price>
   975260
  </price>
  <rating>
   1.38
  </rating>
  <reviews>
   75567
  </reviews>
  <new>
   +
  </new>
  <exclusive>
   no
  </exclusive>
  <sporty>
   yes
  </sporty>
 </clothing>
 <clothing>
  <id>
   401012274
  </id>
  <name>
   Vans Jeans N-7368
  </name>
  <category>
   Jeans
  </category>
  <size>
   XXL
  </size>
  <color>
   Оранжевый
  </color>
  <material>
   Нейлон
  </material>
  <price>
   758187
  </price>
  <rating>
   2.47
  </rating>
  <reviews>
   250206
  </reviews>
 </clothing>
 <clothing>
  <id>
   978499341
  </id>
  <name>
   DC Belts E-9737
  </name>
  <category>
   Belts
  </category>
  <size>
   S
  </size>
  <color>
   Синий
  </color>
  <material>
   Кожа
  </material>
  <price>
   141894
  </price>
  <rating>
   1.38
  </rating>
  <reviews>
   350008
  </reviews>
  <new>
   -
  </new>
  <exclusive>
   no
  </exclusive>
  <sporty>
   no
  </sporty>
 </clothing>
</clothing-items>
