<?xml version="1.0" encoding="utf-8"?>
<clothing-items>
 <clothing>
  <id>
   886644433
  </id>
  <name>
   Fila Jeans H-7428
  </name>
  <category>
   Jeans
  </category>
  <size>
   XL
  </size>
  <color>
   Оранжевый
  </color>
  <material>
   Лен
  </material>
  <price>
   429853
  </price>
  <rating>
   1.48
  </rating>
  <reviews>
   550726
  </reviews>
  <exclusive>
   no
  </exclusive>
 </clothing>
 <clothing>
  <id>
   792207763
  </id>
  <name>
   Lacoste Shirt D-7487
  </name>
  <category>
   Shirt
  </category>
  <size>
   L
  </size>
  <color>
   Синий
  </color>
  <material>
   Шерсть
  </material>
  <price>
   563430
  </price>
  <rating>
   3.11
  </rating>
  <reviews>
   365487
  </reviews>
  <new>
   -
  </new>
  <exclusive>
   no
  </exclusive>
  <sporty>
   yes
  </sporty>
 </clothing>
 <clothing>
  <id>
   310800549
  </id>
  <name>
   Addidas T-shirt E-4957
  </name>
  <category>
   T-shirt
  </category>
  <size>
   XXL
  </size>
  <color>
   Желтый
  </color>
  <material>
   Вискоза
  </material>
  <price>
   452759
  </price>
  <rating>
   2.48
  </rating>
  <reviews>
   77002
  </reviews>
 </clothing>
 <clothing>
  <id>
   882061840
  </id>
  <name>
   Converse Umbrellas Y-9968
  </name>
  <category>
   Umbrellas
  </category>
  <size>
   L
  </size>
  <color>
   Голубой
  </color>
  <material>
   Полиэстер
  </material>
  <price>
   709684
  </price>
  <rating>
   1.23
  </rating>
  <reviews>
   552925
  </reviews>
  <exclusive>
   yes
  </exclusive>
  <sporty>
   yes
  </sporty>
 </clothing>
 <clothing>
  <id>
   565095915
  </id>
  <name>
   Adidas Pants X-1261
  </name>
  <category>
   Pants
  </category>
  <size>
   L
  </size>
  <color>
   Оранжевый
  </color>
  <material>
   Лен
  </material>
  <price>
   144860
  </price>
  <rating>
   3.36
  </rating>
  <reviews>
   815258
  </reviews>
  <new>
   +
  </new>
  <exclusive>
   no
  </exclusive>
 </clothing>
 <clothing>
  <id>
   899939696
  </id>
  <name>
   Ellesse Sweater K-1795
  </name>
  <category>
   Sweater
  </category>
  <size>
   M
  </size>
  <color>
   Зеленый
  </color>
  <material>
   Шерсть
  </material>
  <price>
   689106
  </price>
  <rating>
   4.57
  </rating>
  <reviews>
   109992
  </reviews>
  <new>
   +
  </new>
  <exclusive>
   no
  </exclusive>
  <sporty>
   yes
  </sporty>
 </clothing>
 <clothing>
  <id>
   387669524
  </id>
  <name>
   Nike Umbrellas W-4643
  </name>
  <category>
   Umbrellas
  </category>
  <size>
   M
  </size>
  <color>
   Желтый
  </color>
  <material>
   Полиэстер
  </material>
  <price>
   564894
  </price>
  <rating>
   4.91
  </rating>
  <reviews>
   108269
  </reviews>
  <exclusive>
   no
  </exclusive>
  <sporty>
   no
  </sporty>
 </clothing>
 <clothing>
  <id>
   406282569
  </id>
  <name>
   Vans Sweater T-4310
  </name>
  <category>
   Sweater
  </category>
  <size>
   XL
  </size>
  <color>
   Фиолетовый
  </color>
  <material>
   Шерсть
  </material>
  <price>
   569984
  </price>
  <rating>
   1.48
  </rating>
  <reviews>
   940764
  </reviews>
  <new>
   +
  </new>
  <sporty>
   no
  </sporty>
 </clothing>
 <clothing>
  <id>
   266793292
  </id>
  <name>
   Lacoste Jeans O-6875
  </name>
  <category>
   Jeans
  </category>
  <size>
   S
  </size>
  <color>
   Красный
  </color>
  <material>
   Шерсть
  </material>
  <price>
   325919
  </price>
  <rating>
   1.7
  </rating>
  <reviews>
   486414
  </reviews>
  <exclusive>
   no
  </exclusive>
 </clothing>
 <clothing>
  <id>
   610816354
  </id>
  <name>
   Reebok Dress P-7368
  </name>
  <category>
   Dress
  </category>
  <size>
   XL
  </size>
  <color>
   Красный
  </color>
  <material>
   Кожа
  </material>
  <price>
   599063
  </price>
  <rating>
   3.09
  </rating>
  <reviews>
   151234
  </reviews>
  <new>
   +
  </new>
  <exclusive>
   no
  </exclusive>
  <sporty>
   yes
  </sporty>
 </clothing>
 <clothing>
  <id>
   403225683
  </id>
  <name>
   Converse Belts W-4623
  </name>
  <category>
   Belts
  </category>
  <size>
   XXL
  </size>
  <color>
   Желтый
  </color>
  <material>
   Хлопок
  </material>
  <price>
   620893
  </price>
  <rating>
   3.73
  </rating>
  <reviews>
   762337
  </reviews>
  <exclusive>
   no
  </exclusive>
  <sporty>
   no
  </sporty>
 </clothing>
 <clothing>
  <id>
   842358089
  </id>
  <name>
   Under Armour Umbrellas A-7086
  </name>
  <category>
   Umbrellas
  </category>
  <size>
   L
  </size>
  <color>
   Фиолетовый
  </color>
  <material>
   Нейлон
  </material>
  <price>
   113535
  </price>
  <rating>
   2.84
  </rating>
  <reviews>
   236548
  </reviews>
  <exclusive>
   no
  </exclusive>
  <sporty>
   yes
  </sporty>
 </clothing>
 <clothing>
  <id>
   623359126
  </id>
  <name>
   Adidas Pants J-8293
  </name>
  <category>
   Pants
  </category>
  <size>
   XXL
  </size>
  <color>
   Синий
  </color>
  <material>
   Нейлон
  </material>
  <price>
   855393
  </price>
  <rating>
   4.94
  </rating>
  <reviews>
   183914
  </reviews>
  <sporty>
   no
  </sporty>
 </clothing>
 <clothing>
  <id>
   334320742
  </id>
  <name>
   Adidas Skirt U-5915
  </name>
  <category>
   Skirt
  </category>
  <size>
   S
  </size>
  <color>
   Зеленый
  </color>
  <material>
   Хлопок
  </material>
  <price>
   600586
  </price>
  <rating>
   3.67
  </rating>
  <reviews>
   297550
  </reviews>
  <exclusive>
   no
  </exclusive>
 </clothing>
 <clothing>
  <id>
   979904147
  </id>
  <name>
   Puma Sweater Q-3795
  </name>
  <category>
   Sweater
  </category>
  <size>
   L
  </size>
  <color>
   Синий
  </color>
  <material>
   Кожа
  </material>
  <price>
   971216
  </price>
  <rating>
   3.51
  </rating>
  <reviews>
   585431
  </reviews>
  <new>
   -
  </new>
  <exclusive>
   yes
  </exclusive>
  <sporty>
   yes
  </sporty>
 </clothing>
 <clothing>
  <id>
   894877037
  </id>
  <name>
   Converse Belts A-1898
  </name>
  <category>
   Belts
  </category>
  <size>
   XL
  </size>
  <color>
   Зеленый
  </color>
  <material>
   Кожа
  </material>
  <price>
   577438
  </price>
  <rating>
   2.02
  </rating>
  <reviews>
   785130
  </reviews>
  <sporty>
   yes
  </sporty>
 </clothing>
 <clothing>
  <id>
   740313101
  </id>
  <name>
   Asics Shoes B-6434
  </name>
  <category>
   Shoes
  </category>
  <size>
   L
  </size>
  <color>
   Желтый
  </color>
  <material>
   Нейлон
  </material>
  <price>
   990004
  </price>
  <rating>
   2.46
  </rating>
  <reviews>
   784595
  </reviews>
  <new>
   +
  </new>
 </clothing>
 <clothing>
  <id>
   684280557
  </id>
  <name>
   Under Armour Shirt Y-3300
  </name>
  <category>
   Shirt
  </category>
  <size>
   S
  </size>
  <color>
   Фиолетовый
  </color>
  <material>
   Шелк
  </material>
  <price>
   237625
  </price>
  <rating>
   4.67
  </rating>
  <reviews>
   812529
  </reviews>
  <exclusive>
   yes
  </exclusive>
  <sporty>
   yes
  </sporty>
 </clothing>
 <clothing>
  <id>
   950795312
  </id>
  <name>
   Adidas Umbrellas Z-8743
  </name>
  <category>
   Umbrellas
  </category>
  <size>
   XXL
  </size>
  <color>
   Красный
  </color>
  <material>
   Полиэстер
  </material>
  <price>
   807857
  </price>
  <rating>
   4.9
  </rating>
  <reviews>
   908456
  </reviews>
  <sporty>
   yes
  </sporty>
 </clothing>
 <clothing>
  <id>
   196101944
  </id>
  <name>
   Reebok Hat P-6763
  </name>
  <category>
   Hat
  </category>
  <size>
   XXL
  </size>
  <color>
   Желтый
  </color>
  <material>
   Полиэстер
  </material>
  <price>
   239129
  </price>
  <rating>
   2.73
  </rating>
  <reviews>
   694494
  </reviews>
  <exclusive>
   yes
  </exclusive>
 </clothing>
 <clothing>
  <id>
   604731611
  </id>
  <name>
   PleinSport Pants V-8925
  </name>
  <category>
   Pants
  </category>
  <size>
   XXL
  </size>
  <color>
   Синий
  </color>
  <material>
   Вискоза
  </material>
  <price>
   502233
  </price>
  <rating>
   1.1
  </rating>
  <reviews>
   178998
  </reviews>
  <new>
   +
  </new>
  <exclusive>
   no
  </exclusive>
  <sporty>
   yes
  </sporty>
 </clothing>
 <clothing>
  <id>
   594902824
  </id>
  <name>
   Addidas Jacket S-9862
  </name>
  <category>
   Jacket
  </category>
  <size>
   XL
  </size>
  <color>
   Зеленый
  </color>
  <material>
   Кожа
  </material>
  <price>
   465090
  </price>
  <rating>
   2.18
  </rating>
  <reviews>
   428665
  </reviews>
  <exclusive>
   yes
  </exclusive>
  <sporty>
   no
  </sporty>
 </clothing>
 <clothing>
  <id>
   119481525
  </id>
  <name>
   Nike Hat D-2848
  </name>
  <category>
   Hat
  </category>
  <size>
   S
  </size>
  <color>
   Фиолетовый
  </color>
  <material>
   Полиэстер
  </material>
  <price>
   693854
  </price>
  <rating>
   2.66
  </rating>
  <reviews>
   542023
  </reviews>
  <new>
   -
  </new>
  <exclusive>
   yes
  </exclusive>
  <sporty>
   no
  </sporty>
 </clothing>
 <clothing>
  <id>
   566094214
  </id>
  <name>
   Converse Pants S-4518
  </name>
  <category>
   Pants
  </category>
  <size>
   L
  </size>
  <color>
   Фиолетовый
  </color>
  <material>
   Шерсть
  </material>
  <price>
   587376
  </price>
  <rating>
   2.52
  </rating>
  <reviews>
   226626
  </reviews>
  <sporty>
   no
  </sporty>
 </clothing>
 <clothing>
  <id>
   935065767
  </id>
  <name>
   DC Jeans U-9813
  </name>
  <category>
   Jeans
  </category>
  <size>
   L
  </size>
  <color>
   Синий
  </color>
  <material>
   Кожа
  </material>
  <price>
   586533
  </price>
  <rating>
   2.39
  </rating>
  <reviews>
   73511
  </reviews>
  <new>
   -
  </new>
  <sporty>
   no
  </sporty>
 </clothing>
 <clothing>
  <id>
   787815458
  </id>
  <name>
   PleinSport Gloves A-9321
  </name>
  <category>
   Gloves
  </category>
  <size>
   S
  </size>
  <color>
   Желтый
  </color>
  <material>
   Нейлон
  </material>
  <price>
   634316
  </price>
  <rating>
   4.97
  </rating>
  <reviews>
   708799
  </reviews>
  <new>
   +
  </new>
  <sporty>
   yes
  </sporty>
 </clothing>
 <clothing>
  <id>
   226474280
  </id>
  <name>
   Converse Blouse S-8893
  </name>
  <category>
   Blouse
  </category>
  <size>
   XXL
  </size>
  <color>
   Желтый
  </color>
  <material>
   Полиэстер
  </material>
  <price>
   165203
  </price>
  <rating>
   3.13
  </rating>
  <reviews>
   731975
  </reviews>
  <new>
   -
  </new>
  <exclusive>
   yes
  </exclusive>
  <sporty>
   no
  </sporty>
 </clothing>
 <clothing>
  <id>
   653512319
  </id>
  <name>
   Puma Sweater M-7151
  </name>
  <category>
   Sweater
  </category>
  <size>
   S
  </size>
  <color>
   Фиолетовый
  </color>
  <material>
   Полиэстер
  </material>
  <price>
   550574
  </price>
  <rating>
   2.91
  </rating>
  <reviews>
   841061
  </reviews>
  <exclusive>
   no
  </exclusive>
 </clothing>
 <clothing>
  <id>
   253674104
  </id>
  <name>
   DC Shoes M-5776
  </name>
  <category>
   Shoes
  </category>
  <size>
   XXL
  </size>
  <color>
   Зеленый
  </color>
  <material>
   Полиэстер
  </material>
  <price>
   570201
  </price>
  <rating>
   1.98
  </rating>
  <reviews>
   334263
  </reviews>
  <new>
   -
  </new>
  <sporty>
   no
  </sporty>
 </clothing>
 <clothing>
  <id>
   947176481
  </id>
  <name>
   Under Armour Shirt H-7704
  </name>
  <category>
   Shirt
  </category>
  <size>
   XL
  </size>
  <color>
   Красный
  </color>
  <material>
   Полиэстер
  </material>
  <price>
   648625
  </price>
  <rating>
   1.96
  </rating>
  <reviews>
   221115
  </reviews>
  <new>
   +
  </new>
 </clothing>
 <clothing>
  <id>
   727435960
  </id>
  <name>
   Lacoste Gloves E-9085
  </name>
  <category>
   Gloves
  </category>
  <size>
   L
  </size>
  <color>
   Оранжевый
  </color>
  <material>
   Шерсть
  </material>
  <price>
   370001
  </price>
  <rating>
   3.51
  </rating>
  <reviews>
   721650
  </reviews>
  <exclusive>
   yes
  </exclusive>
 </clothing>
 <clothing>
  <id>
   240573754
  </id>
  <name>
   Puma Gloves I-5752
  </name>
  <category>
   Gloves
  </category>
  <size>
   XL
  </size>
  <color>
   Зеленый
  </color>
  <material>
   Нейлон
  </material>
  <price>
   648416
  </price>
  <rating>
   2.87
  </rating>
  <reviews>
   857527
  </reviews>
  <new>
   +
  </new>
 </clothing>
 <clothing>
  <id>
   483982916
  </id>
  <name>
   Reebok Hat U-9558
  </name>
  <category>
   Hat
  </category>
  <size>
   XL
  </size>
  <color>
   Оранжевый
  </color>
  <material>
   Лен
  </material>
  <price>
   479575
  </price>
  <rating>
   2.72
  </rating>
  <reviews>
   213685
  </reviews>
  <new>
   -
  </new>
  <sporty>
   yes
  </sporty>
 </clothing>
 <clothing>
  <id>
   276510127
  </id>
  <name>
   Nike Hat S-6505
  </name>
  <category>
   Hat
  </category>
  <size>
   M
  </size>
  <color>
   Фиолетовый
  </color>
  <material>
   Шерсть
  </material>
  <price>
   968304
  </price>
  <rating>
   3.84
  </rating>
  <reviews>
   921729
  </reviews>
  <new>
   +
  </new>
  <exclusive>
   no
  </exclusive>
  <sporty>
   no
  </sporty>
 </clothing>
 <clothing>
  <id>
   265157359
  </id>
  <name>
   Lacoste Umbrellas T-7512
  </name>
  <category>
   Umbrellas
  </category>
  <size>
   L
  </size>
  <color>
   Красный
  </color>
  <material>
   Шерсть
  </material>
  <price>
   844595
  </price>
  <rating>
   3.6
  </rating>
  <reviews>
   249709
  </reviews>
  <new>
   +
  </new>
  <exclusive>
   no
  </exclusive>
 </clothing>
 <clothing>
  <id>
   886990692
  </id>
  <name>
   New Balance Umbrellas H-9237
  </name>
  <category>
   Umbrellas
  </category>
  <size>
   XXL
  </size>
  <color>
   Зеленый
  </color>
  <material>
   Лен
  </material>
  <price>
   366925
  </price>
  <rating>
   2.16
  </rating>
  <reviews>
   847528
  </reviews>
 </clothing>
 <clothing>
  <id>
   552426810
  </id>
  <name>
   Reebok Blouse R-1712
  </name>
  <category>
   Blouse
  </category>
  <size>
   L
  </size>
  <color>
   Голубой
  </color>
  <material>
   Хлопок
  </material>
  <price>
   688462
  </price>
  <rating>
   4.39
  </rating>
  <reviews>
   507653
  </reviews>
 </clothing>
 <clothing>
  <id>
   110003656
  </id>
  <name>
   Ellesse Blouse Z-3416
  </name>
  <category>
   Blouse
  </category>
  <size>
   M
  </size>
  <color>
   Красный
  </color>
  <material>
   Шерсть
  </material>
  <price>
   811450
  </price>
  <rating>
   3.4
  </rating>
  <reviews>
   828682
  </reviews>
 </clothing>
</clothing-items>
