<?xml version="1.0" encoding="utf-8"?>
<clothing-items>
 <clothing>
  <id>
   736849923
  </id>
  <name>
   Vans Dress S-2782
  </name>
  <category>
   Dress
  </category>
  <size>
   L
  </size>
  <color>
   Фиолетовый
  </color>
  <material>
   Шелк
  </material>
  <price>
   226224
  </price>
  <rating>
   2.82
  </rating>
  <reviews>
   503066
  </reviews>
  <sporty>
   yes
  </sporty>
 </clothing>
 <clothing>
  <id>
   704096542
  </id>
  <name>
   Fila Pants R-9255
  </name>
  <category>
   Pants
  </category>
  <size>
   L
  </size>
  <color>
   Фиолетовый
  </color>
  <material>
   Шерсть
  </material>
  <price>
   122632
  </price>
  <rating>
   1.7
  </rating>
  <reviews>
   562650
  </reviews>
  <new>
   -
  </new>
  <sporty>
   yes
  </sporty>
 </clothing>
 <clothing>
  <id>
   899732330
  </id>
  <name>
   DC Gloves D-6460
  </name>
  <category>
   Gloves
  </category>
  <size>
   L
  </size>
  <color>
   Красный
  </color>
  <material>
   Полиэстер
  </material>
  <price>
   748275
  </price>
  <rating>
   4.0
  </rating>
  <reviews>
   123940
  </reviews>
  <new>
   -
  </new>
  <sporty>
   no
  </sporty>
 </clothing>
 <clothing>
  <id>
   405743555
  </id>
  <name>
   Adidas Pants M-2397
  </name>
  <category>
   Pants
  </category>
  <size>
   L
  </size>
  <color>
   Фиолетовый
  </color>
  <material>
   Полиэстер
  </material>
  <price>
   971171
  </price>
  <rating>
   1.96
  </rating>
  <reviews>
   925535
  </reviews>
  <new>
   -
  </new>
  <sporty>
   no
  </sporty>
 </clothing>
 <clothing>
  <id>
   183045753
  </id>
  <name>
   Under Armour Hat R-9306
  </name>
  <category>
   Hat
  </category>
  <size>
   XL
  </size>
  <color>
   Фиолетовый
  </color>
  <material>
   Шерсть
  </material>
  <price>
   803837
  </price>
  <rating>
   1.78
  </rating>
  <reviews>
   321963
  </reviews>
  <exclusive>
   yes
  </exclusive>
 </clothing>
 <clothing>
  <id>
   187418381
  </id>
  <name>
   Vans Shoes E-8986
  </name>
  <category>
   Shoes
  </category>
  <size>
   L
  </size>
  <color>
   Желтый
  </color>
  <material>
   Лен
  </material>
  <price>
   906045
  </price>
  <rating>
   3.58
  </rating>
  <reviews>
   588546
  </reviews>
  <sporty>
   yes
  </sporty>
 </clothing>
 <clothing>
  <id>
   730566343
  </id>
  <name>
   Fila Blouse I-6938
  </name>
  <category>
   Blouse
  </category>
  <size>
   S
  </size>
  <color>
   Желтый
  </color>
  <material>
   Хлопок
  </material>
  <price>
   413471
  </price>
  <rating>
   1.2
  </rating>
  <reviews>
   855848
  </reviews>
 </clothing>
 <clothing>
  <id>
   288200757
  </id>
  <name>
   Addidas Gloves N-1503
  </name>
  <category>
   Gloves
  </category>
  <size>
   XL
  </size>
  <color>
   Красный
  </color>
  <material>
   Лен
  </material>
  <price>
   974845
  </price>
  <rating>
   2.38
  </rating>
  <reviews>
   564335
  </reviews>
  <new>
   -
  </new>
  <sporty>
   yes
  </sporty>
 </clothing>
 <clothing>
  <id>
   756296680
  </id>
  <name>
   Ellesse Gloves J-5135
  </name>
  <category>
   Gloves
  </category>
  <size>
   XXL
  </size>
  <color>
   Зеленый
  </color>
  <material>
   Кожа
  </material>
  <price>
   395602
  </price>
  <rating>
   2.9
  </rating>
  <reviews>
   161431
  </reviews>
  <sporty>
   no
  </sporty>
 </clothing>
 <clothing>
  <id>
   411192797
  </id>
  <name>
   Lacoste Jeans B-2924
  </name>
  <category>
   Jeans
  </category>
  <size>
   XXL
  </size>
  <color>
   Зеленый
  </color>
  <material>
   Кожа
  </material>
  <price>
   285117
  </price>
  <rating>
   4.55
  </rating>
  <reviews>
   144881
  </reviews>
  <new>
   -
  </new>
  <exclusive>
   yes
  </exclusive>
  <sporty>
   no
  </sporty>
 </clothing>
 <clothing>
  <id>
   828091356
  </id>
  <name>
   Adidas T-shirt M-5102
  </name>
  <category>
   T-shirt
  </category>
  <size>
   XXL
  </size>
  <color>
   Синий
  </color>
  <material>
   Полиэстер
  </material>
  <price>
   708709
  </price>
  <rating>
   3.44
  </rating>
  <reviews>
   337310
  </reviews>
  <new>
   -
  </new>
  <exclusive>
   no
  </exclusive>
  <sporty>
   no
  </sporty>
 </clothing>
 <clothing>
  <id>
   574713850
  </id>
  <name>
   Addidas Blouse D-5805
  </name>
  <category>
   Blouse
  </category>
  <size>
   XXL
  </size>
  <color>
   Желтый
  </color>
  <material>
   Шелк
  </material>
  <price>
   509223
  </price>
  <rating>
   3.81
  </rating>
  <reviews>
   264706
  </reviews>
  <new>
   +
  </new>
  <exclusive>
   yes
  </exclusive>
  <sporty>
   yes
  </sporty>
 </clothing>
 <clothing>
  <id>
   725587820
  </id>
  <name>
   Lacoste Hat S-6814
  </name>
  <category>
   Hat
  </category>
  <size>
   M
  </size>
  <color>
   Красный
  </color>
  <material>
   Нейлон
  </material>
  <price>
   433373
  </price>
  <rating>
   4.61
  </rating>
  <reviews>
   971218
  </reviews>
  <exclusive>
   yes
  </exclusive>
  <sporty>
   no
  </sporty>
 </clothing>
 <clothing>
  <id>
   191283172
  </id>
  <name>
   Fila Jacket J-9633
  </name>
  <category>
   Jacket
  </category>
  <size>
   XL
  </size>
  <color>
   Оранжевый
  </color>
  <material>
   Шелк
  </material>
  <price>
   219513
  </price>
  <rating>
   3.81
  </rating>
  <reviews>
   581651
  </reviews>
  <new>
   -
  </new>
  <exclusive>
   no
  </exclusive>
  <sporty>
   yes
  </sporty>
 </clothing>
 <clothing>
  <id>
   505061856
  </id>
  <name>
   Puma Socks U-5850
  </name>
  <category>
   Socks
  </category>
  <size>
   M
  </size>
  <color>
   Голубой
  </color>
  <material>
   Хлопок
  </material>
  <price>
   409412
  </price>
  <rating>
   3.3
  </rating>
  <reviews>
   729516
  </reviews>
  <new>
   -
  </new>
  <exclusive>
   no
  </exclusive>
  <sporty>
   no
  </sporty>
 </clothing>
 <clothing>
  <id>
   451151939
  </id>
  <name>
   Puma Jeans Q-5642
  </name>
  <category>
   Jeans
  </category>
  <size>
   L
  </size>
  <color>
   Красный
  </color>
  <material>
   Хлопок
  </material>
  <price>
   100192
  </price>
  <rating>
   4.69
  </rating>
  <reviews>
   344456
  </reviews>
  <new>
   -
  </new>
  <exclusive>
   no
  </exclusive>
  <sporty>
   yes
  </sporty>
 </clothing>
 <clothing>
  <id>
   267549567
  </id>
  <name>
   New Balance Skirt O-5846
  </name>
  <category>
   Skirt
  </category>
  <size>
   XL
  </size>
  <color>
   Желтый
  </color>
  <material>
   Шелк
  </material>
  <price>
   723079
  </price>
  <rating>
   4.97
  </rating>
  <reviews>
   428220
  </reviews>
  <new>
   -
  </new>
  <sporty>
   no
  </sporty>
 </clothing>
 <clothing>
  <id>
   107788822
  </id>
  <name>
   Vans Dress S-9205
  </name>
  <category>
   Dress
  </category>
  <size>
   M
  </size>
  <color>
   Красный
  </color>
  <material>
   Нейлон
  </material>
  <price>
   775260
  </price>
  <rating>
   2.36
  </rating>
  <reviews>
   849993
  </reviews>
  <new>
   +
  </new>
  <exclusive>
   no
  </exclusive>
  <sporty>
   yes
  </sporty>
 </clothing>
 <clothing>
  <id>
   707875054
  </id>
  <name>
   Brooks Blouse W-4656
  </name>
  <category>
   Blouse
  </category>
  <size>
   XL
  </size>
  <color>
   Оранжевый
  </color>
  <material>
   Полиэстер
  </material>
  <price>
   572602
  </price>
  <rating>
   4.53
  </rating>
  <reviews>
   611183
  </reviews>
 </clothing>
 <clothing>
  <id>
   942960620
  </id>
  <name>
   Under Armour Gloves G-2646
  </name>
  <category>
   Gloves
  </category>
  <size>
   M
  </size>
  <color>
   Зеленый
  </color>
  <material>
   Шерсть
  </material>
  <price>
   569931
  </price>
  <rating>
   1.44
  </rating>
  <reviews>
   887702
  </reviews>
  <exclusive>
   yes
  </exclusive>
  <sporty>
   yes
  </sporty>
 </clothing>
 <clothing>
  <id>
   218808958
  </id>
  <name>
   Brooks Jacket R-7723
  </name>
  <category>
   Jacket
  </category>
  <size>
   S
  </size>
  <color>
   Желтый
  </color>
  <material>
   Полиэстер
  </material>
  <price>
   423083
  </price>
  <rating>
   3.66
  </rating>
  <reviews>
   816712
  </reviews>
  <new>
   +
  </new>
  <sporty>
   no
  </sporty>
 </clothing>
</clothing-items>
