<?xml version="1.0" encoding="utf-8"?>
<clothing-items>
 <clothing>
  <id>
   365704444
  </id>
  <name>
   New Balance T-shirt L-2709
  </name>
  <category>
   T-shirt
  </category>
  <size>
   XXL
  </size>
  <color>
   Желтый
  </color>
  <material>
   Вискоза
  </material>
  <price>
   940987
  </price>
  <rating>
   1.37
  </rating>
  <reviews>
   881918
  </reviews>
  <exclusive>
   yes
  </exclusive>
 </clothing>
 <clothing>
  <id>
   398271975
  </id>
  <name>
   Brooks Gloves N-6057
  </name>
  <category>
   Gloves
  </category>
  <size>
   XXL
  </size>
  <color>
   Синий
  </color>
  <material>
   Кожа
  </material>
  <price>
   743582
  </price>
  <rating>
   3.32
  </rating>
  <reviews>
   641047
  </reviews>
  <new>
   -
  </new>
 </clothing>
 <clothing>
  <id>
   629366541
  </id>
  <name>
   Lacoste Jeans Q-1048
  </name>
  <category>
   Jeans
  </category>
  <size>
   M
  </size>
  <color>
   Красный
  </color>
  <material>
   Лен
  </material>
  <price>
   226949
  </price>
  <rating>
   1.91
  </rating>
  <reviews>
   583981
  </reviews>
  <new>
   +
  </new>
  <exclusive>
   yes
  </exclusive>
  <sporty>
   no
  </sporty>
 </clothing>
 <clothing>
  <id>
   139341929
  </id>
  <name>
   Puma Shoes B-8604
  </name>
  <category>
   Shoes
  </category>
  <size>
   S
  </size>
  <color>
   Красный
  </color>
  <material>
   Полиэстер
  </material>
  <price>
   854160
  </price>
  <rating>
   1.43
  </rating>
  <reviews>
   502067
  </reviews>
  <sporty>
   no
  </sporty>
 </clothing>
 <clothing>
  <id>
   673473854
  </id>
  <name>
   Reebok Gloves C-9596
  </name>
  <category>
   Gloves
  </category>
  <size>
   L
  </size>
  <color>
   Красный
  </color>
  <material>
   Хлопок
  </material>
  <price>
   495854
  </price>
  <rating>
   2.71
  </rating>
  <reviews>
   496104
  </reviews>
  <new>
   -
  </new>
  <sporty>
   yes
  </sporty>
 </clothing>
 <clothing>
  <id>
   881503163
  </id>
  <name>
   Nike T-shirt M-2429
  </name>
  <category>
   T-shirt
  </category>
  <size>
   S
  </size>
  <color>
   Фиолетовый
  </color>
  <material>
   Хлопок
  </material>
  <price>
   863148
  </price>
  <rating>
   4.18
  </rating>
  <reviews>
   247232
  </reviews>
  <new>
   -
  </new>
 </clothing>
 <clothing>
  <id>
   463779241
  </id>
  <name>
   Brooks Hat D-6054
  </name>
  <category>
   Hat
  </category>
  <size>
   XL
  </size>
  <color>
   Голубой
  </color>
  <material>
   Хлопок
  </material>
  <price>
   638925
  </price>
  <rating>
   1.71
  </rating>
  <reviews>
   444280
  </reviews>
  <exclusive>
   yes
  </exclusive>
  <sporty>
   no
  </sporty>
 </clothing>
 <clothing>
  <id>
   984419250
  </id>
  <name>
   Fila Jacket A-2321
  </name>
  <category>
   Jacket
  </category>
  <size>
   XXL
  </size>
  <color>
   Фиолетовый
  </color>
  <material>
   Шелк
  </material>
  <price>
   599914
  </price>
  <rating>
   3.3
  </rating>
  <reviews>
   264369
  </reviews>
  <sporty>
   yes
  </sporty>
 </clothing>
 <clothing>
  <id>
   781607625
  </id>
  <name>
   Converse Shoes Q-3729
  </name>
  <category>
   Shoes
  </category>
  <size>
   S
  </size>
  <color>
   Красный
  </color>
  <material>
   Шерсть
  </material>
  <price>
   599466
  </price>
  <rating>
   1.42
  </rating>
  <reviews>
   484093
  </reviews>
  <new>
   +
  </new>
  <exclusive>
   no
  </exclusive>
  <sporty>
   no
  </sporty>
 </clothing>
 <clothing>
  <id>
   888538223
  </id>
  <name>
   Lacoste Skirt B-7424
  </name>
  <category>
   Skirt
  </category>
  <size>
   XXL
  </size>
  <color>
   Синий
  </color>
  <material>
   Вискоза
  </material>
  <price>
   100801
  </price>
  <rating>
   3.18
  </rating>
  <reviews>
   498704
  </reviews>
  <new>
   -
  </new>
  <exclusive>
   yes
  </exclusive>
  <sporty>
   no
  </sporty>
 </clothing>
 <clothing>
  <id>
   891291847
  </id>
  <name>
   Nike Shoes U-5341
  </name>
  <category>
   Shoes
  </category>
  <size>
   M
  </size>
  <color>
   Зеленый
  </color>
  <material>
   Хлопок
  </material>
  <price>
   342195
  </price>
  <rating>
   4.09
  </rating>
  <reviews>
   561869
  </reviews>
  <new>
   +
  </new>
  <exclusive>
   no
  </exclusive>
  <sporty>
   no
  </sporty>
 </clothing>
 <clothing>
  <id>
   662296670
  </id>
  <name>
   Under Armour Handbags U-2926
  </name>
  <category>
   Handbags
  </category>
  <size>
   XL
  </size>
  <color>
   Красный
  </color>
  <material>
   Шерсть
  </material>
  <price>
   105349
  </price>
  <rating>
   4.52
  </rating>
  <reviews>
   809764
  </reviews>
 </clothing>
 <clothing>
  <id>
   913058084
  </id>
  <name>
   Adidas Belts H-7001
  </name>
  <category>
   Belts
  </category>
  <size>
   S
  </size>
  <color>
   Голубой
  </color>
  <material>
   Вискоза
  </material>
  <price>
   921014
  </price>
  <rating>
   1.05
  </rating>
  <reviews>
   553572
  </reviews>
  <new>
   -
  </new>
  <sporty>
   yes
  </sporty>
 </clothing>
 <clothing>
  <id>
   210494184
  </id>
  <name>
   Nike Socks M-4056
  </name>
  <category>
   Socks
  </category>
  <size>
   L
  </size>
  <color>
   Желтый
  </color>
  <material>
   Шелк
  </material>
  <price>
   140132
  </price>
  <rating>
   2.18
  </rating>
  <reviews>
   937488
  </reviews>
  <new>
   +
  </new>
  <exclusive>
   yes
  </exclusive>
  <sporty>
   yes
  </sporty>
 </clothing>
 <clothing>
  <id>
   264511153
  </id>
  <name>
   Puma Hat Q-8316
  </name>
  <category>
   Hat
  </category>
  <size>
   XXL
  </size>
  <color>
   Оранжевый
  </color>
  <material>
   Хлопок
  </material>
  <price>
   161487
  </price>
  <rating>
   1.79
  </rating>
  <reviews>
   94574
  </reviews>
  <new>
   -
  </new>
  <exclusive>
   no
  </exclusive>
 </clothing>
 <clothing>
  <id>
   194831317
  </id>
  <name>
   Addidas Umbrellas P-6747
  </name>
  <category>
   Umbrellas
  </category>
  <size>
   M
  </size>
  <color>
   Фиолетовый
  </color>
  <material>
   Шерсть
  </material>
  <price>
   955164
  </price>
  <rating>
   2.12
  </rating>
  <reviews>
   721309
  </reviews>
  <new>
   -
  </new>
  <exclusive>
   yes
  </exclusive>
  <sporty>
   yes
  </sporty>
 </clothing>
 <clothing>
  <id>
   930279876
  </id>
  <name>
   Addidas Pants A-5293
  </name>
  <category>
   Pants
  </category>
  <size>
   XL
  </size>
  <color>
   Красный
  </color>
  <material>
   Нейлон
  </material>
  <price>
   147234
  </price>
  <rating>
   4.45
  </rating>
  <reviews>
   414121
  </reviews>
  <new>
   +
  </new>
  <exclusive>
   no
  </exclusive>
  <sporty>
   no
  </sporty>
 </clothing>
 <clothing>
  <id>
   940242314
  </id>
  <name>
   Ellesse Shirt S-7139
  </name>
  <category>
   Shirt
  </category>
  <size>
   M
  </size>
  <color>
   Оранжевый
  </color>
  <material>
   Полиэстер
  </material>
  <price>
   699391
  </price>
  <rating>
   3.9
  </rating>
  <reviews>
   218085
  </reviews>
  <new>
   +
  </new>
  <exclusive>
   yes
  </exclusive>
 </clothing>
 <clothing>
  <id>
   163136515
  </id>
  <name>
   Brooks Shirt Q-8816
  </name>
  <category>
   Shirt
  </category>
  <size>
   XXL
  </size>
  <color>
   Зеленый
  </color>
  <material>
   Полиэстер
  </material>
  <price>
   898884
  </price>
  <rating>
   3.77
  </rating>
  <reviews>
   117276
  </reviews>
  <new>
   -
  </new>
  <sporty>
   no
  </sporty>
 </clothing>
 <clothing>
  <id>
   451655016
  </id>
  <name>
   DC Belts M-6410
  </name>
  <category>
   Belts
  </category>
  <size>
   XXL
  </size>
  <color>
   Желтый
  </color>
  <material>
   Вискоза
  </material>
  <price>
   291783
  </price>
  <rating>
   2.25
  </rating>
  <reviews>
   583926
  </reviews>
  <new>
   -
  </new>
  <sporty>
   yes
  </sporty>
 </clothing>
 <clothing>
  <id>
   829839856
  </id>
  <name>
   Lacoste Skirt Y-7781
  </name>
  <category>
   Skirt
  </category>
  <size>
   S
  </size>
  <color>
   Желтый
  </color>
  <material>
   Полиэстер
  </material>
  <price>
   331641
  </price>
  <rating>
   1.95
  </rating>
  <reviews>
   928758
  </reviews>
  <sporty>
   yes
  </sporty>
 </clothing>
 <clothing>
  <id>
   527580741
  </id>
  <name>
   Nike Socks S-7656
  </name>
  <category>
   Socks
  </category>
  <size>
   XL
  </size>
  <color>
   Красный
  </color>
  <material>
   Лен
  </material>
  <price>
   911363
  </price>
  <rating>
   2.47
  </rating>
  <reviews>
   559802
  </reviews>
  <new>
   -
  </new>
  <exclusive>
   no
  </exclusive>
  <sporty>
   no
  </sporty>
 </clothing>
 <clothing>
  <id>
   705783413
  </id>
  <name>
   Lacoste Sweater W-5741
  </name>
  <category>
   Sweater
  </category>
  <size>
   M
  </size>
  <color>
   Красный
  </color>
  <material>
   Шелк
  </material>
  <price>
   155438
  </price>
  <rating>
   1.46
  </rating>
  <reviews>
   109911
  </reviews>
  <new>
   -
  </new>
  <exclusive>
   no
  </exclusive>
  <sporty>
   no
  </sporty>
 </clothing>
 <clothing>
  <id>
   375735553
  </id>
  <name>
   Asics Blouse F-3625
  </name>
  <category>
   Blouse
  </category>
  <size>
   M
  </size>
  <color>
   Синий
  </color>
  <material>
   Шерсть
  </material>
  <price>
   182273
  </price>
  <rating>
   4.71
  </rating>
  <reviews>
   560357
  </reviews>
  <exclusive>
   no
  </exclusive>
 </clothing>
 <clothing>
  <id>
   638495825
  </id>
  <name>
   Adidas Gloves E-1049
  </name>
  <category>
   Gloves
  </category>
  <size>
   L
  </size>
  <color>
   Красный
  </color>
  <material>
   Лен
  </material>
  <price>
   527653
  </price>
  <rating>
   1.84
  </rating>
  <reviews>
   518373
  </reviews>
  <new>
   +
  </new>
  <exclusive>
   yes
  </exclusive>
 </clothing>
 <clothing>
  <id>
   140748730
  </id>
  <name>
   Fila Pants Q-9985
  </name>
  <category>
   Pants
  </category>
  <size>
   S
  </size>
  <color>
   Желтый
  </color>
  <material>
   Вискоза
  </material>
  <price>
   593732
  </price>
  <rating>
   2.24
  </rating>
  <reviews>
   646359
  </reviews>
  <new>
   +
  </new>
  <sporty>
   no
  </sporty>
 </clothing>
</clothing-items>
