<?xml version="1.0" encoding="utf-8"?>
<clothing-items>
 <clothing>
  <id>
   941610599
  </id>
  <name>
   PleinSport Pants M-6152
  </name>
  <category>
   Pants
  </category>
  <size>
   S
  </size>
  <color>
   Зеленый
  </color>
  <material>
   Кожа
  </material>
  <price>
   392930
  </price>
  <rating>
   2.03
  </rating>
  <reviews>
   30154
  </reviews>
  <exclusive>
   yes
  </exclusive>
  <sporty>
   no
  </sporty>
 </clothing>
 <clothing>
  <id>
   929839336
  </id>
  <name>
   Reebok Skirt B-4060
  </name>
  <category>
   Skirt
  </category>
  <size>
   XL
  </size>
  <color>
   Голубой
  </color>
  <material>
   Шелк
  </material>
  <price>
   622587
  </price>
  <rating>
   2.49
  </rating>
  <reviews>
   103514
  </reviews>
  <exclusive>
   no
  </exclusive>
 </clothing>
 <clothing>
  <id>
   576487666
  </id>
  <name>
   Ellesse Shoes N-1361
  </name>
  <category>
   Shoes
  </category>
  <size>
   S
  </size>
  <color>
   Оранжевый
  </color>
  <material>
   Лен
  </material>
  <price>
   501696
  </price>
  <rating>
   1.34
  </rating>
  <reviews>
   48985
  </reviews>
  <new>
   -
  </new>
  <exclusive>
   no
  </exclusive>
 </clothing>
 <clothing>
  <id>
   796602641
  </id>
  <name>
   Reebok Gloves U-3170
  </name>
  <category>
   Gloves
  </category>
  <size>
   L
  </size>
  <color>
   Оранжевый
  </color>
  <material>
   Хлопок
  </material>
  <price>
   198154
  </price>
  <rating>
   1.82
  </rating>
  <reviews>
   819885
  </reviews>
  <exclusive>
   no
  </exclusive>
 </clothing>
 <clothing>
  <id>
   741327005
  </id>
  <name>
   DC Blouse V-7922
  </name>
  <category>
   Blouse
  </category>
  <size>
   XXL
  </size>
  <color>
   Желтый
  </color>
  <material>
   Хлопок
  </material>
  <price>
   273017
  </price>
  <rating>
   3.43
  </rating>
  <reviews>
   173306
  </reviews>
  <exclusive>
   no
  </exclusive>
  <sporty>
   yes
  </sporty>
 </clothing>
 <clothing>
  <id>
   684892837
  </id>
  <name>
   Addidas Gloves R-2531
  </name>
  <category>
   Gloves
  </category>
  <size>
   XL
  </size>
  <color>
   Зеленый
  </color>
  <material>
   Нейлон
  </material>
  <price>
   635112
  </price>
  <rating>
   2.69
  </rating>
  <reviews>
   7116
  </reviews>
  <new>
   +
  </new>
  <exclusive>
   yes
  </exclusive>
 </clothing>
 <clothing>
  <id>
   906798840
  </id>
  <name>
   Nike Hat F-5357
  </name>
  <category>
   Hat
  </category>
  <size>
   L
  </size>
  <color>
   Голубой
  </color>
  <material>
   Лен
  </material>
  <price>
   833698
  </price>
  <rating>
   3.37
  </rating>
  <reviews>
   975682
  </reviews>
  <exclusive>
   no
  </exclusive>
 </clothing>
 <clothing>
  <id>
   261372809
  </id>
  <name>
   Puma Skirt C-5165
  </name>
  <category>
   Skirt
  </category>
  <size>
   XL
  </size>
  <color>
   Голубой
  </color>
  <material>
   Лен
  </material>
  <price>
   788587
  </price>
  <rating>
   4.78
  </rating>
  <reviews>
   822551
  </reviews>
  <new>
   +
  </new>
  <exclusive>
   no
  </exclusive>
  <sporty>
   no
  </sporty>
 </clothing>
 <clothing>
  <id>
   583737232
  </id>
  <name>
   Asics Blouse M-9424
  </name>
  <category>
   Blouse
  </category>
  <size>
   XXL
  </size>
  <color>
   Красный
  </color>
  <material>
   Шелк
  </material>
  <price>
   428423
  </price>
  <rating>
   4.24
  </rating>
  <reviews>
   785739
  </reviews>
  <new>
   +
  </new>
 </clothing>
 <clothing>
  <id>
   947513236
  </id>
  <name>
   Addidas Gloves L-5756
  </name>
  <category>
   Gloves
  </category>
  <size>
   XL
  </size>
  <color>
   Фиолетовый
  </color>
  <material>
   Шелк
  </material>
  <price>
   237390
  </price>
  <rating>
   1.41
  </rating>
  <reviews>
   860310
  </reviews>
  <exclusive>
   no
  </exclusive>
  <sporty>
   yes
  </sporty>
 </clothing>
 <clothing>
  <id>
   697457372
  </id>
  <name>
   New Balance Shoes C-2589
  </name>
  <category>
   Shoes
  </category>
  <size>
   L
  </size>
  <color>
   Красный
  </color>
  <material>
   Кожа
  </material>
  <price>
   928199
  </price>
  <rating>
   4.53
  </rating>
  <reviews>
   668317
  </reviews>
  <sporty>
   no
  </sporty>
 </clothing>
 <clothing>
  <id>
   431702753
  </id>
  <name>
   Ellesse Jacket N-1436
  </name>
  <category>
   Jacket
  </category>
  <size>
   XL
  </size>
  <color>
   Красный
  </color>
  <material>
   Шерсть
  </material>
  <price>
   418839
  </price>
  <rating>
   1.23
  </rating>
  <reviews>
   501772
  </reviews>
  <exclusive>
   yes
  </exclusive>
 </clothing>
 <clothing>
  <id>
   554777281
  </id>
  <name>
   Reebok Blouse K-4984
  </name>
  <category>
   Blouse
  </category>
  <size>
   M
  </size>
  <color>
   Желтый
  </color>
  <material>
   Полиэстер
  </material>
  <price>
   886409
  </price>
  <rating>
   1.37
  </rating>
  <reviews>
   956355
  </reviews>
  <new>
   -
  </new>
  <exclusive>
   no
  </exclusive>
  <sporty>
   yes
  </sporty>
 </clothing>
 <clothing>
  <id>
   712945959
  </id>
  <name>
   Vans Pants A-8192
  </name>
  <category>
   Pants
  </category>
  <size>
   XL
  </size>
  <color>
   Голубой
  </color>
  <material>
   Шелк
  </material>
  <price>
   267911
  </price>
  <rating>
   1.05
  </rating>
  <reviews>
   777636
  </reviews>
  <exclusive>
   no
  </exclusive>
  <sporty>
   no
  </sporty>
 </clothing>
 <clothing>
  <id>
   792592299
  </id>
  <name>
   Ellesse Shoes D-5346
  </name>
  <category>
   Shoes
  </category>
  <size>
   M
  </size>
  <color>
   Красный
  </color>
  <material>
   Хлопок
  </material>
  <price>
   632640
  </price>
  <rating>
   1.02
  </rating>
  <reviews>
   433548
  </reviews>
  <new>
   -
  </new>
  <exclusive>
   no
  </exclusive>
  <sporty>
   yes
  </sporty>
 </clothing>
 <clothing>
  <id>
   784368898
  </id>
  <name>
   PleinSport Sweater W-5909
  </name>
  <category>
   Sweater
  </category>
  <size>
   S
  </size>
  <color>
   Синий
  </color>
  <material>
   Кожа
  </material>
  <price>
   586913
  </price>
  <rating>
   1.49
  </rating>
  <reviews>
   86954
  </reviews>
  <new>
   +
  </new>
 </clothing>
 <clothing>
  <id>
   801881628
  </id>
  <name>
   Asics Jacket R-7590
  </name>
  <category>
   Jacket
  </category>
  <size>
   L
  </size>
  <color>
   Желтый
  </color>
  <material>
   Нейлон
  </material>
  <price>
   689861
  </price>
  <rating>
   1.77
  </rating>
  <reviews>
   55742
  </reviews>
  <new>
   +
  </new>
 </clothing>
 <clothing>
  <id>
   315968224
  </id>
  <name>
   Brooks Blouse L-8271
  </name>
  <category>
   Blouse
  </category>
  <size>
   M
  </size>
  <color>
   Желтый
  </color>
  <material>
   Кожа
  </material>
  <price>
   156369
  </price>
  <rating>
   1.71
  </rating>
  <reviews>
   314442
  </reviews>
  <new>
   +
  </new>
  <exclusive>
   yes
  </exclusive>
  <sporty>
   yes
  </sporty>
 </clothing>
 <clothing>
  <id>
   199496922
  </id>
  <name>
   Fila Pants J-8908
  </name>
  <category>
   Pants
  </category>
  <size>
   L
  </size>
  <color>
   Желтый
  </color>
  <material>
   Хлопок
  </material>
  <price>
   895237
  </price>
  <rating>
   3.05
  </rating>
  <reviews>
   257282
  </reviews>
  <exclusive>
   yes
  </exclusive>
 </clothing>
 <clothing>
  <id>
   817470719
  </id>
  <name>
   Puma Jeans L-1846
  </name>
  <category>
   Jeans
  </category>
  <size>
   XL
  </size>
  <color>
   Красный
  </color>
  <material>
   Полиэстер
  </material>
  <price>
   948275
  </price>
  <rating>
   1.0
  </rating>
  <reviews>
   879027
  </reviews>
  <sporty>
   no
  </sporty>
 </clothing>
</clothing-items>
