<?xml version="1.0" encoding="utf-8"?>
<clothing-items>
 <clothing>
  <id>
   862259182
  </id>
  <name>
   Brooks Shoes K-4410
  </name>
  <category>
   Shoes
  </category>
  <size>
   XXL
  </size>
  <color>
   Голубой
  </color>
  <material>
   Шелк
  </material>
  <price>
   315742
  </price>
  <rating>
   4.54
  </rating>
  <reviews>
   719257
  </reviews>
  <new>
   +
  </new>
  <exclusive>
   no
  </exclusive>
  <sporty>
   no
  </sporty>
 </clothing>
 <clothing>
  <id>
   400732081
  </id>
  <name>
   Ellesse Handbags U-2662
  </name>
  <category>
   Handbags
  </category>
  <size>
   XXL
  </size>
  <color>
   Красный
  </color>
  <material>
   Хлопок
  </material>
  <price>
   444924
  </price>
  <rating>
   2.84
  </rating>
  <reviews>
   923662
  </reviews>
  <new>
   +
  </new>
  <sporty>
   no
  </sporty>
 </clothing>
 <clothing>
  <id>
   585994666
  </id>
  <name>
   Asics Jacket O-8137
  </name>
  <category>
   Jacket
  </category>
  <size>
   S
  </size>
  <color>
   Оранжевый
  </color>
  <material>
   Полиэстер
  </material>
  <price>
   626268
  </price>
  <rating>
   1.15
  </rating>
  <reviews>
   959920
  </reviews>
  <new>
   -
  </new>
  <exclusive>
   no
  </exclusive>
 </clothing>
 <clothing>
  <id>
   784501706
  </id>
  <name>
   New Balance Jeans D-8835
  </name>
  <category>
   Jeans
  </category>
  <size>
   M
  </size>
  <color>
   Красный
  </color>
  <material>
   Шелк
  </material>
  <price>
   100000
  </price>
  <rating>
   2.16
  </rating>
  <reviews>
   167050
  </reviews>
  <exclusive>
   yes
  </exclusive>
  <sporty>
   yes
  </sporty>
 </clothing>
 <clothing>
  <id>
   832221145
  </id>
  <name>
   Asics Dress K-7248
  </name>
  <category>
   Dress
  </category>
  <size>
   S
  </size>
  <color>
   Оранжевый
  </color>
  <material>
   Шерсть
  </material>
  <price>
   161426
  </price>
  <rating>
   2.12
  </rating>
  <reviews>
   113066
  </reviews>
  <new>
   +
  </new>
  <sporty>
   yes
  </sporty>
 </clothing>
 <clothing>
  <id>
   148858528
  </id>
  <name>
   Nike Shirt Z-1188
  </name>
  <category>
   Shirt
  </category>
  <size>
   L
  </size>
  <color>
   Голубой
  </color>
  <material>
   Лен
  </material>
  <price>
   746783
  </price>
  <rating>
   2.67
  </rating>
  <reviews>
   848734
  </reviews>
  <sporty>
   no
  </sporty>
 </clothing>
 <clothing>
  <id>
   707179313
  </id>
  <name>
   Under Armour Skirt K-7407
  </name>
  <category>
   Skirt
  </category>
  <size>
   XL
  </size>
  <color>
   Зеленый
  </color>
  <material>
   Вискоза
  </material>
  <price>
   669101
  </price>
  <rating>
   2.7
  </rating>
  <reviews>
   277014
  </reviews>
  <new>
   -
  </new>
  <exclusive>
   no
  </exclusive>
 </clothing>
 <clothing>
  <id>
   736983475
  </id>
  <name>
   Fila Belts X-5214
  </name>
  <category>
   Belts
  </category>
  <size>
   XL
  </size>
  <color>
   Зеленый
  </color>
  <material>
   Хлопок
  </material>
  <price>
   976968
  </price>
  <rating>
   4.19
  </rating>
  <reviews>
   595688
  </reviews>
  <new>
   +
  </new>
  <exclusive>
   yes
  </exclusive>
  <sporty>
   no
  </sporty>
 </clothing>
 <clothing>
  <id>
   310064232
  </id>
  <name>
   Fila Gloves J-3781
  </name>
  <category>
   Gloves
  </category>
  <size>
   L
  </size>
  <color>
   Зеленый
  </color>
  <material>
   Вискоза
  </material>
  <price>
   512098
  </price>
  <rating>
   2.22
  </rating>
  <reviews>
   326613
  </reviews>
  <new>
   -
  </new>
  <exclusive>
   no
  </exclusive>
  <sporty>
   no
  </sporty>
 </clothing>
 <clothing>
  <id>
   655771560
  </id>
  <name>
   Vans Dress P-9799
  </name>
  <category>
   Dress
  </category>
  <size>
   XL
  </size>
  <color>
   Зеленый
  </color>
  <material>
   Вискоза
  </material>
  <price>
   744148
  </price>
  <rating>
   3.15
  </rating>
  <reviews>
   673750
  </reviews>
  <sporty>
   yes
  </sporty>
 </clothing>
 <clothing>
  <id>
   208790857
  </id>
  <name>
   Reebok Jacket P-9520
  </name>
  <category>
   Jacket
  </category>
  <size>
   XL
  </size>
  <color>
   Синий
  </color>
  <material>
   Полиэстер
  </material>
  <price>
   742031
  </price>
  <rating>
   1.4
  </rating>
  <reviews>
   128265
  </reviews>
  <new>
   -
  </new>
  <sporty>
   no
  </sporty>
 </clothing>
 <clothing>
  <id>
   303072118
  </id>
  <name>
   DC Dress F-5725
  </name>
  <category>
   Dress
  </category>
  <size>
   XXL
  </size>
  <color>
   Оранжевый
  </color>
  <material>
   Шелк
  </material>
  <price>
   883301
  </price>
  <rating>
   4.93
  </rating>
  <reviews>
   141054
  </reviews>
  <new>
   -
  </new>
  <exclusive>
   no
  </exclusive>
  <sporty>
   no
  </sporty>
 </clothing>
 <clothing>
  <id>
   336348297
  </id>
  <name>
   DC Shoes S-7460
  </name>
  <category>
   Shoes
  </category>
  <size>
   M
  </size>
  <color>
   Голубой
  </color>
  <material>
   Лен
  </material>
  <price>
   173559
  </price>
  <rating>
   2.8
  </rating>
  <reviews>
   931688
  </reviews>
  <new>
   -
  </new>
 </clothing>
 <clothing>
  <id>
   130351486
  </id>
  <name>
   Adidas Socks T-2261
  </name>
  <category>
   Socks
  </category>
  <size>
   M
  </size>
  <color>
   Голубой
  </color>
  <material>
   Хлопок
  </material>
  <price>
   213988
  </price>
  <rating>
   2.17
  </rating>
  <reviews>
   631761
  </reviews>
  <exclusive>
   no
  </exclusive>
  <sporty>
   yes
  </sporty>
 </clothing>
 <clothing>
  <id>
   824231662
  </id>
  <name>
   Brooks Dress B-3522
  </name>
  <category>
   Dress
  </category>
  <size>
   XL
  </size>
  <color>
   Синий
  </color>
  <material>
   Полиэстер
  </material>
  <price>
   430473
  </price>
  <rating>
   4.78
  </rating>
  <reviews>
   793810
  </reviews>
  <new>
   +
  </new>
  <exclusive>
   no
  </exclusive>
  <sporty>
   no
  </sporty>
 </clothing>
 <clothing>
  <id>
   561982920
  </id>
  <name>
   Brooks Shoes I-1904
  </name>
  <category>
   Shoes
  </category>
  <size>
   S
  </size>
  <color>
   Желтый
  </color>
  <material>
   Хлопок
  </material>
  <price>
   193066
  </price>
  <rating>
   1.64
  </rating>
  <reviews>
   582096
  </reviews>
  <new>
   -
  </new>
  <exclusive>
   no
  </exclusive>
  <sporty>
   no
  </sporty>
 </clothing>
 <clothing>
  <id>
   238713993
  </id>
  <name>
   DC Socks Z-8144
  </name>
  <category>
   Socks
  </category>
  <size>
   M
  </size>
  <color>
   Красный
  </color>
  <material>
   Полиэстер
  </material>
  <price>
   564121
  </price>
  <rating>
   2.9
  </rating>
  <reviews>
   778224
  </reviews>
  <new>
   -
  </new>
  <sporty>
   yes
  </sporty>
 </clothing>
 <clothing>
  <id>
   215077583
  </id>
  <name>
   Puma Blouse L-7179
  </name>
  <category>
   Blouse
  </category>
  <size>
   S
  </size>
  <color>
   Оранжевый
  </color>
  <material>
   Нейлон
  </material>
  <price>
   332628
  </price>
  <rating>
   3.9
  </rating>
  <reviews>
   957966
  </reviews>
  <new>
   -
  </new>
 </clothing>
 <clothing>
  <id>
   996097718
  </id>
  <name>
   Fila Handbags Y-8892
  </name>
  <category>
   Handbags
  </category>
  <size>
   XL
  </size>
  <color>
   Голубой
  </color>
  <material>
   Хлопок
  </material>
  <price>
   406447
  </price>
  <rating>
   3.95
  </rating>
  <reviews>
   761842
  </reviews>
  <new>
   -
  </new>
  <sporty>
   yes
  </sporty>
 </clothing>
 <clothing>
  <id>
   751018920
  </id>
  <name>
   New Balance Gloves M-1307
  </name>
  <category>
   Gloves
  </category>
  <size>
   L
  </size>
  <color>
   Голубой
  </color>
  <material>
   Шерсть
  </material>
  <price>
   522080
  </price>
  <rating>
   4.68
  </rating>
  <reviews>
   834068
  </reviews>
  <exclusive>
   no
  </exclusive>
 </clothing>
 <clothing>
  <id>
   906296600
  </id>
  <name>
   Converse Gloves O-3086
  </name>
  <category>
   Gloves
  </category>
  <size>
   XXL
  </size>
  <color>
   Оранжевый
  </color>
  <material>
   Нейлон
  </material>
  <price>
   370384
  </price>
  <rating>
   4.11
  </rating>
  <reviews>
   906038
  </reviews>
  <new>
   +
  </new>
  <exclusive>
   no
  </exclusive>
  <sporty>
   no
  </sporty>
 </clothing>
 <clothing>
  <id>
   716709045
  </id>
  <name>
   Fila Belts T-1895
  </name>
  <category>
   Belts
  </category>
  <size>
   M
  </size>
  <color>
   Голубой
  </color>
  <material>
   Лен
  </material>
  <price>
   893020
  </price>
  <rating>
   3.54
  </rating>
  <reviews>
   810539
  </reviews>
 </clothing>
 <clothing>
  <id>
   279953304
  </id>
  <name>
   Nike Socks L-4799
  </name>
  <category>
   Socks
  </category>
  <size>
   S
  </size>
  <color>
   Голубой
  </color>
  <material>
   Нейлон
  </material>
  <price>
   128124
  </price>
  <rating>
   1.88
  </rating>
  <reviews>
   782035
  </reviews>
  <exclusive>
   no
  </exclusive>
  <sporty>
   yes
  </sporty>
 </clothing>
 <clothing>
  <id>
   289944510
  </id>
  <name>
   Addidas Belts I-6957
  </name>
  <category>
   Belts
  </category>
  <size>
   XL
  </size>
  <color>
   Зеленый
  </color>
  <material>
   Нейлон
  </material>
  <price>
   268111
  </price>
  <rating>
   1.27
  </rating>
  <reviews>
   124244
  </reviews>
  <exclusive>
   yes
  </exclusive>
 </clothing>
 <clothing>
  <id>
   888973769
  </id>
  <name>
   Adidas Sweater M-8359
  </name>
  <category>
   Sweater
  </category>
  <size>
   XXL
  </size>
  <color>
   Зеленый
  </color>
  <material>
   Вискоза
  </material>
  <price>
   387523
  </price>
  <rating>
   4.06
  </rating>
  <reviews>
   737123
  </reviews>
  <new>
   -
  </new>
  <exclusive>
   yes
  </exclusive>
  <sporty>
   yes
  </sporty>
 </clothing>
 <clothing>
  <id>
   863586586
  </id>
  <name>
   Reebok Pants I-2223
  </name>
  <category>
   Pants
  </category>
  <size>
   S
  </size>
  <color>
   Синий
  </color>
  <material>
   Шелк
  </material>
  <price>
   581421
  </price>
  <rating>
   2.56
  </rating>
  <reviews>
   802366
  </reviews>
  <new>
   -
  </new>
  <exclusive>
   no
  </exclusive>
 </clothing>
 <clothing>
  <id>
   879146163
  </id>
  <name>
   New Balance Handbags B-5699
  </name>
  <category>
   Handbags
  </category>
  <size>
   XXL
  </size>
  <color>
   Зеленый
  </color>
  <material>
   Хлопок
  </material>
  <price>
   567994
  </price>
  <rating>
   2.31
  </rating>
  <reviews>
   13302
  </reviews>
  <new>
   -
  </new>
  <exclusive>
   yes
  </exclusive>
  <sporty>
   no
  </sporty>
 </clothing>
 <clothing>
  <id>
   311377474
  </id>
  <name>
   Fila Belts O-3752
  </name>
  <category>
   Belts
  </category>
  <size>
   XXL
  </size>
  <color>
   Оранжевый
  </color>
  <material>
   Шелк
  </material>
  <price>
   331578
  </price>
  <rating>
   3.06
  </rating>
  <reviews>
   487857
  </reviews>
  <new>
   +
  </new>
  <exclusive>
   no
  </exclusive>
 </clothing>
 <clothing>
  <id>
   961389152
  </id>
  <name>
   Asics Blouse O-7803
  </name>
  <category>
   Blouse
  </category>
  <size>
   XL
  </size>
  <color>
   Желтый
  </color>
  <material>
   Лен
  </material>
  <price>
   640591
  </price>
  <rating>
   3.46
  </rating>
  <reviews>
   341234
  </reviews>
  <new>
   +
  </new>
  <exclusive>
   no
  </exclusive>
 </clothing>
 <clothing>
  <id>
   850583385
  </id>
  <name>
   Brooks Shoes O-4640
  </name>
  <category>
   Shoes
  </category>
  <size>
   S
  </size>
  <color>
   Зеленый
  </color>
  <material>
   Полиэстер
  </material>
  <price>
   392351
  </price>
  <rating>
   1.32
  </rating>
  <reviews>
   883129
  </reviews>
  <new>
   -
  </new>
  <exclusive>
   no
  </exclusive>
 </clothing>
</clothing-items>
