<?xml version="1.0" encoding="utf-8"?>
<clothing-items>
 <clothing>
  <id>
   607157954
  </id>
  <name>
   Converse Skirt I-9509
  </name>
  <category>
   Skirt
  </category>
  <size>
   XXL
  </size>
  <color>
   Фиолетовый
  </color>
  <material>
   Вискоза
  </material>
  <price>
   567014
  </price>
  <rating>
   2.91
  </rating>
  <reviews>
   16068
  </reviews>
  <new>
   -
  </new>
  <sporty>
   yes
  </sporty>
 </clothing>
 <clothing>
  <id>
   637769966
  </id>
  <name>
   DC Belts X-1312
  </name>
  <category>
   Belts
  </category>
  <size>
   XXL
  </size>
  <color>
   Синий
  </color>
  <material>
   Нейлон
  </material>
  <price>
   541586
  </price>
  <rating>
   1.11
  </rating>
  <reviews>
   730709
  </reviews>
  <new>
   +
  </new>
 </clothing>
 <clothing>
  <id>
   498742655
  </id>
  <name>
   Converse Handbags A-9197
  </name>
  <category>
   Handbags
  </category>
  <size>
   L
  </size>
  <color>
   Желтый
  </color>
  <material>
   Нейлон
  </material>
  <price>
   174969
  </price>
  <rating>
   1.16
  </rating>
  <reviews>
   797377
  </reviews>
  <new>
   -
  </new>
  <exclusive>
   yes
  </exclusive>
  <sporty>
   no
  </sporty>
 </clothing>
 <clothing>
  <id>
   445807820
  </id>
  <name>
   Vans Socks J-5947
  </name>
  <category>
   Socks
  </category>
  <size>
   XXL
  </size>
  <color>
   Желтый
  </color>
  <material>
   Шелк
  </material>
  <price>
   370430
  </price>
  <rating>
   2.02
  </rating>
  <reviews>
   960685
  </reviews>
  <sporty>
   yes
  </sporty>
 </clothing>
 <clothing>
  <id>
   129728695
  </id>
  <name>
   Converse Dress D-3380
  </name>
  <category>
   Dress
  </category>
  <size>
   XXL
  </size>
  <color>
   Синий
  </color>
  <material>
   Шерсть
  </material>
  <price>
   250935
  </price>
  <rating>
   1.43
  </rating>
  <reviews>
   789240
  </reviews>
  <exclusive>
   yes
  </exclusive>
  <sporty>
   yes
  </sporty>
 </clothing>
 <clothing>
  <id>
   319829426
  </id>
  <name>
   Brooks Jacket K-5573
  </name>
  <category>
   Jacket
  </category>
  <size>
   XL
  </size>
  <color>
   Голубой
  </color>
  <material>
   Хлопок
  </material>
  <price>
   869851
  </price>
  <rating>
   3.26
  </rating>
  <reviews>
   134632
  </reviews>
  <new>
   -
  </new>
  <sporty>
   no
  </sporty>
 </clothing>
 <clothing>
  <id>
   961037170
  </id>
  <name>
   PleinSport Socks S-9816
  </name>
  <category>
   Socks
  </category>
  <size>
   L
  </size>
  <color>
   Синий
  </color>
  <material>
   Шерсть
  </material>
  <price>
   281607
  </price>
  <rating>
   4.34
  </rating>
  <reviews>
   156741
  </reviews>
 </clothing>
 <clothing>
  <id>
   869915436
  </id>
  <name>
   Brooks Dress T-6035
  </name>
  <category>
   Dress
  </category>
  <size>
   S
  </size>
  <color>
   Оранжевый
  </color>
  <material>
   Шерсть
  </material>
  <price>
   705005
  </price>
  <rating>
   4.91
  </rating>
  <reviews>
   361656
  </reviews>
  <new>
   +
  </new>
 </clothing>
 <clothing>
  <id>
   779669580
  </id>
  <name>
   Under Armour Hat F-6405
  </name>
  <category>
   Hat
  </category>
  <size>
   M
  </size>
  <color>
   Желтый
  </color>
  <material>
   Нейлон
  </material>
  <price>
   415175
  </price>
  <rating>
   2.74
  </rating>
  <reviews>
   899907
  </reviews>
  <new>
   -
  </new>
  <sporty>
   yes
  </sporty>
 </clothing>
 <clothing>
  <id>
   396021337
  </id>
  <name>
   Addidas Belts G-9358
  </name>
  <category>
   Belts
  </category>
  <size>
   M
  </size>
  <color>
   Оранжевый
  </color>
  <material>
   Шерсть
  </material>
  <price>
   734370
  </price>
  <rating>
   3.36
  </rating>
  <reviews>
   721449
  </reviews>
  <new>
   -
  </new>
  <exclusive>
   no
  </exclusive>
  <sporty>
   yes
  </sporty>
 </clothing>
 <clothing>
  <id>
   774966266
  </id>
  <name>
   Under Armour Shirt H-1791
  </name>
  <category>
   Shirt
  </category>
  <size>
   XXL
  </size>
  <color>
   Зеленый
  </color>
  <material>
   Шелк
  </material>
  <price>
   220307
  </price>
  <rating>
   4.76
  </rating>
  <reviews>
   837182
  </reviews>
  <new>
   -
  </new>
  <exclusive>
   yes
  </exclusive>
  <sporty>
   no
  </sporty>
 </clothing>
 <clothing>
  <id>
   656264641
  </id>
  <name>
   Vans Umbrellas T-6200
  </name>
  <category>
   Umbrellas
  </category>
  <size>
   XXL
  </size>
  <color>
   Фиолетовый
  </color>
  <material>
   Кожа
  </material>
  <price>
   683649
  </price>
  <rating>
   2.54
  </rating>
  <reviews>
   515392
  </reviews>
  <exclusive>
   yes
  </exclusive>
 </clothing>
 <clothing>
  <id>
   588849454
  </id>
  <name>
   Ellesse Jeans J-5635
  </name>
  <category>
   Jeans
  </category>
  <size>
   S
  </size>
  <color>
   Фиолетовый
  </color>
  <material>
   Кожа
  </material>
  <price>
   218519
  </price>
  <rating>
   2.13
  </rating>
  <reviews>
   761003
  </reviews>
  <new>
   -
  </new>
 </clothing>
 <clothing>
  <id>
   556061700
  </id>
  <name>
   Lacoste Skirt H-6976
  </name>
  <category>
   Skirt
  </category>
  <size>
   XL
  </size>
  <color>
   Голубой
  </color>
  <material>
   Вискоза
  </material>
  <price>
   985766
  </price>
  <rating>
   2.29
  </rating>
  <reviews>
   698106
  </reviews>
  <exclusive>
   yes
  </exclusive>
  <sporty>
   yes
  </sporty>
 </clothing>
 <clothing>
  <id>
   636797261
  </id>
  <name>
   PleinSport Handbags J-8028
  </name>
  <category>
   Handbags
  </category>
  <size>
   XL
  </size>
  <color>
   Фиолетовый
  </color>
  <material>
   Кожа
  </material>
  <price>
   704124
  </price>
  <rating>
   3.75
  </rating>
  <reviews>
   892986
  </reviews>
  <new>
   +
  </new>
  <exclusive>
   no
  </exclusive>
  <sporty>
   no
  </sporty>
 </clothing>
 <clothing>
  <id>
   502974017
  </id>
  <name>
   Fila Shirt T-6441
  </name>
  <category>
   Shirt
  </category>
  <size>
   M
  </size>
  <color>
   Фиолетовый
  </color>
  <material>
   Нейлон
  </material>
  <price>
   192356
  </price>
  <rating>
   1.53
  </rating>
  <reviews>
   730498
  </reviews>
  <new>
   -
  </new>
  <sporty>
   no
  </sporty>
 </clothing>
 <clothing>
  <id>
   905574314
  </id>
  <name>
   DC Shirt T-7551
  </name>
  <category>
   Shirt
  </category>
  <size>
   XL
  </size>
  <color>
   Оранжевый
  </color>
  <material>
   Полиэстер
  </material>
  <price>
   446961
  </price>
  <rating>
   2.11
  </rating>
  <reviews>
   116593
  </reviews>
  <new>
   -
  </new>
  <exclusive>
   yes
  </exclusive>
  <sporty>
   yes
  </sporty>
 </clothing>
 <clothing>
  <id>
   142480955
  </id>
  <name>
   Converse Umbrellas E-6212
  </name>
  <category>
   Umbrellas
  </category>
  <size>
   M
  </size>
  <color>
   Зеленый
  </color>
  <material>
   Шелк
  </material>
  <price>
   290129
  </price>
  <rating>
   1.97
  </rating>
  <reviews>
   804671
  </reviews>
  <exclusive>
   no
  </exclusive>
 </clothing>
 <clothing>
  <id>
   434603146
  </id>
  <name>
   Asics Blouse E-4566
  </name>
  <category>
   Blouse
  </category>
  <size>
   XL
  </size>
  <color>
   Желтый
  </color>
  <material>
   Полиэстер
  </material>
  <price>
   825405
  </price>
  <rating>
   3.62
  </rating>
  <reviews>
   300075
  </reviews>
  <new>
   +
  </new>
  <sporty>
   no
  </sporty>
 </clothing>
 <clothing>
  <id>
   406587128
  </id>
  <name>
   Addidas Hat K-6496
  </name>
  <category>
   Hat
  </category>
  <size>
   M
  </size>
  <color>
   Голубой
  </color>
  <material>
   Шелк
  </material>
  <price>
   885532
  </price>
  <rating>
   1.69
  </rating>
  <reviews>
   609011
  </reviews>
  <new>
   -
  </new>
 </clothing>
 <clothing>
  <id>
   184636661
  </id>
  <name>
   New Balance Sweater N-7285
  </name>
  <category>
   Sweater
  </category>
  <size>
   L
  </size>
  <color>
   Оранжевый
  </color>
  <material>
   Лен
  </material>
  <price>
   112892
  </price>
  <rating>
   3.34
  </rating>
  <reviews>
   790671
  </reviews>
  <new>
   -
  </new>
  <sporty>
   yes
  </sporty>
 </clothing>
 <clothing>
  <id>
   253438291
  </id>
  <name>
   PleinSport Shirt L-1624
  </name>
  <category>
   Shirt
  </category>
  <size>
   XXL
  </size>
  <color>
   Оранжевый
  </color>
  <material>
   Лен
  </material>
  <price>
   947576
  </price>
  <rating>
   2.97
  </rating>
  <reviews>
   451432
  </reviews>
  <new>
   +
  </new>
  <exclusive>
   no
  </exclusive>
  <sporty>
   yes
  </sporty>
 </clothing>
 <clothing>
  <id>
   447538658
  </id>
  <name>
   Addidas Blouse N-1910
  </name>
  <category>
   Blouse
  </category>
  <size>
   XL
  </size>
  <color>
   Красный
  </color>
  <material>
   Шелк
  </material>
  <price>
   611141
  </price>
  <rating>
   2.02
  </rating>
  <reviews>
   146885
  </reviews>
  <new>
   -
  </new>
  <sporty>
   no
  </sporty>
 </clothing>
 <clothing>
  <id>
   323497883
  </id>
  <name>
   Puma Dress H-6049
  </name>
  <category>
   Dress
  </category>
  <size>
   M
  </size>
  <color>
   Фиолетовый
  </color>
  <material>
   Полиэстер
  </material>
  <price>
   823564
  </price>
  <rating>
   1.78
  </rating>
  <reviews>
   837878
  </reviews>
  <new>
   -
  </new>
  <exclusive>
   no
  </exclusive>
  <sporty>
   yes
  </sporty>
 </clothing>
 <clothing>
  <id>
   116082079
  </id>
  <name>
   Adidas Jeans Q-9555
  </name>
  <category>
   Jeans
  </category>
  <size>
   XXL
  </size>
  <color>
   Желтый
  </color>
  <material>
   Вискоза
  </material>
  <price>
   174507
  </price>
  <rating>
   3.13
  </rating>
  <reviews>
   799043
  </reviews>
  <exclusive>
   yes
  </exclusive>
  <sporty>
   no
  </sporty>
 </clothing>
 <clothing>
  <id>
   927121893
  </id>
  <name>
   Puma Pants Z-9166
  </name>
  <category>
   Pants
  </category>
  <size>
   M
  </size>
  <color>
   Оранжевый
  </color>
  <material>
   Полиэстер
  </material>
  <price>
   400053
  </price>
  <rating>
   1.49
  </rating>
  <reviews>
   720178
  </reviews>
  <new>
   -
  </new>
  <exclusive>
   no
  </exclusive>
  <sporty>
   no
  </sporty>
 </clothing>
 <clothing>
  <id>
   622782818
  </id>
  <name>
   DC T-shirt I-3240
  </name>
  <category>
   T-shirt
  </category>
  <size>
   XXL
  </size>
  <color>
   Красный
  </color>
  <material>
   Шерсть
  </material>
  <price>
   390741
  </price>
  <rating>
   1.26
  </rating>
  <reviews>
   898161
  </reviews>
  <exclusive>
   no
  </exclusive>
  <sporty>
   yes
  </sporty>
 </clothing>
 <clothing>
  <id>
   811554659
  </id>
  <name>
   New Balance Sweater X-8889
  </name>
  <category>
   Sweater
  </category>
  <size>
   XL
  </size>
  <color>
   Желтый
  </color>
  <material>
   Шелк
  </material>
  <price>
   721143
  </price>
  <rating>
   4.09
  </rating>
  <reviews>
   857844
  </reviews>
  <new>
   +
  </new>
  <exclusive>
   no
  </exclusive>
  <sporty>
   yes
  </sporty>
 </clothing>
 <clothing>
  <id>
   386359880
  </id>
  <name>
   DC Belts J-7337
  </name>
  <category>
   Belts
  </category>
  <size>
   M
  </size>
  <color>
   Желтый
  </color>
  <material>
   Полиэстер
  </material>
  <price>
   643889
  </price>
  <rating>
   4.98
  </rating>
  <reviews>
   254384
  </reviews>
  <exclusive>
   no
  </exclusive>
 </clothing>
 <clothing>
  <id>
   521518502
  </id>
  <name>
   Brooks Shoes N-5845
  </name>
  <category>
   Shoes
  </category>
  <size>
   S
  </size>
  <color>
   Оранжевый
  </color>
  <material>
   Нейлон
  </material>
  <price>
   421124
  </price>
  <rating>
   1.97
  </rating>
  <reviews>
   401080
  </reviews>
  <new>
   -
  </new>
  <exclusive>
   no
  </exclusive>
  <sporty>
   yes
  </sporty>
 </clothing>
 <clothing>
  <id>
   393515626
  </id>
  <name>
   Adidas Dress U-9763
  </name>
  <category>
   Dress
  </category>
  <size>
   L
  </size>
  <color>
   Красный
  </color>
  <material>
   Нейлон
  </material>
  <price>
   188975
  </price>
  <rating>
   1.36
  </rating>
  <reviews>
   288040
  </reviews>
  <new>
   -
  </new>
 </clothing>
 <clothing>
  <id>
   496928735
  </id>
  <name>
   Lacoste Skirt O-2550
  </name>
  <category>
   Skirt
  </category>
  <size>
   XL
  </size>
  <color>
   Голубой
  </color>
  <material>
   Лен
  </material>
  <price>
   160342
  </price>
  <rating>
   4.58
  </rating>
  <reviews>
   524553
  </reviews>
  <new>
   +
  </new>
  <exclusive>
   yes
  </exclusive>
  <sporty>
   yes
  </sporty>
 </clothing>
 <clothing>
  <id>
   192332681
  </id>
  <name>
   Reebok Handbags P-7280
  </name>
  <category>
   Handbags
  </category>
  <size>
   M
  </size>
  <color>
   Синий
  </color>
  <material>
   Лен
  </material>
  <price>
   884061
  </price>
  <rating>
   3.81
  </rating>
  <reviews>
   443023
  </reviews>
  <new>
   +
  </new>
 </clothing>
 <clothing>
  <id>
   910429368
  </id>
  <name>
   Adidas Jeans E-7296
  </name>
  <category>
   Jeans
  </category>
  <size>
   L
  </size>
  <color>
   Красный
  </color>
  <material>
   Лен
  </material>
  <price>
   362144
  </price>
  <rating>
   3.84
  </rating>
  <reviews>
   473325
  </reviews>
  <new>
   +
  </new>
  <exclusive>
   no
  </exclusive>
  <sporty>
   no
  </sporty>
 </clothing>
</clothing-items>
