<?xml version="1.0" encoding="utf-8"?>
<clothing-items>
 <clothing>
  <id>
   744766574
  </id>
  <name>
   Vans Hat E-6437
  </name>
  <category>
   Hat
  </category>
  <size>
   L
  </size>
  <color>
   Оранжевый
  </color>
  <material>
   Вискоза
  </material>
  <price>
   647909
  </price>
  <rating>
   2.49
  </rating>
  <reviews>
   182447
  </reviews>
  <new>
   +
  </new>
  <exclusive>
   no
  </exclusive>
 </clothing>
 <clothing>
  <id>
   565131608
  </id>
  <name>
   DC Gloves Z-3799
  </name>
  <category>
   Gloves
  </category>
  <size>
   S
  </size>
  <color>
   Фиолетовый
  </color>
  <material>
   Полиэстер
  </material>
  <price>
   693255
  </price>
  <rating>
   2.26
  </rating>
  <reviews>
   338393
  </reviews>
  <new>
   +
  </new>
  <sporty>
   no
  </sporty>
 </clothing>
 <clothing>
  <id>
   451388791
  </id>
  <name>
   DC Dress A-5276
  </name>
  <category>
   Dress
  </category>
  <size>
   XL
  </size>
  <color>
   Желтый
  </color>
  <material>
   Лен
  </material>
  <price>
   249936
  </price>
  <rating>
   1.78
  </rating>
  <reviews>
   952117
  </reviews>
  <new>
   +
  </new>
  <sporty>
   yes
  </sporty>
 </clothing>
 <clothing>
  <id>
   185969288
  </id>
  <name>
   Brooks Dress K-5389
  </name>
  <category>
   Dress
  </category>
  <size>
   M
  </size>
  <color>
   Зеленый
  </color>
  <material>
   Хлопок
  </material>
  <price>
   372157
  </price>
  <rating>
   4.62
  </rating>
  <reviews>
   465307
  </reviews>
  <exclusive>
   yes
  </exclusive>
 </clothing>
 <clothing>
  <id>
   175654611
  </id>
  <name>
   Ellesse Gloves O-1479
  </name>
  <category>
   Gloves
  </category>
  <size>
   S
  </size>
  <color>
   Оранжевый
  </color>
  <material>
   Вискоза
  </material>
  <price>
   784292
  </price>
  <rating>
   4.36
  </rating>
  <reviews>
   793985
  </reviews>
  <new>
   +
  </new>
  <exclusive>
   no
  </exclusive>
  <sporty>
   no
  </sporty>
 </clothing>
 <clothing>
  <id>
   903801898
  </id>
  <name>
   Puma Blouse G-3135
  </name>
  <category>
   Blouse
  </category>
  <size>
   S
  </size>
  <color>
   Желтый
  </color>
  <material>
   Шерсть
  </material>
  <price>
   724306
  </price>
  <rating>
   1.97
  </rating>
  <reviews>
   324524
  </reviews>
  <new>
   +
  </new>
  <sporty>
   no
  </sporty>
 </clothing>
 <clothing>
  <id>
   849476981
  </id>
  <name>
   New Balance Skirt A-6075
  </name>
  <category>
   Skirt
  </category>
  <size>
   S
  </size>
  <color>
   Голубой
  </color>
  <material>
   Хлопок
  </material>
  <price>
   786743
  </price>
  <rating>
   4.26
  </rating>
  <reviews>
   923687
  </reviews>
  <new>
   +
  </new>
  <exclusive>
   no
  </exclusive>
  <sporty>
   no
  </sporty>
 </clothing>
 <clothing>
  <id>
   922745601
  </id>
  <name>
   Lacoste Sweater E-9908
  </name>
  <category>
   Sweater
  </category>
  <size>
   XL
  </size>
  <color>
   Оранжевый
  </color>
  <material>
   Кожа
  </material>
  <price>
   274140
  </price>
  <rating>
   1.43
  </rating>
  <reviews>
   692672
  </reviews>
  <exclusive>
   no
  </exclusive>
  <sporty>
   yes
  </sporty>
 </clothing>
 <clothing>
  <id>
   333549251
  </id>
  <name>
   Under Armour Dress Y-4368
  </name>
  <category>
   Dress
  </category>
  <size>
   M
  </size>
  <color>
   Зеленый
  </color>
  <material>
   Полиэстер
  </material>
  <price>
   287728
  </price>
  <rating>
   3.3
  </rating>
  <reviews>
   6224
  </reviews>
  <new>
   +
  </new>
  <exclusive>
   no
  </exclusive>
 </clothing>
 <clothing>
  <id>
   915030205
  </id>
  <name>
   Ellesse Skirt R-5400
  </name>
  <category>
   Skirt
  </category>
  <size>
   L
  </size>
  <color>
   Зеленый
  </color>
  <material>
   Вискоза
  </material>
  <price>
   167787
  </price>
  <rating>
   2.86
  </rating>
  <reviews>
   150740
  </reviews>
  <new>
   +
  </new>
  <exclusive>
   yes
  </exclusive>
  <sporty>
   no
  </sporty>
 </clothing>
 <clothing>
  <id>
   442294704
  </id>
  <name>
   Fila Gloves A-1936
  </name>
  <category>
   Gloves
  </category>
  <size>
   M
  </size>
  <color>
   Желтый
  </color>
  <material>
   Хлопок
  </material>
  <price>
   922310
  </price>
  <rating>
   1.27
  </rating>
  <reviews>
   638309
  </reviews>
  <new>
   -
  </new>
 </clothing>
 <clothing>
  <id>
   656446229
  </id>
  <name>
   DC Belts T-8694
  </name>
  <category>
   Belts
  </category>
  <size>
   XL
  </size>
  <color>
   Желтый
  </color>
  <material>
   Шерсть
  </material>
  <price>
   390615
  </price>
  <rating>
   3.0
  </rating>
  <reviews>
   402322
  </reviews>
  <new>
   -
  </new>
  <exclusive>
   yes
  </exclusive>
 </clothing>
 <clothing>
  <id>
   877212132
  </id>
  <name>
   Vans Socks S-4187
  </name>
  <category>
   Socks
  </category>
  <size>
   XXL
  </size>
  <color>
   Фиолетовый
  </color>
  <material>
   Шерсть
  </material>
  <price>
   488415
  </price>
  <rating>
   1.24
  </rating>
  <reviews>
   18838
  </reviews>
  <new>
   -
  </new>
  <exclusive>
   no
  </exclusive>
  <sporty>
   yes
  </sporty>
 </clothing>
 <clothing>
  <id>
   270469442
  </id>
  <name>
   Reebok Jacket B-7547
  </name>
  <category>
   Jacket
  </category>
  <size>
   XXL
  </size>
  <color>
   Синий
  </color>
  <material>
   Лен
  </material>
  <price>
   335990
  </price>
  <rating>
   4.82
  </rating>
  <reviews>
   156034
  </reviews>
  <new>
   -
  </new>
  <exclusive>
   no
  </exclusive>
  <sporty>
   no
  </sporty>
 </clothing>
 <clothing>
  <id>
   985498929
  </id>
  <name>
   Lacoste Blouse F-5830
  </name>
  <category>
   Blouse
  </category>
  <size>
   L
  </size>
  <color>
   Красный
  </color>
  <material>
   Лен
  </material>
  <price>
   280337
  </price>
  <rating>
   1.02
  </rating>
  <reviews>
   67109
  </reviews>
  <new>
   -
  </new>
 </clothing>
 <clothing>
  <id>
   133145428
  </id>
  <name>
   Ellesse Hat M-9732
  </name>
  <category>
   Hat
  </category>
  <size>
   M
  </size>
  <color>
   Голубой
  </color>
  <material>
   Хлопок
  </material>
  <price>
   447014
  </price>
  <rating>
   1.42
  </rating>
  <reviews>
   790357
  </reviews>
  <exclusive>
   yes
  </exclusive>
  <sporty>
   yes
  </sporty>
 </clothing>
 <clothing>
  <id>
   652474027
  </id>
  <name>
   Reebok Socks W-3016
  </name>
  <category>
   Socks
  </category>
  <size>
   L
  </size>
  <color>
   Зеленый
  </color>
  <material>
   Полиэстер
  </material>
  <price>
   620724
  </price>
  <rating>
   1.63
  </rating>
  <reviews>
   837318
  </reviews>
  <exclusive>
   no
  </exclusive>
  <sporty>
   no
  </sporty>
 </clothing>
 <clothing>
  <id>
   569366982
  </id>
  <name>
   DC Sweater C-8408
  </name>
  <category>
   Sweater
  </category>
  <size>
   M
  </size>
  <color>
   Зеленый
  </color>
  <material>
   Кожа
  </material>
  <price>
   131547
  </price>
  <rating>
   2.6
  </rating>
  <reviews>
   918236
  </reviews>
  <new>
   -
  </new>
  <exclusive>
   no
  </exclusive>
  <sporty>
   yes
  </sporty>
 </clothing>
 <clothing>
  <id>
   995467580
  </id>
  <name>
   Converse Jacket J-6807
  </name>
  <category>
   Jacket
  </category>
  <size>
   XL
  </size>
  <color>
   Голубой
  </color>
  <material>
   Шерсть
  </material>
  <price>
   605634
  </price>
  <rating>
   1.43
  </rating>
  <reviews>
   962071
  </reviews>
  <new>
   -
  </new>
  <sporty>
   no
  </sporty>
 </clothing>
 <clothing>
  <id>
   322976275
  </id>
  <name>
   Reebok Dress W-1817
  </name>
  <category>
   Dress
  </category>
  <size>
   XL
  </size>
  <color>
   Зеленый
  </color>
  <material>
   Нейлон
  </material>
  <price>
   161409
  </price>
  <rating>
   2.69
  </rating>
  <reviews>
   914516
  </reviews>
  <new>
   +
  </new>
  <sporty>
   no
  </sporty>
 </clothing>
 <clothing>
  <id>
   149057532
  </id>
  <name>
   Ellesse Skirt B-9695
  </name>
  <category>
   Skirt
  </category>
  <size>
   XXL
  </size>
  <color>
   Зеленый
  </color>
  <material>
   Лен
  </material>
  <price>
   896291
  </price>
  <rating>
   3.25
  </rating>
  <reviews>
   296619
  </reviews>
  <sporty>
   no
  </sporty>
 </clothing>
 <clothing>
  <id>
   154571140
  </id>
  <name>
   Puma Skirt M-8062
  </name>
  <category>
   Skirt
  </category>
  <size>
   S
  </size>
  <color>
   Фиолетовый
  </color>
  <material>
   Полиэстер
  </material>
  <price>
   962527
  </price>
  <rating>
   1.92
  </rating>
  <reviews>
   955259
  </reviews>
  <new>
   -
  </new>
 </clothing>
 <clothing>
  <id>
   508167531
  </id>
  <name>
   Lacoste Handbags M-3159
  </name>
  <category>
   Handbags
  </category>
  <size>
   M
  </size>
  <color>
   Голубой
  </color>
  <material>
   Шелк
  </material>
  <price>
   396121
  </price>
  <rating>
   1.1
  </rating>
  <reviews>
   45496
  </reviews>
  <new>
   +
  </new>
  <exclusive>
   no
  </exclusive>
 </clothing>
 <clothing>
  <id>
   769210473
  </id>
  <name>
   Reebok Jeans X-6747
  </name>
  <category>
   Jeans
  </category>
  <size>
   M
  </size>
  <color>
   Голубой
  </color>
  <material>
   Вискоза
  </material>
  <price>
   177628
  </price>
  <rating>
   4.02
  </rating>
  <reviews>
   275983
  </reviews>
  <new>
   +
  </new>
  <exclusive>
   yes
  </exclusive>
 </clothing>
 <clothing>
  <id>
   981644562
  </id>
  <name>
   New Balance Skirt S-9608
  </name>
  <category>
   Skirt
  </category>
  <size>
   XL
  </size>
  <color>
   Фиолетовый
  </color>
  <material>
   Кожа
  </material>
  <price>
   205559
  </price>
  <rating>
   4.9
  </rating>
  <reviews>
   266603
  </reviews>
  <exclusive>
   yes
  </exclusive>
 </clothing>
 <clothing>
  <id>
   796686130
  </id>
  <name>
   DC Blouse V-6497
  </name>
  <category>
   Blouse
  </category>
  <size>
   L
  </size>
  <color>
   Синий
  </color>
  <material>
   Хлопок
  </material>
  <price>
   567389
  </price>
  <rating>
   3.62
  </rating>
  <reviews>
   510597
  </reviews>
  <new>
   +
  </new>
  <exclusive>
   no
  </exclusive>
 </clothing>
 <clothing>
  <id>
   205198222
  </id>
  <name>
   Converse Blouse A-1773
  </name>
  <category>
   Blouse
  </category>
  <size>
   XL
  </size>
  <color>
   Оранжевый
  </color>
  <material>
   Нейлон
  </material>
  <price>
   498700
  </price>
  <rating>
   5.0
  </rating>
  <reviews>
   799186
  </reviews>
  <new>
   +
  </new>
  <sporty>
   no
  </sporty>
 </clothing>
 <clothing>
  <id>
   641494912
  </id>
  <name>
   Adidas Umbrellas S-3971
  </name>
  <category>
   Umbrellas
  </category>
  <size>
   XL
  </size>
  <color>
   Зеленый
  </color>
  <material>
   Кожа
  </material>
  <price>
   669890
  </price>
  <rating>
   2.34
  </rating>
  <reviews>
   914629
  </reviews>
  <new>
   -
  </new>
  <sporty>
   yes
  </sporty>
 </clothing>
 <clothing>
  <id>
   775453850
  </id>
  <name>
   Adidas Gloves D-9201
  </name>
  <category>
   Gloves
  </category>
  <size>
   XXL
  </size>
  <color>
   Зеленый
  </color>
  <material>
   Нейлон
  </material>
  <price>
   631416
  </price>
  <rating>
   3.39
  </rating>
  <reviews>
   340539
  </reviews>
  <new>
   +
  </new>
  <exclusive>
   no
  </exclusive>
 </clothing>
 <clothing>
  <id>
   235337266
  </id>
  <name>
   Nike Dress U-7498
  </name>
  <category>
   Dress
  </category>
  <size>
   M
  </size>
  <color>
   Красный
  </color>
  <material>
   Лен
  </material>
  <price>
   500538
  </price>
  <rating>
   4.83
  </rating>
  <reviews>
   926410
  </reviews>
  <exclusive>
   yes
  </exclusive>
 </clothing>
 <clothing>
  <id>
   276465272
  </id>
  <name>
   Addidas Dress T-7747
  </name>
  <category>
   Dress
  </category>
  <size>
   M
  </size>
  <color>
   Зеленый
  </color>
  <material>
   Хлопок
  </material>
  <price>
   328210
  </price>
  <rating>
   3.8
  </rating>
  <reviews>
   874098
  </reviews>
  <new>
   +
  </new>
  <sporty>
   yes
  </sporty>
 </clothing>
 <clothing>
  <id>
   678367380
  </id>
  <name>
   Vans Shirt O-5953
  </name>
  <category>
   Shirt
  </category>
  <size>
   M
  </size>
  <color>
   Синий
  </color>
  <material>
   Нейлон
  </material>
  <price>
   746428
  </price>
  <rating>
   4.68
  </rating>
  <reviews>
   815467
  </reviews>
  <new>
   -
  </new>
  <exclusive>
   yes
  </exclusive>
  <sporty>
   no
  </sporty>
 </clothing>
 <clothing>
  <id>
   598842490
  </id>
  <name>
   Converse T-shirt J-6352
  </name>
  <category>
   T-shirt
  </category>
  <size>
   S
  </size>
  <color>
   Желтый
  </color>
  <material>
   Хлопок
  </material>
  <price>
   600827
  </price>
  <rating>
   1.43
  </rating>
  <reviews>
   974701
  </reviews>
  <new>
   -
  </new>
  <exclusive>
   yes
  </exclusive>
 </clothing>
 <clothing>
  <id>
   659696710
  </id>
  <name>
   Puma Shirt X-9043
  </name>
  <category>
   Shirt
  </category>
  <size>
   S
  </size>
  <color>
   Красный
  </color>
  <material>
   Лен
  </material>
  <price>
   127839
  </price>
  <rating>
   3.05
  </rating>
  <reviews>
   875664
  </reviews>
  <new>
   +
  </new>
  <sporty>
   no
  </sporty>
 </clothing>
 <clothing>
  <id>
   904517931
  </id>
  <name>
   Fila Gloves J-6013
  </name>
  <category>
   Gloves
  </category>
  <size>
   S
  </size>
  <color>
   Оранжевый
  </color>
  <material>
   Хлопок
  </material>
  <price>
   106923
  </price>
  <rating>
   2.3
  </rating>
  <reviews>
   256970
  </reviews>
  <new>
   -
  </new>
  <sporty>
   yes
  </sporty>
 </clothing>
 <clothing>
  <id>
   594069789
  </id>
  <name>
   Vans Blouse Q-1023
  </name>
  <category>
   Blouse
  </category>
  <size>
   XL
  </size>
  <color>
   Оранжевый
  </color>
  <material>
   Кожа
  </material>
  <price>
   548352
  </price>
  <rating>
   3.3
  </rating>
  <reviews>
   70414
  </reviews>
  <new>
   +
  </new>
 </clothing>
 <clothing>
  <id>
   747604799
  </id>
  <name>
   Fila Shirt W-6116
  </name>
  <category>
   Shirt
  </category>
  <size>
   S
  </size>
  <color>
   Синий
  </color>
  <material>
   Полиэстер
  </material>
  <price>
   944292
  </price>
  <rating>
   4.56
  </rating>
  <reviews>
   66311
  </reviews>
  <new>
   +
  </new>
  <exclusive>
   no
  </exclusive>
 </clothing>
 <clothing>
  <id>
   797878474
  </id>
  <name>
   Adidas Hat X-7539
  </name>
  <category>
   Hat
  </category>
  <size>
   M
  </size>
  <color>
   Зеленый
  </color>
  <material>
   Вискоза
  </material>
  <price>
   442381
  </price>
  <rating>
   3.11
  </rating>
  <reviews>
   325812
  </reviews>
  <new>
   -
  </new>
  <exclusive>
   no
  </exclusive>
  <sporty>
   yes
  </sporty>
 </clothing>
 <clothing>
  <id>
   167733070
  </id>
  <name>
   Addidas Handbags W-4507
  </name>
  <category>
   Handbags
  </category>
  <size>
   XXL
  </size>
  <color>
   Красный
  </color>
  <material>
   Лен
  </material>
  <price>
   112344
  </price>
  <rating>
   1.05
  </rating>
  <reviews>
   62179
  </reviews>
  <new>
   -
  </new>
  <sporty>
   yes
  </sporty>
 </clothing>
 <clothing>
  <id>
   968703249
  </id>
  <name>
   PleinSport Pants S-6434
  </name>
  <category>
   Pants
  </category>
  <size>
   L
  </size>
  <color>
   Фиолетовый
  </color>
  <material>
   Вискоза
  </material>
  <price>
   315518
  </price>
  <rating>
   1.93
  </rating>
  <reviews>
   608101
  </reviews>
  <new>
   -
  </new>
 </clothing>
 <clothing>
  <id>
   397646490
  </id>
  <name>
   Adidas Blouse K-4902
  </name>
  <category>
   Blouse
  </category>
  <size>
   S
  </size>
  <color>
   Желтый
  </color>
  <material>
   Лен
  </material>
  <price>
   520426
  </price>
  <rating>
   4.87
  </rating>
  <reviews>
   145244
  </reviews>
  <new>
   -
  </new>
 </clothing>
 <clothing>
  <id>
   658475668
  </id>
  <name>
   Nike Gloves N-5053
  </name>
  <category>
   Gloves
  </category>
  <size>
   XL
  </size>
  <color>
   Голубой
  </color>
  <material>
   Шелк
  </material>
  <price>
   343395
  </price>
  <rating>
   2.36
  </rating>
  <reviews>
   785004
  </reviews>
  <exclusive>
   yes
  </exclusive>
  <sporty>
   no
  </sporty>
 </clothing>
 <clothing>
  <id>
   432497001
  </id>
  <name>
   Under Armour Socks S-5216
  </name>
  <category>
   Socks
  </category>
  <size>
   XXL
  </size>
  <color>
   Красный
  </color>
  <material>
   Шелк
  </material>
  <price>
   398844
  </price>
  <rating>
   2.98
  </rating>
  <reviews>
   371258
  </reviews>
  <new>
   -
  </new>
 </clothing>
 <clothing>
  <id>
   720823691
  </id>
  <name>
   Converse Dress O-2063
  </name>
  <category>
   Dress
  </category>
  <size>
   XL
  </size>
  <color>
   Красный
  </color>
  <material>
   Полиэстер
  </material>
  <price>
   918159
  </price>
  <rating>
   3.65
  </rating>
  <reviews>
   48210
  </reviews>
  <exclusive>
   no
  </exclusive>
 </clothing>
 <clothing>
  <id>
   175214294
  </id>
  <name>
   Fila Hat R-6726
  </name>
  <category>
   Hat
  </category>
  <size>
   L
  </size>
  <color>
   Фиолетовый
  </color>
  <material>
   Шерсть
  </material>
  <price>
   260447
  </price>
  <rating>
   4.82
  </rating>
  <reviews>
   26398
  </reviews>
  <new>
   +
  </new>
 </clothing>
 <clothing>
  <id>
   687471065
  </id>
  <name>
   New Balance Shirt G-6019
  </name>
  <category>
   Shirt
  </category>
  <size>
   XL
  </size>
  <color>
   Голубой
  </color>
  <material>
   Нейлон
  </material>
  <price>
   245038
  </price>
  <rating>
   2.96
  </rating>
  <reviews>
   468714
  </reviews>
  <exclusive>
   yes
  </exclusive>
 </clothing>
 <clothing>
  <id>
   799866019
  </id>
  <name>
   Reebok Socks X-8463
  </name>
  <category>
   Socks
  </category>
  <size>
   M
  </size>
  <color>
   Голубой
  </color>
  <material>
   Хлопок
  </material>
  <price>
   733953
  </price>
  <rating>
   4.38
  </rating>
  <reviews>
   447993
  </reviews>
  <exclusive>
   yes
  </exclusive>
  <sporty>
   no
  </sporty>
 </clothing>
 <clothing>
  <id>
   187938132
  </id>
  <name>
   Converse Socks O-2641
  </name>
  <category>
   Socks
  </category>
  <size>
   XXL
  </size>
  <color>
   Красный
  </color>
  <material>
   Шерсть
  </material>
  <price>
   202622
  </price>
  <rating>
   4.57
  </rating>
  <reviews>
   740243
  </reviews>
  <new>
   -
  </new>
  <exclusive>
   yes
  </exclusive>
 </clothing>
 <clothing>
  <id>
   328380184
  </id>
  <name>
   Vans Handbags W-9725
  </name>
  <category>
   Handbags
  </category>
  <size>
   XL
  </size>
  <color>
   Желтый
  </color>
  <material>
   Полиэстер
  </material>
  <price>
   611514
  </price>
  <rating>
   1.97
  </rating>
  <reviews>
   694178
  </reviews>
  <exclusive>
   no
  </exclusive>
  <sporty>
   no
  </sporty>
 </clothing>
 <clothing>
  <id>
   772577046
  </id>
  <name>
   Nike Dress M-7436
  </name>
  <category>
   Dress
  </category>
  <size>
   S
  </size>
  <color>
   Голубой
  </color>
  <material>
   Шелк
  </material>
  <price>
   712833
  </price>
  <rating>
   3.09
  </rating>
  <reviews>
   614815
  </reviews>
  <new>
   -
  </new>
  <sporty>
   no
  </sporty>
 </clothing>
</clothing-items>
