<?xml version="1.0" encoding="utf-8"?>
<clothing-items>
 <clothing>
  <id>
   295550713
  </id>
  <name>
   Fila Hat T-8309
  </name>
  <category>
   Hat
  </category>
  <size>
   M
  </size>
  <color>
   Оранжевый
  </color>
  <material>
   Полиэстер
  </material>
  <price>
   112074
  </price>
  <rating>
   1.41
  </rating>
  <reviews>
   426385
  </reviews>
  <new>
   -
  </new>
  <exclusive>
   yes
  </exclusive>
  <sporty>
   no
  </sporty>
 </clothing>
 <clothing>
  <id>
   644480159
  </id>
  <name>
   Under Armour Socks Z-9402
  </name>
  <category>
   Socks
  </category>
  <size>
   L
  </size>
  <color>
   Желтый
  </color>
  <material>
   Кожа
  </material>
  <price>
   262346
  </price>
  <rating>
   2.49
  </rating>
  <reviews>
   920721
  </reviews>
  <sporty>
   no
  </sporty>
 </clothing>
 <clothing>
  <id>
   601033873
  </id>
  <name>
   New Balance Skirt C-4346
  </name>
  <category>
   Skirt
  </category>
  <size>
   XXL
  </size>
  <color>
   Красный
  </color>
  <material>
   Вискоза
  </material>
  <price>
   558493
  </price>
  <rating>
   2.19
  </rating>
  <reviews>
   891675
  </reviews>
  <sporty>
   no
  </sporty>
 </clothing>
 <clothing>
  <id>
   515256717
  </id>
  <name>
   Fila Skirt Y-9497
  </name>
  <category>
   Skirt
  </category>
  <size>
   S
  </size>
  <color>
   Желтый
  </color>
  <material>
   Шерсть
  </material>
  <price>
   529673
  </price>
  <rating>
   3.02
  </rating>
  <reviews>
   369399
  </reviews>
  <new>
   -
  </new>
 </clothing>
 <clothing>
  <id>
   596081135
  </id>
  <name>
   Under Armour Jacket I-1827
  </name>
  <category>
   Jacket
  </category>
  <size>
   M
  </size>
  <color>
   Красный
  </color>
  <material>
   Полиэстер
  </material>
  <price>
   971280
  </price>
  <rating>
   3.87
  </rating>
  <reviews>
   177402
  </reviews>
  <new>
   +
  </new>
  <exclusive>
   no
  </exclusive>
  <sporty>
   yes
  </sporty>
 </clothing>
 <clothing>
  <id>
   612919473
  </id>
  <name>
   PleinSport Dress L-1896
  </name>
  <category>
   Dress
  </category>
  <size>
   XXL
  </size>
  <color>
   Зеленый
  </color>
  <material>
   Лен
  </material>
  <price>
   598966
  </price>
  <rating>
   4.07
  </rating>
  <reviews>
   421812
  </reviews>
  <new>
   +
  </new>
  <exclusive>
   no
  </exclusive>
  <sporty>
   yes
  </sporty>
 </clothing>
 <clothing>
  <id>
   542604096
  </id>
  <name>
   Vans Handbags J-2385
  </name>
  <category>
   Handbags
  </category>
  <size>
   L
  </size>
  <color>
   Оранжевый
  </color>
  <material>
   Лен
  </material>
  <price>
   706934
  </price>
  <rating>
   4.54
  </rating>
  <reviews>
   190040
  </reviews>
 </clothing>
 <clothing>
  <id>
   715966413
  </id>
  <name>
   Reebok T-shirt E-2015
  </name>
  <category>
   T-shirt
  </category>
  <size>
   S
  </size>
  <color>
   Фиолетовый
  </color>
  <material>
   Шерсть
  </material>
  <price>
   986852
  </price>
  <rating>
   3.33
  </rating>
  <reviews>
   848700
  </reviews>
  <new>
   -
  </new>
  <sporty>
   no
  </sporty>
 </clothing>
 <clothing>
  <id>
   921689851
  </id>
  <name>
   PleinSport Belts E-4864
  </name>
  <category>
   Belts
  </category>
  <size>
   XL
  </size>
  <color>
   Фиолетовый
  </color>
  <material>
   Лен
  </material>
  <price>
   317979
  </price>
  <rating>
   1.64
  </rating>
  <reviews>
   552454
  </reviews>
  <new>
   +
  </new>
  <sporty>
   yes
  </sporty>
 </clothing>
 <clothing>
  <id>
   626344180
  </id>
  <name>
   Puma Handbags C-6477
  </name>
  <category>
   Handbags
  </category>
  <size>
   L
  </size>
  <color>
   Красный
  </color>
  <material>
   Шерсть
  </material>
  <price>
   830364
  </price>
  <rating>
   2.28
  </rating>
  <reviews>
   797021
  </reviews>
  <exclusive>
   yes
  </exclusive>
 </clothing>
 <clothing>
  <id>
   152455892
  </id>
  <name>
   Brooks Dress R-8906
  </name>
  <category>
   Dress
  </category>
  <size>
   L
  </size>
  <color>
   Фиолетовый
  </color>
  <material>
   Вискоза
  </material>
  <price>
   701208
  </price>
  <rating>
   2.67
  </rating>
  <reviews>
   840446
  </reviews>
  <exclusive>
   yes
  </exclusive>
  <sporty>
   no
  </sporty>
 </clothing>
 <clothing>
  <id>
   470654116
  </id>
  <name>
   Vans Jacket Y-9686
  </name>
  <category>
   Jacket
  </category>
  <size>
   L
  </size>
  <color>
   Зеленый
  </color>
  <material>
   Шелк
  </material>
  <price>
   393396
  </price>
  <rating>
   2.64
  </rating>
  <reviews>
   898568
  </reviews>
  <new>
   +
  </new>
  <sporty>
   no
  </sporty>
 </clothing>
 <clothing>
  <id>
   547096962
  </id>
  <name>
   Lacoste Blouse Y-8099
  </name>
  <category>
   Blouse
  </category>
  <size>
   L
  </size>
  <color>
   Зеленый
  </color>
  <material>
   Хлопок
  </material>
  <price>
   972184
  </price>
  <rating>
   1.25
  </rating>
  <reviews>
   385325
  </reviews>
  <new>
   -
  </new>
  <exclusive>
   no
  </exclusive>
 </clothing>
 <clothing>
  <id>
   679105732
  </id>
  <name>
   Asics Blouse L-3472
  </name>
  <category>
   Blouse
  </category>
  <size>
   M
  </size>
  <color>
   Оранжевый
  </color>
  <material>
   Хлопок
  </material>
  <price>
   327107
  </price>
  <rating>
   1.15
  </rating>
  <reviews>
   222640
  </reviews>
  <new>
   +
  </new>
  <sporty>
   no
  </sporty>
 </clothing>
 <clothing>
  <id>
   377011295
  </id>
  <name>
   PleinSport Jacket N-5055
  </name>
  <category>
   Jacket
  </category>
  <size>
   L
  </size>
  <color>
   Желтый
  </color>
  <material>
   Шелк
  </material>
  <price>
   763667
  </price>
  <rating>
   4.61
  </rating>
  <reviews>
   673927
  </reviews>
  <exclusive>
   yes
  </exclusive>
  <sporty>
   no
  </sporty>
 </clothing>
 <clothing>
  <id>
   708784178
  </id>
  <name>
   Vans T-shirt O-1091
  </name>
  <category>
   T-shirt
  </category>
  <size>
   L
  </size>
  <color>
   Оранжевый
  </color>
  <material>
   Хлопок
  </material>
  <price>
   227267
  </price>
  <rating>
   4.21
  </rating>
  <reviews>
   860692
  </reviews>
  <new>
   +
  </new>
  <exclusive>
   yes
  </exclusive>
  <sporty>
   no
  </sporty>
 </clothing>
 <clothing>
  <id>
   931523308
  </id>
  <name>
   Nike Jacket V-3686
  </name>
  <category>
   Jacket
  </category>
  <size>
   S
  </size>
  <color>
   Красный
  </color>
  <material>
   Кожа
  </material>
  <price>
   754030
  </price>
  <rating>
   2.63
  </rating>
  <reviews>
   537624
  </reviews>
  <new>
   -
  </new>
  <sporty>
   no
  </sporty>
 </clothing>
 <clothing>
  <id>
   189989101
  </id>
  <name>
   Ellesse Belts J-9639
  </name>
  <category>
   Belts
  </category>
  <size>
   M
  </size>
  <color>
   Синий
  </color>
  <material>
   Лен
  </material>
  <price>
   338563
  </price>
  <rating>
   3.78
  </rating>
  <reviews>
   960265
  </reviews>
  <exclusive>
   no
  </exclusive>
 </clothing>
 <clothing>
  <id>
   935176224
  </id>
  <name>
   Ellesse Handbags B-9452
  </name>
  <category>
   Handbags
  </category>
  <size>
   XL
  </size>
  <color>
   Фиолетовый
  </color>
  <material>
   Хлопок
  </material>
  <price>
   583952
  </price>
  <rating>
   4.06
  </rating>
  <reviews>
   270185
  </reviews>
  <new>
   -
  </new>
 </clothing>
 <clothing>
  <id>
   922176960
  </id>
  <name>
   Asics Hat D-1065
  </name>
  <category>
   Hat
  </category>
  <size>
   S
  </size>
  <color>
   Фиолетовый
  </color>
  <material>
   Шерсть
  </material>
  <price>
   581483
  </price>
  <rating>
   1.73
  </rating>
  <reviews>
   69757
  </reviews>
  <sporty>
   no
  </sporty>
 </clothing>
 <clothing>
  <id>
   173088268
  </id>
  <name>
   Reebok Jeans V-9154
  </name>
  <category>
   Jeans
  </category>
  <size>
   S
  </size>
  <color>
   Красный
  </color>
  <material>
   Нейлон
  </material>
  <price>
   167796
  </price>
  <rating>
   2.72
  </rating>
  <reviews>
   850250
  </reviews>
  <new>
   -
  </new>
  <sporty>
   no
  </sporty>
 </clothing>
 <clothing>
  <id>
   279810558
  </id>
  <name>
   Nike Jeans Z-8351
  </name>
  <category>
   Jeans
  </category>
  <size>
   XXL
  </size>
  <color>
   Красный
  </color>
  <material>
   Кожа
  </material>
  <price>
   772388
  </price>
  <rating>
   1.85
  </rating>
  <reviews>
   637721
  </reviews>
  <new>
   -
  </new>
  <exclusive>
   no
  </exclusive>
  <sporty>
   no
  </sporty>
 </clothing>
 <clothing>
  <id>
   209211189
  </id>
  <name>
   Ellesse Sweater G-2021
  </name>
  <category>
   Sweater
  </category>
  <size>
   M
  </size>
  <color>
   Фиолетовый
  </color>
  <material>
   Полиэстер
  </material>
  <price>
   497017
  </price>
  <rating>
   4.91
  </rating>
  <reviews>
   248967
  </reviews>
  <sporty>
   yes
  </sporty>
 </clothing>
 <clothing>
  <id>
   601710343
  </id>
  <name>
   PleinSport Socks W-4833
  </name>
  <category>
   Socks
  </category>
  <size>
   S
  </size>
  <color>
   Синий
  </color>
  <material>
   Шелк
  </material>
  <price>
   654144
  </price>
  <rating>
   4.75
  </rating>
  <reviews>
   875407
  </reviews>
  <exclusive>
   yes
  </exclusive>
  <sporty>
   no
  </sporty>
 </clothing>
 <clothing>
  <id>
   511582434
  </id>
  <name>
   Addidas Jeans J-2737
  </name>
  <category>
   Jeans
  </category>
  <size>
   XXL
  </size>
  <color>
   Зеленый
  </color>
  <material>
   Хлопок
  </material>
  <price>
   700002
  </price>
  <rating>
   4.55
  </rating>
  <reviews>
   797106
  </reviews>
  <sporty>
   yes
  </sporty>
 </clothing>
 <clothing>
  <id>
   811823392
  </id>
  <name>
   Converse Sweater G-4898
  </name>
  <category>
   Sweater
  </category>
  <size>
   S
  </size>
  <color>
   Красный
  </color>
  <material>
   Шерсть
  </material>
  <price>
   646229
  </price>
  <rating>
   3.35
  </rating>
  <reviews>
   176584
  </reviews>
  <new>
   -
  </new>
  <sporty>
   no
  </sporty>
 </clothing>
</clothing-items>
