<?xml version="1.0" encoding="utf-8"?>
<clothing-items>
 <clothing>
  <id>
   496774978
  </id>
  <name>
   DC Shirt T-4501
  </name>
  <category>
   Shirt
  </category>
  <size>
   XXL
  </size>
  <color>
   Красный
  </color>
  <material>
   Хлопок
  </material>
  <price>
   178394
  </price>
  <rating>
   1.0
  </rating>
  <reviews>
   763488
  </reviews>
  <exclusive>
   yes
  </exclusive>
  <sporty>
   yes
  </sporty>
 </clothing>
 <clothing>
  <id>
   152826030
  </id>
  <name>
   Puma Pants B-2313
  </name>
  <category>
   Pants
  </category>
  <size>
   XL
  </size>
  <color>
   Зеленый
  </color>
  <material>
   Шерсть
  </material>
  <price>
   880296
  </price>
  <rating>
   1.31
  </rating>
  <reviews>
   642104
  </reviews>
 </clothing>
 <clothing>
  <id>
   779404889
  </id>
  <name>
   Lacoste Shoes M-3281
  </name>
  <category>
   Shoes
  </category>
  <size>
   S
  </size>
  <color>
   Синий
  </color>
  <material>
   Лен
  </material>
  <price>
   980578
  </price>
  <rating>
   4.24
  </rating>
  <reviews>
   72628
  </reviews>
  <new>
   +
  </new>
  <sporty>
   no
  </sporty>
 </clothing>
 <clothing>
  <id>
   934914907
  </id>
  <name>
   Asics Dress A-2705
  </name>
  <category>
   Dress
  </category>
  <size>
   S
  </size>
  <color>
   Синий
  </color>
  <material>
   Нейлон
  </material>
  <price>
   738968
  </price>
  <rating>
   4.93
  </rating>
  <reviews>
   823109
  </reviews>
  <exclusive>
   yes
  </exclusive>
  <sporty>
   no
  </sporty>
 </clothing>
 <clothing>
  <id>
   751534735
  </id>
  <name>
   Vans Belts H-5353
  </name>
  <category>
   Belts
  </category>
  <size>
   L
  </size>
  <color>
   Оранжевый
  </color>
  <material>
   Шерсть
  </material>
  <price>
   145527
  </price>
  <rating>
   3.52
  </rating>
  <reviews>
   486841
  </reviews>
  <new>
   -
  </new>
  <sporty>
   yes
  </sporty>
 </clothing>
 <clothing>
  <id>
   615929069
  </id>
  <name>
   Asics Umbrellas Y-1193
  </name>
  <category>
   Umbrellas
  </category>
  <size>
   XL
  </size>
  <color>
   Голубой
  </color>
  <material>
   Вискоза
  </material>
  <price>
   919381
  </price>
  <rating>
   3.18
  </rating>
  <reviews>
   317204
  </reviews>
  <new>
   -
  </new>
  <exclusive>
   no
  </exclusive>
  <sporty>
   yes
  </sporty>
 </clothing>
 <clothing>
  <id>
   256044424
  </id>
  <name>
   Brooks Sweater L-7954
  </name>
  <category>
   Sweater
  </category>
  <size>
   XXL
  </size>
  <color>
   Красный
  </color>
  <material>
   Шерсть
  </material>
  <price>
   260074
  </price>
  <rating>
   2.85
  </rating>
  <reviews>
   575943
  </reviews>
  <new>
   -
  </new>
  <sporty>
   yes
  </sporty>
 </clothing>
 <clothing>
  <id>
   331592964
  </id>
  <name>
   Nike Pants V-3200
  </name>
  <category>
   Pants
  </category>
  <size>
   L
  </size>
  <color>
   Зеленый
  </color>
  <material>
   Нейлон
  </material>
  <price>
   954329
  </price>
  <rating>
   1.79
  </rating>
  <reviews>
   861833
  </reviews>
  <new>
   -
  </new>
 </clothing>
 <clothing>
  <id>
   217205918
  </id>
  <name>
   Fila Belts A-4277
  </name>
  <category>
   Belts
  </category>
  <size>
   L
  </size>
  <color>
   Синий
  </color>
  <material>
   Шелк
  </material>
  <price>
   532399
  </price>
  <rating>
   2.97
  </rating>
  <reviews>
   977059
  </reviews>
  <sporty>
   yes
  </sporty>
 </clothing>
 <clothing>
  <id>
   417121960
  </id>
  <name>
   Converse Handbags A-3606
  </name>
  <category>
   Handbags
  </category>
  <size>
   M
  </size>
  <color>
   Желтый
  </color>
  <material>
   Вискоза
  </material>
  <price>
   317666
  </price>
  <rating>
   3.99
  </rating>
  <reviews>
   842559
  </reviews>
  <new>
   -
  </new>
  <exclusive>
   no
  </exclusive>
  <sporty>
   yes
  </sporty>
 </clothing>
 <clothing>
  <id>
   984655193
  </id>
  <name>
   Under Armour Shirt N-4593
  </name>
  <category>
   Shirt
  </category>
  <size>
   M
  </size>
  <color>
   Оранжевый
  </color>
  <material>
   Хлопок
  </material>
  <price>
   432505
  </price>
  <rating>
   4.22
  </rating>
  <reviews>
   238712
  </reviews>
  <new>
   +
  </new>
  <exclusive>
   no
  </exclusive>
  <sporty>
   yes
  </sporty>
 </clothing>
 <clothing>
  <id>
   489542783
  </id>
  <name>
   Adidas Blouse X-2272
  </name>
  <category>
   Blouse
  </category>
  <size>
   XL
  </size>
  <color>
   Красный
  </color>
  <material>
   Полиэстер
  </material>
  <price>
   861824
  </price>
  <rating>
   3.85
  </rating>
  <reviews>
   965371
  </reviews>
  <new>
   -
  </new>
  <exclusive>
   no
  </exclusive>
  <sporty>
   no
  </sporty>
 </clothing>
 <clothing>
  <id>
   502024171
  </id>
  <name>
   Asics Jacket P-9210
  </name>
  <category>
   Jacket
  </category>
  <size>
   S
  </size>
  <color>
   Оранжевый
  </color>
  <material>
   Лен
  </material>
  <price>
   841350
  </price>
  <rating>
   2.48
  </rating>
  <reviews>
   861475
  </reviews>
  <new>
   -
  </new>
 </clothing>
 <clothing>
  <id>
   202474478
  </id>
  <name>
   Vans Socks S-8165
  </name>
  <category>
   Socks
  </category>
  <size>
   XL
  </size>
  <color>
   Зеленый
  </color>
  <material>
   Хлопок
  </material>
  <price>
   383975
  </price>
  <rating>
   4.23
  </rating>
  <reviews>
   638941
  </reviews>
  <sporty>
   no
  </sporty>
 </clothing>
 <clothing>
  <id>
   582337309
  </id>
  <name>
   Vans Jacket G-9268
  </name>
  <category>
   Jacket
  </category>
  <size>
   S
  </size>
  <color>
   Голубой
  </color>
  <material>
   Хлопок
  </material>
  <price>
   748551
  </price>
  <rating>
   1.23
  </rating>
  <reviews>
   646243
  </reviews>
  <new>
   +
  </new>
 </clothing>
 <clothing>
  <id>
   644554723
  </id>
  <name>
   DC Jacket A-2680
  </name>
  <category>
   Jacket
  </category>
  <size>
   M
  </size>
  <color>
   Желтый
  </color>
  <material>
   Шелк
  </material>
  <price>
   927315
  </price>
  <rating>
   3.31
  </rating>
  <reviews>
   712815
  </reviews>
  <exclusive>
   no
  </exclusive>
 </clothing>
 <clothing>
  <id>
   483198015
  </id>
  <name>
   Addidas Jacket E-9972
  </name>
  <category>
   Jacket
  </category>
  <size>
   XL
  </size>
  <color>
   Красный
  </color>
  <material>
   Шерсть
  </material>
  <price>
   536552
  </price>
  <rating>
   2.93
  </rating>
  <reviews>
   279853
  </reviews>
  <new>
   -
  </new>
  <sporty>
   no
  </sporty>
 </clothing>
 <clothing>
  <id>
   500184742
  </id>
  <name>
   Nike Skirt A-3345
  </name>
  <category>
   Skirt
  </category>
  <size>
   XXL
  </size>
  <color>
   Красный
  </color>
  <material>
   Лен
  </material>
  <price>
   854286
  </price>
  <rating>
   4.3
  </rating>
  <reviews>
   283568
  </reviews>
  <exclusive>
   no
  </exclusive>
 </clothing>
 <clothing>
  <id>
   258384385
  </id>
  <name>
   Converse Hat W-8296
  </name>
  <category>
   Hat
  </category>
  <size>
   XXL
  </size>
  <color>
   Желтый
  </color>
  <material>
   Шерсть
  </material>
  <price>
   985281
  </price>
  <rating>
   1.87
  </rating>
  <reviews>
   47286
  </reviews>
  <new>
   -
  </new>
  <exclusive>
   no
  </exclusive>
 </clothing>
 <clothing>
  <id>
   516500483
  </id>
  <name>
   Converse Socks X-8103
  </name>
  <category>
   Socks
  </category>
  <size>
   L
  </size>
  <color>
   Оранжевый
  </color>
  <material>
   Шелк
  </material>
  <price>
   870650
  </price>
  <rating>
   1.02
  </rating>
  <reviews>
   107335
  </reviews>
  <new>
   -
  </new>
 </clothing>
 <clothing>
  <id>
   140274632
  </id>
  <name>
   Brooks T-shirt S-9164
  </name>
  <category>
   T-shirt
  </category>
  <size>
   XXL
  </size>
  <color>
   Желтый
  </color>
  <material>
   Шерсть
  </material>
  <price>
   608318
  </price>
  <rating>
   4.78
  </rating>
  <reviews>
   83368
  </reviews>
  <exclusive>
   yes
  </exclusive>
 </clothing>
 <clothing>
  <id>
   570390976
  </id>
  <name>
   Under Armour T-shirt O-5279
  </name>
  <category>
   T-shirt
  </category>
  <size>
   S
  </size>
  <color>
   Зеленый
  </color>
  <material>
   Полиэстер
  </material>
  <price>
   851459
  </price>
  <rating>
   2.5
  </rating>
  <reviews>
   341465
  </reviews>
  <new>
   -
  </new>
  <sporty>
   no
  </sporty>
 </clothing>
 <clothing>
  <id>
   802864611
  </id>
  <name>
   Puma Hat G-9432
  </name>
  <category>
   Hat
  </category>
  <size>
   L
  </size>
  <color>
   Оранжевый
  </color>
  <material>
   Вискоза
  </material>
  <price>
   409191
  </price>
  <rating>
   2.76
  </rating>
  <reviews>
   387120
  </reviews>
  <exclusive>
   no
  </exclusive>
  <sporty>
   no
  </sporty>
 </clothing>
 <clothing>
  <id>
   544298706
  </id>
  <name>
   Addidas T-shirt O-8355
  </name>
  <category>
   T-shirt
  </category>
  <size>
   S
  </size>
  <color>
   Оранжевый
  </color>
  <material>
   Хлопок
  </material>
  <price>
   357148
  </price>
  <rating>
   1.76
  </rating>
  <reviews>
   816463
  </reviews>
  <sporty>
   no
  </sporty>
 </clothing>
 <clothing>
  <id>
   392047585
  </id>
  <name>
   PleinSport Jacket D-9129
  </name>
  <category>
   Jacket
  </category>
  <size>
   M
  </size>
  <color>
   Синий
  </color>
  <material>
   Лен
  </material>
  <price>
   574159
  </price>
  <rating>
   3.89
  </rating>
  <reviews>
   984091
  </reviews>
  <new>
   -
  </new>
 </clothing>
 <clothing>
  <id>
   801475232
  </id>
  <name>
   Lacoste Blouse V-4054
  </name>
  <category>
   Blouse
  </category>
  <size>
   XL
  </size>
  <color>
   Зеленый
  </color>
  <material>
   Хлопок
  </material>
  <price>
   216461
  </price>
  <rating>
   4.48
  </rating>
  <reviews>
   494953
  </reviews>
  <new>
   -
  </new>
  <sporty>
   no
  </sporty>
 </clothing>
 <clothing>
  <id>
   786681054
  </id>
  <name>
   Addidas Handbags T-3881
  </name>
  <category>
   Handbags
  </category>
  <size>
   M
  </size>
  <color>
   Синий
  </color>
  <material>
   Лен
  </material>
  <price>
   589019
  </price>
  <rating>
   1.5
  </rating>
  <reviews>
   745747
  </reviews>
  <exclusive>
   no
  </exclusive>
 </clothing>
 <clothing>
  <id>
   444139148
  </id>
  <name>
   New Balance Shoes R-2920
  </name>
  <category>
   Shoes
  </category>
  <size>
   XL
  </size>
  <color>
   Красный
  </color>
  <material>
   Шерсть
  </material>
  <price>
   493907
  </price>
  <rating>
   3.67
  </rating>
  <reviews>
   719572
  </reviews>
  <sporty>
   yes
  </sporty>
 </clothing>
 <clothing>
  <id>
   836380912
  </id>
  <name>
   PleinSport Hat K-5943
  </name>
  <category>
   Hat
  </category>
  <size>
   M
  </size>
  <color>
   Фиолетовый
  </color>
  <material>
   Хлопок
  </material>
  <price>
   703752
  </price>
  <rating>
   4.58
  </rating>
  <reviews>
   969544
  </reviews>
  <new>
   -
  </new>
  <exclusive>
   yes
  </exclusive>
 </clothing>
 <clothing>
  <id>
   857652192
  </id>
  <name>
   Puma Handbags Y-5035
  </name>
  <category>
   Handbags
  </category>
  <size>
   L
  </size>
  <color>
   Зеленый
  </color>
  <material>
   Шелк
  </material>
  <price>
   478289
  </price>
  <rating>
   2.97
  </rating>
  <reviews>
   1437
  </reviews>
  <new>
   +
  </new>
  <exclusive>
   no
  </exclusive>
  <sporty>
   no
  </sporty>
 </clothing>
 <clothing>
  <id>
   978251381
  </id>
  <name>
   Fila Dress R-5061
  </name>
  <category>
   Dress
  </category>
  <size>
   XXL
  </size>
  <color>
   Красный
  </color>
  <material>
   Вискоза
  </material>
  <price>
   154503
  </price>
  <rating>
   4.16
  </rating>
  <reviews>
   67328
  </reviews>
  <new>
   +
  </new>
  <exclusive>
   no
  </exclusive>
 </clothing>
 <clothing>
  <id>
   448476504
  </id>
  <name>
   Lacoste Socks C-2629
  </name>
  <category>
   Socks
  </category>
  <size>
   L
  </size>
  <color>
   Синий
  </color>
  <material>
   Вискоза
  </material>
  <price>
   410259
  </price>
  <rating>
   3.15
  </rating>
  <reviews>
   789547
  </reviews>
  <sporty>
   no
  </sporty>
 </clothing>
 <clothing>
  <id>
   695428783
  </id>
  <name>
   Ellesse Shoes B-9127
  </name>
  <category>
   Shoes
  </category>
  <size>
   M
  </size>
  <color>
   Голубой
  </color>
  <material>
   Полиэстер
  </material>
  <price>
   880097
  </price>
  <rating>
   2.69
  </rating>
  <reviews>
   796612
  </reviews>
  <new>
   -
  </new>
  <exclusive>
   yes
  </exclusive>
 </clothing>
 <clothing>
  <id>
   888786324
  </id>
  <name>
   Brooks Sweater F-1744
  </name>
  <category>
   Sweater
  </category>
  <size>
   XXL
  </size>
  <color>
   Фиолетовый
  </color>
  <material>
   Полиэстер
  </material>
  <price>
   816444
  </price>
  <rating>
   2.89
  </rating>
  <reviews>
   122042
  </reviews>
  <new>
   +
  </new>
  <exclusive>
   yes
  </exclusive>
 </clothing>
 <clothing>
  <id>
   860986353
  </id>
  <name>
   PleinSport Pants M-2582
  </name>
  <category>
   Pants
  </category>
  <size>
   L
  </size>
  <color>
   Фиолетовый
  </color>
  <material>
   Нейлон
  </material>
  <price>
   223362
  </price>
  <rating>
   1.23
  </rating>
  <reviews>
   631813
  </reviews>
 </clothing>
 <clothing>
  <id>
   515948987
  </id>
  <name>
   Puma Jacket W-4433
  </name>
  <category>
   Jacket
  </category>
  <size>
   S
  </size>
  <color>
   Голубой
  </color>
  <material>
   Шерсть
  </material>
  <price>
   799475
  </price>
  <rating>
   1.7
  </rating>
  <reviews>
   9278
  </reviews>
  <new>
   -
  </new>
 </clothing>
 <clothing>
  <id>
   675883158
  </id>
  <name>
   PleinSport Jacket C-8114
  </name>
  <category>
   Jacket
  </category>
  <size>
   XXL
  </size>
  <color>
   Голубой
  </color>
  <material>
   Полиэстер
  </material>
  <price>
   895659
  </price>
  <rating>
   2.24
  </rating>
  <reviews>
   228820
  </reviews>
  <new>
   -
  </new>
  <exclusive>
   yes
  </exclusive>
  <sporty>
   yes
  </sporty>
 </clothing>
 <clothing>
  <id>
   571557328
  </id>
  <name>
   Asics Shirt J-5596
  </name>
  <category>
   Shirt
  </category>
  <size>
   XL
  </size>
  <color>
   Оранжевый
  </color>
  <material>
   Нейлон
  </material>
  <price>
   316674
  </price>
  <rating>
   1.02
  </rating>
  <reviews>
   874367
  </reviews>
  <new>
   -
  </new>
  <sporty>
   no
  </sporty>
 </clothing>
 <clothing>
  <id>
   377353718
  </id>
  <name>
   Fila Sweater R-3533
  </name>
  <category>
   Sweater
  </category>
  <size>
   S
  </size>
  <color>
   Голубой
  </color>
  <material>
   Шерсть
  </material>
  <price>
   629403
  </price>
  <rating>
   3.36
  </rating>
  <reviews>
   882384
  </reviews>
  <exclusive>
   no
  </exclusive>
  <sporty>
   no
  </sporty>
 </clothing>
 <clothing>
  <id>
   133215044
  </id>
  <name>
   Nike Skirt V-7236
  </name>
  <category>
   Skirt
  </category>
  <size>
   S
  </size>
  <color>
   Желтый
  </color>
  <material>
   Кожа
  </material>
  <price>
   280583
  </price>
  <rating>
   4.01
  </rating>
  <reviews>
   303855
  </reviews>
  <exclusive>
   yes
  </exclusive>
  <sporty>
   no
  </sporty>
 </clothing>
</clothing-items>
