<?xml version="1.0" encoding="utf-8"?>
<clothing-items>
 <clothing>
  <id>
   761568951
  </id>
  <name>
   DC Gloves R-9389
  </name>
  <category>
   Gloves
  </category>
  <size>
   XL
  </size>
  <color>
   Голубой
  </color>
  <material>
   Вискоза
  </material>
  <price>
   219128
  </price>
  <rating>
   3.86
  </rating>
  <reviews>
   247151
  </reviews>
  <new>
   -
  </new>
  <sporty>
   no
  </sporty>
 </clothing>
 <clothing>
  <id>
   122843910
  </id>
  <name>
   DC Hat I-8824
  </name>
  <category>
   Hat
  </category>
  <size>
   M
  </size>
  <color>
   Голубой
  </color>
  <material>
   Шелк
  </material>
  <price>
   127317
  </price>
  <rating>
   2.06
  </rating>
  <reviews>
   927927
  </reviews>
  <sporty>
   no
  </sporty>
 </clothing>
 <clothing>
  <id>
   652805317
  </id>
  <name>
   Brooks Shoes W-2553
  </name>
  <category>
   Shoes
  </category>
  <size>
   L
  </size>
  <color>
   Фиолетовый
  </color>
  <material>
   Шерсть
  </material>
  <price>
   187841
  </price>
  <rating>
   2.22
  </rating>
  <reviews>
   508411
  </reviews>
  <sporty>
   no
  </sporty>
 </clothing>
 <clothing>
  <id>
   123758303
  </id>
  <name>
   Under Armour Sweater O-9568
  </name>
  <category>
   Sweater
  </category>
  <size>
   XXL
  </size>
  <color>
   Желтый
  </color>
  <material>
   Хлопок
  </material>
  <price>
   181066
  </price>
  <rating>
   4.62
  </rating>
  <reviews>
   933395
  </reviews>
  <new>
   -
  </new>
 </clothing>
 <clothing>
  <id>
   304947662
  </id>
  <name>
   Converse Umbrellas U-9102
  </name>
  <category>
   Umbrellas
  </category>
  <size>
   XXL
  </size>
  <color>
   Синий
  </color>
  <material>
   Полиэстер
  </material>
  <price>
   906203
  </price>
  <rating>
   2.08
  </rating>
  <reviews>
   563650
  </reviews>
  <new>
   +
  </new>
 </clothing>
 <clothing>
  <id>
   570643263
  </id>
  <name>
   Asics Jacket E-7773
  </name>
  <category>
   Jacket
  </category>
  <size>
   XL
  </size>
  <color>
   Красный
  </color>
  <material>
   Нейлон
  </material>
  <price>
   832166
  </price>
  <rating>
   1.96
  </rating>
  <reviews>
   657445
  </reviews>
  <new>
   -
  </new>
  <sporty>
   no
  </sporty>
 </clothing>
 <clothing>
  <id>
   348075860
  </id>
  <name>
   Nike Jacket S-2027
  </name>
  <category>
   Jacket
  </category>
  <size>
   S
  </size>
  <color>
   Красный
  </color>
  <material>
   Вискоза
  </material>
  <price>
   591734
  </price>
  <rating>
   3.44
  </rating>
  <reviews>
   128779
  </reviews>
  <new>
   -
  </new>
  <exclusive>
   no
  </exclusive>
 </clothing>
 <clothing>
  <id>
   770147390
  </id>
  <name>
   Puma Shirt G-6821
  </name>
  <category>
   Shirt
  </category>
  <size>
   M
  </size>
  <color>
   Желтый
  </color>
  <material>
   Нейлон
  </material>
  <price>
   685025
  </price>
  <rating>
   4.1
  </rating>
  <reviews>
   886673
  </reviews>
  <new>
   +
  </new>
  <sporty>
   no
  </sporty>
 </clothing>
 <clothing>
  <id>
   391331568
  </id>
  <name>
   New Balance Socks U-6511
  </name>
  <category>
   Socks
  </category>
  <size>
   XL
  </size>
  <color>
   Зеленый
  </color>
  <material>
   Лен
  </material>
  <price>
   843650
  </price>
  <rating>
   2.26
  </rating>
  <reviews>
   863137
  </reviews>
  <new>
   -
  </new>
  <exclusive>
   yes
  </exclusive>
 </clothing>
 <clothing>
  <id>
   192849012
  </id>
  <name>
   PleinSport Sweater B-3404
  </name>
  <category>
   Sweater
  </category>
  <size>
   XXL
  </size>
  <color>
   Зеленый
  </color>
  <material>
   Вискоза
  </material>
  <price>
   123159
  </price>
  <rating>
   2.82
  </rating>
  <reviews>
   149272
  </reviews>
  <new>
   -
  </new>
  <exclusive>
   no
  </exclusive>
  <sporty>
   no
  </sporty>
 </clothing>
 <clothing>
  <id>
   524351065
  </id>
  <name>
   Adidas Shoes B-6360
  </name>
  <category>
   Shoes
  </category>
  <size>
   L
  </size>
  <color>
   Красный
  </color>
  <material>
   Лен
  </material>
  <price>
   133724
  </price>
  <rating>
   4.81
  </rating>
  <reviews>
   620071
  </reviews>
  <exclusive>
   yes
  </exclusive>
  <sporty>
   no
  </sporty>
 </clothing>
 <clothing>
  <id>
   338306224
  </id>
  <name>
   Adidas Pants S-5461
  </name>
  <category>
   Pants
  </category>
  <size>
   S
  </size>
  <color>
   Фиолетовый
  </color>
  <material>
   Шелк
  </material>
  <price>
   475692
  </price>
  <rating>
   1.78
  </rating>
  <reviews>
   552487
  </reviews>
  <new>
   -
  </new>
  <sporty>
   no
  </sporty>
 </clothing>
 <clothing>
  <id>
   210154003
  </id>
  <name>
   DC Handbags Q-5490
  </name>
  <category>
   Handbags
  </category>
  <size>
   S
  </size>
  <color>
   Голубой
  </color>
  <material>
   Шелк
  </material>
  <price>
   221031
  </price>
  <rating>
   1.5
  </rating>
  <reviews>
   364051
  </reviews>
  <new>
   +
  </new>
  <exclusive>
   no
  </exclusive>
 </clothing>
 <clothing>
  <id>
   284817206
  </id>
  <name>
   Under Armour Blouse Q-1165
  </name>
  <category>
   Blouse
  </category>
  <size>
   M
  </size>
  <color>
   Фиолетовый
  </color>
  <material>
   Шерсть
  </material>
  <price>
   386763
  </price>
  <rating>
   4.96
  </rating>
  <reviews>
   737613
  </reviews>
  <sporty>
   yes
  </sporty>
 </clothing>
 <clothing>
  <id>
   873584645
  </id>
  <name>
   Ellesse T-shirt A-4348
  </name>
  <category>
   T-shirt
  </category>
  <size>
   S
  </size>
  <color>
   Зеленый
  </color>
  <material>
   Лен
  </material>
  <price>
   798596
  </price>
  <rating>
   4.19
  </rating>
  <reviews>
   874613
  </reviews>
  <new>
   +
  </new>
  <sporty>
   yes
  </sporty>
 </clothing>
 <clothing>
  <id>
   314922454
  </id>
  <name>
   Fila Gloves O-4609
  </name>
  <category>
   Gloves
  </category>
  <size>
   M
  </size>
  <color>
   Фиолетовый
  </color>
  <material>
   Шерсть
  </material>
  <price>
   707766
  </price>
  <rating>
   4.47
  </rating>
  <reviews>
   60151
  </reviews>
  <new>
   -
  </new>
  <sporty>
   yes
  </sporty>
 </clothing>
 <clothing>
  <id>
   355265447
  </id>
  <name>
   Asics Sweater E-5471
  </name>
  <category>
   Sweater
  </category>
  <size>
   XXL
  </size>
  <color>
   Зеленый
  </color>
  <material>
   Шерсть
  </material>
  <price>
   921510
  </price>
  <rating>
   2.1
  </rating>
  <reviews>
   193136
  </reviews>
  <exclusive>
   no
  </exclusive>
  <sporty>
   no
  </sporty>
 </clothing>
 <clothing>
  <id>
   469776242
  </id>
  <name>
   Under Armour Umbrellas Y-7485
  </name>
  <category>
   Umbrellas
  </category>
  <size>
   XL
  </size>
  <color>
   Оранжевый
  </color>
  <material>
   Нейлон
  </material>
  <price>
   276642
  </price>
  <rating>
   4.77
  </rating>
  <reviews>
   203106
  </reviews>
  <sporty>
   yes
  </sporty>
 </clothing>
 <clothing>
  <id>
   215751043
  </id>
  <name>
   Under Armour Dress U-3054
  </name>
  <category>
   Dress
  </category>
  <size>
   M
  </size>
  <color>
   Фиолетовый
  </color>
  <material>
   Шелк
  </material>
  <price>
   550683
  </price>
  <rating>
   2.36
  </rating>
  <reviews>
   989292
  </reviews>
  <exclusive>
   no
  </exclusive>
  <sporty>
   yes
  </sporty>
 </clothing>
 <clothing>
  <id>
   245156148
  </id>
  <name>
   Ellesse Hat P-7422
  </name>
  <category>
   Hat
  </category>
  <size>
   S
  </size>
  <color>
   Голубой
  </color>
  <material>
   Нейлон
  </material>
  <price>
   814374
  </price>
  <rating>
   1.4
  </rating>
  <reviews>
   753867
  </reviews>
  <exclusive>
   yes
  </exclusive>
  <sporty>
   yes
  </sporty>
 </clothing>
 <clothing>
  <id>
   720378619
  </id>
  <name>
   Brooks Jacket H-7760
  </name>
  <category>
   Jacket
  </category>
  <size>
   XL
  </size>
  <color>
   Желтый
  </color>
  <material>
   Хлопок
  </material>
  <price>
   608618
  </price>
  <rating>
   3.57
  </rating>
  <reviews>
   327737
  </reviews>
  <new>
   +
  </new>
  <sporty>
   yes
  </sporty>
 </clothing>
 <clothing>
  <id>
   926258219
  </id>
  <name>
   New Balance Sweater J-8995
  </name>
  <category>
   Sweater
  </category>
  <size>
   XXL
  </size>
  <color>
   Зеленый
  </color>
  <material>
   Шелк
  </material>
  <price>
   198059
  </price>
  <rating>
   3.89
  </rating>
  <reviews>
   339891
  </reviews>
  <new>
   -
  </new>
  <exclusive>
   no
  </exclusive>
  <sporty>
   no
  </sporty>
 </clothing>
 <clothing>
  <id>
   757449357
  </id>
  <name>
   PleinSport T-shirt E-7420
  </name>
  <category>
   T-shirt
  </category>
  <size>
   M
  </size>
  <color>
   Зеленый
  </color>
  <material>
   Вискоза
  </material>
  <price>
   861236
  </price>
  <rating>
   2.83
  </rating>
  <reviews>
   292341
  </reviews>
  <new>
   +
  </new>
  <sporty>
   no
  </sporty>
 </clothing>
 <clothing>
  <id>
   433327167
  </id>
  <name>
   Lacoste Shirt G-9923
  </name>
  <category>
   Shirt
  </category>
  <size>
   L
  </size>
  <color>
   Зеленый
  </color>
  <material>
   Хлопок
  </material>
  <price>
   323909
  </price>
  <rating>
   1.23
  </rating>
  <reviews>
   148218
  </reviews>
  <exclusive>
   yes
  </exclusive>
  <sporty>
   yes
  </sporty>
 </clothing>
 <clothing>
  <id>
   686570187
  </id>
  <name>
   Ellesse Skirt A-3591
  </name>
  <category>
   Skirt
  </category>
  <size>
   M
  </size>
  <color>
   Желтый
  </color>
  <material>
   Лен
  </material>
  <price>
   390306
  </price>
  <rating>
   1.32
  </rating>
  <reviews>
   671242
  </reviews>
  <new>
   -
  </new>
  <sporty>
   no
  </sporty>
 </clothing>
 <clothing>
  <id>
   846727244
  </id>
  <name>
   Reebok Socks R-6804
  </name>
  <category>
   Socks
  </category>
  <size>
   S
  </size>
  <color>
   Синий
  </color>
  <material>
   Шелк
  </material>
  <price>
   600739
  </price>
  <rating>
   1.66
  </rating>
  <reviews>
   821028
  </reviews>
  <exclusive>
   yes
  </exclusive>
  <sporty>
   no
  </sporty>
 </clothing>
 <clothing>
  <id>
   949317289
  </id>
  <name>
   Nike Hat V-4848
  </name>
  <category>
   Hat
  </category>
  <size>
   XXL
  </size>
  <color>
   Фиолетовый
  </color>
  <material>
   Кожа
  </material>
  <price>
   508190
  </price>
  <rating>
   1.92
  </rating>
  <reviews>
   368637
  </reviews>
  <exclusive>
   no
  </exclusive>
  <sporty>
   no
  </sporty>
 </clothing>
 <clothing>
  <id>
   849390946
  </id>
  <name>
   Converse Dress D-4217
  </name>
  <category>
   Dress
  </category>
  <size>
   XXL
  </size>
  <color>
   Желтый
  </color>
  <material>
   Лен
  </material>
  <price>
   505353
  </price>
  <rating>
   4.41
  </rating>
  <reviews>
   116745
  </reviews>
  <exclusive>
   yes
  </exclusive>
  <sporty>
   yes
  </sporty>
 </clothing>
 <clothing>
  <id>
   422827581
  </id>
  <name>
   Addidas Handbags B-9334
  </name>
  <category>
   Handbags
  </category>
  <size>
   XXL
  </size>
  <color>
   Оранжевый
  </color>
  <material>
   Нейлон
  </material>
  <price>
   895455
  </price>
  <rating>
   3.38
  </rating>
  <reviews>
   927828
  </reviews>
  <exclusive>
   no
  </exclusive>
  <sporty>
   yes
  </sporty>
 </clothing>
 <clothing>
  <id>
   641423554
  </id>
  <name>
   Adidas Umbrellas A-3903
  </name>
  <category>
   Umbrellas
  </category>
  <size>
   L
  </size>
  <color>
   Синий
  </color>
  <material>
   Вискоза
  </material>
  <price>
   328263
  </price>
  <rating>
   3.18
  </rating>
  <reviews>
   195937
  </reviews>
  <sporty>
   yes
  </sporty>
 </clothing>
 <clothing>
  <id>
   118195206
  </id>
  <name>
   DC Sweater S-7985
  </name>
  <category>
   Sweater
  </category>
  <size>
   S
  </size>
  <color>
   Синий
  </color>
  <material>
   Шерсть
  </material>
  <price>
   938946
  </price>
  <rating>
   3.27
  </rating>
  <reviews>
   595634
  </reviews>
  <exclusive>
   no
  </exclusive>
 </clothing>
 <clothing>
  <id>
   592508146
  </id>
  <name>
   Reebok Blouse C-5599
  </name>
  <category>
   Blouse
  </category>
  <size>
   XXL
  </size>
  <color>
   Синий
  </color>
  <material>
   Лен
  </material>
  <price>
   106850
  </price>
  <rating>
   2.61
  </rating>
  <reviews>
   75060
  </reviews>
  <new>
   -
  </new>
  <exclusive>
   no
  </exclusive>
 </clothing>
 <clothing>
  <id>
   440979067
  </id>
  <name>
   New Balance Sweater S-8529
  </name>
  <category>
   Sweater
  </category>
  <size>
   XL
  </size>
  <color>
   Оранжевый
  </color>
  <material>
   Шелк
  </material>
  <price>
   196456
  </price>
  <rating>
   3.14
  </rating>
  <reviews>
   786383
  </reviews>
  <exclusive>
   yes
  </exclusive>
 </clothing>
 <clothing>
  <id>
   452849173
  </id>
  <name>
   Fila Jacket Y-2779
  </name>
  <category>
   Jacket
  </category>
  <size>
   M
  </size>
  <color>
   Голубой
  </color>
  <material>
   Хлопок
  </material>
  <price>
   774745
  </price>
  <rating>
   4.96
  </rating>
  <reviews>
   411224
  </reviews>
  <new>
   +
  </new>
  <exclusive>
   yes
  </exclusive>
 </clothing>
 <clothing>
  <id>
   456504707
  </id>
  <name>
   Asics Jeans Y-7162
  </name>
  <category>
   Jeans
  </category>
  <size>
   XL
  </size>
  <color>
   Красный
  </color>
  <material>
   Полиэстер
  </material>
  <price>
   531580
  </price>
  <rating>
   4.82
  </rating>
  <reviews>
   496596
  </reviews>
  <exclusive>
   no
  </exclusive>
  <sporty>
   yes
  </sporty>
 </clothing>
 <clothing>
  <id>
   148290368
  </id>
  <name>
   PleinSport Hat M-3466
  </name>
  <category>
   Hat
  </category>
  <size>
   M
  </size>
  <color>
   Оранжевый
  </color>
  <material>
   Кожа
  </material>
  <price>
   628967
  </price>
  <rating>
   3.91
  </rating>
  <reviews>
   79793
  </reviews>
  <new>
   -
  </new>
  <sporty>
   yes
  </sporty>
 </clothing>
 <clothing>
  <id>
   317802420
  </id>
  <name>
   Converse Dress K-3397
  </name>
  <category>
   Dress
  </category>
  <size>
   XL
  </size>
  <color>
   Красный
  </color>
  <material>
   Полиэстер
  </material>
  <price>
   733051
  </price>
  <rating>
   1.94
  </rating>
  <reviews>
   562229
  </reviews>
  <new>
   -
  </new>
  <exclusive>
   no
  </exclusive>
 </clothing>
 <clothing>
  <id>
   358387705
  </id>
  <name>
   Vans Dress F-3476
  </name>
  <category>
   Dress
  </category>
  <size>
   XXL
  </size>
  <color>
   Голубой
  </color>
  <material>
   Кожа
  </material>
  <price>
   858180
  </price>
  <rating>
   3.78
  </rating>
  <reviews>
   835620
  </reviews>
  <new>
   +
  </new>
 </clothing>
 <clothing>
  <id>
   702955879
  </id>
  <name>
   DC Blouse I-9777
  </name>
  <category>
   Blouse
  </category>
  <size>
   XXL
  </size>
  <color>
   Желтый
  </color>
  <material>
   Нейлон
  </material>
  <price>
   681744
  </price>
  <rating>
   4.25
  </rating>
  <reviews>
   662621
  </reviews>
  <new>
   -
  </new>
  <exclusive>
   no
  </exclusive>
  <sporty>
   no
  </sporty>
 </clothing>
 <clothing>
  <id>
   470006296
  </id>
  <name>
   Converse Jeans W-6440
  </name>
  <category>
   Jeans
  </category>
  <size>
   S
  </size>
  <color>
   Желтый
  </color>
  <material>
   Шелк
  </material>
  <price>
   121169
  </price>
  <rating>
   2.16
  </rating>
  <reviews>
   469967
  </reviews>
  <new>
   +
  </new>
  <sporty>
   yes
  </sporty>
 </clothing>
 <clothing>
  <id>
   177096699
  </id>
  <name>
   New Balance Shoes G-4778
  </name>
  <category>
   Shoes
  </category>
  <size>
   XL
  </size>
  <color>
   Голубой
  </color>
  <material>
   Вискоза
  </material>
  <price>
   256467
  </price>
  <rating>
   1.55
  </rating>
  <reviews>
   304001
  </reviews>
  <exclusive>
   no
  </exclusive>
 </clothing>
 <clothing>
  <id>
   477911697
  </id>
  <name>
   Ellesse Belts P-6844
  </name>
  <category>
   Belts
  </category>
  <size>
   M
  </size>
  <color>
   Голубой
  </color>
  <material>
   Нейлон
  </material>
  <price>
   841537
  </price>
  <rating>
   4.54
  </rating>
  <reviews>
   872438
  </reviews>
  <new>
   -
  </new>
  <sporty>
   yes
  </sporty>
 </clothing>
</clothing-items>
