<?xml version="1.0" encoding="utf-8"?>
<clothing-items>
 <clothing>
  <id>
   336442190
  </id>
  <name>
   DC Jacket U-1609
  </name>
  <category>
   Jacket
  </category>
  <size>
   L
  </size>
  <color>
   Красный
  </color>
  <material>
   Шелк
  </material>
  <price>
   464588
  </price>
  <rating>
   2.25
  </rating>
  <reviews>
   268333
  </reviews>
  <sporty>
   yes
  </sporty>
 </clothing>
 <clothing>
  <id>
   575057402
  </id>
  <name>
   Vans Gloves F-9508
  </name>
  <category>
   Gloves
  </category>
  <size>
   S
  </size>
  <color>
   Зеленый
  </color>
  <material>
   Хлопок
  </material>
  <price>
   678660
  </price>
  <rating>
   4.45
  </rating>
  <reviews>
   641432
  </reviews>
  <exclusive>
   no
  </exclusive>
 </clothing>
 <clothing>
  <id>
   509125981
  </id>
  <name>
   New Balance Shoes W-6217
  </name>
  <category>
   Shoes
  </category>
  <size>
   XL
  </size>
  <color>
   Красный
  </color>
  <material>
   Кожа
  </material>
  <price>
   305986
  </price>
  <rating>
   3.04
  </rating>
  <reviews>
   395065
  </reviews>
  <sporty>
   yes
  </sporty>
 </clothing>
 <clothing>
  <id>
   499438242
  </id>
  <name>
   DC Jeans W-8153
  </name>
  <category>
   Jeans
  </category>
  <size>
   XL
  </size>
  <color>
   Синий
  </color>
  <material>
   Шерсть
  </material>
  <price>
   622758
  </price>
  <rating>
   1.31
  </rating>
  <reviews>
   496738
  </reviews>
  <exclusive>
   yes
  </exclusive>
  <sporty>
   yes
  </sporty>
 </clothing>
 <clothing>
  <id>
   192498379
  </id>
  <name>
   New Balance T-shirt C-6580
  </name>
  <category>
   T-shirt
  </category>
  <size>
   XXL
  </size>
  <color>
   Голубой
  </color>
  <material>
   Лен
  </material>
  <price>
   629394
  </price>
  <rating>
   1.49
  </rating>
  <reviews>
   857206
  </reviews>
  <exclusive>
   yes
  </exclusive>
  <sporty>
   no
  </sporty>
 </clothing>
 <clothing>
  <id>
   127990072
  </id>
  <name>
   Reebok Belts K-2328
  </name>
  <category>
   Belts
  </category>
  <size>
   L
  </size>
  <color>
   Синий
  </color>
  <material>
   Полиэстер
  </material>
  <price>
   893497
  </price>
  <rating>
   1.98
  </rating>
  <reviews>
   62688
  </reviews>
  <new>
   -
  </new>
  <exclusive>
   no
  </exclusive>
  <sporty>
   yes
  </sporty>
 </clothing>
 <clothing>
  <id>
   630942871
  </id>
  <name>
   Fila Socks B-9514
  </name>
  <category>
   Socks
  </category>
  <size>
   L
  </size>
  <color>
   Красный
  </color>
  <material>
   Шерсть
  </material>
  <price>
   867023
  </price>
  <rating>
   2.04
  </rating>
  <reviews>
   554866
  </reviews>
  <exclusive>
   yes
  </exclusive>
  <sporty>
   no
  </sporty>
 </clothing>
 <clothing>
  <id>
   608137370
  </id>
  <name>
   Brooks Belts Q-7697
  </name>
  <category>
   Belts
  </category>
  <size>
   L
  </size>
  <color>
   Синий
  </color>
  <material>
   Хлопок
  </material>
  <price>
   737361
  </price>
  <rating>
   3.53
  </rating>
  <reviews>
   63075
  </reviews>
  <new>
   -
  </new>
  <exclusive>
   yes
  </exclusive>
  <sporty>
   no
  </sporty>
 </clothing>
 <clothing>
  <id>
   476770566
  </id>
  <name>
   Lacoste Jacket M-3937
  </name>
  <category>
   Jacket
  </category>
  <size>
   XL
  </size>
  <color>
   Оранжевый
  </color>
  <material>
   Кожа
  </material>
  <price>
   262399
  </price>
  <rating>
   2.29
  </rating>
  <reviews>
   823212
  </reviews>
  <exclusive>
   no
  </exclusive>
  <sporty>
   yes
  </sporty>
 </clothing>
 <clothing>
  <id>
   501846497
  </id>
  <name>
   Nike Blouse A-7049
  </name>
  <category>
   Blouse
  </category>
  <size>
   XL
  </size>
  <color>
   Красный
  </color>
  <material>
   Шелк
  </material>
  <price>
   291753
  </price>
  <rating>
   3.27
  </rating>
  <reviews>
   408880
  </reviews>
  <new>
   -
  </new>
  <exclusive>
   yes
  </exclusive>
  <sporty>
   no
  </sporty>
 </clothing>
 <clothing>
  <id>
   331775999
  </id>
  <name>
   Converse Blouse E-9392
  </name>
  <category>
   Blouse
  </category>
  <size>
   L
  </size>
  <color>
   Зеленый
  </color>
  <material>
   Полиэстер
  </material>
  <price>
   108181
  </price>
  <rating>
   2.65
  </rating>
  <reviews>
   438576
  </reviews>
  <sporty>
   yes
  </sporty>
 </clothing>
 <clothing>
  <id>
   635572174
  </id>
  <name>
   Asics Hat R-9953
  </name>
  <category>
   Hat
  </category>
  <size>
   M
  </size>
  <color>
   Синий
  </color>
  <material>
   Вискоза
  </material>
  <price>
   238060
  </price>
  <rating>
   3.65
  </rating>
  <reviews>
   354533
  </reviews>
 </clothing>
 <clothing>
  <id>
   484294867
  </id>
  <name>
   PleinSport Jeans D-8235
  </name>
  <category>
   Jeans
  </category>
  <size>
   XL
  </size>
  <color>
   Синий
  </color>
  <material>
   Шелк
  </material>
  <price>
   100878
  </price>
  <rating>
   3.28
  </rating>
  <reviews>
   917322
  </reviews>
  <new>
   +
  </new>
  <sporty>
   no
  </sporty>
 </clothing>
 <clothing>
  <id>
   692473974
  </id>
  <name>
   Vans Umbrellas W-1397
  </name>
  <category>
   Umbrellas
  </category>
  <size>
   L
  </size>
  <color>
   Фиолетовый
  </color>
  <material>
   Вискоза
  </material>
  <price>
   575824
  </price>
  <rating>
   3.63
  </rating>
  <reviews>
   730211
  </reviews>
  <exclusive>
   no
  </exclusive>
  <sporty>
   yes
  </sporty>
 </clothing>
 <clothing>
  <id>
   557783618
  </id>
  <name>
   Puma Belts A-4850
  </name>
  <category>
   Belts
  </category>
  <size>
   S
  </size>
  <color>
   Оранжевый
  </color>
  <material>
   Нейлон
  </material>
  <price>
   668920
  </price>
  <rating>
   1.36
  </rating>
  <reviews>
   30186
  </reviews>
  <new>
   -
  </new>
  <sporty>
   no
  </sporty>
 </clothing>
</clothing-items>
