<?xml version="1.0" encoding="utf-8"?>
<clothing-items>
 <clothing>
  <id>
   547433709
  </id>
  <name>
   Vans Jeans L-2573
  </name>
  <category>
   Jeans
  </category>
  <size>
   M
  </size>
  <color>
   Красный
  </color>
  <material>
   Полиэстер
  </material>
  <price>
   197434
  </price>
  <rating>
   2.15
  </rating>
  <reviews>
   482075
  </reviews>
  <new>
   -
  </new>
 </clothing>
 <clothing>
  <id>
   794634116
  </id>
  <name>
   Ellesse Dress Z-6217
  </name>
  <category>
   Dress
  </category>
  <size>
   S
  </size>
  <color>
   Зеленый
  </color>
  <material>
   Вискоза
  </material>
  <price>
   874580
  </price>
  <rating>
   1.35
  </rating>
  <reviews>
   479319
  </reviews>
  <new>
   +
  </new>
  <exclusive>
   yes
  </exclusive>
  <sporty>
   no
  </sporty>
 </clothing>
 <clothing>
  <id>
   301453676
  </id>
  <name>
   Puma Gloves N-1601
  </name>
  <category>
   Gloves
  </category>
  <size>
   M
  </size>
  <color>
   Красный
  </color>
  <material>
   Лен
  </material>
  <price>
   756141
  </price>
  <rating>
   3.96
  </rating>
  <reviews>
   4030
  </reviews>
  <exclusive>
   no
  </exclusive>
  <sporty>
   yes
  </sporty>
 </clothing>
 <clothing>
  <id>
   744513712
  </id>
  <name>
   Reebok Socks K-1986
  </name>
  <category>
   Socks
  </category>
  <size>
   XXL
  </size>
  <color>
   Голубой
  </color>
  <material>
   Шерсть
  </material>
  <price>
   761574
  </price>
  <rating>
   1.04
  </rating>
  <reviews>
   896758
  </reviews>
  <new>
   -
  </new>
  <exclusive>
   no
  </exclusive>
  <sporty>
   yes
  </sporty>
 </clothing>
 <clothing>
  <id>
   389857494
  </id>
  <name>
   DC Jeans E-5034
  </name>
  <category>
   Jeans
  </category>
  <size>
   S
  </size>
  <color>
   Фиолетовый
  </color>
  <material>
   Полиэстер
  </material>
  <price>
   534587
  </price>
  <rating>
   1.78
  </rating>
  <reviews>
   552520
  </reviews>
  <new>
   -
  </new>
  <exclusive>
   no
  </exclusive>
  <sporty>
   yes
  </sporty>
 </clothing>
 <clothing>
  <id>
   106471158
  </id>
  <name>
   Ellesse Handbags S-1609
  </name>
  <category>
   Handbags
  </category>
  <size>
   XL
  </size>
  <color>
   Оранжевый
  </color>
  <material>
   Шерсть
  </material>
  <price>
   466022
  </price>
  <rating>
   3.29
  </rating>
  <reviews>
   696436
  </reviews>
 </clothing>
 <clothing>
  <id>
   605093125
  </id>
  <name>
   Adidas Dress W-7867
  </name>
  <category>
   Dress
  </category>
  <size>
   XXL
  </size>
  <color>
   Оранжевый
  </color>
  <material>
   Шелк
  </material>
  <price>
   363427
  </price>
  <rating>
   2.06
  </rating>
  <reviews>
   728772
  </reviews>
  <new>
   +
  </new>
  <exclusive>
   no
  </exclusive>
  <sporty>
   no
  </sporty>
 </clothing>
 <clothing>
  <id>
   442841478
  </id>
  <name>
   New Balance Socks L-6664
  </name>
  <category>
   Socks
  </category>
  <size>
   XL
  </size>
  <color>
   Красный
  </color>
  <material>
   Хлопок
  </material>
  <price>
   275651
  </price>
  <rating>
   4.44
  </rating>
  <reviews>
   952355
  </reviews>
  <new>
   -
  </new>
  <exclusive>
   no
  </exclusive>
 </clothing>
 <clothing>
  <id>
   772481197
  </id>
  <name>
   Brooks Dress Q-3707
  </name>
  <category>
   Dress
  </category>
  <size>
   L
  </size>
  <color>
   Голубой
  </color>
  <material>
   Лен
  </material>
  <price>
   174024
  </price>
  <rating>
   4.06
  </rating>
  <reviews>
   194137
  </reviews>
  <new>
   -
  </new>
  <exclusive>
   no
  </exclusive>
 </clothing>
 <clothing>
  <id>
   737219500
  </id>
  <name>
   Puma Jeans O-4441
  </name>
  <category>
   Jeans
  </category>
  <size>
   L
  </size>
  <color>
   Красный
  </color>
  <material>
   Полиэстер
  </material>
  <price>
   191011
  </price>
  <rating>
   3.6
  </rating>
  <reviews>
   539461
  </reviews>
  <new>
   -
  </new>
  <exclusive>
   yes
  </exclusive>
 </clothing>
 <clothing>
  <id>
   885164181
  </id>
  <name>
   Reebok Shirt F-9468
  </name>
  <category>
   Shirt
  </category>
  <size>
   S
  </size>
  <color>
   Зеленый
  </color>
  <material>
   Шелк
  </material>
  <price>
   661873
  </price>
  <rating>
   2.58
  </rating>
  <reviews>
   748467
  </reviews>
 </clothing>
 <clothing>
  <id>
   677711688
  </id>
  <name>
   Under Armour Pants M-8430
  </name>
  <category>
   Pants
  </category>
  <size>
   S
  </size>
  <color>
   Синий
  </color>
  <material>
   Нейлон
  </material>
  <price>
   782302
  </price>
  <rating>
   3.03
  </rating>
  <reviews>
   432521
  </reviews>
  <exclusive>
   no
  </exclusive>
 </clothing>
 <clothing>
  <id>
   639457799
  </id>
  <name>
   Lacoste Hat O-5338
  </name>
  <category>
   Hat
  </category>
  <size>
   L
  </size>
  <color>
   Зеленый
  </color>
  <material>
   Лен
  </material>
  <price>
   932127
  </price>
  <rating>
   2.51
  </rating>
  <reviews>
   722083
  </reviews>
  <exclusive>
   yes
  </exclusive>
 </clothing>
 <clothing>
  <id>
   786172437
  </id>
  <name>
   Under Armour Skirt B-7731
  </name>
  <category>
   Skirt
  </category>
  <size>
   L
  </size>
  <color>
   Фиолетовый
  </color>
  <material>
   Кожа
  </material>
  <price>
   168808
  </price>
  <rating>
   3.4
  </rating>
  <reviews>
   28782
  </reviews>
  <new>
   +
  </new>
  <exclusive>
   no
  </exclusive>
 </clothing>
 <clothing>
  <id>
   639954594
  </id>
  <name>
   Nike Jeans Z-8135
  </name>
  <category>
   Jeans
  </category>
  <size>
   S
  </size>
  <color>
   Зеленый
  </color>
  <material>
   Шелк
  </material>
  <price>
   366520
  </price>
  <rating>
   3.18
  </rating>
  <reviews>
   638606
  </reviews>
  <new>
   +
  </new>
  <sporty>
   yes
  </sporty>
 </clothing>
 <clothing>
  <id>
   268313114
  </id>
  <name>
   Adidas Hat T-3146
  </name>
  <category>
   Hat
  </category>
  <size>
   M
  </size>
  <color>
   Красный
  </color>
  <material>
   Шерсть
  </material>
  <price>
   541049
  </price>
  <rating>
   3.1
  </rating>
  <reviews>
   927490
  </reviews>
  <new>
   -
  </new>
 </clothing>
 <clothing>
  <id>
   324771379
  </id>
  <name>
   Reebok Dress C-4287
  </name>
  <category>
   Dress
  </category>
  <size>
   S
  </size>
  <color>
   Красный
  </color>
  <material>
   Шерсть
  </material>
  <price>
   799059
  </price>
  <rating>
   3.54
  </rating>
  <reviews>
   484095
  </reviews>
  <new>
   -
  </new>
 </clothing>
 <clothing>
  <id>
   339185587
  </id>
  <name>
   Reebok Gloves G-4085
  </name>
  <category>
   Gloves
  </category>
  <size>
   L
  </size>
  <color>
   Оранжевый
  </color>
  <material>
   Шерсть
  </material>
  <price>
   907478
  </price>
  <rating>
   3.24
  </rating>
  <reviews>
   633089
  </reviews>
  <exclusive>
   yes
  </exclusive>
 </clothing>
 <clothing>
  <id>
   698106087
  </id>
  <name>
   New Balance Umbrellas V-5775
  </name>
  <category>
   Umbrellas
  </category>
  <size>
   XL
  </size>
  <color>
   Синий
  </color>
  <material>
   Нейлон
  </material>
  <price>
   200527
  </price>
  <rating>
   4.1
  </rating>
  <reviews>
   299266
  </reviews>
  <new>
   +
  </new>
 </clothing>
 <clothing>
  <id>
   769445055
  </id>
  <name>
   New Balance Hat X-4247
  </name>
  <category>
   Hat
  </category>
  <size>
   XXL
  </size>
  <color>
   Голубой
  </color>
  <material>
   Шелк
  </material>
  <price>
   197395
  </price>
  <rating>
   4.53
  </rating>
  <reviews>
   956977
  </reviews>
  <new>
   -
  </new>
  <exclusive>
   no
  </exclusive>
  <sporty>
   yes
  </sporty>
 </clothing>
 <clothing>
  <id>
   256831101
  </id>
  <name>
   Addidas Jacket O-1047
  </name>
  <category>
   Jacket
  </category>
  <size>
   S
  </size>
  <color>
   Синий
  </color>
  <material>
   Лен
  </material>
  <price>
   580163
  </price>
  <rating>
   2.79
  </rating>
  <reviews>
   226521
  </reviews>
  <new>
   -
  </new>
  <exclusive>
   no
  </exclusive>
  <sporty>
   yes
  </sporty>
 </clothing>
 <clothing>
  <id>
   970242061
  </id>
  <name>
   Converse Jacket R-3396
  </name>
  <category>
   Jacket
  </category>
  <size>
   S
  </size>
  <color>
   Оранжевый
  </color>
  <material>
   Хлопок
  </material>
  <price>
   327066
  </price>
  <rating>
   3.62
  </rating>
  <reviews>
   31693
  </reviews>
  <new>
   +
  </new>
  <sporty>
   no
  </sporty>
 </clothing>
 <clothing>
  <id>
   834014702
  </id>
  <name>
   PleinSport Skirt C-7228
  </name>
  <category>
   Skirt
  </category>
  <size>
   M
  </size>
  <color>
   Оранжевый
  </color>
  <material>
   Полиэстер
  </material>
  <price>
   602584
  </price>
  <rating>
   4.74
  </rating>
  <reviews>
   465704
  </reviews>
 </clothing>
 <clothing>
  <id>
   281430321
  </id>
  <name>
   Converse Sweater A-4422
  </name>
  <category>
   Sweater
  </category>
  <size>
   XXL
  </size>
  <color>
   Синий
  </color>
  <material>
   Шелк
  </material>
  <price>
   383502
  </price>
  <rating>
   3.05
  </rating>
  <reviews>
   347474
  </reviews>
 </clothing>
 <clothing>
  <id>
   910579502
  </id>
  <name>
   Under Armour Dress G-6158
  </name>
  <category>
   Dress
  </category>
  <size>
   XXL
  </size>
  <color>
   Зеленый
  </color>
  <material>
   Лен
  </material>
  <price>
   586494
  </price>
  <rating>
   4.27
  </rating>
  <reviews>
   308902
  </reviews>
 </clothing>
 <clothing>
  <id>
   518092654
  </id>
  <name>
   Puma Jacket L-8936
  </name>
  <category>
   Jacket
  </category>
  <size>
   XXL
  </size>
  <color>
   Красный
  </color>
  <material>
   Кожа
  </material>
  <price>
   145444
  </price>
  <rating>
   2.68
  </rating>
  <reviews>
   888024
  </reviews>
  <exclusive>
   no
  </exclusive>
  <sporty>
   no
  </sporty>
 </clothing>
 <clothing>
  <id>
   841883046
  </id>
  <name>
   Lacoste Hat L-6818
  </name>
  <category>
   Hat
  </category>
  <size>
   S
  </size>
  <color>
   Зеленый
  </color>
  <material>
   Вискоза
  </material>
  <price>
   537123
  </price>
  <rating>
   4.3
  </rating>
  <reviews>
   763350
  </reviews>
  <new>
   -
  </new>
  <exclusive>
   no
  </exclusive>
 </clothing>
 <clothing>
  <id>
   456903408
  </id>
  <name>
   Addidas Jeans J-3376
  </name>
  <category>
   Jeans
  </category>
  <size>
   M
  </size>
  <color>
   Синий
  </color>
  <material>
   Нейлон
  </material>
  <price>
   540580
  </price>
  <rating>
   4.41
  </rating>
  <reviews>
   357759
  </reviews>
 </clothing>
 <clothing>
  <id>
   118776557
  </id>
  <name>
   Reebok Pants I-3804
  </name>
  <category>
   Pants
  </category>
  <size>
   M
  </size>
  <color>
   Зеленый
  </color>
  <material>
   Шерсть
  </material>
  <price>
   310152
  </price>
  <rating>
   4.57
  </rating>
  <reviews>
   973770
  </reviews>
  <exclusive>
   no
  </exclusive>
  <sporty>
   no
  </sporty>
 </clothing>
 <clothing>
  <id>
   449801076
  </id>
  <name>
   Addidas Socks D-5883
  </name>
  <category>
   Socks
  </category>
  <size>
   S
  </size>
  <color>
   Оранжевый
  </color>
  <material>
   Шерсть
  </material>
  <price>
   611501
  </price>
  <rating>
   3.44
  </rating>
  <reviews>
   273293
  </reviews>
  <new>
   +
  </new>
  <exclusive>
   no
  </exclusive>
  <sporty>
   yes
  </sporty>
 </clothing>
 <clothing>
  <id>
   508842945
  </id>
  <name>
   PleinSport Dress R-6444
  </name>
  <category>
   Dress
  </category>
  <size>
   XXL
  </size>
  <color>
   Красный
  </color>
  <material>
   Кожа
  </material>
  <price>
   197789
  </price>
  <rating>
   3.95
  </rating>
  <reviews>
   524795
  </reviews>
 </clothing>
 <clothing>
  <id>
   717184343
  </id>
  <name>
   Converse Pants E-4562
  </name>
  <category>
   Pants
  </category>
  <size>
   L
  </size>
  <color>
   Желтый
  </color>
  <material>
   Шерсть
  </material>
  <price>
   168527
  </price>
  <rating>
   2.77
  </rating>
  <reviews>
   886009
  </reviews>
  <new>
   -
  </new>
 </clothing>
 <clothing>
  <id>
   362553080
  </id>
  <name>
   Vans Gloves R-9672
  </name>
  <category>
   Gloves
  </category>
  <size>
   M
  </size>
  <color>
   Желтый
  </color>
  <material>
   Вискоза
  </material>
  <price>
   369922
  </price>
  <rating>
   2.7
  </rating>
  <reviews>
   834845
  </reviews>
  <new>
   +
  </new>
  <exclusive>
   yes
  </exclusive>
  <sporty>
   no
  </sporty>
 </clothing>
 <clothing>
  <id>
   981389113
  </id>
  <name>
   Vans Jeans G-3265
  </name>
  <category>
   Jeans
  </category>
  <size>
   XL
  </size>
  <color>
   Голубой
  </color>
  <material>
   Шерсть
  </material>
  <price>
   754332
  </price>
  <rating>
   4.91
  </rating>
  <reviews>
   742795
  </reviews>
  <new>
   +
  </new>
  <exclusive>
   no
  </exclusive>
 </clothing>
 <clothing>
  <id>
   233553171
  </id>
  <name>
   Ellesse Jacket P-7684
  </name>
  <category>
   Jacket
  </category>
  <size>
   L
  </size>
  <color>
   Оранжевый
  </color>
  <material>
   Хлопок
  </material>
  <price>
   438132
  </price>
  <rating>
   4.05
  </rating>
  <reviews>
   484235
  </reviews>
  <new>
   -
  </new>
  <exclusive>
   no
  </exclusive>
  <sporty>
   no
  </sporty>
 </clothing>
 <clothing>
  <id>
   294351494
  </id>
  <name>
   Under Armour Dress C-3678
  </name>
  <category>
   Dress
  </category>
  <size>
   XXL
  </size>
  <color>
   Голубой
  </color>
  <material>
   Шерсть
  </material>
  <price>
   746748
  </price>
  <rating>
   1.19
  </rating>
  <reviews>
   992329
  </reviews>
  <sporty>
   no
  </sporty>
 </clothing>
 <clothing>
  <id>
   618376821
  </id>
  <name>
   Addidas Hat L-6271
  </name>
  <category>
   Hat
  </category>
  <size>
   L
  </size>
  <color>
   Голубой
  </color>
  <material>
   Хлопок
  </material>
  <price>
   612407
  </price>
  <rating>
   2.56
  </rating>
  <reviews>
   57636
  </reviews>
  <new>
   -
  </new>
 </clothing>
</clothing-items>
