<?xml version="1.0" encoding="utf-8"?>
<clothing-items>
 <clothing>
  <id>
   643857415
  </id>
  <name>
   Nike T-shirt J-6755
  </name>
  <category>
   T-shirt
  </category>
  <size>
   XXL
  </size>
  <color>
   Красный
  </color>
  <material>
   Кожа
  </material>
  <price>
   785341
  </price>
  <rating>
   1.21
  </rating>
  <reviews>
   616564
  </reviews>
  <new>
   -
  </new>
  <exclusive>
   no
  </exclusive>
  <sporty>
   no
  </sporty>
 </clothing>
 <clothing>
  <id>
   215052506
  </id>
  <name>
   Ellesse Shirt N-4759
  </name>
  <category>
   Shirt
  </category>
  <size>
   S
  </size>
  <color>
   Оранжевый
  </color>
  <material>
   Шерсть
  </material>
  <price>
   741074
  </price>
  <rating>
   3.18
  </rating>
  <reviews>
   823736
  </reviews>
  <new>
   -
  </new>
  <exclusive>
   yes
  </exclusive>
  <sporty>
   yes
  </sporty>
 </clothing>
 <clothing>
  <id>
   651674822
  </id>
  <name>
   Puma Blouse R-9113
  </name>
  <category>
   Blouse
  </category>
  <size>
   XL
  </size>
  <color>
   Красный
  </color>
  <material>
   Кожа
  </material>
  <price>
   679056
  </price>
  <rating>
   1.69
  </rating>
  <reviews>
   535653
  </reviews>
  <new>
   +
  </new>
  <sporty>
   yes
  </sporty>
 </clothing>
 <clothing>
  <id>
   622174701
  </id>
  <name>
   Asics Sweater W-4119
  </name>
  <category>
   Sweater
  </category>
  <size>
   M
  </size>
  <color>
   Фиолетовый
  </color>
  <material>
   Хлопок
  </material>
  <price>
   831944
  </price>
  <rating>
   3.02
  </rating>
  <reviews>
   604214
  </reviews>
  <exclusive>
   no
  </exclusive>
 </clothing>
 <clothing>
  <id>
   298590609
  </id>
  <name>
   Under Armour T-shirt Y-5909
  </name>
  <category>
   T-shirt
  </category>
  <size>
   S
  </size>
  <color>
   Зеленый
  </color>
  <material>
   Кожа
  </material>
  <price>
   817551
  </price>
  <rating>
   1.9
  </rating>
  <reviews>
   255132
  </reviews>
 </clothing>
 <clothing>
  <id>
   715393425
  </id>
  <name>
   Addidas Blouse C-8720
  </name>
  <category>
   Blouse
  </category>
  <size>
   XL
  </size>
  <color>
   Желтый
  </color>
  <material>
   Кожа
  </material>
  <price>
   548285
  </price>
  <rating>
   4.32
  </rating>
  <reviews>
   666122
  </reviews>
  <new>
   +
  </new>
  <exclusive>
   yes
  </exclusive>
  <sporty>
   yes
  </sporty>
 </clothing>
 <clothing>
  <id>
   417447017
  </id>
  <name>
   Vans Jeans D-1856
  </name>
  <category>
   Jeans
  </category>
  <size>
   XL
  </size>
  <color>
   Голубой
  </color>
  <material>
   Шерсть
  </material>
  <price>
   870501
  </price>
  <rating>
   4.99
  </rating>
  <reviews>
   631958
  </reviews>
  <exclusive>
   no
  </exclusive>
  <sporty>
   yes
  </sporty>
 </clothing>
 <clothing>
  <id>
   180465254
  </id>
  <name>
   Nike T-shirt G-1043
  </name>
  <category>
   T-shirt
  </category>
  <size>
   L
  </size>
  <color>
   Желтый
  </color>
  <material>
   Шелк
  </material>
  <price>
   624480
  </price>
  <rating>
   3.37
  </rating>
  <reviews>
   317464
  </reviews>
 </clothing>
 <clothing>
  <id>
   126757936
  </id>
  <name>
   Vans Gloves Z-1532
  </name>
  <category>
   Gloves
  </category>
  <size>
   S
  </size>
  <color>
   Желтый
  </color>
  <material>
   Вискоза
  </material>
  <price>
   476327
  </price>
  <rating>
   1.32
  </rating>
  <reviews>
   858733
  </reviews>
  <new>
   -
  </new>
  <exclusive>
   yes
  </exclusive>
  <sporty>
   no
  </sporty>
 </clothing>
 <clothing>
  <id>
   528173470
  </id>
  <name>
   Asics Sweater E-4393
  </name>
  <category>
   Sweater
  </category>
  <size>
   L
  </size>
  <color>
   Голубой
  </color>
  <material>
   Кожа
  </material>
  <price>
   577674
  </price>
  <rating>
   2.15
  </rating>
  <reviews>
   78086
  </reviews>
  <exclusive>
   yes
  </exclusive>
 </clothing>
 <clothing>
  <id>
   844241585
  </id>
  <name>
   Under Armour T-shirt U-6047
  </name>
  <category>
   T-shirt
  </category>
  <size>
   M
  </size>
  <color>
   Оранжевый
  </color>
  <material>
   Лен
  </material>
  <price>
   484189
  </price>
  <rating>
   4.23
  </rating>
  <reviews>
   901534
  </reviews>
  <new>
   +
  </new>
  <exclusive>
   no
  </exclusive>
  <sporty>
   no
  </sporty>
 </clothing>
 <clothing>
  <id>
   181213101
  </id>
  <name>
   Puma Shirt S-8758
  </name>
  <category>
   Shirt
  </category>
  <size>
   XL
  </size>
  <color>
   Голубой
  </color>
  <material>
   Нейлон
  </material>
  <price>
   825525
  </price>
  <rating>
   4.28
  </rating>
  <reviews>
   610253
  </reviews>
  <new>
   -
  </new>
  <exclusive>
   no
  </exclusive>
  <sporty>
   no
  </sporty>
 </clothing>
 <clothing>
  <id>
   151849619
  </id>
  <name>
   Asics Jacket B-1466
  </name>
  <category>
   Jacket
  </category>
  <size>
   XL
  </size>
  <color>
   Красный
  </color>
  <material>
   Полиэстер
  </material>
  <price>
   610138
  </price>
  <rating>
   2.29
  </rating>
  <reviews>
   82590
  </reviews>
  <sporty>
   no
  </sporty>
 </clothing>
 <clothing>
  <id>
   564115743
  </id>
  <name>
   Puma Jeans X-7857
  </name>
  <category>
   Jeans
  </category>
  <size>
   XL
  </size>
  <color>
   Фиолетовый
  </color>
  <material>
   Кожа
  </material>
  <price>
   158032
  </price>
  <rating>
   4.13
  </rating>
  <reviews>
   943206
  </reviews>
  <new>
   -
  </new>
  <exclusive>
   no
  </exclusive>
 </clothing>
 <clothing>
  <id>
   995874468
  </id>
  <name>
   Lacoste Shoes B-8531
  </name>
  <category>
   Shoes
  </category>
  <size>
   L
  </size>
  <color>
   Оранжевый
  </color>
  <material>
   Шелк
  </material>
  <price>
   858460
  </price>
  <rating>
   2.3
  </rating>
  <reviews>
   277929
  </reviews>
  <exclusive>
   yes
  </exclusive>
  <sporty>
   yes
  </sporty>
 </clothing>
 <clothing>
  <id>
   484677690
  </id>
  <name>
   Converse Sweater D-8470
  </name>
  <category>
   Sweater
  </category>
  <size>
   XXL
  </size>
  <color>
   Синий
  </color>
  <material>
   Шерсть
  </material>
  <price>
   114936
  </price>
  <rating>
   2.64
  </rating>
  <reviews>
   384597
  </reviews>
  <new>
   -
  </new>
  <sporty>
   no
  </sporty>
 </clothing>
 <clothing>
  <id>
   635890600
  </id>
  <name>
   Converse Sweater D-4299
  </name>
  <category>
   Sweater
  </category>
  <size>
   XL
  </size>
  <color>
   Синий
  </color>
  <material>
   Вискоза
  </material>
  <price>
   888151
  </price>
  <rating>
   2.26
  </rating>
  <reviews>
   860911
  </reviews>
 </clothing>
 <clothing>
  <id>
   442022708
  </id>
  <name>
   Under Armour Shoes U-5940
  </name>
  <category>
   Shoes
  </category>
  <size>
   M
  </size>
  <color>
   Фиолетовый
  </color>
  <material>
   Кожа
  </material>
  <price>
   298359
  </price>
  <rating>
   3.12
  </rating>
  <reviews>
   869414
  </reviews>
  <new>
   -
  </new>
  <sporty>
   yes
  </sporty>
 </clothing>
 <clothing>
  <id>
   325815967
  </id>
  <name>
   PleinSport Handbags T-6929
  </name>
  <category>
   Handbags
  </category>
  <size>
   M
  </size>
  <color>
   Красный
  </color>
  <material>
   Лен
  </material>
  <price>
   830923
  </price>
  <rating>
   4.01
  </rating>
  <reviews>
   910636
  </reviews>
 </clothing>
 <clothing>
  <id>
   879366345
  </id>
  <name>
   Lacoste Shoes G-2972
  </name>
  <category>
   Shoes
  </category>
  <size>
   XL
  </size>
  <color>
   Фиолетовый
  </color>
  <material>
   Шерсть
  </material>
  <price>
   401852
  </price>
  <rating>
   4.97
  </rating>
  <reviews>
   703701
  </reviews>
  <new>
   -
  </new>
 </clothing>
 <clothing>
  <id>
   504482472
  </id>
  <name>
   Adidas Shoes I-6373
  </name>
  <category>
   Shoes
  </category>
  <size>
   S
  </size>
  <color>
   Фиолетовый
  </color>
  <material>
   Вискоза
  </material>
  <price>
   927568
  </price>
  <rating>
   4.65
  </rating>
  <reviews>
   647175
  </reviews>
  <new>
   +
  </new>
 </clothing>
 <clothing>
  <id>
   993133963
  </id>
  <name>
   Puma Socks Y-4594
  </name>
  <category>
   Socks
  </category>
  <size>
   S
  </size>
  <color>
   Синий
  </color>
  <material>
   Шерсть
  </material>
  <price>
   782144
  </price>
  <rating>
   2.48
  </rating>
  <reviews>
   847323
  </reviews>
  <exclusive>
   yes
  </exclusive>
  <sporty>
   no
  </sporty>
 </clothing>
 <clothing>
  <id>
   947272066
  </id>
  <name>
   Vans T-shirt X-3927
  </name>
  <category>
   T-shirt
  </category>
  <size>
   M
  </size>
  <color>
   Оранжевый
  </color>
  <material>
   Кожа
  </material>
  <price>
   796074
  </price>
  <rating>
   4.79
  </rating>
  <reviews>
   47369
  </reviews>
  <new>
   -
  </new>
  <sporty>
   no
  </sporty>
 </clothing>
 <clothing>
  <id>
   992843165
  </id>
  <name>
   Lacoste Gloves L-6729
  </name>
  <category>
   Gloves
  </category>
  <size>
   S
  </size>
  <color>
   Оранжевый
  </color>
  <material>
   Вискоза
  </material>
  <price>
   939108
  </price>
  <rating>
   3.66
  </rating>
  <reviews>
   71095
  </reviews>
  <sporty>
   no
  </sporty>
 </clothing>
 <clothing>
  <id>
   665318137
  </id>
  <name>
   Fila Blouse C-9482
  </name>
  <category>
   Blouse
  </category>
  <size>
   M
  </size>
  <color>
   Синий
  </color>
  <material>
   Шерсть
  </material>
  <price>
   102544
  </price>
  <rating>
   2.57
  </rating>
  <reviews>
   593719
  </reviews>
  <new>
   -
  </new>
  <exclusive>
   no
  </exclusive>
  <sporty>
   yes
  </sporty>
 </clothing>
 <clothing>
  <id>
   124005814
  </id>
  <name>
   Under Armour Pants P-7396
  </name>
  <category>
   Pants
  </category>
  <size>
   S
  </size>
  <color>
   Красный
  </color>
  <material>
   Шерсть
  </material>
  <price>
   939270
  </price>
  <rating>
   4.99
  </rating>
  <reviews>
   799479
  </reviews>
  <new>
   +
  </new>
  <exclusive>
   yes
  </exclusive>
 </clothing>
 <clothing>
  <id>
   387752597
  </id>
  <name>
   Ellesse Socks P-3981
  </name>
  <category>
   Socks
  </category>
  <size>
   S
  </size>
  <color>
   Оранжевый
  </color>
  <material>
   Хлопок
  </material>
  <price>
   148936
  </price>
  <rating>
   4.92
  </rating>
  <reviews>
   221319
  </reviews>
  <new>
   +
  </new>
 </clothing>
 <clothing>
  <id>
   254715715
  </id>
  <name>
   Fila Shoes C-1765
  </name>
  <category>
   Shoes
  </category>
  <size>
   XL
  </size>
  <color>
   Красный
  </color>
  <material>
   Хлопок
  </material>
  <price>
   866241
  </price>
  <rating>
   3.59
  </rating>
  <reviews>
   880955
  </reviews>
  <sporty>
   no
  </sporty>
 </clothing>
 <clothing>
  <id>
   955045335
  </id>
  <name>
   Adidas Hat Z-6264
  </name>
  <category>
   Hat
  </category>
  <size>
   S
  </size>
  <color>
   Зеленый
  </color>
  <material>
   Вискоза
  </material>
  <price>
   582969
  </price>
  <rating>
   1.62
  </rating>
  <reviews>
   831574
  </reviews>
  <new>
   -
  </new>
  <exclusive>
   no
  </exclusive>
 </clothing>
 <clothing>
  <id>
   135801520
  </id>
  <name>
   PleinSport Sweater Y-5305
  </name>
  <category>
   Sweater
  </category>
  <size>
   S
  </size>
  <color>
   Зеленый
  </color>
  <material>
   Кожа
  </material>
  <price>
   964242
  </price>
  <rating>
   4.32
  </rating>
  <reviews>
   177895
  </reviews>
  <exclusive>
   yes
  </exclusive>
  <sporty>
   no
  </sporty>
 </clothing>
 <clothing>
  <id>
   544606085
  </id>
  <name>
   New Balance Handbags W-3704
  </name>
  <category>
   Handbags
  </category>
  <size>
   XL
  </size>
  <color>
   Оранжевый
  </color>
  <material>
   Вискоза
  </material>
  <price>
   886799
  </price>
  <rating>
   1.17
  </rating>
  <reviews>
   493460
  </reviews>
  <new>
   -
  </new>
 </clothing>
 <clothing>
  <id>
   376718324
  </id>
  <name>
   Puma Shirt U-1160
  </name>
  <category>
   Shirt
  </category>
  <size>
   S
  </size>
  <color>
   Оранжевый
  </color>
  <material>
   Нейлон
  </material>
  <price>
   205623
  </price>
  <rating>
   4.55
  </rating>
  <reviews>
   449043
  </reviews>
  <exclusive>
   yes
  </exclusive>
  <sporty>
   no
  </sporty>
 </clothing>
 <clothing>
  <id>
   982561415
  </id>
  <name>
   Reebok Blouse H-7627
  </name>
  <category>
   Blouse
  </category>
  <size>
   M
  </size>
  <color>
   Зеленый
  </color>
  <material>
   Шерсть
  </material>
  <price>
   457189
  </price>
  <rating>
   1.85
  </rating>
  <reviews>
   705621
  </reviews>
  <new>
   -
  </new>
  <sporty>
   no
  </sporty>
 </clothing>
 <clothing>
  <id>
   655131881
  </id>
  <name>
   Brooks Shirt V-3823
  </name>
  <category>
   Shirt
  </category>
  <size>
   XL
  </size>
  <color>
   Красный
  </color>
  <material>
   Вискоза
  </material>
  <price>
   444362
  </price>
  <rating>
   1.59
  </rating>
  <reviews>
   886934
  </reviews>
  <new>
   -
  </new>
 </clothing>
 <clothing>
  <id>
   451088350
  </id>
  <name>
   Addidas Jacket E-5470
  </name>
  <category>
   Jacket
  </category>
  <size>
   M
  </size>
  <color>
   Желтый
  </color>
  <material>
   Шерсть
  </material>
  <price>
   161675
  </price>
  <rating>
   4.26
  </rating>
  <reviews>
   267898
  </reviews>
  <exclusive>
   no
  </exclusive>
  <sporty>
   no
  </sporty>
 </clothing>
 <clothing>
  <id>
   125714035
  </id>
  <name>
   Ellesse Skirt F-6799
  </name>
  <category>
   Skirt
  </category>
  <size>
   S
  </size>
  <color>
   Оранжевый
  </color>
  <material>
   Шелк
  </material>
  <price>
   382711
  </price>
  <rating>
   2.85
  </rating>
  <reviews>
   245353
  </reviews>
  <new>
   -
  </new>
  <exclusive>
   yes
  </exclusive>
 </clothing>
</clothing-items>
