<?xml version="1.0" encoding="utf-8"?>
<clothing-items>
 <clothing>
  <id>
   154305900
  </id>
  <name>
   New Balance Gloves Z-7160
  </name>
  <category>
   Gloves
  </category>
  <size>
   XL
  </size>
  <color>
   Синий
  </color>
  <material>
   Вискоза
  </material>
  <price>
   883914
  </price>
  <rating>
   3.39
  </rating>
  <reviews>
   216135
  </reviews>
  <new>
   +
  </new>
 </clothing>
 <clothing>
  <id>
   846119588
  </id>
  <name>
   Brooks Jacket E-5589
  </name>
  <category>
   Jacket
  </category>
  <size>
   S
  </size>
  <color>
   Зеленый
  </color>
  <material>
   Нейлон
  </material>
  <price>
   139676
  </price>
  <rating>
   4.77
  </rating>
  <reviews>
   879497
  </reviews>
  <new>
   -
  </new>
  <exclusive>
   no
  </exclusive>
  <sporty>
   no
  </sporty>
 </clothing>
 <clothing>
  <id>
   675751936
  </id>
  <name>
   Vans Jacket B-6522
  </name>
  <category>
   Jacket
  </category>
  <size>
   L
  </size>
  <color>
   Синий
  </color>
  <material>
   Кожа
  </material>
  <price>
   140804
  </price>
  <rating>
   4.77
  </rating>
  <reviews>
   634519
  </reviews>
  <exclusive>
   no
  </exclusive>
  <sporty>
   yes
  </sporty>
 </clothing>
 <clothing>
  <id>
   498534356
  </id>
  <name>
   DC Blouse Z-2744
  </name>
  <category>
   Blouse
  </category>
  <size>
   XL
  </size>
  <color>
   Синий
  </color>
  <material>
   Шерсть
  </material>
  <price>
   560823
  </price>
  <rating>
   3.57
  </rating>
  <reviews>
   505139
  </reviews>
 </clothing>
 <clothing>
  <id>
   256315776
  </id>
  <name>
   Brooks Gloves I-7913
  </name>
  <category>
   Gloves
  </category>
  <size>
   L
  </size>
  <color>
   Фиолетовый
  </color>
  <material>
   Шелк
  </material>
  <price>
   865911
  </price>
  <rating>
   1.53
  </rating>
  <reviews>
   589522
  </reviews>
  <new>
   +
  </new>
  <exclusive>
   no
  </exclusive>
  <sporty>
   yes
  </sporty>
 </clothing>
 <clothing>
  <id>
   142652574
  </id>
  <name>
   PleinSport Jacket N-1780
  </name>
  <category>
   Jacket
  </category>
  <size>
   L
  </size>
  <color>
   Фиолетовый
  </color>
  <material>
   Нейлон
  </material>
  <price>
   165968
  </price>
  <rating>
   4.7
  </rating>
  <reviews>
   879729
  </reviews>
  <new>
   +
  </new>
  <sporty>
   yes
  </sporty>
 </clothing>
 <clothing>
  <id>
   523878794
  </id>
  <name>
   Lacoste Sweater X-6911
  </name>
  <category>
   Sweater
  </category>
  <size>
   L
  </size>
  <color>
   Голубой
  </color>
  <material>
   Вискоза
  </material>
  <price>
   689942
  </price>
  <rating>
   4.35
  </rating>
  <reviews>
   381936
  </reviews>
  <new>
   +
  </new>
  <exclusive>
   yes
  </exclusive>
  <sporty>
   no
  </sporty>
 </clothing>
 <clothing>
  <id>
   928917029
  </id>
  <name>
   Adidas Skirt K-6656
  </name>
  <category>
   Skirt
  </category>
  <size>
   L
  </size>
  <color>
   Желтый
  </color>
  <material>
   Полиэстер
  </material>
  <price>
   497918
  </price>
  <rating>
   4.74
  </rating>
  <reviews>
   154446
  </reviews>
  <new>
   +
  </new>
  <exclusive>
   no
  </exclusive>
 </clothing>
 <clothing>
  <id>
   308987131
  </id>
  <name>
   Reebok T-shirt R-7187
  </name>
  <category>
   T-shirt
  </category>
  <size>
   XL
  </size>
  <color>
   Фиолетовый
  </color>
  <material>
   Нейлон
  </material>
  <price>
   609003
  </price>
  <rating>
   1.31
  </rating>
  <reviews>
   211001
  </reviews>
 </clothing>
 <clothing>
  <id>
   991862032
  </id>
  <name>
   New Balance Umbrellas B-9462
  </name>
  <category>
   Umbrellas
  </category>
  <size>
   XL
  </size>
  <color>
   Желтый
  </color>
  <material>
   Вискоза
  </material>
  <price>
   775198
  </price>
  <rating>
   1.21
  </rating>
  <reviews>
   586640
  </reviews>
  <exclusive>
   no
  </exclusive>
 </clothing>
 <clothing>
  <id>
   102934453
  </id>
  <name>
   Nike Shoes P-3240
  </name>
  <category>
   Shoes
  </category>
  <size>
   L
  </size>
  <color>
   Желтый
  </color>
  <material>
   Хлопок
  </material>
  <price>
   777488
  </price>
  <rating>
   3.73
  </rating>
  <reviews>
   705958
  </reviews>
  <exclusive>
   no
  </exclusive>
 </clothing>
 <clothing>
  <id>
   313871837
  </id>
  <name>
   New Balance Handbags I-2672
  </name>
  <category>
   Handbags
  </category>
  <size>
   M
  </size>
  <color>
   Красный
  </color>
  <material>
   Лен
  </material>
  <price>
   128958
  </price>
  <rating>
   4.49
  </rating>
  <reviews>
   94782
  </reviews>
  <new>
   -
  </new>
  <exclusive>
   no
  </exclusive>
  <sporty>
   yes
  </sporty>
 </clothing>
 <clothing>
  <id>
   953419136
  </id>
  <name>
   Lacoste Handbags A-7922
  </name>
  <category>
   Handbags
  </category>
  <size>
   XL
  </size>
  <color>
   Синий
  </color>
  <material>
   Шерсть
  </material>
  <price>
   996647
  </price>
  <rating>
   4.08
  </rating>
  <reviews>
   850689
  </reviews>
  <new>
   -
  </new>
  <sporty>
   yes
  </sporty>
 </clothing>
 <clothing>
  <id>
   597587453
  </id>
  <name>
   DC Umbrellas A-4589
  </name>
  <category>
   Umbrellas
  </category>
  <size>
   S
  </size>
  <color>
   Красный
  </color>
  <material>
   Лен
  </material>
  <price>
   992038
  </price>
  <rating>
   4.31
  </rating>
  <reviews>
   573278
  </reviews>
  <new>
   -
  </new>
  <exclusive>
   yes
  </exclusive>
  <sporty>
   yes
  </sporty>
 </clothing>
 <clothing>
  <id>
   171493719
  </id>
  <name>
   Addidas Socks O-8988
  </name>
  <category>
   Socks
  </category>
  <size>
   L
  </size>
  <color>
   Голубой
  </color>
  <material>
   Лен
  </material>
  <price>
   526378
  </price>
  <rating>
   3.35
  </rating>
  <reviews>
   761988
  </reviews>
  <new>
   -
  </new>
  <sporty>
   no
  </sporty>
 </clothing>
 <clothing>
  <id>
   998543617
  </id>
  <name>
   Converse Belts I-6279
  </name>
  <category>
   Belts
  </category>
  <size>
   XL
  </size>
  <color>
   Синий
  </color>
  <material>
   Кожа
  </material>
  <price>
   404009
  </price>
  <rating>
   1.97
  </rating>
  <reviews>
   149723
  </reviews>
  <sporty>
   no
  </sporty>
 </clothing>
 <clothing>
  <id>
   751936542
  </id>
  <name>
   Under Armour Jeans K-7201
  </name>
  <category>
   Jeans
  </category>
  <size>
   M
  </size>
  <color>
   Желтый
  </color>
  <material>
   Нейлон
  </material>
  <price>
   116411
  </price>
  <rating>
   2.42
  </rating>
  <reviews>
   182132
  </reviews>
  <sporty>
   no
  </sporty>
 </clothing>
 <clothing>
  <id>
   366088063
  </id>
  <name>
   Under Armour Blouse K-8297
  </name>
  <category>
   Blouse
  </category>
  <size>
   M
  </size>
  <color>
   Красный
  </color>
  <material>
   Хлопок
  </material>
  <price>
   654069
  </price>
  <rating>
   1.02
  </rating>
  <reviews>
   312317
  </reviews>
  <new>
   -
  </new>
  <exclusive>
   yes
  </exclusive>
  <sporty>
   yes
  </sporty>
 </clothing>
 <clothing>
  <id>
   595709610
  </id>
  <name>
   Lacoste T-shirt E-1621
  </name>
  <category>
   T-shirt
  </category>
  <size>
   M
  </size>
  <color>
   Фиолетовый
  </color>
  <material>
   Полиэстер
  </material>
  <price>
   588520
  </price>
  <rating>
   1.55
  </rating>
  <reviews>
   653205
  </reviews>
  <new>
   -
  </new>
  <sporty>
   no
  </sporty>
 </clothing>
</clothing-items>
