<?xml version="1.0" encoding="utf-8"?>
<clothing-items>
 <clothing>
  <id>
   283544071
  </id>
  <name>
   Addidas Socks I-3782
  </name>
  <category>
   Socks
  </category>
  <size>
   S
  </size>
  <color>
   Красный
  </color>
  <material>
   Кожа
  </material>
  <price>
   500310
  </price>
  <rating>
   2.22
  </rating>
  <reviews>
   484778
  </reviews>
  <new>
   -
  </new>
  <sporty>
   no
  </sporty>
 </clothing>
 <clothing>
  <id>
   959023668
  </id>
  <name>
   New Balance Sweater O-9509
  </name>
  <category>
   Sweater
  </category>
  <size>
   L
  </size>
  <color>
   Зеленый
  </color>
  <material>
   Полиэстер
  </material>
  <price>
   160250
  </price>
  <rating>
   1.8
  </rating>
  <reviews>
   549799
  </reviews>
  <new>
   +
  </new>
  <exclusive>
   no
  </exclusive>
  <sporty>
   yes
  </sporty>
 </clothing>
 <clothing>
  <id>
   435378807
  </id>
  <name>
   PleinSport Shoes Q-1817
  </name>
  <category>
   Shoes
  </category>
  <size>
   M
  </size>
  <color>
   Красный
  </color>
  <material>
   Кожа
  </material>
  <price>
   661118
  </price>
  <rating>
   3.94
  </rating>
  <reviews>
   864407
  </reviews>
  <new>
   -
  </new>
  <exclusive>
   no
  </exclusive>
  <sporty>
   yes
  </sporty>
 </clothing>
 <clothing>
  <id>
   576085436
  </id>
  <name>
   PleinSport Skirt E-2323
  </name>
  <category>
   Skirt
  </category>
  <size>
   M
  </size>
  <color>
   Фиолетовый
  </color>
  <material>
   Шерсть
  </material>
  <price>
   770456
  </price>
  <rating>
   2.35
  </rating>
  <reviews>
   35088
  </reviews>
  <new>
   -
  </new>
  <exclusive>
   no
  </exclusive>
 </clothing>
 <clothing>
  <id>
   915175875
  </id>
  <name>
   Converse Blouse S-2566
  </name>
  <category>
   Blouse
  </category>
  <size>
   L
  </size>
  <color>
   Оранжевый
  </color>
  <material>
   Шерсть
  </material>
  <price>
   370646
  </price>
  <rating>
   2.67
  </rating>
  <reviews>
   866740
  </reviews>
  <new>
   -
  </new>
  <exclusive>
   no
  </exclusive>
  <sporty>
   no
  </sporty>
 </clothing>
 <clothing>
  <id>
   226315711
  </id>
  <name>
   Reebok Umbrellas M-9048
  </name>
  <category>
   Umbrellas
  </category>
  <size>
   S
  </size>
  <color>
   Красный
  </color>
  <material>
   Вискоза
  </material>
  <price>
   550349
  </price>
  <rating>
   2.88
  </rating>
  <reviews>
   586115
  </reviews>
  <exclusive>
   yes
  </exclusive>
 </clothing>
 <clothing>
  <id>
   950420132
  </id>
  <name>
   Reebok Skirt O-4524
  </name>
  <category>
   Skirt
  </category>
  <size>
   L
  </size>
  <color>
   Зеленый
  </color>
  <material>
   Вискоза
  </material>
  <price>
   161463
  </price>
  <rating>
   4.55
  </rating>
  <reviews>
   371671
  </reviews>
 </clothing>
 <clothing>
  <id>
   254947028
  </id>
  <name>
   Nike Umbrellas W-7025
  </name>
  <category>
   Umbrellas
  </category>
  <size>
   XL
  </size>
  <color>
   Зеленый
  </color>
  <material>
   Шелк
  </material>
  <price>
   987545
  </price>
  <rating>
   3.37
  </rating>
  <reviews>
   156776
  </reviews>
  <new>
   +
  </new>
  <exclusive>
   yes
  </exclusive>
  <sporty>
   no
  </sporty>
 </clothing>
 <clothing>
  <id>
   696537733
  </id>
  <name>
   Under Armour T-shirt T-8500
  </name>
  <category>
   T-shirt
  </category>
  <size>
   M
  </size>
  <color>
   Голубой
  </color>
  <material>
   Шерсть
  </material>
  <price>
   841283
  </price>
  <rating>
   1.9
  </rating>
  <reviews>
   576449
  </reviews>
  <new>
   -
  </new>
  <exclusive>
   yes
  </exclusive>
 </clothing>
 <clothing>
  <id>
   279565676
  </id>
  <name>
   Nike Handbags Y-8485
  </name>
  <category>
   Handbags
  </category>
  <size>
   XL
  </size>
  <color>
   Оранжевый
  </color>
  <material>
   Кожа
  </material>
  <price>
   377929
  </price>
  <rating>
   3.06
  </rating>
  <reviews>
   980882
  </reviews>
  <new>
   +
  </new>
  <exclusive>
   yes
  </exclusive>
  <sporty>
   no
  </sporty>
 </clothing>
 <clothing>
  <id>
   717158177
  </id>
  <name>
   Reebok Shirt B-8965
  </name>
  <category>
   Shirt
  </category>
  <size>
   XL
  </size>
  <color>
   Желтый
  </color>
  <material>
   Кожа
  </material>
  <price>
   480977
  </price>
  <rating>
   1.46
  </rating>
  <reviews>
   507240
  </reviews>
  <exclusive>
   yes
  </exclusive>
  <sporty>
   no
  </sporty>
 </clothing>
 <clothing>
  <id>
   942886946
  </id>
  <name>
   Asics Umbrellas X-9821
  </name>
  <category>
   Umbrellas
  </category>
  <size>
   S
  </size>
  <color>
   Красный
  </color>
  <material>
   Хлопок
  </material>
  <price>
   256831
  </price>
  <rating>
   2.95
  </rating>
  <reviews>
   706007
  </reviews>
  <exclusive>
   no
  </exclusive>
  <sporty>
   no
  </sporty>
 </clothing>
 <clothing>
  <id>
   783515984
  </id>
  <name>
   DC Belts F-1006
  </name>
  <category>
   Belts
  </category>
  <size>
   XXL
  </size>
  <color>
   Красный
  </color>
  <material>
   Хлопок
  </material>
  <price>
   446731
  </price>
  <rating>
   1.62
  </rating>
  <reviews>
   438963
  </reviews>
  <exclusive>
   yes
  </exclusive>
 </clothing>
 <clothing>
  <id>
   297056615
  </id>
  <name>
   DC Sweater M-8360
  </name>
  <category>
   Sweater
  </category>
  <size>
   XL
  </size>
  <color>
   Фиолетовый
  </color>
  <material>
   Шелк
  </material>
  <price>
   460191
  </price>
  <rating>
   1.56
  </rating>
  <reviews>
   410752
  </reviews>
  <exclusive>
   yes
  </exclusive>
  <sporty>
   yes
  </sporty>
 </clothing>
 <clothing>
  <id>
   383703223
  </id>
  <name>
   Vans Sweater C-3767
  </name>
  <category>
   Sweater
  </category>
  <size>
   L
  </size>
  <color>
   Оранжевый
  </color>
  <material>
   Нейлон
  </material>
  <price>
   421631
  </price>
  <rating>
   4.2
  </rating>
  <reviews>
   692304
  </reviews>
  <new>
   -
  </new>
  <exclusive>
   no
  </exclusive>
  <sporty>
   no
  </sporty>
 </clothing>
 <clothing>
  <id>
   478016549
  </id>
  <name>
   DC Jacket D-1919
  </name>
  <category>
   Jacket
  </category>
  <size>
   XXL
  </size>
  <color>
   Зеленый
  </color>
  <material>
   Лен
  </material>
  <price>
   889317
  </price>
  <rating>
   4.27
  </rating>
  <reviews>
   827902
  </reviews>
  <new>
   -
  </new>
  <exclusive>
   no
  </exclusive>
 </clothing>
 <clothing>
  <id>
   276966062
  </id>
  <name>
   Nike Dress I-8405
  </name>
  <category>
   Dress
  </category>
  <size>
   XXL
  </size>
  <color>
   Фиолетовый
  </color>
  <material>
   Кожа
  </material>
  <price>
   241439
  </price>
  <rating>
   3.66
  </rating>
  <reviews>
   290727
  </reviews>
  <new>
   -
  </new>
  <exclusive>
   no
  </exclusive>
  <sporty>
   no
  </sporty>
 </clothing>
 <clothing>
  <id>
   302850226
  </id>
  <name>
   Converse Shoes Q-5600
  </name>
  <category>
   Shoes
  </category>
  <size>
   XL
  </size>
  <color>
   Желтый
  </color>
  <material>
   Хлопок
  </material>
  <price>
   374036
  </price>
  <rating>
   4.05
  </rating>
  <reviews>
   148609
  </reviews>
  <sporty>
   no
  </sporty>
 </clothing>
 <clothing>
  <id>
   983502169
  </id>
  <name>
   Adidas Gloves F-4164
  </name>
  <category>
   Gloves
  </category>
  <size>
   L
  </size>
  <color>
   Синий
  </color>
  <material>
   Вискоза
  </material>
  <price>
   438868
  </price>
  <rating>
   2.03
  </rating>
  <reviews>
   810196
  </reviews>
 </clothing>
 <clothing>
  <id>
   764120515
  </id>
  <name>
   PleinSport T-shirt G-5392
  </name>
  <category>
   T-shirt
  </category>
  <size>
   S
  </size>
  <color>
   Голубой
  </color>
  <material>
   Полиэстер
  </material>
  <price>
   567359
  </price>
  <rating>
   1.17
  </rating>
  <reviews>
   832994
  </reviews>
  <new>
   -
  </new>
 </clothing>
 <clothing>
  <id>
   809934342
  </id>
  <name>
   Asics Umbrellas Z-3247
  </name>
  <category>
   Umbrellas
  </category>
  <size>
   L
  </size>
  <color>
   Голубой
  </color>
  <material>
   Вискоза
  </material>
  <price>
   850671
  </price>
  <rating>
   4.64
  </rating>
  <reviews>
   552900
  </reviews>
  <new>
   -
  </new>
  <exclusive>
   no
  </exclusive>
 </clothing>
 <clothing>
  <id>
   182016903
  </id>
  <name>
   DC Shoes W-3812
  </name>
  <category>
   Shoes
  </category>
  <size>
   L
  </size>
  <color>
   Голубой
  </color>
  <material>
   Шерсть
  </material>
  <price>
   509725
  </price>
  <rating>
   2.53
  </rating>
  <reviews>
   879532
  </reviews>
  <exclusive>
   no
  </exclusive>
 </clothing>
 <clothing>
  <id>
   512113500
  </id>
  <name>
   Adidas Hat F-5584
  </name>
  <category>
   Hat
  </category>
  <size>
   M
  </size>
  <color>
   Красный
  </color>
  <material>
   Вискоза
  </material>
  <price>
   433934
  </price>
  <rating>
   2.0
  </rating>
  <reviews>
   473340
  </reviews>
  <exclusive>
   no
  </exclusive>
  <sporty>
   no
  </sporty>
 </clothing>
 <clothing>
  <id>
   970067040
  </id>
  <name>
   Addidas Handbags L-5056
  </name>
  <category>
   Handbags
  </category>
  <size>
   S
  </size>
  <color>
   Синий
  </color>
  <material>
   Лен
  </material>
  <price>
   594114
  </price>
  <rating>
   4.06
  </rating>
  <reviews>
   141432
  </reviews>
  <new>
   -
  </new>
  <exclusive>
   yes
  </exclusive>
  <sporty>
   no
  </sporty>
 </clothing>
 <clothing>
  <id>
   172198849
  </id>
  <name>
   Puma Sweater R-1712
  </name>
  <category>
   Sweater
  </category>
  <size>
   M
  </size>
  <color>
   Желтый
  </color>
  <material>
   Вискоза
  </material>
  <price>
   774746
  </price>
  <rating>
   1.0
  </rating>
  <reviews>
   166667
  </reviews>
  <exclusive>
   no
  </exclusive>
  <sporty>
   no
  </sporty>
 </clothing>
 <clothing>
  <id>
   524996515
  </id>
  <name>
   Adidas Pants F-1214
  </name>
  <category>
   Pants
  </category>
  <size>
   L
  </size>
  <color>
   Желтый
  </color>
  <material>
   Хлопок
  </material>
  <price>
   397130
  </price>
  <rating>
   2.77
  </rating>
  <reviews>
   970624
  </reviews>
  <exclusive>
   no
  </exclusive>
  <sporty>
   no
  </sporty>
 </clothing>
 <clothing>
  <id>
   681814235
  </id>
  <name>
   Addidas Sweater N-7032
  </name>
  <category>
   Sweater
  </category>
  <size>
   XXL
  </size>
  <color>
   Фиолетовый
  </color>
  <material>
   Вискоза
  </material>
  <price>
   153851
  </price>
  <rating>
   3.57
  </rating>
  <reviews>
   419301
  </reviews>
  <new>
   -
  </new>
 </clothing>
 <clothing>
  <id>
   400158511
  </id>
  <name>
   Nike Dress K-3548
  </name>
  <category>
   Dress
  </category>
  <size>
   XXL
  </size>
  <color>
   Желтый
  </color>
  <material>
   Шелк
  </material>
  <price>
   754841
  </price>
  <rating>
   2.86
  </rating>
  <reviews>
   521348
  </reviews>
  <new>
   -
  </new>
  <exclusive>
   yes
  </exclusive>
 </clothing>
 <clothing>
  <id>
   925705132
  </id>
  <name>
   Vans Hat S-5454
  </name>
  <category>
   Hat
  </category>
  <size>
   XXL
  </size>
  <color>
   Желтый
  </color>
  <material>
   Вискоза
  </material>
  <price>
   626845
  </price>
  <rating>
   3.49
  </rating>
  <reviews>
   923292
  </reviews>
  <new>
   -
  </new>
  <exclusive>
   no
  </exclusive>
  <sporty>
   yes
  </sporty>
 </clothing>
 <clothing>
  <id>
   249960574
  </id>
  <name>
   Under Armour Hat X-4511
  </name>
  <category>
   Hat
  </category>
  <size>
   S
  </size>
  <color>
   Синий
  </color>
  <material>
   Кожа
  </material>
  <price>
   622975
  </price>
  <rating>
   3.01
  </rating>
  <reviews>
   751018
  </reviews>
  <new>
   +
  </new>
  <exclusive>
   no
  </exclusive>
 </clothing>
 <clothing>
  <id>
   695837481
  </id>
  <name>
   Asics Pants E-3891
  </name>
  <category>
   Pants
  </category>
  <size>
   S
  </size>
  <color>
   Оранжевый
  </color>
  <material>
   Лен
  </material>
  <price>
   881538
  </price>
  <rating>
   2.1
  </rating>
  <reviews>
   150433
  </reviews>
  <new>
   -
  </new>
 </clothing>
 <clothing>
  <id>
   109591863
  </id>
  <name>
   Adidas Pants P-3385
  </name>
  <category>
   Pants
  </category>
  <size>
   S
  </size>
  <color>
   Оранжевый
  </color>
  <material>
   Шелк
  </material>
  <price>
   874255
  </price>
  <rating>
   4.81
  </rating>
  <reviews>
   113449
  </reviews>
  <exclusive>
   yes
  </exclusive>
 </clothing>
 <clothing>
  <id>
   759172168
  </id>
  <name>
   Brooks Belts U-3469
  </name>
  <category>
   Belts
  </category>
  <size>
   S
  </size>
  <color>
   Голубой
  </color>
  <material>
   Лен
  </material>
  <price>
   393642
  </price>
  <rating>
   3.72
  </rating>
  <reviews>
   323202
  </reviews>
  <new>
   +
  </new>
  <exclusive>
   yes
  </exclusive>
 </clothing>
 <clothing>
  <id>
   258868207
  </id>
  <name>
   Converse Jeans J-2317
  </name>
  <category>
   Jeans
  </category>
  <size>
   XL
  </size>
  <color>
   Синий
  </color>
  <material>
   Кожа
  </material>
  <price>
   639941
  </price>
  <rating>
   1.95
  </rating>
  <reviews>
   942127
  </reviews>
  <exclusive>
   no
  </exclusive>
  <sporty>
   yes
  </sporty>
 </clothing>
 <clothing>
  <id>
   967763337
  </id>
  <name>
   Converse Pants F-5752
  </name>
  <category>
   Pants
  </category>
  <size>
   XL
  </size>
  <color>
   Синий
  </color>
  <material>
   Хлопок
  </material>
  <price>
   945751
  </price>
  <rating>
   3.75
  </rating>
  <reviews>
   21931
  </reviews>
  <exclusive>
   yes
  </exclusive>
 </clothing>
</clothing-items>
