<?xml version="1.0" encoding="utf-8"?>
<clothing-items>
 <clothing>
  <id>
   592303425
  </id>
  <name>
   Nike Shirt S-4581
  </name>
  <category>
   Shirt
  </category>
  <size>
   XL
  </size>
  <color>
   Голубой
  </color>
  <material>
   Полиэстер
  </material>
  <price>
   541138
  </price>
  <rating>
   3.84
  </rating>
  <reviews>
   369501
  </reviews>
 </clothing>
 <clothing>
  <id>
   434554620
  </id>
  <name>
   Asics Dress G-6348
  </name>
  <category>
   Dress
  </category>
  <size>
   XL
  </size>
  <color>
   Синий
  </color>
  <material>
   Шерсть
  </material>
  <price>
   650773
  </price>
  <rating>
   3.5
  </rating>
  <reviews>
   810148
  </reviews>
  <new>
   +
  </new>
 </clothing>
 <clothing>
  <id>
   995102442
  </id>
  <name>
   Ellesse Gloves K-2678
  </name>
  <category>
   Gloves
  </category>
  <size>
   XL
  </size>
  <color>
   Красный
  </color>
  <material>
   Полиэстер
  </material>
  <price>
   373116
  </price>
  <rating>
   1.01
  </rating>
  <reviews>
   994687
  </reviews>
  <new>
   -
  </new>
 </clothing>
 <clothing>
  <id>
   380159395
  </id>
  <name>
   Puma Jacket V-6583
  </name>
  <category>
   Jacket
  </category>
  <size>
   M
  </size>
  <color>
   Оранжевый
  </color>
  <material>
   Кожа
  </material>
  <price>
   245262
  </price>
  <rating>
   3.81
  </rating>
  <reviews>
   139237
  </reviews>
  <new>
   -
  </new>
  <exclusive>
   no
  </exclusive>
  <sporty>
   no
  </sporty>
 </clothing>
 <clothing>
  <id>
   997796704
  </id>
  <name>
   Nike Umbrellas X-6712
  </name>
  <category>
   Umbrellas
  </category>
  <size>
   XXL
  </size>
  <color>
   Голубой
  </color>
  <material>
   Шерсть
  </material>
  <price>
   712053
  </price>
  <rating>
   3.1
  </rating>
  <reviews>
   130275
  </reviews>
  <exclusive>
   yes
  </exclusive>
 </clothing>
 <clothing>
  <id>
   658463056
  </id>
  <name>
   Puma Umbrellas T-3640
  </name>
  <category>
   Umbrellas
  </category>
  <size>
   L
  </size>
  <color>
   Оранжевый
  </color>
  <material>
   Полиэстер
  </material>
  <price>
   766066
  </price>
  <rating>
   4.09
  </rating>
  <reviews>
   637512
  </reviews>
  <exclusive>
   no
  </exclusive>
  <sporty>
   no
  </sporty>
 </clothing>
 <clothing>
  <id>
   892699568
  </id>
  <name>
   Adidas Socks M-9854
  </name>
  <category>
   Socks
  </category>
  <size>
   L
  </size>
  <color>
   Голубой
  </color>
  <material>
   Вискоза
  </material>
  <price>
   580784
  </price>
  <rating>
   2.93
  </rating>
  <reviews>
   800295
  </reviews>
  <exclusive>
   no
  </exclusive>
  <sporty>
   no
  </sporty>
 </clothing>
 <clothing>
  <id>
   268868013
  </id>
  <name>
   Ellesse Skirt I-5586
  </name>
  <category>
   Skirt
  </category>
  <size>
   M
  </size>
  <color>
   Синий
  </color>
  <material>
   Лен
  </material>
  <price>
   434655
  </price>
  <rating>
   1.13
  </rating>
  <reviews>
   608849
  </reviews>
  <new>
   -
  </new>
  <exclusive>
   no
  </exclusive>
 </clothing>
 <clothing>
  <id>
   364376657
  </id>
  <name>
   Brooks Skirt L-7881
  </name>
  <category>
   Skirt
  </category>
  <size>
   L
  </size>
  <color>
   Фиолетовый
  </color>
  <material>
   Полиэстер
  </material>
  <price>
   641974
  </price>
  <rating>
   4.95
  </rating>
  <reviews>
   936279
  </reviews>
  <new>
   +
  </new>
  <exclusive>
   no
  </exclusive>
  <sporty>
   no
  </sporty>
 </clothing>
 <clothing>
  <id>
   844400557
  </id>
  <name>
   PleinSport Shoes H-5625
  </name>
  <category>
   Shoes
  </category>
  <size>
   M
  </size>
  <color>
   Синий
  </color>
  <material>
   Вискоза
  </material>
  <price>
   540282
  </price>
  <rating>
   1.77
  </rating>
  <reviews>
   701490
  </reviews>
  <new>
   -
  </new>
 </clothing>
 <clothing>
  <id>
   926450302
  </id>
  <name>
   Nike Pants Q-9948
  </name>
  <category>
   Pants
  </category>
  <size>
   S
  </size>
  <color>
   Оранжевый
  </color>
  <material>
   Нейлон
  </material>
  <price>
   412738
  </price>
  <rating>
   1.54
  </rating>
  <reviews>
   19549
  </reviews>
  <new>
   +
  </new>
  <exclusive>
   no
  </exclusive>
  <sporty>
   yes
  </sporty>
 </clothing>
 <clothing>
  <id>
   204107321
  </id>
  <name>
   Vans Pants N-5282
  </name>
  <category>
   Pants
  </category>
  <size>
   L
  </size>
  <color>
   Красный
  </color>
  <material>
   Хлопок
  </material>
  <price>
   999805
  </price>
  <rating>
   1.61
  </rating>
  <reviews>
   787781
  </reviews>
 </clothing>
 <clothing>
  <id>
   634925766
  </id>
  <name>
   Fila Handbags D-6619
  </name>
  <category>
   Handbags
  </category>
  <size>
   M
  </size>
  <color>
   Фиолетовый
  </color>
  <material>
   Хлопок
  </material>
  <price>
   598410
  </price>
  <rating>
   4.54
  </rating>
  <reviews>
   544172
  </reviews>
  <new>
   -
  </new>
  <sporty>
   no
  </sporty>
 </clothing>
 <clothing>
  <id>
   145678817
  </id>
  <name>
   Puma Jeans K-5305
  </name>
  <category>
   Jeans
  </category>
  <size>
   S
  </size>
  <color>
   Красный
  </color>
  <material>
   Лен
  </material>
  <price>
   743403
  </price>
  <rating>
   4.29
  </rating>
  <reviews>
   424081
  </reviews>
  <new>
   -
  </new>
  <sporty>
   no
  </sporty>
 </clothing>
 <clothing>
  <id>
   203457042
  </id>
  <name>
   Reebok Jeans F-3434
  </name>
  <category>
   Jeans
  </category>
  <size>
   XL
  </size>
  <color>
   Оранжевый
  </color>
  <material>
   Нейлон
  </material>
  <price>
   518887
  </price>
  <rating>
   1.81
  </rating>
  <reviews>
   33362
  </reviews>
  <sporty>
   no
  </sporty>
 </clothing>
 <clothing>
  <id>
   119561127
  </id>
  <name>
   Vans Hat H-5195
  </name>
  <category>
   Hat
  </category>
  <size>
   S
  </size>
  <color>
   Зеленый
  </color>
  <material>
   Кожа
  </material>
  <price>
   271944
  </price>
  <rating>
   1.43
  </rating>
  <reviews>
   696981
  </reviews>
  <new>
   +
  </new>
  <exclusive>
   no
  </exclusive>
 </clothing>
 <clothing>
  <id>
   481216673
  </id>
  <name>
   Under Armour Handbags P-5230
  </name>
  <category>
   Handbags
  </category>
  <size>
   XXL
  </size>
  <color>
   Красный
  </color>
  <material>
   Шелк
  </material>
  <price>
   618780
  </price>
  <rating>
   3.86
  </rating>
  <reviews>
   699218
  </reviews>
  <new>
   +
  </new>
  <exclusive>
   yes
  </exclusive>
 </clothing>
 <clothing>
  <id>
   293448170
  </id>
  <name>
   Asics Jeans U-2992
  </name>
  <category>
   Jeans
  </category>
  <size>
   XL
  </size>
  <color>
   Оранжевый
  </color>
  <material>
   Шерсть
  </material>
  <price>
   710385
  </price>
  <rating>
   4.25
  </rating>
  <reviews>
   943285
  </reviews>
  <new>
   -
  </new>
  <sporty>
   yes
  </sporty>
 </clothing>
 <clothing>
  <id>
   635479670
  </id>
  <name>
   PleinSport Jacket K-6513
  </name>
  <category>
   Jacket
  </category>
  <size>
   S
  </size>
  <color>
   Голубой
  </color>
  <material>
   Лен
  </material>
  <price>
   536432
  </price>
  <rating>
   4.44
  </rating>
  <reviews>
   579468
  </reviews>
  <exclusive>
   no
  </exclusive>
  <sporty>
   no
  </sporty>
 </clothing>
 <clothing>
  <id>
   456778647
  </id>
  <name>
   Vans Sweater P-3971
  </name>
  <category>
   Sweater
  </category>
  <size>
   XXL
  </size>
  <color>
   Желтый
  </color>
  <material>
   Шерсть
  </material>
  <price>
   571446
  </price>
  <rating>
   2.73
  </rating>
  <reviews>
   754865
  </reviews>
  <new>
   -
  </new>
  <exclusive>
   no
  </exclusive>
  <sporty>
   no
  </sporty>
 </clothing>
 <clothing>
  <id>
   823861060
  </id>
  <name>
   New Balance T-shirt D-9146
  </name>
  <category>
   T-shirt
  </category>
  <size>
   XXL
  </size>
  <color>
   Синий
  </color>
  <material>
   Вискоза
  </material>
  <price>
   514151
  </price>
  <rating>
   4.72
  </rating>
  <reviews>
   1222
  </reviews>
  <new>
   +
  </new>
  <exclusive>
   no
  </exclusive>
  <sporty>
   no
  </sporty>
 </clothing>
 <clothing>
  <id>
   920527172
  </id>
  <name>
   New Balance Sweater F-6598
  </name>
  <category>
   Sweater
  </category>
  <size>
   M
  </size>
  <color>
   Красный
  </color>
  <material>
   Нейлон
  </material>
  <price>
   644290
  </price>
  <rating>
   4.88
  </rating>
  <reviews>
   225876
  </reviews>
  <new>
   +
  </new>
 </clothing>
 <clothing>
  <id>
   421463624
  </id>
  <name>
   Under Armour Skirt F-5147
  </name>
  <category>
   Skirt
  </category>
  <size>
   L
  </size>
  <color>
   Красный
  </color>
  <material>
   Лен
  </material>
  <price>
   577461
  </price>
  <rating>
   4.57
  </rating>
  <reviews>
   780910
  </reviews>
  <new>
   +
  </new>
 </clothing>
 <clothing>
  <id>
   243163095
  </id>
  <name>
   Under Armour Dress Q-7100
  </name>
  <category>
   Dress
  </category>
  <size>
   S
  </size>
  <color>
   Желтый
  </color>
  <material>
   Кожа
  </material>
  <price>
   448379
  </price>
  <rating>
   2.75
  </rating>
  <reviews>
   393342
  </reviews>
  <new>
   +
  </new>
  <exclusive>
   yes
  </exclusive>
  <sporty>
   no
  </sporty>
 </clothing>
 <clothing>
  <id>
   772349984
  </id>
  <name>
   Converse Sweater U-3862
  </name>
  <category>
   Sweater
  </category>
  <size>
   S
  </size>
  <color>
   Фиолетовый
  </color>
  <material>
   Шерсть
  </material>
  <price>
   532811
  </price>
  <rating>
   2.31
  </rating>
  <reviews>
   674240
  </reviews>
  <sporty>
   no
  </sporty>
 </clothing>
 <clothing>
  <id>
   246136996
  </id>
  <name>
   Nike Jacket H-2422
  </name>
  <category>
   Jacket
  </category>
  <size>
   XXL
  </size>
  <color>
   Фиолетовый
  </color>
  <material>
   Вискоза
  </material>
  <price>
   406115
  </price>
  <rating>
   2.52
  </rating>
  <reviews>
   568368
  </reviews>
  <exclusive>
   yes
  </exclusive>
 </clothing>
 <clothing>
  <id>
   571739900
  </id>
  <name>
   Addidas Umbrellas W-9277
  </name>
  <category>
   Umbrellas
  </category>
  <size>
   XXL
  </size>
  <color>
   Оранжевый
  </color>
  <material>
   Шелк
  </material>
  <price>
   737364
  </price>
  <rating>
   4.41
  </rating>
  <reviews>
   593357
  </reviews>
  <new>
   -
  </new>
  <exclusive>
   no
  </exclusive>
 </clothing>
 <clothing>
  <id>
   777658379
  </id>
  <name>
   Lacoste Skirt H-9654
  </name>
  <category>
   Skirt
  </category>
  <size>
   L
  </size>
  <color>
   Синий
  </color>
  <material>
   Нейлон
  </material>
  <price>
   902498
  </price>
  <rating>
   3.29
  </rating>
  <reviews>
   608354
  </reviews>
  <new>
   -
  </new>
  <sporty>
   no
  </sporty>
 </clothing>
 <clothing>
  <id>
   713687306
  </id>
  <name>
   Fila Socks E-3523
  </name>
  <category>
   Socks
  </category>
  <size>
   L
  </size>
  <color>
   Голубой
  </color>
  <material>
   Полиэстер
  </material>
  <price>
   607561
  </price>
  <rating>
   2.38
  </rating>
  <reviews>
   277571
  </reviews>
  <new>
   -
  </new>
 </clothing>
 <clothing>
  <id>
   188249887
  </id>
  <name>
   Ellesse Jeans M-6689
  </name>
  <category>
   Jeans
  </category>
  <size>
   M
  </size>
  <color>
   Красный
  </color>
  <material>
   Кожа
  </material>
  <price>
   251313
  </price>
  <rating>
   3.91
  </rating>
  <reviews>
   520478
  </reviews>
  <new>
   -
  </new>
 </clothing>
 <clothing>
  <id>
   206643617
  </id>
  <name>
   Fila Umbrellas Y-3494
  </name>
  <category>
   Umbrellas
  </category>
  <size>
   S
  </size>
  <color>
   Синий
  </color>
  <material>
   Хлопок
  </material>
  <price>
   137428
  </price>
  <rating>
   3.89
  </rating>
  <reviews>
   335858
  </reviews>
  <new>
   -
  </new>
  <sporty>
   yes
  </sporty>
 </clothing>
 <clothing>
  <id>
   997081693
  </id>
  <name>
   Brooks Jeans P-8479
  </name>
  <category>
   Jeans
  </category>
  <size>
   XL
  </size>
  <color>
   Синий
  </color>
  <material>
   Хлопок
  </material>
  <price>
   553547
  </price>
  <rating>
   3.75
  </rating>
  <reviews>
   82829
  </reviews>
  <exclusive>
   yes
  </exclusive>
  <sporty>
   yes
  </sporty>
 </clothing>
 <clothing>
  <id>
   344468552
  </id>
  <name>
   Under Armour Jeans U-5574
  </name>
  <category>
   Jeans
  </category>
  <size>
   XXL
  </size>
  <color>
   Зеленый
  </color>
  <material>
   Шелк
  </material>
  <price>
   589448
  </price>
  <rating>
   1.52
  </rating>
  <reviews>
   929891
  </reviews>
  <new>
   -
  </new>
  <exclusive>
   no
  </exclusive>
  <sporty>
   no
  </sporty>
 </clothing>
 <clothing>
  <id>
   902829363
  </id>
  <name>
   New Balance Umbrellas D-5594
  </name>
  <category>
   Umbrellas
  </category>
  <size>
   XL
  </size>
  <color>
   Красный
  </color>
  <material>
   Полиэстер
  </material>
  <price>
   830289
  </price>
  <rating>
   3.72
  </rating>
  <reviews>
   25479
  </reviews>
  <new>
   -
  </new>
  <sporty>
   no
  </sporty>
 </clothing>
 <clothing>
  <id>
   377934784
  </id>
  <name>
   PleinSport Dress K-2458
  </name>
  <category>
   Dress
  </category>
  <size>
   L
  </size>
  <color>
   Фиолетовый
  </color>
  <material>
   Вискоза
  </material>
  <price>
   561851
  </price>
  <rating>
   2.42
  </rating>
  <reviews>
   196257
  </reviews>
  <exclusive>
   no
  </exclusive>
  <sporty>
   no
  </sporty>
 </clothing>
 <clothing>
  <id>
   517214239
  </id>
  <name>
   Converse Sweater R-9089
  </name>
  <category>
   Sweater
  </category>
  <size>
   S
  </size>
  <color>
   Зеленый
  </color>
  <material>
   Нейлон
  </material>
  <price>
   791584
  </price>
  <rating>
   1.05
  </rating>
  <reviews>
   15793
  </reviews>
  <new>
   +
  </new>
 </clothing>
 <clothing>
  <id>
   403328178
  </id>
  <name>
   Reebok Jeans P-2259
  </name>
  <category>
   Jeans
  </category>
  <size>
   XL
  </size>
  <color>
   Зеленый
  </color>
  <material>
   Шерсть
  </material>
  <price>
   969185
  </price>
  <rating>
   3.28
  </rating>
  <reviews>
   190586
  </reviews>
  <new>
   -
  </new>
 </clothing>
 <clothing>
  <id>
   571568154
  </id>
  <name>
   DC Skirt C-7519
  </name>
  <category>
   Skirt
  </category>
  <size>
   S
  </size>
  <color>
   Желтый
  </color>
  <material>
   Хлопок
  </material>
  <price>
   908963
  </price>
  <rating>
   1.78
  </rating>
  <reviews>
   3032
  </reviews>
 </clothing>
</clothing-items>
