<?xml version="1.0" encoding="utf-8"?>
<clothing-items>
 <clothing>
  <id>
   478786134
  </id>
  <name>
   Reebok Umbrellas P-2358
  </name>
  <category>
   Umbrellas
  </category>
  <size>
   XL
  </size>
  <color>
   Красный
  </color>
  <material>
   Шелк
  </material>
  <price>
   876506
  </price>
  <rating>
   3.45
  </rating>
  <reviews>
   229114
  </reviews>
  <exclusive>
   no
  </exclusive>
 </clothing>
 <clothing>
  <id>
   578691425
  </id>
  <name>
   Under Armour Gloves I-5695
  </name>
  <category>
   Gloves
  </category>
  <size>
   L
  </size>
  <color>
   Зеленый
  </color>
  <material>
   Шелк
  </material>
  <price>
   344926
  </price>
  <rating>
   3.66
  </rating>
  <reviews>
   304087
  </reviews>
  <new>
   -
  </new>
  <exclusive>
   no
  </exclusive>
 </clothing>
 <clothing>
  <id>
   145489054
  </id>
  <name>
   Vans Shoes W-6817
  </name>
  <category>
   Shoes
  </category>
  <size>
   XXL
  </size>
  <color>
   Оранжевый
  </color>
  <material>
   Шелк
  </material>
  <price>
   645933
  </price>
  <rating>
   3.03
  </rating>
  <reviews>
   503552
  </reviews>
  <new>
   -
  </new>
  <exclusive>
   no
  </exclusive>
  <sporty>
   no
  </sporty>
 </clothing>
 <clothing>
  <id>
   650830714
  </id>
  <name>
   Reebok Sweater L-5585
  </name>
  <category>
   Sweater
  </category>
  <size>
   M
  </size>
  <color>
   Желтый
  </color>
  <material>
   Кожа
  </material>
  <price>
   163468
  </price>
  <rating>
   4.44
  </rating>
  <reviews>
   583579
  </reviews>
 </clothing>
 <clothing>
  <id>
   175926391
  </id>
  <name>
   Converse T-shirt V-1234
  </name>
  <category>
   T-shirt
  </category>
  <size>
   XL
  </size>
  <color>
   Голубой
  </color>
  <material>
   Хлопок
  </material>
  <price>
   366671
  </price>
  <rating>
   4.92
  </rating>
  <reviews>
   606081
  </reviews>
  <new>
   -
  </new>
  <sporty>
   yes
  </sporty>
 </clothing>
 <clothing>
  <id>
   287285343
  </id>
  <name>
   Under Armour Jacket A-1294
  </name>
  <category>
   Jacket
  </category>
  <size>
   M
  </size>
  <color>
   Синий
  </color>
  <material>
   Хлопок
  </material>
  <price>
   637843
  </price>
  <rating>
   4.69
  </rating>
  <reviews>
   29650
  </reviews>
  <new>
   +
  </new>
  <exclusive>
   no
  </exclusive>
  <sporty>
   no
  </sporty>
 </clothing>
 <clothing>
  <id>
   216197513
  </id>
  <name>
   PleinSport Dress Z-4679
  </name>
  <category>
   Dress
  </category>
  <size>
   XXL
  </size>
  <color>
   Голубой
  </color>
  <material>
   Вискоза
  </material>
  <price>
   944015
  </price>
  <rating>
   3.47
  </rating>
  <reviews>
   187120
  </reviews>
 </clothing>
 <clothing>
  <id>
   200899877
  </id>
  <name>
   New Balance Dress G-6417
  </name>
  <category>
   Dress
  </category>
  <size>
   XXL
  </size>
  <color>
   Красный
  </color>
  <material>
   Лен
  </material>
  <price>
   510370
  </price>
  <rating>
   2.54
  </rating>
  <reviews>
   492160
  </reviews>
  <new>
   -
  </new>
  <exclusive>
   no
  </exclusive>
 </clothing>
 <clothing>
  <id>
   837924883
  </id>
  <name>
   Puma Shirt L-1467
  </name>
  <category>
   Shirt
  </category>
  <size>
   S
  </size>
  <color>
   Красный
  </color>
  <material>
   Полиэстер
  </material>
  <price>
   968385
  </price>
  <rating>
   3.67
  </rating>
  <reviews>
   223484
  </reviews>
  <exclusive>
   yes
  </exclusive>
  <sporty>
   yes
  </sporty>
 </clothing>
 <clothing>
  <id>
   494740615
  </id>
  <name>
   Lacoste Socks N-7180
  </name>
  <category>
   Socks
  </category>
  <size>
   M
  </size>
  <color>
   Фиолетовый
  </color>
  <material>
   Лен
  </material>
  <price>
   833099
  </price>
  <rating>
   3.28
  </rating>
  <reviews>
   45542
  </reviews>
  <new>
   -
  </new>
  <exclusive>
   yes
  </exclusive>
  <sporty>
   yes
  </sporty>
 </clothing>
 <clothing>
  <id>
   629305194
  </id>
  <name>
   Lacoste Pants O-7376
  </name>
  <category>
   Pants
  </category>
  <size>
   L
  </size>
  <color>
   Оранжевый
  </color>
  <material>
   Кожа
  </material>
  <price>
   480509
  </price>
  <rating>
   4.9
  </rating>
  <reviews>
   298293
  </reviews>
  <exclusive>
   no
  </exclusive>
 </clothing>
 <clothing>
  <id>
   652094803
  </id>
  <name>
   DC Shoes S-3277
  </name>
  <category>
   Shoes
  </category>
  <size>
   XXL
  </size>
  <color>
   Зеленый
  </color>
  <material>
   Кожа
  </material>
  <price>
   226799
  </price>
  <rating>
   2.38
  </rating>
  <reviews>
   802434
  </reviews>
  <exclusive>
   no
  </exclusive>
 </clothing>
 <clothing>
  <id>
   811983648
  </id>
  <name>
   New Balance Umbrellas Y-4595
  </name>
  <category>
   Umbrellas
  </category>
  <size>
   XL
  </size>
  <color>
   Голубой
  </color>
  <material>
   Кожа
  </material>
  <price>
   785490
  </price>
  <rating>
   2.9
  </rating>
  <reviews>
   657752
  </reviews>
  <sporty>
   no
  </sporty>
 </clothing>
 <clothing>
  <id>
   721378689
  </id>
  <name>
   Brooks Gloves I-8649
  </name>
  <category>
   Gloves
  </category>
  <size>
   XXL
  </size>
  <color>
   Зеленый
  </color>
  <material>
   Хлопок
  </material>
  <price>
   887068
  </price>
  <rating>
   3.9
  </rating>
  <reviews>
   525729
  </reviews>
  <new>
   +
  </new>
  <exclusive>
   no
  </exclusive>
 </clothing>
 <clothing>
  <id>
   521750961
  </id>
  <name>
   Brooks Umbrellas F-5909
  </name>
  <category>
   Umbrellas
  </category>
  <size>
   S
  </size>
  <color>
   Зеленый
  </color>
  <material>
   Лен
  </material>
  <price>
   184611
  </price>
  <rating>
   1.93
  </rating>
  <reviews>
   521877
  </reviews>
  <new>
   +
  </new>
  <exclusive>
   no
  </exclusive>
 </clothing>
 <clothing>
  <id>
   456447988
  </id>
  <name>
   New Balance Hat T-9381
  </name>
  <category>
   Hat
  </category>
  <size>
   M
  </size>
  <color>
   Голубой
  </color>
  <material>
   Полиэстер
  </material>
  <price>
   707204
  </price>
  <rating>
   4.85
  </rating>
  <reviews>
   203073
  </reviews>
  <exclusive>
   yes
  </exclusive>
 </clothing>
 <clothing>
  <id>
   204518651
  </id>
  <name>
   Brooks Pants A-4262
  </name>
  <category>
   Pants
  </category>
  <size>
   L
  </size>
  <color>
   Красный
  </color>
  <material>
   Шелк
  </material>
  <price>
   375829
  </price>
  <rating>
   4.68
  </rating>
  <reviews>
   24263
  </reviews>
  <new>
   +
  </new>
 </clothing>
 <clothing>
  <id>
   221227852
  </id>
  <name>
   Reebok Umbrellas G-2524
  </name>
  <category>
   Umbrellas
  </category>
  <size>
   L
  </size>
  <color>
   Синий
  </color>
  <material>
   Кожа
  </material>
  <price>
   194650
  </price>
  <rating>
   4.44
  </rating>
  <reviews>
   238478
  </reviews>
  <new>
   -
  </new>
 </clothing>
 <clothing>
  <id>
   524409407
  </id>
  <name>
   Nike Blouse H-6633
  </name>
  <category>
   Blouse
  </category>
  <size>
   M
  </size>
  <color>
   Желтый
  </color>
  <material>
   Лен
  </material>
  <price>
   160008
  </price>
  <rating>
   3.82
  </rating>
  <reviews>
   864479
  </reviews>
  <sporty>
   no
  </sporty>
 </clothing>
 <clothing>
  <id>
   620828390
  </id>
  <name>
   Fila Skirt R-3975
  </name>
  <category>
   Skirt
  </category>
  <size>
   M
  </size>
  <color>
   Фиолетовый
  </color>
  <material>
   Полиэстер
  </material>
  <price>
   947015
  </price>
  <rating>
   1.49
  </rating>
  <reviews>
   864191
  </reviews>
  <exclusive>
   no
  </exclusive>
  <sporty>
   no
  </sporty>
 </clothing>
 <clothing>
  <id>
   562938384
  </id>
  <name>
   Fila Hat W-3000
  </name>
  <category>
   Hat
  </category>
  <size>
   L
  </size>
  <color>
   Синий
  </color>
  <material>
   Вискоза
  </material>
  <price>
   956193
  </price>
  <rating>
   1.52
  </rating>
  <reviews>
   215202
  </reviews>
  <new>
   +
  </new>
  <exclusive>
   yes
  </exclusive>
 </clothing>
 <clothing>
  <id>
   681479885
  </id>
  <name>
   Converse Dress E-4645
  </name>
  <category>
   Dress
  </category>
  <size>
   XXL
  </size>
  <color>
   Зеленый
  </color>
  <material>
   Нейлон
  </material>
  <price>
   334200
  </price>
  <rating>
   4.9
  </rating>
  <reviews>
   310716
  </reviews>
  <new>
   -
  </new>
 </clothing>
 <clothing>
  <id>
   549438329
  </id>
  <name>
   DC Sweater Y-6424
  </name>
  <category>
   Sweater
  </category>
  <size>
   S
  </size>
  <color>
   Красный
  </color>
  <material>
   Полиэстер
  </material>
  <price>
   512443
  </price>
  <rating>
   1.75
  </rating>
  <reviews>
   325699
  </reviews>
  <sporty>
   yes
  </sporty>
 </clothing>
 <clothing>
  <id>
   158505373
  </id>
  <name>
   New Balance Hat D-5592
  </name>
  <category>
   Hat
  </category>
  <size>
   S
  </size>
  <color>
   Желтый
  </color>
  <material>
   Шерсть
  </material>
  <price>
   696673
  </price>
  <rating>
   3.94
  </rating>
  <reviews>
   933932
  </reviews>
  <new>
   -
  </new>
  <sporty>
   no
  </sporty>
 </clothing>
 <clothing>
  <id>
   953565750
  </id>
  <name>
   Brooks Gloves W-6558
  </name>
  <category>
   Gloves
  </category>
  <size>
   XXL
  </size>
  <color>
   Красный
  </color>
  <material>
   Кожа
  </material>
  <price>
   713669
  </price>
  <rating>
   1.36
  </rating>
  <reviews>
   854689
  </reviews>
  <exclusive>
   no
  </exclusive>
 </clothing>
 <clothing>
  <id>
   643914950
  </id>
  <name>
   Nike Hat Y-2035
  </name>
  <category>
   Hat
  </category>
  <size>
   XL
  </size>
  <color>
   Красный
  </color>
  <material>
   Лен
  </material>
  <price>
   141740
  </price>
  <rating>
   3.15
  </rating>
  <reviews>
   28909
  </reviews>
  <new>
   -
  </new>
  <exclusive>
   no
  </exclusive>
 </clothing>
 <clothing>
  <id>
   311230272
  </id>
  <name>
   Vans Dress G-3033
  </name>
  <category>
   Dress
  </category>
  <size>
   L
  </size>
  <color>
   Голубой
  </color>
  <material>
   Хлопок
  </material>
  <price>
   455900
  </price>
  <rating>
   1.3
  </rating>
  <reviews>
   73078
  </reviews>
  <new>
   -
  </new>
  <exclusive>
   yes
  </exclusive>
  <sporty>
   no
  </sporty>
 </clothing>
 <clothing>
  <id>
   612769654
  </id>
  <name>
   Brooks Shoes J-1823
  </name>
  <category>
   Shoes
  </category>
  <size>
   L
  </size>
  <color>
   Фиолетовый
  </color>
  <material>
   Шерсть
  </material>
  <price>
   681420
  </price>
  <rating>
   3.71
  </rating>
  <reviews>
   495218
  </reviews>
  <exclusive>
   yes
  </exclusive>
  <sporty>
   yes
  </sporty>
 </clothing>
 <clothing>
  <id>
   812193236
  </id>
  <name>
   New Balance Gloves M-4390
  </name>
  <category>
   Gloves
  </category>
  <size>
   XL
  </size>
  <color>
   Синий
  </color>
  <material>
   Полиэстер
  </material>
  <price>
   628032
  </price>
  <rating>
   1.28
  </rating>
  <reviews>
   662547
  </reviews>
  <new>
   +
  </new>
  <exclusive>
   no
  </exclusive>
 </clothing>
 <clothing>
  <id>
   926044681
  </id>
  <name>
   Fila Hat M-1952
  </name>
  <category>
   Hat
  </category>
  <size>
   XL
  </size>
  <color>
   Желтый
  </color>
  <material>
   Шелк
  </material>
  <price>
   164812
  </price>
  <rating>
   1.44
  </rating>
  <reviews>
   26715
  </reviews>
  <exclusive>
   no
  </exclusive>
  <sporty>
   yes
  </sporty>
 </clothing>
 <clothing>
  <id>
   102674764
  </id>
  <name>
   Puma Jacket R-3301
  </name>
  <category>
   Jacket
  </category>
  <size>
   S
  </size>
  <color>
   Красный
  </color>
  <material>
   Полиэстер
  </material>
  <price>
   293878
  </price>
  <rating>
   1.09
  </rating>
  <reviews>
   857544
  </reviews>
  <new>
   +
  </new>
  <exclusive>
   yes
  </exclusive>
 </clothing>
 <clothing>
  <id>
   165731184
  </id>
  <name>
   Puma Hat D-1390
  </name>
  <category>
   Hat
  </category>
  <size>
   XXL
  </size>
  <color>
   Голубой
  </color>
  <material>
   Шерсть
  </material>
  <price>
   463751
  </price>
  <rating>
   1.43
  </rating>
  <reviews>
   345981
  </reviews>
  <new>
   +
  </new>
  <sporty>
   yes
  </sporty>
 </clothing>
 <clothing>
  <id>
   575187487
  </id>
  <name>
   Reebok Shoes Z-4196
  </name>
  <category>
   Shoes
  </category>
  <size>
   M
  </size>
  <color>
   Оранжевый
  </color>
  <material>
   Лен
  </material>
  <price>
   895087
  </price>
  <rating>
   4.01
  </rating>
  <reviews>
   493489
  </reviews>
  <new>
   -
  </new>
  <exclusive>
   no
  </exclusive>
 </clothing>
 <clothing>
  <id>
   462278870
  </id>
  <name>
   Converse T-shirt N-7549
  </name>
  <category>
   T-shirt
  </category>
  <size>
   XL
  </size>
  <color>
   Фиолетовый
  </color>
  <material>
   Лен
  </material>
  <price>
   483548
  </price>
  <rating>
   2.24
  </rating>
  <reviews>
   560639
  </reviews>
  <new>
   -
  </new>
 </clothing>
 <clothing>
  <id>
   805095671
  </id>
  <name>
   Nike Belts H-4680
  </name>
  <category>
   Belts
  </category>
  <size>
   L
  </size>
  <color>
   Голубой
  </color>
  <material>
   Хлопок
  </material>
  <price>
   666668
  </price>
  <rating>
   1.76
  </rating>
  <reviews>
   538445
  </reviews>
 </clothing>
 <clothing>
  <id>
   387475958
  </id>
  <name>
   Adidas Handbags D-8890
  </name>
  <category>
   Handbags
  </category>
  <size>
   XXL
  </size>
  <color>
   Красный
  </color>
  <material>
   Лен
  </material>
  <price>
   423979
  </price>
  <rating>
   3.39
  </rating>
  <reviews>
   231793
  </reviews>
  <new>
   +
  </new>
  <sporty>
   yes
  </sporty>
 </clothing>
 <clothing>
  <id>
   221760036
  </id>
  <name>
   Asics Belts J-2583
  </name>
  <category>
   Belts
  </category>
  <size>
   M
  </size>
  <color>
   Синий
  </color>
  <material>
   Полиэстер
  </material>
  <price>
   789914
  </price>
  <rating>
   2.83
  </rating>
  <reviews>
   194522
  </reviews>
  <new>
   +
  </new>
  <sporty>
   no
  </sporty>
 </clothing>
 <clothing>
  <id>
   420548950
  </id>
  <name>
   Lacoste Hat B-9396
  </name>
  <category>
   Hat
  </category>
  <size>
   XL
  </size>
  <color>
   Зеленый
  </color>
  <material>
   Нейлон
  </material>
  <price>
   862426
  </price>
  <rating>
   2.71
  </rating>
  <reviews>
   823189
  </reviews>
  <new>
   -
  </new>
 </clothing>
 <clothing>
  <id>
   708457565
  </id>
  <name>
   DC Gloves D-9758
  </name>
  <category>
   Gloves
  </category>
  <size>
   M
  </size>
  <color>
   Оранжевый
  </color>
  <material>
   Кожа
  </material>
  <price>
   970020
  </price>
  <rating>
   4.71
  </rating>
  <reviews>
   28428
  </reviews>
  <new>
   -
  </new>
  <exclusive>
   no
  </exclusive>
  <sporty>
   yes
  </sporty>
 </clothing>
 <clothing>
  <id>
   616779418
  </id>
  <name>
   Nike Handbags D-2346
  </name>
  <category>
   Handbags
  </category>
  <size>
   M
  </size>
  <color>
   Зеленый
  </color>
  <material>
   Полиэстер
  </material>
  <price>
   295722
  </price>
  <rating>
   4.6
  </rating>
  <reviews>
   68932
  </reviews>
  <new>
   -
  </new>
  <exclusive>
   yes
  </exclusive>
 </clothing>
 <clothing>
  <id>
   255841636
  </id>
  <name>
   Fila Hat D-9217
  </name>
  <category>
   Hat
  </category>
  <size>
   S
  </size>
  <color>
   Красный
  </color>
  <material>
   Лен
  </material>
  <price>
   774898
  </price>
  <rating>
   2.34
  </rating>
  <reviews>
   683691
  </reviews>
 </clothing>
 <clothing>
  <id>
   351143635
  </id>
  <name>
   Lacoste Umbrellas F-5949
  </name>
  <category>
   Umbrellas
  </category>
  <size>
   M
  </size>
  <color>
   Фиолетовый
  </color>
  <material>
   Хлопок
  </material>
  <price>
   726110
  </price>
  <rating>
   3.72
  </rating>
  <reviews>
   383568
  </reviews>
  <new>
   -
  </new>
  <exclusive>
   yes
  </exclusive>
 </clothing>
 <clothing>
  <id>
   846479583
  </id>
  <name>
   Addidas Skirt P-2109
  </name>
  <category>
   Skirt
  </category>
  <size>
   S
  </size>
  <color>
   Желтый
  </color>
  <material>
   Вискоза
  </material>
  <price>
   176589
  </price>
  <rating>
   4.75
  </rating>
  <reviews>
   314342
  </reviews>
  <new>
   +
  </new>
  <sporty>
   no
  </sporty>
 </clothing>
 <clothing>
  <id>
   375044223
  </id>
  <name>
   Puma Umbrellas W-3814
  </name>
  <category>
   Umbrellas
  </category>
  <size>
   XL
  </size>
  <color>
   Желтый
  </color>
  <material>
   Шерсть
  </material>
  <price>
   140532
  </price>
  <rating>
   3.12
  </rating>
  <reviews>
   393910
  </reviews>
  <new>
   +
  </new>
  <exclusive>
   yes
  </exclusive>
  <sporty>
   yes
  </sporty>
 </clothing>
 <clothing>
  <id>
   249383473
  </id>
  <name>
   Asics Socks Q-7578
  </name>
  <category>
   Socks
  </category>
  <size>
   M
  </size>
  <color>
   Желтый
  </color>
  <material>
   Нейлон
  </material>
  <price>
   895271
  </price>
  <rating>
   2.42
  </rating>
  <reviews>
   439789
  </reviews>
  <new>
   -
  </new>
  <sporty>
   yes
  </sporty>
 </clothing>
 <clothing>
  <id>
   141932734
  </id>
  <name>
   Reebok Hat Y-3544
  </name>
  <category>
   Hat
  </category>
  <size>
   M
  </size>
  <color>
   Синий
  </color>
  <material>
   Лен
  </material>
  <price>
   437412
  </price>
  <rating>
   1.81
  </rating>
  <reviews>
   126210
  </reviews>
  <sporty>
   no
  </sporty>
 </clothing>
 <clothing>
  <id>
   439716456
  </id>
  <name>
   PleinSport Skirt W-9111
  </name>
  <category>
   Skirt
  </category>
  <size>
   S
  </size>
  <color>
   Оранжевый
  </color>
  <material>
   Лен
  </material>
  <price>
   725316
  </price>
  <rating>
   2.15
  </rating>
  <reviews>
   359239
  </reviews>
  <sporty>
   yes
  </sporty>
 </clothing>
 <clothing>
  <id>
   146914469
  </id>
  <name>
   New Balance Pants I-8783
  </name>
  <category>
   Pants
  </category>
  <size>
   XL
  </size>
  <color>
   Зеленый
  </color>
  <material>
   Шерсть
  </material>
  <price>
   212464
  </price>
  <rating>
   3.85
  </rating>
  <reviews>
   497403
  </reviews>
  <new>
   -
  </new>
  <sporty>
   no
  </sporty>
 </clothing>
 <clothing>
  <id>
   644607315
  </id>
  <name>
   Fila T-shirt T-2727
  </name>
  <category>
   T-shirt
  </category>
  <size>
   XXL
  </size>
  <color>
   Зеленый
  </color>
  <material>
   Нейлон
  </material>
  <price>
   497625
  </price>
  <rating>
   4.68
  </rating>
  <reviews>
   638185
  </reviews>
  <new>
   -
  </new>
 </clothing>
 <clothing>
  <id>
   653345627
  </id>
  <name>
   Adidas Sweater B-6450
  </name>
  <category>
   Sweater
  </category>
  <size>
   S
  </size>
  <color>
   Красный
  </color>
  <material>
   Нейлон
  </material>
  <price>
   180600
  </price>
  <rating>
   3.37
  </rating>
  <reviews>
   297400
  </reviews>
  <new>
   +
  </new>
  <exclusive>
   yes
  </exclusive>
  <sporty>
   yes
  </sporty>
 </clothing>
</clothing-items>
