<?xml version="1.0" encoding="utf-8"?>
<clothing-items>
 <clothing>
  <id>
   983335653
  </id>
  <name>
   Reebok Hat C-6955
  </name>
  <category>
   Hat
  </category>
  <size>
   M
  </size>
  <color>
   Зеленый
  </color>
  <material>
   Полиэстер
  </material>
  <price>
   913012
  </price>
  <rating>
   2.33
  </rating>
  <reviews>
   492339
  </reviews>
  <new>
   -
  </new>
  <exclusive>
   no
  </exclusive>
  <sporty>
   no
  </sporty>
 </clothing>
 <clothing>
  <id>
   854604225
  </id>
  <name>
   Reebok Skirt E-7302
  </name>
  <category>
   Skirt
  </category>
  <size>
   XL
  </size>
  <color>
   Фиолетовый
  </color>
  <material>
   Нейлон
  </material>
  <price>
   587744
  </price>
  <rating>
   3.66
  </rating>
  <reviews>
   616342
  </reviews>
  <new>
   +
  </new>
  <exclusive>
   no
  </exclusive>
 </clothing>
 <clothing>
  <id>
   286414468
  </id>
  <name>
   Ellesse Umbrellas F-5562
  </name>
  <category>
   Umbrellas
  </category>
  <size>
   XL
  </size>
  <color>
   Зеленый
  </color>
  <material>
   Шелк
  </material>
  <price>
   869094
  </price>
  <rating>
   3.14
  </rating>
  <reviews>
   392188
  </reviews>
  <new>
   -
  </new>
  <exclusive>
   no
  </exclusive>
 </clothing>
 <clothing>
  <id>
   379806606
  </id>
  <name>
   Vans Shirt E-8286
  </name>
  <category>
   Shirt
  </category>
  <size>
   S
  </size>
  <color>
   Синий
  </color>
  <material>
   Хлопок
  </material>
  <price>
   527213
  </price>
  <rating>
   4.67
  </rating>
  <reviews>
   344146
  </reviews>
  <exclusive>
   yes
  </exclusive>
  <sporty>
   no
  </sporty>
 </clothing>
 <clothing>
  <id>
   715165508
  </id>
  <name>
   Adidas Hat G-1158
  </name>
  <category>
   Hat
  </category>
  <size>
   L
  </size>
  <color>
   Оранжевый
  </color>
  <material>
   Полиэстер
  </material>
  <price>
   467077
  </price>
  <rating>
   3.59
  </rating>
  <reviews>
   842516
  </reviews>
  <exclusive>
   yes
  </exclusive>
  <sporty>
   no
  </sporty>
 </clothing>
 <clothing>
  <id>
   328755596
  </id>
  <name>
   Adidas Umbrellas I-2003
  </name>
  <category>
   Umbrellas
  </category>
  <size>
   M
  </size>
  <color>
   Зеленый
  </color>
  <material>
   Шелк
  </material>
  <price>
   677972
  </price>
  <rating>
   1.1
  </rating>
  <reviews>
   359456
  </reviews>
  <sporty>
   no
  </sporty>
 </clothing>
 <clothing>
  <id>
   165011815
  </id>
  <name>
   Puma Jacket E-1094
  </name>
  <category>
   Jacket
  </category>
  <size>
   XXL
  </size>
  <color>
   Фиолетовый
  </color>
  <material>
   Шерсть
  </material>
  <price>
   466824
  </price>
  <rating>
   4.3
  </rating>
  <reviews>
   304166
  </reviews>
  <new>
   +
  </new>
  <sporty>
   yes
  </sporty>
 </clothing>
 <clothing>
  <id>
   172906790
  </id>
  <name>
   Vans Skirt D-1371
  </name>
  <category>
   Skirt
  </category>
  <size>
   S
  </size>
  <color>
   Фиолетовый
  </color>
  <material>
   Шелк
  </material>
  <price>
   296469
  </price>
  <rating>
   4.5
  </rating>
  <reviews>
   859598
  </reviews>
  <exclusive>
   yes
  </exclusive>
 </clothing>
 <clothing>
  <id>
   541735687
  </id>
  <name>
   Lacoste Blouse B-8131
  </name>
  <category>
   Blouse
  </category>
  <size>
   L
  </size>
  <color>
   Синий
  </color>
  <material>
   Кожа
  </material>
  <price>
   116673
  </price>
  <rating>
   4.35
  </rating>
  <reviews>
   958007
  </reviews>
  <new>
   -
  </new>
  <exclusive>
   yes
  </exclusive>
  <sporty>
   no
  </sporty>
 </clothing>
 <clothing>
  <id>
   814416767
  </id>
  <name>
   Addidas Shirt L-5553
  </name>
  <category>
   Shirt
  </category>
  <size>
   M
  </size>
  <color>
   Красный
  </color>
  <material>
   Кожа
  </material>
  <price>
   142339
  </price>
  <rating>
   3.33
  </rating>
  <reviews>
   269518
  </reviews>
  <exclusive>
   no
  </exclusive>
 </clothing>
 <clothing>
  <id>
   451352848
  </id>
  <name>
   Lacoste Umbrellas M-5562
  </name>
  <category>
   Umbrellas
  </category>
  <size>
   XXL
  </size>
  <color>
   Голубой
  </color>
  <material>
   Хлопок
  </material>
  <price>
   188460
  </price>
  <rating>
   3.16
  </rating>
  <reviews>
   80253
  </reviews>
 </clothing>
 <clothing>
  <id>
   768808212
  </id>
  <name>
   Puma Jeans G-4098
  </name>
  <category>
   Jeans
  </category>
  <size>
   M
  </size>
  <color>
   Зеленый
  </color>
  <material>
   Хлопок
  </material>
  <price>
   699240
  </price>
  <rating>
   1.3
  </rating>
  <reviews>
   679398
  </reviews>
  <sporty>
   yes
  </sporty>
 </clothing>
 <clothing>
  <id>
   520911277
  </id>
  <name>
   Puma Umbrellas K-2409
  </name>
  <category>
   Umbrellas
  </category>
  <size>
   S
  </size>
  <color>
   Красный
  </color>
  <material>
   Лен
  </material>
  <price>
   486147
  </price>
  <rating>
   1.29
  </rating>
  <reviews>
   280170
  </reviews>
  <sporty>
   yes
  </sporty>
 </clothing>
 <clothing>
  <id>
   328357471
  </id>
  <name>
   Reebok Belts A-8001
  </name>
  <category>
   Belts
  </category>
  <size>
   L
  </size>
  <color>
   Фиолетовый
  </color>
  <material>
   Полиэстер
  </material>
  <price>
   855533
  </price>
  <rating>
   1.21
  </rating>
  <reviews>
   409462
  </reviews>
  <exclusive>
   no
  </exclusive>
  <sporty>
   no
  </sporty>
 </clothing>
</clothing-items>
