<?xml version="1.0" encoding="utf-8"?>
<clothing-items>
 <clothing>
  <id>
   934286792
  </id>
  <name>
   Asics Hat Q-4488
  </name>
  <category>
   Hat
  </category>
  <size>
   M
  </size>
  <color>
   Красный
  </color>
  <material>
   Вискоза
  </material>
  <price>
   259291
  </price>
  <rating>
   4.38
  </rating>
  <reviews>
   528312
  </reviews>
  <new>
   -
  </new>
 </clothing>
 <clothing>
  <id>
   984854421
  </id>
  <name>
   Lacoste Pants G-7900
  </name>
  <category>
   Pants
  </category>
  <size>
   XXL
  </size>
  <color>
   Зеленый
  </color>
  <material>
   Шерсть
  </material>
  <price>
   972998
  </price>
  <rating>
   2.61
  </rating>
  <reviews>
   153524
  </reviews>
  <new>
   +
  </new>
  <exclusive>
   no
  </exclusive>
  <sporty>
   no
  </sporty>
 </clothing>
 <clothing>
  <id>
   401443921
  </id>
  <name>
   Asics Socks Y-8699
  </name>
  <category>
   Socks
  </category>
  <size>
   M
  </size>
  <color>
   Зеленый
  </color>
  <material>
   Вискоза
  </material>
  <price>
   258989
  </price>
  <rating>
   3.87
  </rating>
  <reviews>
   132122
  </reviews>
  <exclusive>
   yes
  </exclusive>
  <sporty>
   yes
  </sporty>
 </clothing>
 <clothing>
  <id>
   899587093
  </id>
  <name>
   Asics Shoes F-3046
  </name>
  <category>
   Shoes
  </category>
  <size>
   L
  </size>
  <color>
   Фиолетовый
  </color>
  <material>
   Полиэстер
  </material>
  <price>
   640632
  </price>
  <rating>
   1.45
  </rating>
  <reviews>
   875396
  </reviews>
  <new>
   +
  </new>
  <exclusive>
   no
  </exclusive>
 </clothing>
 <clothing>
  <id>
   479172481
  </id>
  <name>
   Ellesse Belts A-7780
  </name>
  <category>
   Belts
  </category>
  <size>
   M
  </size>
  <color>
   Синий
  </color>
  <material>
   Хлопок
  </material>
  <price>
   411850
  </price>
  <rating>
   3.34
  </rating>
  <reviews>
   225334
  </reviews>
  <new>
   -
  </new>
  <exclusive>
   no
  </exclusive>
  <sporty>
   no
  </sporty>
 </clothing>
 <clothing>
  <id>
   230264283
  </id>
  <name>
   New Balance Shoes R-9033
  </name>
  <category>
   Shoes
  </category>
  <size>
   S
  </size>
  <color>
   Красный
  </color>
  <material>
   Вискоза
  </material>
  <price>
   198205
  </price>
  <rating>
   3.94
  </rating>
  <reviews>
   682621
  </reviews>
  <new>
   +
  </new>
  <exclusive>
   no
  </exclusive>
  <sporty>
   no
  </sporty>
 </clothing>
 <clothing>
  <id>
   740660777
  </id>
  <name>
   Reebok Dress O-3628
  </name>
  <category>
   Dress
  </category>
  <size>
   XL
  </size>
  <color>
   Голубой
  </color>
  <material>
   Хлопок
  </material>
  <price>
   117287
  </price>
  <rating>
   4.29
  </rating>
  <reviews>
   481647
  </reviews>
  <new>
   -
  </new>
  <exclusive>
   yes
  </exclusive>
 </clothing>
 <clothing>
  <id>
   463140518
  </id>
  <name>
   DC Belts M-5785
  </name>
  <category>
   Belts
  </category>
  <size>
   S
  </size>
  <color>
   Желтый
  </color>
  <material>
   Хлопок
  </material>
  <price>
   444293
  </price>
  <rating>
   2.0
  </rating>
  <reviews>
   554101
  </reviews>
  <new>
   -
  </new>
  <sporty>
   no
  </sporty>
 </clothing>
 <clothing>
  <id>
   576604128
  </id>
  <name>
   Asics Pants I-8996
  </name>
  <category>
   Pants
  </category>
  <size>
   XL
  </size>
  <color>
   Синий
  </color>
  <material>
   Шелк
  </material>
  <price>
   467819
  </price>
  <rating>
   4.53
  </rating>
  <reviews>
   226611
  </reviews>
  <new>
   +
  </new>
  <exclusive>
   no
  </exclusive>
 </clothing>
 <clothing>
  <id>
   914863552
  </id>
  <name>
   Ellesse Hat K-3850
  </name>
  <category>
   Hat
  </category>
  <size>
   XL
  </size>
  <color>
   Желтый
  </color>
  <material>
   Нейлон
  </material>
  <price>
   271307
  </price>
  <rating>
   3.53
  </rating>
  <reviews>
   357907
  </reviews>
  <exclusive>
   yes
  </exclusive>
  <sporty>
   no
  </sporty>
 </clothing>
 <clothing>
  <id>
   378273241
  </id>
  <name>
   Lacoste Umbrellas L-2380
  </name>
  <category>
   Umbrellas
  </category>
  <size>
   XL
  </size>
  <color>
   Голубой
  </color>
  <material>
   Нейлон
  </material>
  <price>
   519691
  </price>
  <rating>
   1.04
  </rating>
  <reviews>
   155521
  </reviews>
  <new>
   -
  </new>
  <exclusive>
   no
  </exclusive>
  <sporty>
   no
  </sporty>
 </clothing>
 <clothing>
  <id>
   338995113
  </id>
  <name>
   Puma Sweater R-8638
  </name>
  <category>
   Sweater
  </category>
  <size>
   M
  </size>
  <color>
   Голубой
  </color>
  <material>
   Шерсть
  </material>
  <price>
   972230
  </price>
  <rating>
   1.84
  </rating>
  <reviews>
   339378
  </reviews>
  <new>
   -
  </new>
  <sporty>
   no
  </sporty>
 </clothing>
 <clothing>
  <id>
   705814036
  </id>
  <name>
   Converse Shirt I-3517
  </name>
  <category>
   Shirt
  </category>
  <size>
   S
  </size>
  <color>
   Красный
  </color>
  <material>
   Вискоза
  </material>
  <price>
   127208
  </price>
  <rating>
   2.16
  </rating>
  <reviews>
   317671
  </reviews>
  <sporty>
   yes
  </sporty>
 </clothing>
 <clothing>
  <id>
   375772612
  </id>
  <name>
   PleinSport Gloves V-8910
  </name>
  <category>
   Gloves
  </category>
  <size>
   M
  </size>
  <color>
   Голубой
  </color>
  <material>
   Нейлон
  </material>
  <price>
   375421
  </price>
  <rating>
   1.75
  </rating>
  <reviews>
   743965
  </reviews>
  <new>
   -
  </new>
  <exclusive>
   no
  </exclusive>
 </clothing>
 <clothing>
  <id>
   989355267
  </id>
  <name>
   DC Umbrellas N-5307
  </name>
  <category>
   Umbrellas
  </category>
  <size>
   XL
  </size>
  <color>
   Голубой
  </color>
  <material>
   Нейлон
  </material>
  <price>
   541034
  </price>
  <rating>
   1.71
  </rating>
  <reviews>
   629900
  </reviews>
  <new>
   -
  </new>
  <exclusive>
   no
  </exclusive>
  <sporty>
   yes
  </sporty>
 </clothing>
 <clothing>
  <id>
   144798000
  </id>
  <name>
   Asics Pants R-8040
  </name>
  <category>
   Pants
  </category>
  <size>
   XL
  </size>
  <color>
   Голубой
  </color>
  <material>
   Хлопок
  </material>
  <price>
   121885
  </price>
  <rating>
   1.06
  </rating>
  <reviews>
   974085
  </reviews>
  <new>
   -
  </new>
  <exclusive>
   no
  </exclusive>
 </clothing>
 <clothing>
  <id>
   403275969
  </id>
  <name>
   Nike Jacket D-5273
  </name>
  <category>
   Jacket
  </category>
  <size>
   S
  </size>
  <color>
   Оранжевый
  </color>
  <material>
   Лен
  </material>
  <price>
   492298
  </price>
  <rating>
   3.12
  </rating>
  <reviews>
   848319
  </reviews>
  <new>
   +
  </new>
  <exclusive>
   no
  </exclusive>
 </clothing>
 <clothing>
  <id>
   101551813
  </id>
  <name>
   Reebok Gloves D-9851
  </name>
  <category>
   Gloves
  </category>
  <size>
   XXL
  </size>
  <color>
   Голубой
  </color>
  <material>
   Кожа
  </material>
  <price>
   657705
  </price>
  <rating>
   4.31
  </rating>
  <reviews>
   810753
  </reviews>
  <new>
   +
  </new>
  <exclusive>
   no
  </exclusive>
  <sporty>
   no
  </sporty>
 </clothing>
 <clothing>
  <id>
   518549576
  </id>
  <name>
   Vans Jacket S-9690
  </name>
  <category>
   Jacket
  </category>
  <size>
   S
  </size>
  <color>
   Синий
  </color>
  <material>
   Нейлон
  </material>
  <price>
   993762
  </price>
  <rating>
   4.06
  </rating>
  <reviews>
   663091
  </reviews>
  <new>
   +
  </new>
  <exclusive>
   yes
  </exclusive>
  <sporty>
   yes
  </sporty>
 </clothing>
 <clothing>
  <id>
   486925056
  </id>
  <name>
   Nike Umbrellas A-8926
  </name>
  <category>
   Umbrellas
  </category>
  <size>
   XL
  </size>
  <color>
   Оранжевый
  </color>
  <material>
   Кожа
  </material>
  <price>
   352640
  </price>
  <rating>
   3.39
  </rating>
  <reviews>
   547902
  </reviews>
  <new>
   -
  </new>
  <sporty>
   no
  </sporty>
 </clothing>
 <clothing>
  <id>
   345532438
  </id>
  <name>
   Addidas Sweater K-7092
  </name>
  <category>
   Sweater
  </category>
  <size>
   M
  </size>
  <color>
   Синий
  </color>
  <material>
   Шерсть
  </material>
  <price>
   999549
  </price>
  <rating>
   3.72
  </rating>
  <reviews>
   249160
  </reviews>
  <new>
   -
  </new>
  <exclusive>
   yes
  </exclusive>
  <sporty>
   no
  </sporty>
 </clothing>
 <clothing>
  <id>
   670896719
  </id>
  <name>
   Reebok Blouse L-2164
  </name>
  <category>
   Blouse
  </category>
  <size>
   XXL
  </size>
  <color>
   Зеленый
  </color>
  <material>
   Шелк
  </material>
  <price>
   952432
  </price>
  <rating>
   1.83
  </rating>
  <reviews>
   311677
  </reviews>
 </clothing>
 <clothing>
  <id>
   122763994
  </id>
  <name>
   PleinSport Jacket Q-8800
  </name>
  <category>
   Jacket
  </category>
  <size>
   XL
  </size>
  <color>
   Зеленый
  </color>
  <material>
   Шелк
  </material>
  <price>
   695945
  </price>
  <rating>
   1.95
  </rating>
  <reviews>
   488862
  </reviews>
  <sporty>
   no
  </sporty>
 </clothing>
 <clothing>
  <id>
   837076412
  </id>
  <name>
   Asics Blouse V-7174
  </name>
  <category>
   Blouse
  </category>
  <size>
   S
  </size>
  <color>
   Синий
  </color>
  <material>
   Кожа
  </material>
  <price>
   414823
  </price>
  <rating>
   3.67
  </rating>
  <reviews>
   169444
  </reviews>
  <new>
   -
  </new>
  <exclusive>
   no
  </exclusive>
 </clothing>
 <clothing>
  <id>
   859111100
  </id>
  <name>
   Ellesse Skirt L-5006
  </name>
  <category>
   Skirt
  </category>
  <size>
   S
  </size>
  <color>
   Зеленый
  </color>
  <material>
   Вискоза
  </material>
  <price>
   951904
  </price>
  <rating>
   3.86
  </rating>
  <reviews>
   421987
  </reviews>
  <new>
   +
  </new>
  <exclusive>
   no
  </exclusive>
  <sporty>
   no
  </sporty>
 </clothing>
 <clothing>
  <id>
   649274890
  </id>
  <name>
   Asics Socks L-2123
  </name>
  <category>
   Socks
  </category>
  <size>
   XL
  </size>
  <color>
   Желтый
  </color>
  <material>
   Шерсть
  </material>
  <price>
   787559
  </price>
  <rating>
   1.0
  </rating>
  <reviews>
   317779
  </reviews>
  <new>
   -
  </new>
  <exclusive>
   yes
  </exclusive>
 </clothing>
 <clothing>
  <id>
   902656147
  </id>
  <name>
   PleinSport Umbrellas Z-3823
  </name>
  <category>
   Umbrellas
  </category>
  <size>
   XL
  </size>
  <color>
   Желтый
  </color>
  <material>
   Шелк
  </material>
  <price>
   189857
  </price>
  <rating>
   4.67
  </rating>
  <reviews>
   727909
  </reviews>
  <exclusive>
   no
  </exclusive>
  <sporty>
   yes
  </sporty>
 </clothing>
 <clothing>
  <id>
   328642725
  </id>
  <name>
   Ellesse Jeans N-6460
  </name>
  <category>
   Jeans
  </category>
  <size>
   M
  </size>
  <color>
   Зеленый
  </color>
  <material>
   Полиэстер
  </material>
  <price>
   679238
  </price>
  <rating>
   2.47
  </rating>
  <reviews>
   933078
  </reviews>
  <exclusive>
   yes
  </exclusive>
  <sporty>
   no
  </sporty>
 </clothing>
</clothing-items>
