<?xml version="1.0" encoding="utf-8"?>
<clothing-items>
 <clothing>
  <id>
   449395241
  </id>
  <name>
   Ellesse Handbags N-6486
  </name>
  <category>
   Handbags
  </category>
  <size>
   L
  </size>
  <color>
   Синий
  </color>
  <material>
   Нейлон
  </material>
  <price>
   939270
  </price>
  <rating>
   3.63
  </rating>
  <reviews>
   918445
  </reviews>
 </clothing>
 <clothing>
  <id>
   909045093
  </id>
  <name>
   Lacoste Umbrellas X-3158
  </name>
  <category>
   Umbrellas
  </category>
  <size>
   S
  </size>
  <color>
   Желтый
  </color>
  <material>
   Шелк
  </material>
  <price>
   710967
  </price>
  <rating>
   1.42
  </rating>
  <reviews>
   479836
  </reviews>
  <new>
   +
  </new>
  <exclusive>
   yes
  </exclusive>
 </clothing>
 <clothing>
  <id>
   916491732
  </id>
  <name>
   Vans Belts B-3533
  </name>
  <category>
   Belts
  </category>
  <size>
   XL
  </size>
  <color>
   Красный
  </color>
  <material>
   Шерсть
  </material>
  <price>
   770983
  </price>
  <rating>
   1.43
  </rating>
  <reviews>
   197486
  </reviews>
  <new>
   +
  </new>
 </clothing>
 <clothing>
  <id>
   188585122
  </id>
  <name>
   Addidas Handbags Y-1458
  </name>
  <category>
   Handbags
  </category>
  <size>
   M
  </size>
  <color>
   Красный
  </color>
  <material>
   Нейлон
  </material>
  <price>
   140819
  </price>
  <rating>
   2.05
  </rating>
  <reviews>
   94529
  </reviews>
  <exclusive>
   no
  </exclusive>
  <sporty>
   no
  </sporty>
 </clothing>
 <clothing>
  <id>
   551733300
  </id>
  <name>
   PleinSport Dress G-9501
  </name>
  <category>
   Dress
  </category>
  <size>
   XXL
  </size>
  <color>
   Желтый
  </color>
  <material>
   Полиэстер
  </material>
  <price>
   614852
  </price>
  <rating>
   4.7
  </rating>
  <reviews>
   702068
  </reviews>
  <sporty>
   yes
  </sporty>
 </clothing>
 <clothing>
  <id>
   927119591
  </id>
  <name>
   Under Armour Sweater Y-8300
  </name>
  <category>
   Sweater
  </category>
  <size>
   S
  </size>
  <color>
   Зеленый
  </color>
  <material>
   Нейлон
  </material>
  <price>
   193028
  </price>
  <rating>
   1.06
  </rating>
  <reviews>
   895128
  </reviews>
  <exclusive>
   yes
  </exclusive>
 </clothing>
 <clothing>
  <id>
   163680259
  </id>
  <name>
   PleinSport Jeans Q-8182
  </name>
  <category>
   Jeans
  </category>
  <size>
   S
  </size>
  <color>
   Фиолетовый
  </color>
  <material>
   Шелк
  </material>
  <price>
   593019
  </price>
  <rating>
   1.83
  </rating>
  <reviews>
   278245
  </reviews>
  <exclusive>
   no
  </exclusive>
 </clothing>
 <clothing>
  <id>
   134859981
  </id>
  <name>
   Puma Blouse A-2407
  </name>
  <category>
   Blouse
  </category>
  <size>
   XXL
  </size>
  <color>
   Зеленый
  </color>
  <material>
   Хлопок
  </material>
  <price>
   962406
  </price>
  <rating>
   1.4
  </rating>
  <reviews>
   171984
  </reviews>
  <new>
   -
  </new>
  <exclusive>
   yes
  </exclusive>
 </clothing>
 <clothing>
  <id>
   378060055
  </id>
  <name>
   Ellesse Hat Z-2874
  </name>
  <category>
   Hat
  </category>
  <size>
   L
  </size>
  <color>
   Желтый
  </color>
  <material>
   Шелк
  </material>
  <price>
   572687
  </price>
  <rating>
   4.32
  </rating>
  <reviews>
   414403
  </reviews>
  <new>
   -
  </new>
  <exclusive>
   no
  </exclusive>
 </clothing>
 <clothing>
  <id>
   553318173
  </id>
  <name>
   Adidas Handbags I-4789
  </name>
  <category>
   Handbags
  </category>
  <size>
   XXL
  </size>
  <color>
   Голубой
  </color>
  <material>
   Нейлон
  </material>
  <price>
   674184
  </price>
  <rating>
   4.65
  </rating>
  <reviews>
   551090
  </reviews>
  <new>
   -
  </new>
  <exclusive>
   no
  </exclusive>
  <sporty>
   no
  </sporty>
 </clothing>
 <clothing>
  <id>
   718280950
  </id>
  <name>
   DC Gloves G-7175
  </name>
  <category>
   Gloves
  </category>
  <size>
   XXL
  </size>
  <color>
   Голубой
  </color>
  <material>
   Кожа
  </material>
  <price>
   381039
  </price>
  <rating>
   4.57
  </rating>
  <reviews>
   554856
  </reviews>
  <new>
   +
  </new>
  <exclusive>
   yes
  </exclusive>
  <sporty>
   yes
  </sporty>
 </clothing>
 <clothing>
  <id>
   591173759
  </id>
  <name>
   Reebok Sweater U-2678
  </name>
  <category>
   Sweater
  </category>
  <size>
   M
  </size>
  <color>
   Зеленый
  </color>
  <material>
   Полиэстер
  </material>
  <price>
   480551
  </price>
  <rating>
   4.25
  </rating>
  <reviews>
   315249
  </reviews>
  <new>
   +
  </new>
  <exclusive>
   yes
  </exclusive>
 </clothing>
 <clothing>
  <id>
   643689520
  </id>
  <name>
   Asics Blouse V-9056
  </name>
  <category>
   Blouse
  </category>
  <size>
   XL
  </size>
  <color>
   Оранжевый
  </color>
  <material>
   Нейлон
  </material>
  <price>
   370198
  </price>
  <rating>
   4.29
  </rating>
  <reviews>
   261180
  </reviews>
  <new>
   +
  </new>
  <sporty>
   no
  </sporty>
 </clothing>
 <clothing>
  <id>
   736969308
  </id>
  <name>
   Fila Sweater M-9056
  </name>
  <category>
   Sweater
  </category>
  <size>
   L
  </size>
  <color>
   Голубой
  </color>
  <material>
   Шерсть
  </material>
  <price>
   510018
  </price>
  <rating>
   3.24
  </rating>
  <reviews>
   638239
  </reviews>
  <exclusive>
   yes
  </exclusive>
 </clothing>
 <clothing>
  <id>
   695011772
  </id>
  <name>
   New Balance Pants G-8288
  </name>
  <category>
   Pants
  </category>
  <size>
   XL
  </size>
  <color>
   Фиолетовый
  </color>
  <material>
   Кожа
  </material>
  <price>
   306083
  </price>
  <rating>
   3.11
  </rating>
  <reviews>
   450528
  </reviews>
  <new>
   -
  </new>
 </clothing>
 <clothing>
  <id>
   513725749
  </id>
  <name>
   Addidas Skirt N-8316
  </name>
  <category>
   Skirt
  </category>
  <size>
   XXL
  </size>
  <color>
   Голубой
  </color>
  <material>
   Нейлон
  </material>
  <price>
   220043
  </price>
  <rating>
   4.75
  </rating>
  <reviews>
   993596
  </reviews>
 </clothing>
 <clothing>
  <id>
   546569810
  </id>
  <name>
   Fila Dress I-4018
  </name>
  <category>
   Dress
  </category>
  <size>
   M
  </size>
  <color>
   Желтый
  </color>
  <material>
   Шелк
  </material>
  <price>
   269694
  </price>
  <rating>
   2.76
  </rating>
  <reviews>
   30938
  </reviews>
  <exclusive>
   yes
  </exclusive>
 </clothing>
 <clothing>
  <id>
   106777077
  </id>
  <name>
   Fila Shoes T-7936
  </name>
  <category>
   Shoes
  </category>
  <size>
   XL
  </size>
  <color>
   Синий
  </color>
  <material>
   Нейлон
  </material>
  <price>
   479846
  </price>
  <rating>
   2.47
  </rating>
  <reviews>
   18490
  </reviews>
 </clothing>
 <clothing>
  <id>
   333957445
  </id>
  <name>
   Converse Dress A-7377
  </name>
  <category>
   Dress
  </category>
  <size>
   M
  </size>
  <color>
   Красный
  </color>
  <material>
   Кожа
  </material>
  <price>
   542208
  </price>
  <rating>
   1.33
  </rating>
  <reviews>
   993186
  </reviews>
  <new>
   +
  </new>
 </clothing>
 <clothing>
  <id>
   322525786
  </id>
  <name>
   Vans Pants Q-9815
  </name>
  <category>
   Pants
  </category>
  <size>
   XXL
  </size>
  <color>
   Синий
  </color>
  <material>
   Хлопок
  </material>
  <price>
   854948
  </price>
  <rating>
   1.95
  </rating>
  <reviews>
   911438
  </reviews>
 </clothing>
 <clothing>
  <id>
   193049589
  </id>
  <name>
   Asics Sweater V-8131
  </name>
  <category>
   Sweater
  </category>
  <size>
   S
  </size>
  <color>
   Зеленый
  </color>
  <material>
   Хлопок
  </material>
  <price>
   965148
  </price>
  <rating>
   1.13
  </rating>
  <reviews>
   861919
  </reviews>
  <exclusive>
   no
  </exclusive>
  <sporty>
   no
  </sporty>
 </clothing>
 <clothing>
  <id>
   194821955
  </id>
  <name>
   Lacoste Shirt U-1261
  </name>
  <category>
   Shirt
  </category>
  <size>
   S
  </size>
  <color>
   Зеленый
  </color>
  <material>
   Кожа
  </material>
  <price>
   519105
  </price>
  <rating>
   2.18
  </rating>
  <reviews>
   621814
  </reviews>
  <new>
   -
  </new>
  <exclusive>
   yes
  </exclusive>
 </clothing>
 <clothing>
  <id>
   440563584
  </id>
  <name>
   New Balance Umbrellas U-2309
  </name>
  <category>
   Umbrellas
  </category>
  <size>
   XL
  </size>
  <color>
   Фиолетовый
  </color>
  <material>
   Шелк
  </material>
  <price>
   588826
  </price>
  <rating>
   4.77
  </rating>
  <reviews>
   415852
  </reviews>
  <sporty>
   no
  </sporty>
 </clothing>
 <clothing>
  <id>
   746812911
  </id>
  <name>
   Lacoste Jacket E-4830
  </name>
  <category>
   Jacket
  </category>
  <size>
   XL
  </size>
  <color>
   Синий
  </color>
  <material>
   Хлопок
  </material>
  <price>
   953875
  </price>
  <rating>
   2.39
  </rating>
  <reviews>
   18488
  </reviews>
  <new>
   +
  </new>
 </clothing>
 <clothing>
  <id>
   858707453
  </id>
  <name>
   Under Armour Socks E-3724
  </name>
  <category>
   Socks
  </category>
  <size>
   XXL
  </size>
  <color>
   Красный
  </color>
  <material>
   Шерсть
  </material>
  <price>
   945801
  </price>
  <rating>
   4.47
  </rating>
  <reviews>
   663118
  </reviews>
 </clothing>
 <clothing>
  <id>
   379607712
  </id>
  <name>
   Lacoste T-shirt Y-9238
  </name>
  <category>
   T-shirt
  </category>
  <size>
   L
  </size>
  <color>
   Фиолетовый
  </color>
  <material>
   Хлопок
  </material>
  <price>
   367082
  </price>
  <rating>
   4.45
  </rating>
  <reviews>
   906834
  </reviews>
  <new>
   -
  </new>
  <exclusive>
   yes
  </exclusive>
  <sporty>
   no
  </sporty>
 </clothing>
 <clothing>
  <id>
   168488579
  </id>
  <name>
   Puma Skirt Z-6806
  </name>
  <category>
   Skirt
  </category>
  <size>
   XXL
  </size>
  <color>
   Фиолетовый
  </color>
  <material>
   Полиэстер
  </material>
  <price>
   370804
  </price>
  <rating>
   4.34
  </rating>
  <reviews>
   959392
  </reviews>
 </clothing>
 <clothing>
  <id>
   121340343
  </id>
  <name>
   Under Armour Socks Z-3382
  </name>
  <category>
   Socks
  </category>
  <size>
   L
  </size>
  <color>
   Синий
  </color>
  <material>
   Вискоза
  </material>
  <price>
   271617
  </price>
  <rating>
   3.42
  </rating>
  <reviews>
   185821
  </reviews>
  <new>
   -
  </new>
  <sporty>
   no
  </sporty>
 </clothing>
 <clothing>
  <id>
   294118317
  </id>
  <name>
   Brooks Skirt R-5225
  </name>
  <category>
   Skirt
  </category>
  <size>
   L
  </size>
  <color>
   Синий
  </color>
  <material>
   Кожа
  </material>
  <price>
   665703
  </price>
  <rating>
   1.11
  </rating>
  <reviews>
   194368
  </reviews>
  <new>
   -
  </new>
 </clothing>
 <clothing>
  <id>
   534657407
  </id>
  <name>
   Lacoste Blouse V-2081
  </name>
  <category>
   Blouse
  </category>
  <size>
   XL
  </size>
  <color>
   Красный
  </color>
  <material>
   Хлопок
  </material>
  <price>
   866765
  </price>
  <rating>
   1.15
  </rating>
  <reviews>
   480739
  </reviews>
  <sporty>
   no
  </sporty>
 </clothing>
 <clothing>
  <id>
   591546986
  </id>
  <name>
   Nike Socks H-6016
  </name>
  <category>
   Socks
  </category>
  <size>
   M
  </size>
  <color>
   Красный
  </color>
  <material>
   Хлопок
  </material>
  <price>
   952967
  </price>
  <rating>
   2.67
  </rating>
  <reviews>
   302246
  </reviews>
  <new>
   +
  </new>
  <exclusive>
   no
  </exclusive>
 </clothing>
</clothing-items>
