<?xml version="1.0" encoding="utf-8"?>
<clothing-items>
 <clothing>
  <id>
   127998015
  </id>
  <name>
   Vans Socks G-9351
  </name>
  <category>
   Socks
  </category>
  <size>
   L
  </size>
  <color>
   Синий
  </color>
  <material>
   Нейлон
  </material>
  <price>
   490975
  </price>
  <rating>
   3.35
  </rating>
  <reviews>
   443255
  </reviews>
  <new>
   +
  </new>
  <sporty>
   no
  </sporty>
 </clothing>
 <clothing>
  <id>
   860527730
  </id>
  <name>
   DC Umbrellas L-6176
  </name>
  <category>
   Umbrellas
  </category>
  <size>
   M
  </size>
  <color>
   Зеленый
  </color>
  <material>
   Шерсть
  </material>
  <price>
   128849
  </price>
  <rating>
   3.22
  </rating>
  <reviews>
   324588
  </reviews>
  <new>
   -
  </new>
  <sporty>
   no
  </sporty>
 </clothing>
 <clothing>
  <id>
   183249374
  </id>
  <name>
   New Balance Belts Q-2347
  </name>
  <category>
   Belts
  </category>
  <size>
   XL
  </size>
  <color>
   Красный
  </color>
  <material>
   Нейлон
  </material>
  <price>
   108880
  </price>
  <rating>
   2.73
  </rating>
  <reviews>
   818497
  </reviews>
  <sporty>
   yes
  </sporty>
 </clothing>
 <clothing>
  <id>
   343668622
  </id>
  <name>
   Vans Shirt I-5939
  </name>
  <category>
   Shirt
  </category>
  <size>
   M
  </size>
  <color>
   Красный
  </color>
  <material>
   Вискоза
  </material>
  <price>
   789555
  </price>
  <rating>
   1.32
  </rating>
  <reviews>
   929166
  </reviews>
  <new>
   -
  </new>
  <sporty>
   no
  </sporty>
 </clothing>
 <clothing>
  <id>
   944298660
  </id>
  <name>
   Reebok Umbrellas B-6776
  </name>
  <category>
   Umbrellas
  </category>
  <size>
   XXL
  </size>
  <color>
   Оранжевый
  </color>
  <material>
   Лен
  </material>
  <price>
   144991
  </price>
  <rating>
   3.29
  </rating>
  <reviews>
   94105
  </reviews>
  <exclusive>
   yes
  </exclusive>
 </clothing>
 <clothing>
  <id>
   297392768
  </id>
  <name>
   New Balance Jacket V-6105
  </name>
  <category>
   Jacket
  </category>
  <size>
   XXL
  </size>
  <color>
   Зеленый
  </color>
  <material>
   Шелк
  </material>
  <price>
   233233
  </price>
  <rating>
   2.66
  </rating>
  <reviews>
   332034
  </reviews>
  <new>
   -
  </new>
  <exclusive>
   yes
  </exclusive>
  <sporty>
   no
  </sporty>
 </clothing>
 <clothing>
  <id>
   494181815
  </id>
  <name>
   Vans T-shirt J-8210
  </name>
  <category>
   T-shirt
  </category>
  <size>
   S
  </size>
  <color>
   Красный
  </color>
  <material>
   Шелк
  </material>
  <price>
   496764
  </price>
  <rating>
   1.22
  </rating>
  <reviews>
   828038
  </reviews>
  <new>
   -
  </new>
  <sporty>
   no
  </sporty>
 </clothing>
 <clothing>
  <id>
   188674331
  </id>
  <name>
   Adidas Jeans T-1251
  </name>
  <category>
   Jeans
  </category>
  <size>
   XL
  </size>
  <color>
   Фиолетовый
  </color>
  <material>
   Шелк
  </material>
  <price>
   102143
  </price>
  <rating>
   4.74
  </rating>
  <reviews>
   36338
  </reviews>
  <new>
   +
  </new>
  <exclusive>
   no
  </exclusive>
  <sporty>
   no
  </sporty>
 </clothing>
 <clothing>
  <id>
   655588664
  </id>
  <name>
   Reebok Shirt B-6541
  </name>
  <category>
   Shirt
  </category>
  <size>
   XXL
  </size>
  <color>
   Голубой
  </color>
  <material>
   Вискоза
  </material>
  <price>
   402709
  </price>
  <rating>
   1.72
  </rating>
  <reviews>
   925067
  </reviews>
 </clothing>
 <clothing>
  <id>
   336026305
  </id>
  <name>
   Nike T-shirt R-8725
  </name>
  <category>
   T-shirt
  </category>
  <size>
   M
  </size>
  <color>
   Голубой
  </color>
  <material>
   Шерсть
  </material>
  <price>
   680466
  </price>
  <rating>
   3.3
  </rating>
  <reviews>
   855502
  </reviews>
  <sporty>
   no
  </sporty>
 </clothing>
 <clothing>
  <id>
   915341327
  </id>
  <name>
   New Balance Sweater Q-6432
  </name>
  <category>
   Sweater
  </category>
  <size>
   L
  </size>
  <color>
   Фиолетовый
  </color>
  <material>
   Полиэстер
  </material>
  <price>
   529716
  </price>
  <rating>
   4.54
  </rating>
  <reviews>
   263396
  </reviews>
  <new>
   -
  </new>
  <sporty>
   yes
  </sporty>
 </clothing>
 <clothing>
  <id>
   204408042
  </id>
  <name>
   PleinSport Belts E-9121
  </name>
  <category>
   Belts
  </category>
  <size>
   M
  </size>
  <color>
   Синий
  </color>
  <material>
   Шерсть
  </material>
  <price>
   236541
  </price>
  <rating>
   2.92
  </rating>
  <reviews>
   903277
  </reviews>
  <exclusive>
   no
  </exclusive>
  <sporty>
   no
  </sporty>
 </clothing>
 <clothing>
  <id>
   110987377
  </id>
  <name>
   Converse Socks B-8407
  </name>
  <category>
   Socks
  </category>
  <size>
   S
  </size>
  <color>
   Фиолетовый
  </color>
  <material>
   Полиэстер
  </material>
  <price>
   794350
  </price>
  <rating>
   1.75
  </rating>
  <reviews>
   921574
  </reviews>
  <exclusive>
   no
  </exclusive>
 </clothing>
 <clothing>
  <id>
   614950495
  </id>
  <name>
   Converse Gloves T-4955
  </name>
  <category>
   Gloves
  </category>
  <size>
   L
  </size>
  <color>
   Оранжевый
  </color>
  <material>
   Шерсть
  </material>
  <price>
   388824
  </price>
  <rating>
   4.89
  </rating>
  <reviews>
   760544
  </reviews>
  <new>
   -
  </new>
  <exclusive>
   no
  </exclusive>
  <sporty>
   no
  </sporty>
 </clothing>
 <clothing>
  <id>
   490917907
  </id>
  <name>
   New Balance Blouse A-5956
  </name>
  <category>
   Blouse
  </category>
  <size>
   L
  </size>
  <color>
   Зеленый
  </color>
  <material>
   Нейлон
  </material>
  <price>
   934905
  </price>
  <rating>
   4.33
  </rating>
  <reviews>
   192891
  </reviews>
 </clothing>
 <clothing>
  <id>
   127598929
  </id>
  <name>
   Ellesse Skirt T-1923
  </name>
  <category>
   Skirt
  </category>
  <size>
   XL
  </size>
  <color>
   Желтый
  </color>
  <material>
   Шелк
  </material>
  <price>
   843642
  </price>
  <rating>
   2.53
  </rating>
  <reviews>
   51987
  </reviews>
  <sporty>
   yes
  </sporty>
 </clothing>
 <clothing>
  <id>
   226963417
  </id>
  <name>
   Ellesse T-shirt Q-8153
  </name>
  <category>
   T-shirt
  </category>
  <size>
   XXL
  </size>
  <color>
   Зеленый
  </color>
  <material>
   Кожа
  </material>
  <price>
   730814
  </price>
  <rating>
   2.7
  </rating>
  <reviews>
   971042
  </reviews>
  <exclusive>
   no
  </exclusive>
  <sporty>
   yes
  </sporty>
 </clothing>
 <clothing>
  <id>
   437920762
  </id>
  <name>
   Converse Belts R-5363
  </name>
  <category>
   Belts
  </category>
  <size>
   XL
  </size>
  <color>
   Синий
  </color>
  <material>
   Вискоза
  </material>
  <price>
   548556
  </price>
  <rating>
   2.21
  </rating>
  <reviews>
   355172
  </reviews>
  <sporty>
   no
  </sporty>
 </clothing>
 <clothing>
  <id>
   483139361
  </id>
  <name>
   Asics Socks R-6445
  </name>
  <category>
   Socks
  </category>
  <size>
   M
  </size>
  <color>
   Синий
  </color>
  <material>
   Вискоза
  </material>
  <price>
   551930
  </price>
  <rating>
   2.89
  </rating>
  <reviews>
   474494
  </reviews>
  <exclusive>
   no
  </exclusive>
  <sporty>
   yes
  </sporty>
 </clothing>
 <clothing>
  <id>
   953327004
  </id>
  <name>
   Nike Jeans R-8913
  </name>
  <category>
   Jeans
  </category>
  <size>
   S
  </size>
  <color>
   Оранжевый
  </color>
  <material>
   Кожа
  </material>
  <price>
   265167
  </price>
  <rating>
   4.81
  </rating>
  <reviews>
   898166
  </reviews>
  <new>
   +
  </new>
 </clothing>
 <clothing>
  <id>
   611502353
  </id>
  <name>
   DC Belts V-4509
  </name>
  <category>
   Belts
  </category>
  <size>
   M
  </size>
  <color>
   Желтый
  </color>
  <material>
   Шелк
  </material>
  <price>
   472694
  </price>
  <rating>
   4.78
  </rating>
  <reviews>
   699263
  </reviews>
  <exclusive>
   yes
  </exclusive>
  <sporty>
   no
  </sporty>
 </clothing>
 <clothing>
  <id>
   764894327
  </id>
  <name>
   Nike T-shirt P-5503
  </name>
  <category>
   T-shirt
  </category>
  <size>
   S
  </size>
  <color>
   Голубой
  </color>
  <material>
   Лен
  </material>
  <price>
   684094
  </price>
  <rating>
   4.42
  </rating>
  <reviews>
   462759
  </reviews>
  <new>
   -
  </new>
  <exclusive>
   yes
  </exclusive>
  <sporty>
   yes
  </sporty>
 </clothing>
 <clothing>
  <id>
   732097674
  </id>
  <name>
   PleinSport Jacket V-1231
  </name>
  <category>
   Jacket
  </category>
  <size>
   XL
  </size>
  <color>
   Желтый
  </color>
  <material>
   Кожа
  </material>
  <price>
   292540
  </price>
  <rating>
   4.65
  </rating>
  <reviews>
   774773
  </reviews>
  <new>
   -
  </new>
  <exclusive>
   yes
  </exclusive>
 </clothing>
 <clothing>
  <id>
   265980326
  </id>
  <name>
   Vans Gloves C-5699
  </name>
  <category>
   Gloves
  </category>
  <size>
   XL
  </size>
  <color>
   Желтый
  </color>
  <material>
   Хлопок
  </material>
  <price>
   863395
  </price>
  <rating>
   2.64
  </rating>
  <reviews>
   730076
  </reviews>
  <exclusive>
   no
  </exclusive>
 </clothing>
 <clothing>
  <id>
   997552619
  </id>
  <name>
   Puma Shirt R-3028
  </name>
  <category>
   Shirt
  </category>
  <size>
   S
  </size>
  <color>
   Красный
  </color>
  <material>
   Кожа
  </material>
  <price>
   810247
  </price>
  <rating>
   4.56
  </rating>
  <reviews>
   433393
  </reviews>
  <new>
   +
  </new>
  <exclusive>
   no
  </exclusive>
  <sporty>
   no
  </sporty>
 </clothing>
 <clothing>
  <id>
   412653392
  </id>
  <name>
   Nike Pants I-7834
  </name>
  <category>
   Pants
  </category>
  <size>
   XXL
  </size>
  <color>
   Оранжевый
  </color>
  <material>
   Шелк
  </material>
  <price>
   685813
  </price>
  <rating>
   4.22
  </rating>
  <reviews>
   353053
  </reviews>
  <exclusive>
   no
  </exclusive>
  <sporty>
   no
  </sporty>
 </clothing>
</clothing-items>
