<?xml version="1.0" encoding="utf-8"?>
<clothing-items>
 <clothing>
  <id>
   400798680
  </id>
  <name>
   Reebok T-shirt U-7176
  </name>
  <category>
   T-shirt
  </category>
  <size>
   L
  </size>
  <color>
   Фиолетовый
  </color>
  <material>
   Полиэстер
  </material>
  <price>
   430693
  </price>
  <rating>
   4.05
  </rating>
  <reviews>
   922699
  </reviews>
  <exclusive>
   no
  </exclusive>
  <sporty>
   no
  </sporty>
 </clothing>
 <clothing>
  <id>
   155235360
  </id>
  <name>
   Under Armour Jacket L-3694
  </name>
  <category>
   Jacket
  </category>
  <size>
   XL
  </size>
  <color>
   Оранжевый
  </color>
  <material>
   Нейлон
  </material>
  <price>
   722952
  </price>
  <rating>
   1.48
  </rating>
  <reviews>
   171413
  </reviews>
  <new>
   -
  </new>
  <exclusive>
   yes
  </exclusive>
  <sporty>
   no
  </sporty>
 </clothing>
 <clothing>
  <id>
   325931152
  </id>
  <name>
   DC Umbrellas R-5568
  </name>
  <category>
   Umbrellas
  </category>
  <size>
   XL
  </size>
  <color>
   Оранжевый
  </color>
  <material>
   Нейлон
  </material>
  <price>
   332739
  </price>
  <rating>
   1.87
  </rating>
  <reviews>
   358139
  </reviews>
  <new>
   +
  </new>
  <sporty>
   no
  </sporty>
 </clothing>
 <clothing>
  <id>
   246814146
  </id>
  <name>
   Fila Belts X-4911
  </name>
  <category>
   Belts
  </category>
  <size>
   L
  </size>
  <color>
   Фиолетовый
  </color>
  <material>
   Кожа
  </material>
  <price>
   228017
  </price>
  <rating>
   2.29
  </rating>
  <reviews>
   204615
  </reviews>
  <exclusive>
   no
  </exclusive>
  <sporty>
   no
  </sporty>
 </clothing>
 <clothing>
  <id>
   714891555
  </id>
  <name>
   PleinSport Shoes X-8693
  </name>
  <category>
   Shoes
  </category>
  <size>
   L
  </size>
  <color>
   Желтый
  </color>
  <material>
   Хлопок
  </material>
  <price>
   742930
  </price>
  <rating>
   2.02
  </rating>
  <reviews>
   219537
  </reviews>
  <new>
   -
  </new>
  <exclusive>
   no
  </exclusive>
  <sporty>
   yes
  </sporty>
 </clothing>
 <clothing>
  <id>
   229115785
  </id>
  <name>
   Ellesse Skirt C-2115
  </name>
  <category>
   Skirt
  </category>
  <size>
   S
  </size>
  <color>
   Синий
  </color>
  <material>
   Вискоза
  </material>
  <price>
   473364
  </price>
  <rating>
   2.1
  </rating>
  <reviews>
   785605
  </reviews>
  <exclusive>
   no
  </exclusive>
  <sporty>
   no
  </sporty>
 </clothing>
 <clothing>
  <id>
   892190728
  </id>
  <name>
   Lacoste Shirt P-9769
  </name>
  <category>
   Shirt
  </category>
  <size>
   S
  </size>
  <color>
   Голубой
  </color>
  <material>
   Нейлон
  </material>
  <price>
   701402
  </price>
  <rating>
   1.77
  </rating>
  <reviews>
   402164
  </reviews>
  <new>
   +
  </new>
  <sporty>
   yes
  </sporty>
 </clothing>
 <clothing>
  <id>
   576695022
  </id>
  <name>
   DC Belts T-1205
  </name>
  <category>
   Belts
  </category>
  <size>
   M
  </size>
  <color>
   Синий
  </color>
  <material>
   Кожа
  </material>
  <price>
   645142
  </price>
  <rating>
   1.84
  </rating>
  <reviews>
   553704
  </reviews>
  <new>
   -
  </new>
  <exclusive>
   yes
  </exclusive>
 </clothing>
 <clothing>
  <id>
   701570260
  </id>
  <name>
   Ellesse Blouse M-7779
  </name>
  <category>
   Blouse
  </category>
  <size>
   XXL
  </size>
  <color>
   Желтый
  </color>
  <material>
   Лен
  </material>
  <price>
   321344
  </price>
  <rating>
   4.42
  </rating>
  <reviews>
   175631
  </reviews>
  <new>
   -
  </new>
  <sporty>
   yes
  </sporty>
 </clothing>
 <clothing>
  <id>
   321250166
  </id>
  <name>
   Addidas Blouse Y-6975
  </name>
  <category>
   Blouse
  </category>
  <size>
   S
  </size>
  <color>
   Красный
  </color>
  <material>
   Хлопок
  </material>
  <price>
   682716
  </price>
  <rating>
   2.06
  </rating>
  <reviews>
   268956
  </reviews>
 </clothing>
 <clothing>
  <id>
   757990387
  </id>
  <name>
   Addidas Shoes I-4109
  </name>
  <category>
   Shoes
  </category>
  <size>
   L
  </size>
  <color>
   Фиолетовый
  </color>
  <material>
   Шелк
  </material>
  <price>
   715998
  </price>
  <rating>
   3.63
  </rating>
  <reviews>
   475967
  </reviews>
  <exclusive>
   no
  </exclusive>
  <sporty>
   no
  </sporty>
 </clothing>
</clothing-items>
