<?xml version="1.0" encoding="utf-8"?>
<clothing-items>
 <clothing>
  <id>
   510650133
  </id>
  <name>
   Under Armour Belts A-7619
  </name>
  <category>
   Belts
  </category>
  <size>
   XL
  </size>
  <color>
   Синий
  </color>
  <material>
   Хлопок
  </material>
  <price>
   382501
  </price>
  <rating>
   1.18
  </rating>
  <reviews>
   14244
  </reviews>
  <new>
   -
  </new>
  <exclusive>
   no
  </exclusive>
  <sporty>
   yes
  </sporty>
 </clothing>
 <clothing>
  <id>
   309551666
  </id>
  <name>
   Brooks Belts R-7889
  </name>
  <category>
   Belts
  </category>
  <size>
   XL
  </size>
  <color>
   Голубой
  </color>
  <material>
   Кожа
  </material>
  <price>
   733282
  </price>
  <rating>
   4.97
  </rating>
  <reviews>
   580008
  </reviews>
  <exclusive>
   yes
  </exclusive>
  <sporty>
   yes
  </sporty>
 </clothing>
 <clothing>
  <id>
   883492373
  </id>
  <name>
   Under Armour Umbrellas H-9687
  </name>
  <category>
   Umbrellas
  </category>
  <size>
   L
  </size>
  <color>
   Желтый
  </color>
  <material>
   Полиэстер
  </material>
  <price>
   165924
  </price>
  <rating>
   1.25
  </rating>
  <reviews>
   138595
  </reviews>
  <new>
   +
  </new>
  <exclusive>
   yes
  </exclusive>
 </clothing>
 <clothing>
  <id>
   239384931
  </id>
  <name>
   New Balance Dress P-6479
  </name>
  <category>
   Dress
  </category>
  <size>
   XL
  </size>
  <color>
   Голубой
  </color>
  <material>
   Нейлон
  </material>
  <price>
   783176
  </price>
  <rating>
   1.97
  </rating>
  <reviews>
   355712
  </reviews>
  <new>
   +
  </new>
  <exclusive>
   no
  </exclusive>
 </clothing>
 <clothing>
  <id>
   161292998
  </id>
  <name>
   New Balance Socks D-8805
  </name>
  <category>
   Socks
  </category>
  <size>
   S
  </size>
  <color>
   Оранжевый
  </color>
  <material>
   Шерсть
  </material>
  <price>
   420068
  </price>
  <rating>
   3.53
  </rating>
  <reviews>
   814915
  </reviews>
 </clothing>
 <clothing>
  <id>
   814148431
  </id>
  <name>
   Nike Umbrellas N-6105
  </name>
  <category>
   Umbrellas
  </category>
  <size>
   S
  </size>
  <color>
   Оранжевый
  </color>
  <material>
   Лен
  </material>
  <price>
   993916
  </price>
  <rating>
   3.22
  </rating>
  <reviews>
   654099
  </reviews>
  <new>
   -
  </new>
  <exclusive>
   yes
  </exclusive>
  <sporty>
   yes
  </sporty>
 </clothing>
 <clothing>
  <id>
   714450731
  </id>
  <name>
   New Balance Jacket J-8022
  </name>
  <category>
   Jacket
  </category>
  <size>
   XXL
  </size>
  <color>
   Зеленый
  </color>
  <material>
   Кожа
  </material>
  <price>
   274722
  </price>
  <rating>
   2.37
  </rating>
  <reviews>
   765020
  </reviews>
  <exclusive>
   no
  </exclusive>
 </clothing>
 <clothing>
  <id>
   408022225
  </id>
  <name>
   Fila Shirt J-1660
  </name>
  <category>
   Shirt
  </category>
  <size>
   XXL
  </size>
  <color>
   Голубой
  </color>
  <material>
   Нейлон
  </material>
  <price>
   730297
  </price>
  <rating>
   4.83
  </rating>
  <reviews>
   543076
  </reviews>
 </clothing>
 <clothing>
  <id>
   637883573
  </id>
  <name>
   Reebok Handbags W-1343
  </name>
  <category>
   Handbags
  </category>
  <size>
   L
  </size>
  <color>
   Красный
  </color>
  <material>
   Шелк
  </material>
  <price>
   684043
  </price>
  <rating>
   2.1
  </rating>
  <reviews>
   649014
  </reviews>
  <exclusive>
   no
  </exclusive>
  <sporty>
   no
  </sporty>
 </clothing>
 <clothing>
  <id>
   252169512
  </id>
  <name>
   DC Socks E-1827
  </name>
  <category>
   Socks
  </category>
  <size>
   XXL
  </size>
  <color>
   Зеленый
  </color>
  <material>
   Хлопок
  </material>
  <price>
   407041
  </price>
  <rating>
   4.44
  </rating>
  <reviews>
   427416
  </reviews>
  <new>
   -
  </new>
  <sporty>
   no
  </sporty>
 </clothing>
 <clothing>
  <id>
   407493101
  </id>
  <name>
   Nike Shirt J-9622
  </name>
  <category>
   Shirt
  </category>
  <size>
   M
  </size>
  <color>
   Голубой
  </color>
  <material>
   Полиэстер
  </material>
  <price>
   640045
  </price>
  <rating>
   1.77
  </rating>
  <reviews>
   927952
  </reviews>
  <new>
   -
  </new>
  <exclusive>
   no
  </exclusive>
 </clothing>
 <clothing>
  <id>
   390038788
  </id>
  <name>
   Adidas Sweater G-1415
  </name>
  <category>
   Sweater
  </category>
  <size>
   S
  </size>
  <color>
   Зеленый
  </color>
  <material>
   Шерсть
  </material>
  <price>
   707848
  </price>
  <rating>
   1.23
  </rating>
  <reviews>
   689337
  </reviews>
 </clothing>
 <clothing>
  <id>
   979931948
  </id>
  <name>
   Brooks Jacket U-1894
  </name>
  <category>
   Jacket
  </category>
  <size>
   M
  </size>
  <color>
   Фиолетовый
  </color>
  <material>
   Шелк
  </material>
  <price>
   425085
  </price>
  <rating>
   4.49
  </rating>
  <reviews>
   914003
  </reviews>
  <new>
   +
  </new>
  <sporty>
   no
  </sporty>
 </clothing>
 <clothing>
  <id>
   291474069
  </id>
  <name>
   Lacoste Shirt B-3946
  </name>
  <category>
   Shirt
  </category>
  <size>
   XXL
  </size>
  <color>
   Красный
  </color>
  <material>
   Хлопок
  </material>
  <price>
   211597
  </price>
  <rating>
   3.82
  </rating>
  <reviews>
   816640
  </reviews>
  <new>
   -
  </new>
  <exclusive>
   no
  </exclusive>
  <sporty>
   no
  </sporty>
 </clothing>
 <clothing>
  <id>
   708482492
  </id>
  <name>
   Nike Belts J-2601
  </name>
  <category>
   Belts
  </category>
  <size>
   M
  </size>
  <color>
   Зеленый
  </color>
  <material>
   Шерсть
  </material>
  <price>
   907787
  </price>
  <rating>
   4.59
  </rating>
  <reviews>
   415325
  </reviews>
  <exclusive>
   yes
  </exclusive>
 </clothing>
 <clothing>
  <id>
   875528336
  </id>
  <name>
   Adidas Belts Y-4329
  </name>
  <category>
   Belts
  </category>
  <size>
   L
  </size>
  <color>
   Зеленый
  </color>
  <material>
   Лен
  </material>
  <price>
   283620
  </price>
  <rating>
   3.43
  </rating>
  <reviews>
   869280
  </reviews>
  <exclusive>
   yes
  </exclusive>
  <sporty>
   no
  </sporty>
 </clothing>
 <clothing>
  <id>
   238079888
  </id>
  <name>
   Adidas Umbrellas W-3580
  </name>
  <category>
   Umbrellas
  </category>
  <size>
   XL
  </size>
  <color>
   Желтый
  </color>
  <material>
   Шерсть
  </material>
  <price>
   365445
  </price>
  <rating>
   1.85
  </rating>
  <reviews>
   739826
  </reviews>
  <new>
   -
  </new>
  <exclusive>
   yes
  </exclusive>
  <sporty>
   no
  </sporty>
 </clothing>
 <clothing>
  <id>
   769173832
  </id>
  <name>
   New Balance Gloves X-5157
  </name>
  <category>
   Gloves
  </category>
  <size>
   S
  </size>
  <color>
   Зеленый
  </color>
  <material>
   Полиэстер
  </material>
  <price>
   379641
  </price>
  <rating>
   2.2
  </rating>
  <reviews>
   412720
  </reviews>
  <new>
   +
  </new>
  <exclusive>
   yes
  </exclusive>
  <sporty>
   no
  </sporty>
 </clothing>
 <clothing>
  <id>
   749671943
  </id>
  <name>
   Converse Jeans P-2140
  </name>
  <category>
   Jeans
  </category>
  <size>
   L
  </size>
  <color>
   Красный
  </color>
  <material>
   Шелк
  </material>
  <price>
   198167
  </price>
  <rating>
   3.48
  </rating>
  <reviews>
   822588
  </reviews>
  <exclusive>
   no
  </exclusive>
  <sporty>
   no
  </sporty>
 </clothing>
 <clothing>
  <id>
   748297232
  </id>
  <name>
   Vans Sweater I-5534
  </name>
  <category>
   Sweater
  </category>
  <size>
   S
  </size>
  <color>
   Красный
  </color>
  <material>
   Вискоза
  </material>
  <price>
   959781
  </price>
  <rating>
   4.65
  </rating>
  <reviews>
   537378
  </reviews>
  <exclusive>
   yes
  </exclusive>
  <sporty>
   yes
  </sporty>
 </clothing>
 <clothing>
  <id>
   266577950
  </id>
  <name>
   Lacoste Shirt A-3578
  </name>
  <category>
   Shirt
  </category>
  <size>
   M
  </size>
  <color>
   Голубой
  </color>
  <material>
   Шелк
  </material>
  <price>
   989183
  </price>
  <rating>
   3.32
  </rating>
  <reviews>
   604169
  </reviews>
  <new>
   +
  </new>
  <exclusive>
   no
  </exclusive>
 </clothing>
 <clothing>
  <id>
   284808296
  </id>
  <name>
   Adidas Pants G-3838
  </name>
  <category>
   Pants
  </category>
  <size>
   M
  </size>
  <color>
   Фиолетовый
  </color>
  <material>
   Лен
  </material>
  <price>
   406743
  </price>
  <rating>
   1.48
  </rating>
  <reviews>
   255031
  </reviews>
  <new>
   -
  </new>
  <exclusive>
   no
  </exclusive>
  <sporty>
   yes
  </sporty>
 </clothing>
 <clothing>
  <id>
   895581637
  </id>
  <name>
   New Balance Skirt O-3115
  </name>
  <category>
   Skirt
  </category>
  <size>
   XL
  </size>
  <color>
   Оранжевый
  </color>
  <material>
   Полиэстер
  </material>
  <price>
   833919
  </price>
  <rating>
   1.24
  </rating>
  <reviews>
   171327
  </reviews>
  <exclusive>
   no
  </exclusive>
  <sporty>
   no
  </sporty>
 </clothing>
 <clothing>
  <id>
   113254675
  </id>
  <name>
   Puma T-shirt S-6754
  </name>
  <category>
   T-shirt
  </category>
  <size>
   M
  </size>
  <color>
   Фиолетовый
  </color>
  <material>
   Кожа
  </material>
  <price>
   286235
  </price>
  <rating>
   1.2
  </rating>
  <reviews>
   957855
  </reviews>
  <new>
   +
  </new>
  <exclusive>
   yes
  </exclusive>
  <sporty>
   no
  </sporty>
 </clothing>
 <clothing>
  <id>
   288997669
  </id>
  <name>
   Brooks Belts N-2994
  </name>
  <category>
   Belts
  </category>
  <size>
   XL
  </size>
  <color>
   Синий
  </color>
  <material>
   Полиэстер
  </material>
  <price>
   709991
  </price>
  <rating>
   1.88
  </rating>
  <reviews>
   692859
  </reviews>
  <new>
   -
  </new>
  <exclusive>
   yes
  </exclusive>
  <sporty>
   yes
  </sporty>
 </clothing>
 <clothing>
  <id>
   440695905
  </id>
  <name>
   New Balance Hat B-5740
  </name>
  <category>
   Hat
  </category>
  <size>
   XL
  </size>
  <color>
   Фиолетовый
  </color>
  <material>
   Вискоза
  </material>
  <price>
   303422
  </price>
  <rating>
   1.3
  </rating>
  <reviews>
   500852
  </reviews>
 </clothing>
 <clothing>
  <id>
   798905342
  </id>
  <name>
   Ellesse Jacket M-1423
  </name>
  <category>
   Jacket
  </category>
  <size>
   XL
  </size>
  <color>
   Фиолетовый
  </color>
  <material>
   Вискоза
  </material>
  <price>
   823216
  </price>
  <rating>
   3.87
  </rating>
  <reviews>
   766047
  </reviews>
  <new>
   +
  </new>
  <exclusive>
   yes
  </exclusive>
  <sporty>
   no
  </sporty>
 </clothing>
</clothing-items>
