<?xml version="1.0" encoding="utf-8"?>
<clothing-items>
 <clothing>
  <id>
   550452350
  </id>
  <name>
   Asics Pants Q-4459
  </name>
  <category>
   Pants
  </category>
  <size>
   M
  </size>
  <color>
   Зеленый
  </color>
  <material>
   Полиэстер
  </material>
  <price>
   978408
  </price>
  <rating>
   1.24
  </rating>
  <reviews>
   892706
  </reviews>
  <new>
   -
  </new>
  <exclusive>
   no
  </exclusive>
 </clothing>
 <clothing>
  <id>
   142122031
  </id>
  <name>
   Brooks Shirt V-5929
  </name>
  <category>
   Shirt
  </category>
  <size>
   S
  </size>
  <color>
   Красный
  </color>
  <material>
   Шелк
  </material>
  <price>
   854050
  </price>
  <rating>
   1.5
  </rating>
  <reviews>
   5997
  </reviews>
  <new>
   +
  </new>
 </clothing>
 <clothing>
  <id>
   133359652
  </id>
  <name>
   Nike Jacket E-3766
  </name>
  <category>
   Jacket
  </category>
  <size>
   M
  </size>
  <color>
   Синий
  </color>
  <material>
   Вискоза
  </material>
  <price>
   709617
  </price>
  <rating>
   3.73
  </rating>
  <reviews>
   79708
  </reviews>
  <exclusive>
   no
  </exclusive>
  <sporty>
   yes
  </sporty>
 </clothing>
 <clothing>
  <id>
   897658097
  </id>
  <name>
   Converse Skirt J-3635
  </name>
  <category>
   Skirt
  </category>
  <size>
   L
  </size>
  <color>
   Синий
  </color>
  <material>
   Шелк
  </material>
  <price>
   878449
  </price>
  <rating>
   3.42
  </rating>
  <reviews>
   275852
  </reviews>
  <new>
   +
  </new>
  <exclusive>
   no
  </exclusive>
 </clothing>
 <clothing>
  <id>
   406731065
  </id>
  <name>
   Addidas Belts R-5208
  </name>
  <category>
   Belts
  </category>
  <size>
   M
  </size>
  <color>
   Голубой
  </color>
  <material>
   Шелк
  </material>
  <price>
   659267
  </price>
  <rating>
   3.96
  </rating>
  <reviews>
   439229
  </reviews>
  <new>
   +
  </new>
  <exclusive>
   no
  </exclusive>
 </clothing>
 <clothing>
  <id>
   735443944
  </id>
  <name>
   Reebok Shoes P-5921
  </name>
  <category>
   Shoes
  </category>
  <size>
   S
  </size>
  <color>
   Фиолетовый
  </color>
  <material>
   Шелк
  </material>
  <price>
   451514
  </price>
  <rating>
   2.29
  </rating>
  <reviews>
   603714
  </reviews>
  <exclusive>
   yes
  </exclusive>
  <sporty>
   no
  </sporty>
 </clothing>
 <clothing>
  <id>
   939494410
  </id>
  <name>
   PleinSport Skirt G-3092
  </name>
  <category>
   Skirt
  </category>
  <size>
   L
  </size>
  <color>
   Голубой
  </color>
  <material>
   Полиэстер
  </material>
  <price>
   708813
  </price>
  <rating>
   3.7
  </rating>
  <reviews>
   49557
  </reviews>
  <new>
   +
  </new>
  <sporty>
   no
  </sporty>
 </clothing>
 <clothing>
  <id>
   604359310
  </id>
  <name>
   Adidas Sweater G-9371
  </name>
  <category>
   Sweater
  </category>
  <size>
   XXL
  </size>
  <color>
   Зеленый
  </color>
  <material>
   Лен
  </material>
  <price>
   818783
  </price>
  <rating>
   2.57
  </rating>
  <reviews>
   68211
  </reviews>
  <new>
   -
  </new>
  <exclusive>
   no
  </exclusive>
 </clothing>
 <clothing>
  <id>
   633194425
  </id>
  <name>
   Nike Hat O-8725
  </name>
  <category>
   Hat
  </category>
  <size>
   XXL
  </size>
  <color>
   Голубой
  </color>
  <material>
   Лен
  </material>
  <price>
   112772
  </price>
  <rating>
   2.3
  </rating>
  <reviews>
   941304
  </reviews>
  <exclusive>
   no
  </exclusive>
  <sporty>
   yes
  </sporty>
 </clothing>
 <clothing>
  <id>
   348630449
  </id>
  <name>
   Ellesse Belts L-9905
  </name>
  <category>
   Belts
  </category>
  <size>
   XL
  </size>
  <color>
   Желтый
  </color>
  <material>
   Шерсть
  </material>
  <price>
   182775
  </price>
  <rating>
   4.27
  </rating>
  <reviews>
   967601
  </reviews>
  <new>
   -
  </new>
  <exclusive>
   yes
  </exclusive>
 </clothing>
 <clothing>
  <id>
   626972613
  </id>
  <name>
   Converse Pants F-1485
  </name>
  <category>
   Pants
  </category>
  <size>
   XXL
  </size>
  <color>
   Желтый
  </color>
  <material>
   Вискоза
  </material>
  <price>
   721385
  </price>
  <rating>
   4.55
  </rating>
  <reviews>
   324539
  </reviews>
  <new>
   -
  </new>
  <sporty>
   no
  </sporty>
 </clothing>
 <clothing>
  <id>
   967047013
  </id>
  <name>
   Converse Belts W-2515
  </name>
  <category>
   Belts
  </category>
  <size>
   L
  </size>
  <color>
   Зеленый
  </color>
  <material>
   Вискоза
  </material>
  <price>
   877985
  </price>
  <rating>
   4.36
  </rating>
  <reviews>
   293275
  </reviews>
  <new>
   -
  </new>
 </clothing>
 <clothing>
  <id>
   981184715
  </id>
  <name>
   Converse Pants E-2759
  </name>
  <category>
   Pants
  </category>
  <size>
   S
  </size>
  <color>
   Красный
  </color>
  <material>
   Шерсть
  </material>
  <price>
   846385
  </price>
  <rating>
   4.69
  </rating>
  <reviews>
   812961
  </reviews>
  <new>
   +
  </new>
  <sporty>
   no
  </sporty>
 </clothing>
 <clothing>
  <id>
   462568469
  </id>
  <name>
   DC Pants D-3693
  </name>
  <category>
   Pants
  </category>
  <size>
   S
  </size>
  <color>
   Синий
  </color>
  <material>
   Лен
  </material>
  <price>
   709257
  </price>
  <rating>
   3.64
  </rating>
  <reviews>
   416883
  </reviews>
  <new>
   -
  </new>
  <exclusive>
   no
  </exclusive>
  <sporty>
   yes
  </sporty>
 </clothing>
 <clothing>
  <id>
   795195945
  </id>
  <name>
   New Balance Pants S-9148
  </name>
  <category>
   Pants
  </category>
  <size>
   M
  </size>
  <color>
   Красный
  </color>
  <material>
   Вискоза
  </material>
  <price>
   735802
  </price>
  <rating>
   3.31
  </rating>
  <reviews>
   587963
  </reviews>
  <new>
   -
  </new>
  <exclusive>
   no
  </exclusive>
  <sporty>
   yes
  </sporty>
 </clothing>
 <clothing>
  <id>
   555676619
  </id>
  <name>
   Under Armour Gloves T-8182
  </name>
  <category>
   Gloves
  </category>
  <size>
   XXL
  </size>
  <color>
   Оранжевый
  </color>
  <material>
   Вискоза
  </material>
  <price>
   651627
  </price>
  <rating>
   2.54
  </rating>
  <reviews>
   147113
  </reviews>
  <sporty>
   no
  </sporty>
 </clothing>
 <clothing>
  <id>
   759338435
  </id>
  <name>
   Vans Pants Z-7380
  </name>
  <category>
   Pants
  </category>
  <size>
   S
  </size>
  <color>
   Оранжевый
  </color>
  <material>
   Шерсть
  </material>
  <price>
   810723
  </price>
  <rating>
   3.75
  </rating>
  <reviews>
   678884
  </reviews>
  <new>
   -
  </new>
  <sporty>
   yes
  </sporty>
 </clothing>
 <clothing>
  <id>
   575450121
  </id>
  <name>
   Addidas T-shirt T-8463
  </name>
  <category>
   T-shirt
  </category>
  <size>
   XXL
  </size>
  <color>
   Желтый
  </color>
  <material>
   Полиэстер
  </material>
  <price>
   565645
  </price>
  <rating>
   1.38
  </rating>
  <reviews>
   264521
  </reviews>
  <new>
   +
  </new>
  <exclusive>
   no
  </exclusive>
 </clothing>
 <clothing>
  <id>
   374481485
  </id>
  <name>
   Converse T-shirt O-6381
  </name>
  <category>
   T-shirt
  </category>
  <size>
   S
  </size>
  <color>
   Оранжевый
  </color>
  <material>
   Нейлон
  </material>
  <price>
   698456
  </price>
  <rating>
   3.8
  </rating>
  <reviews>
   855144
  </reviews>
  <new>
   -
  </new>
  <sporty>
   yes
  </sporty>
 </clothing>
 <clothing>
  <id>
   564337665
  </id>
  <name>
   Brooks Skirt G-3947
  </name>
  <category>
   Skirt
  </category>
  <size>
   L
  </size>
  <color>
   Зеленый
  </color>
  <material>
   Хлопок
  </material>
  <price>
   306416
  </price>
  <rating>
   4.23
  </rating>
  <reviews>
   535434
  </reviews>
  <exclusive>
   no
  </exclusive>
 </clothing>
 <clothing>
  <id>
   970431896
  </id>
  <name>
   New Balance Belts H-1354
  </name>
  <category>
   Belts
  </category>
  <size>
   L
  </size>
  <color>
   Зеленый
  </color>
  <material>
   Шерсть
  </material>
  <price>
   583566
  </price>
  <rating>
   3.66
  </rating>
  <reviews>
   220690
  </reviews>
  <exclusive>
   no
  </exclusive>
  <sporty>
   no
  </sporty>
 </clothing>
 <clothing>
  <id>
   453106952
  </id>
  <name>
   Nike Umbrellas A-4731
  </name>
  <category>
   Umbrellas
  </category>
  <size>
   XXL
  </size>
  <color>
   Синий
  </color>
  <material>
   Шелк
  </material>
  <price>
   694282
  </price>
  <rating>
   2.31
  </rating>
  <reviews>
   760934
  </reviews>
  <new>
   -
  </new>
 </clothing>
 <clothing>
  <id>
   816296498
  </id>
  <name>
   Puma Pants C-5166
  </name>
  <category>
   Pants
  </category>
  <size>
   XL
  </size>
  <color>
   Синий
  </color>
  <material>
   Нейлон
  </material>
  <price>
   365429
  </price>
  <rating>
   3.46
  </rating>
  <reviews>
   856640
  </reviews>
  <new>
   +
  </new>
  <exclusive>
   no
  </exclusive>
  <sporty>
   no
  </sporty>
 </clothing>
 <clothing>
  <id>
   411560755
  </id>
  <name>
   Nike Hat L-9539
  </name>
  <category>
   Hat
  </category>
  <size>
   L
  </size>
  <color>
   Желтый
  </color>
  <material>
   Полиэстер
  </material>
  <price>
   583931
  </price>
  <rating>
   3.95
  </rating>
  <reviews>
   632377
  </reviews>
  <exclusive>
   yes
  </exclusive>
 </clothing>
 <clothing>
  <id>
   421389525
  </id>
  <name>
   New Balance Jeans F-8049
  </name>
  <category>
   Jeans
  </category>
  <size>
   L
  </size>
  <color>
   Синий
  </color>
  <material>
   Шелк
  </material>
  <price>
   797639
  </price>
  <rating>
   3.13
  </rating>
  <reviews>
   159307
  </reviews>
 </clothing>
 <clothing>
  <id>
   524373083
  </id>
  <name>
   Vans T-shirt F-2552
  </name>
  <category>
   T-shirt
  </category>
  <size>
   L
  </size>
  <color>
   Фиолетовый
  </color>
  <material>
   Полиэстер
  </material>
  <price>
   803267
  </price>
  <rating>
   1.83
  </rating>
  <reviews>
   920386
  </reviews>
  <new>
   -
  </new>
  <exclusive>
   no
  </exclusive>
 </clothing>
 <clothing>
  <id>
   725797618
  </id>
  <name>
   Brooks Gloves R-1995
  </name>
  <category>
   Gloves
  </category>
  <size>
   M
  </size>
  <color>
   Оранжевый
  </color>
  <material>
   Шелк
  </material>
  <price>
   997492
  </price>
  <rating>
   1.24
  </rating>
  <reviews>
   852230
  </reviews>
  <new>
   +
  </new>
 </clothing>
 <clothing>
  <id>
   923967357
  </id>
  <name>
   Nike Skirt S-9937
  </name>
  <category>
   Skirt
  </category>
  <size>
   S
  </size>
  <color>
   Фиолетовый
  </color>
  <material>
   Шерсть
  </material>
  <price>
   760194
  </price>
  <rating>
   3.87
  </rating>
  <reviews>
   842252
  </reviews>
  <new>
   -
  </new>
 </clothing>
 <clothing>
  <id>
   390751138
  </id>
  <name>
   Lacoste Gloves L-5927
  </name>
  <category>
   Gloves
  </category>
  <size>
   M
  </size>
  <color>
   Красный
  </color>
  <material>
   Лен
  </material>
  <price>
   508329
  </price>
  <rating>
   3.52
  </rating>
  <reviews>
   236967
  </reviews>
  <new>
   +
  </new>
  <exclusive>
   no
  </exclusive>
  <sporty>
   yes
  </sporty>
 </clothing>
 <clothing>
  <id>
   594550846
  </id>
  <name>
   Ellesse Handbags B-9707
  </name>
  <category>
   Handbags
  </category>
  <size>
   S
  </size>
  <color>
   Желтый
  </color>
  <material>
   Лен
  </material>
  <price>
   217683
  </price>
  <rating>
   2.31
  </rating>
  <reviews>
   92252
  </reviews>
  <new>
   -
  </new>
  <sporty>
   no
  </sporty>
 </clothing>
 <clothing>
  <id>
   504831543
  </id>
  <name>
   Adidas Dress J-7362
  </name>
  <category>
   Dress
  </category>
  <size>
   XXL
  </size>
  <color>
   Оранжевый
  </color>
  <material>
   Шелк
  </material>
  <price>
   361693
  </price>
  <rating>
   2.25
  </rating>
  <reviews>
   287798
  </reviews>
  <new>
   -
  </new>
  <exclusive>
   no
  </exclusive>
 </clothing>
 <clothing>
  <id>
   197743512
  </id>
  <name>
   Nike Sweater B-7796
  </name>
  <category>
   Sweater
  </category>
  <size>
   L
  </size>
  <color>
   Оранжевый
  </color>
  <material>
   Шерсть
  </material>
  <price>
   849443
  </price>
  <rating>
   1.82
  </rating>
  <reviews>
   795973
  </reviews>
  <sporty>
   yes
  </sporty>
 </clothing>
 <clothing>
  <id>
   611287189
  </id>
  <name>
   Nike Belts L-3009
  </name>
  <category>
   Belts
  </category>
  <size>
   M
  </size>
  <color>
   Красный
  </color>
  <material>
   Вискоза
  </material>
  <price>
   117854
  </price>
  <rating>
   1.45
  </rating>
  <reviews>
   259871
  </reviews>
  <new>
   +
  </new>
  <exclusive>
   yes
  </exclusive>
  <sporty>
   no
  </sporty>
 </clothing>
 <clothing>
  <id>
   424377806
  </id>
  <name>
   Ellesse T-shirt X-2475
  </name>
  <category>
   T-shirt
  </category>
  <size>
   L
  </size>
  <color>
   Фиолетовый
  </color>
  <material>
   Лен
  </material>
  <price>
   551300
  </price>
  <rating>
   4.99
  </rating>
  <reviews>
   808564
  </reviews>
  <exclusive>
   yes
  </exclusive>
  <sporty>
   yes
  </sporty>
 </clothing>
</clothing-items>
