<?xml version="1.0" encoding="utf-8"?>
<clothing-items>
 <clothing>
  <id>
   744676461
  </id>
  <name>
   Nike Dress F-4445
  </name>
  <category>
   Dress
  </category>
  <size>
   XL
  </size>
  <color>
   Фиолетовый
  </color>
  <material>
   Лен
  </material>
  <price>
   512374
  </price>
  <rating>
   2.86
  </rating>
  <reviews>
   123872
  </reviews>
  <new>
   -
  </new>
  <exclusive>
   no
  </exclusive>
  <sporty>
   no
  </sporty>
 </clothing>
 <clothing>
  <id>
   383260556
  </id>
  <name>
   Brooks Jeans D-4508
  </name>
  <category>
   Jeans
  </category>
  <size>
   M
  </size>
  <color>
   Фиолетовый
  </color>
  <material>
   Кожа
  </material>
  <price>
   905316
  </price>
  <rating>
   4.4
  </rating>
  <reviews>
   755916
  </reviews>
  <new>
   -
  </new>
 </clothing>
 <clothing>
  <id>
   930960713
  </id>
  <name>
   Lacoste Shoes R-7709
  </name>
  <category>
   Shoes
  </category>
  <size>
   XXL
  </size>
  <color>
   Зеленый
  </color>
  <material>
   Нейлон
  </material>
  <price>
   570784
  </price>
  <rating>
   3.86
  </rating>
  <reviews>
   91455
  </reviews>
  <new>
   -
  </new>
  <sporty>
   yes
  </sporty>
 </clothing>
 <clothing>
  <id>
   201742173
  </id>
  <name>
   Fila Blouse W-8665
  </name>
  <category>
   Blouse
  </category>
  <size>
   M
  </size>
  <color>
   Зеленый
  </color>
  <material>
   Шелк
  </material>
  <price>
   454512
  </price>
  <rating>
   1.38
  </rating>
  <reviews>
   998615
  </reviews>
  <new>
   +
  </new>
  <sporty>
   no
  </sporty>
 </clothing>
 <clothing>
  <id>
   899229216
  </id>
  <name>
   Asics Hat S-5398
  </name>
  <category>
   Hat
  </category>
  <size>
   L
  </size>
  <color>
   Голубой
  </color>
  <material>
   Нейлон
  </material>
  <price>
   745339
  </price>
  <rating>
   3.5
  </rating>
  <reviews>
   267437
  </reviews>
  <new>
   +
  </new>
 </clothing>
 <clothing>
  <id>
   125917614
  </id>
  <name>
   Vans Umbrellas D-1725
  </name>
  <category>
   Umbrellas
  </category>
  <size>
   XL
  </size>
  <color>
   Зеленый
  </color>
  <material>
   Шерсть
  </material>
  <price>
   364304
  </price>
  <rating>
   3.14
  </rating>
  <reviews>
   352602
  </reviews>
  <new>
   -
  </new>
 </clothing>
 <clothing>
  <id>
   368814395
  </id>
  <name>
   Ellesse Sweater R-1884
  </name>
  <category>
   Sweater
  </category>
  <size>
   XXL
  </size>
  <color>
   Зеленый
  </color>
  <material>
   Шелк
  </material>
  <price>
   281480
  </price>
  <rating>
   2.93
  </rating>
  <reviews>
   107770
  </reviews>
  <new>
   -
  </new>
  <exclusive>
   no
  </exclusive>
  <sporty>
   no
  </sporty>
 </clothing>
 <clothing>
  <id>
   205962301
  </id>
  <name>
   Adidas Jeans E-7192
  </name>
  <category>
   Jeans
  </category>
  <size>
   L
  </size>
  <color>
   Красный
  </color>
  <material>
   Нейлон
  </material>
  <price>
   918787
  </price>
  <rating>
   1.67
  </rating>
  <reviews>
   609215
  </reviews>
  <exclusive>
   yes
  </exclusive>
 </clothing>
 <clothing>
  <id>
   915915005
  </id>
  <name>
   Under Armour Handbags C-3687
  </name>
  <category>
   Handbags
  </category>
  <size>
   L
  </size>
  <color>
   Красный
  </color>
  <material>
   Хлопок
  </material>
  <price>
   749830
  </price>
  <rating>
   4.6
  </rating>
  <reviews>
   145426
  </reviews>
  <exclusive>
   yes
  </exclusive>
  <sporty>
   no
  </sporty>
 </clothing>
 <clothing>
  <id>
   670633611
  </id>
  <name>
   Converse Belts E-4556
  </name>
  <category>
   Belts
  </category>
  <size>
   L
  </size>
  <color>
   Фиолетовый
  </color>
  <material>
   Нейлон
  </material>
  <price>
   393607
  </price>
  <rating>
   2.66
  </rating>
  <reviews>
   454488
  </reviews>
  <new>
   -
  </new>
  <exclusive>
   no
  </exclusive>
  <sporty>
   yes
  </sporty>
 </clothing>
 <clothing>
  <id>
   453892803
  </id>
  <name>
   New Balance T-shirt Q-2312
  </name>
  <category>
   T-shirt
  </category>
  <size>
   M
  </size>
  <color>
   Голубой
  </color>
  <material>
   Шелк
  </material>
  <price>
   590623
  </price>
  <rating>
   3.07
  </rating>
  <reviews>
   636871
  </reviews>
  <exclusive>
   no
  </exclusive>
  <sporty>
   no
  </sporty>
 </clothing>
 <clothing>
  <id>
   707308686
  </id>
  <name>
   Brooks Dress G-6804
  </name>
  <category>
   Dress
  </category>
  <size>
   M
  </size>
  <color>
   Красный
  </color>
  <material>
   Вискоза
  </material>
  <price>
   837087
  </price>
  <rating>
   2.94
  </rating>
  <reviews>
   310921
  </reviews>
  <new>
   +
  </new>
  <exclusive>
   no
  </exclusive>
 </clothing>
 <clothing>
  <id>
   801485279
  </id>
  <name>
   Fila Hat T-3465
  </name>
  <category>
   Hat
  </category>
  <size>
   S
  </size>
  <color>
   Красный
  </color>
  <material>
   Хлопок
  </material>
  <price>
   896215
  </price>
  <rating>
   2.7
  </rating>
  <reviews>
   185454
  </reviews>
  <new>
   -
  </new>
  <exclusive>
   yes
  </exclusive>
  <sporty>
   yes
  </sporty>
 </clothing>
 <clothing>
  <id>
   764944812
  </id>
  <name>
   Under Armour Jeans I-6216
  </name>
  <category>
   Jeans
  </category>
  <size>
   XXL
  </size>
  <color>
   Фиолетовый
  </color>
  <material>
   Шелк
  </material>
  <price>
   968339
  </price>
  <rating>
   1.98
  </rating>
  <reviews>
   716948
  </reviews>
  <sporty>
   yes
  </sporty>
 </clothing>
 <clothing>
  <id>
   792555936
  </id>
  <name>
   Brooks Jacket V-7741
  </name>
  <category>
   Jacket
  </category>
  <size>
   L
  </size>
  <color>
   Желтый
  </color>
  <material>
   Нейлон
  </material>
  <price>
   959084
  </price>
  <rating>
   4.44
  </rating>
  <reviews>
   779306
  </reviews>
  <sporty>
   no
  </sporty>
 </clothing>
 <clothing>
  <id>
   218663703
  </id>
  <name>
   Converse Pants G-9322
  </name>
  <category>
   Pants
  </category>
  <size>
   M
  </size>
  <color>
   Синий
  </color>
  <material>
   Хлопок
  </material>
  <price>
   967084
  </price>
  <rating>
   2.26
  </rating>
  <reviews>
   382560
  </reviews>
  <exclusive>
   yes
  </exclusive>
 </clothing>
 <clothing>
  <id>
   991492676
  </id>
  <name>
   Converse Sweater B-2714
  </name>
  <category>
   Sweater
  </category>
  <size>
   XL
  </size>
  <color>
   Желтый
  </color>
  <material>
   Полиэстер
  </material>
  <price>
   891084
  </price>
  <rating>
   1.29
  </rating>
  <reviews>
   698051
  </reviews>
  <new>
   +
  </new>
  <sporty>
   no
  </sporty>
 </clothing>
 <clothing>
  <id>
   515721725
  </id>
  <name>
   Puma Shirt S-8744
  </name>
  <category>
   Shirt
  </category>
  <size>
   XL
  </size>
  <color>
   Голубой
  </color>
  <material>
   Полиэстер
  </material>
  <price>
   296427
  </price>
  <rating>
   4.1
  </rating>
  <reviews>
   594480
  </reviews>
  <new>
   -
  </new>
  <exclusive>
   yes
  </exclusive>
  <sporty>
   yes
  </sporty>
 </clothing>
 <clothing>
  <id>
   641062678
  </id>
  <name>
   Converse Gloves V-8154
  </name>
  <category>
   Gloves
  </category>
  <size>
   L
  </size>
  <color>
   Фиолетовый
  </color>
  <material>
   Хлопок
  </material>
  <price>
   791059
  </price>
  <rating>
   2.48
  </rating>
  <reviews>
   245607
  </reviews>
  <new>
   +
  </new>
 </clothing>
 <clothing>
  <id>
   658070524
  </id>
  <name>
   Puma Handbags Y-4116
  </name>
  <category>
   Handbags
  </category>
  <size>
   M
  </size>
  <color>
   Оранжевый
  </color>
  <material>
   Кожа
  </material>
  <price>
   429081
  </price>
  <rating>
   2.1
  </rating>
  <reviews>
   303522
  </reviews>
  <new>
   -
  </new>
  <exclusive>
   no
  </exclusive>
 </clothing>
 <clothing>
  <id>
   921233756
  </id>
  <name>
   Reebok Shoes P-1464
  </name>
  <category>
   Shoes
  </category>
  <size>
   S
  </size>
  <color>
   Синий
  </color>
  <material>
   Нейлон
  </material>
  <price>
   790855
  </price>
  <rating>
   2.24
  </rating>
  <reviews>
   149970
  </reviews>
  <exclusive>
   no
  </exclusive>
  <sporty>
   yes
  </sporty>
 </clothing>
 <clothing>
  <id>
   764487821
  </id>
  <name>
   Puma Belts R-9139
  </name>
  <category>
   Belts
  </category>
  <size>
   XL
  </size>
  <color>
   Оранжевый
  </color>
  <material>
   Вискоза
  </material>
  <price>
   179076
  </price>
  <rating>
   4.66
  </rating>
  <reviews>
   521046
  </reviews>
  <exclusive>
   yes
  </exclusive>
 </clothing>
 <clothing>
  <id>
   850367557
  </id>
  <name>
   Converse Shirt R-5980
  </name>
  <category>
   Shirt
  </category>
  <size>
   L
  </size>
  <color>
   Фиолетовый
  </color>
  <material>
   Хлопок
  </material>
  <price>
   226975
  </price>
  <rating>
   1.7
  </rating>
  <reviews>
   981785
  </reviews>
 </clothing>
 <clothing>
  <id>
   398839074
  </id>
  <name>
   Under Armour Jacket N-5495
  </name>
  <category>
   Jacket
  </category>
  <size>
   S
  </size>
  <color>
   Оранжевый
  </color>
  <material>
   Полиэстер
  </material>
  <price>
   615563
  </price>
  <rating>
   2.88
  </rating>
  <reviews>
   328777
  </reviews>
  <new>
   -
  </new>
 </clothing>
 <clothing>
  <id>
   679422379
  </id>
  <name>
   Ellesse T-shirt V-2750
  </name>
  <category>
   T-shirt
  </category>
  <size>
   XL
  </size>
  <color>
   Фиолетовый
  </color>
  <material>
   Шелк
  </material>
  <price>
   806961
  </price>
  <rating>
   3.41
  </rating>
  <reviews>
   482155
  </reviews>
  <new>
   +
  </new>
  <exclusive>
   no
  </exclusive>
 </clothing>
 <clothing>
  <id>
   727168962
  </id>
  <name>
   Brooks Skirt E-5961
  </name>
  <category>
   Skirt
  </category>
  <size>
   S
  </size>
  <color>
   Синий
  </color>
  <material>
   Нейлон
  </material>
  <price>
   129086
  </price>
  <rating>
   1.26
  </rating>
  <reviews>
   902683
  </reviews>
  <exclusive>
   yes
  </exclusive>
  <sporty>
   no
  </sporty>
 </clothing>
 <clothing>
  <id>
   784627955
  </id>
  <name>
   Brooks Jacket W-2983
  </name>
  <category>
   Jacket
  </category>
  <size>
   XL
  </size>
  <color>
   Фиолетовый
  </color>
  <material>
   Лен
  </material>
  <price>
   815582
  </price>
  <rating>
   1.94
  </rating>
  <reviews>
   305817
  </reviews>
  <sporty>
   yes
  </sporty>
 </clothing>
 <clothing>
  <id>
   697263521
  </id>
  <name>
   Under Armour T-shirt E-8653
  </name>
  <category>
   T-shirt
  </category>
  <size>
   S
  </size>
  <color>
   Голубой
  </color>
  <material>
   Нейлон
  </material>
  <price>
   874576
  </price>
  <rating>
   2.99
  </rating>
  <reviews>
   588362
  </reviews>
  <new>
   -
  </new>
  <exclusive>
   yes
  </exclusive>
 </clothing>
 <clothing>
  <id>
   553140245
  </id>
  <name>
   Ellesse Gloves N-9248
  </name>
  <category>
   Gloves
  </category>
  <size>
   XL
  </size>
  <color>
   Оранжевый
  </color>
  <material>
   Кожа
  </material>
  <price>
   460369
  </price>
  <rating>
   2.15
  </rating>
  <reviews>
   985490
  </reviews>
  <new>
   +
  </new>
  <exclusive>
   yes
  </exclusive>
 </clothing>
</clothing-items>
