<?xml version="1.0" encoding="utf-8"?>
<clothing-items>
 <clothing>
  <id>
   904810464
  </id>
  <name>
   New Balance Sweater X-9348
  </name>
  <category>
   Sweater
  </category>
  <size>
   M
  </size>
  <color>
   Синий
  </color>
  <material>
   Нейлон
  </material>
  <price>
   547109
  </price>
  <rating>
   1.94
  </rating>
  <reviews>
   622735
  </reviews>
  <sporty>
   no
  </sporty>
 </clothing>
 <clothing>
  <id>
   177809878
  </id>
  <name>
   Ellesse Skirt C-4929
  </name>
  <category>
   Skirt
  </category>
  <size>
   M
  </size>
  <color>
   Голубой
  </color>
  <material>
   Кожа
  </material>
  <price>
   286828
  </price>
  <rating>
   3.78
  </rating>
  <reviews>
   872586
  </reviews>
  <exclusive>
   no
  </exclusive>
 </clothing>
 <clothing>
  <id>
   963834911
  </id>
  <name>
   Lacoste Pants I-5707
  </name>
  <category>
   Pants
  </category>
  <size>
   L
  </size>
  <color>
   Желтый
  </color>
  <material>
   Вискоза
  </material>
  <price>
   220144
  </price>
  <rating>
   4.5
  </rating>
  <reviews>
   601140
  </reviews>
  <exclusive>
   no
  </exclusive>
 </clothing>
 <clothing>
  <id>
   594460319
  </id>
  <name>
   New Balance Skirt Q-8906
  </name>
  <category>
   Skirt
  </category>
  <size>
   S
  </size>
  <color>
   Голубой
  </color>
  <material>
   Нейлон
  </material>
  <price>
   990931
  </price>
  <rating>
   4.19
  </rating>
  <reviews>
   386337
  </reviews>
  <exclusive>
   no
  </exclusive>
 </clothing>
 <clothing>
  <id>
   464132548
  </id>
  <name>
   Brooks Gloves L-1030
  </name>
  <category>
   Gloves
  </category>
  <size>
   S
  </size>
  <color>
   Фиолетовый
  </color>
  <material>
   Кожа
  </material>
  <price>
   688958
  </price>
  <rating>
   1.97
  </rating>
  <reviews>
   283300
  </reviews>
  <new>
   -
  </new>
  <sporty>
   yes
  </sporty>
 </clothing>
 <clothing>
  <id>
   957070325
  </id>
  <name>
   Vans Jeans G-2571
  </name>
  <category>
   Jeans
  </category>
  <size>
   L
  </size>
  <color>
   Оранжевый
  </color>
  <material>
   Нейлон
  </material>
  <price>
   265446
  </price>
  <rating>
   2.22
  </rating>
  <reviews>
   772258
  </reviews>
  <exclusive>
   no
  </exclusive>
 </clothing>
 <clothing>
  <id>
   391592798
  </id>
  <name>
   Addidas Skirt H-2875
  </name>
  <category>
   Skirt
  </category>
  <size>
   L
  </size>
  <color>
   Голубой
  </color>
  <material>
   Шелк
  </material>
  <price>
   745720
  </price>
  <rating>
   2.98
  </rating>
  <reviews>
   554495
  </reviews>
  <new>
   +
  </new>
  <sporty>
   no
  </sporty>
 </clothing>
 <clothing>
  <id>
   985292533
  </id>
  <name>
   Vans Socks U-3825
  </name>
  <category>
   Socks
  </category>
  <size>
   L
  </size>
  <color>
   Желтый
  </color>
  <material>
   Вискоза
  </material>
  <price>
   527179
  </price>
  <rating>
   2.77
  </rating>
  <reviews>
   784280
  </reviews>
  <new>
   -
  </new>
  <exclusive>
   yes
  </exclusive>
 </clothing>
 <clothing>
  <id>
   134930619
  </id>
  <name>
   Vans Belts J-8252
  </name>
  <category>
   Belts
  </category>
  <size>
   M
  </size>
  <color>
   Голубой
  </color>
  <material>
   Лен
  </material>
  <price>
   514088
  </price>
  <rating>
   2.28
  </rating>
  <reviews>
   125589
  </reviews>
  <new>
   -
  </new>
  <exclusive>
   yes
  </exclusive>
 </clothing>
 <clothing>
  <id>
   365211443
  </id>
  <name>
   Nike T-shirt V-6770
  </name>
  <category>
   T-shirt
  </category>
  <size>
   M
  </size>
  <color>
   Желтый
  </color>
  <material>
   Хлопок
  </material>
  <price>
   805283
  </price>
  <rating>
   1.63
  </rating>
  <reviews>
   372701
  </reviews>
  <new>
   +
  </new>
  <exclusive>
   yes
  </exclusive>
  <sporty>
   yes
  </sporty>
 </clothing>
 <clothing>
  <id>
   302560072
  </id>
  <name>
   Asics Socks W-1947
  </name>
  <category>
   Socks
  </category>
  <size>
   L
  </size>
  <color>
   Желтый
  </color>
  <material>
   Шелк
  </material>
  <price>
   467475
  </price>
  <rating>
   2.23
  </rating>
  <reviews>
   907466
  </reviews>
  <exclusive>
   yes
  </exclusive>
 </clothing>
 <clothing>
  <id>
   688671047
  </id>
  <name>
   Under Armour Handbags U-9873
  </name>
  <category>
   Handbags
  </category>
  <size>
   XL
  </size>
  <color>
   Зеленый
  </color>
  <material>
   Лен
  </material>
  <price>
   899339
  </price>
  <rating>
   4.34
  </rating>
  <reviews>
   898073
  </reviews>
  <new>
   +
  </new>
  <sporty>
   yes
  </sporty>
 </clothing>
 <clothing>
  <id>
   234666121
  </id>
  <name>
   Reebok Belts T-9586
  </name>
  <category>
   Belts
  </category>
  <size>
   S
  </size>
  <color>
   Зеленый
  </color>
  <material>
   Лен
  </material>
  <price>
   944409
  </price>
  <rating>
   3.33
  </rating>
  <reviews>
   503606
  </reviews>
  <new>
   -
  </new>
  <exclusive>
   yes
  </exclusive>
 </clothing>
 <clothing>
  <id>
   376383500
  </id>
  <name>
   DC Shirt X-1380
  </name>
  <category>
   Shirt
  </category>
  <size>
   XXL
  </size>
  <color>
   Оранжевый
  </color>
  <material>
   Нейлон
  </material>
  <price>
   854841
  </price>
  <rating>
   3.39
  </rating>
  <reviews>
   47206
  </reviews>
  <new>
   +
  </new>
 </clothing>
 <clothing>
  <id>
   829198694
  </id>
  <name>
   Puma Blouse W-8010
  </name>
  <category>
   Blouse
  </category>
  <size>
   S
  </size>
  <color>
   Зеленый
  </color>
  <material>
   Полиэстер
  </material>
  <price>
   421722
  </price>
  <rating>
   4.49
  </rating>
  <reviews>
   197490
  </reviews>
  <new>
   -
  </new>
  <sporty>
   no
  </sporty>
 </clothing>
 <clothing>
  <id>
   588018348
  </id>
  <name>
   Lacoste Belts R-4307
  </name>
  <category>
   Belts
  </category>
  <size>
   XXL
  </size>
  <color>
   Желтый
  </color>
  <material>
   Нейлон
  </material>
  <price>
   436427
  </price>
  <rating>
   1.3
  </rating>
  <reviews>
   783536
  </reviews>
  <sporty>
   yes
  </sporty>
 </clothing>
 <clothing>
  <id>
   473371437
  </id>
  <name>
   New Balance Skirt Y-4065
  </name>
  <category>
   Skirt
  </category>
  <size>
   XL
  </size>
  <color>
   Зеленый
  </color>
  <material>
   Полиэстер
  </material>
  <price>
   459841
  </price>
  <rating>
   4.54
  </rating>
  <reviews>
   270628
  </reviews>
  <exclusive>
   no
  </exclusive>
  <sporty>
   no
  </sporty>
 </clothing>
 <clothing>
  <id>
   155662263
  </id>
  <name>
   Brooks Pants B-5334
  </name>
  <category>
   Pants
  </category>
  <size>
   S
  </size>
  <color>
   Оранжевый
  </color>
  <material>
   Шерсть
  </material>
  <price>
   837289
  </price>
  <rating>
   1.16
  </rating>
  <reviews>
   887721
  </reviews>
  <exclusive>
   no
  </exclusive>
  <sporty>
   no
  </sporty>
 </clothing>
 <clothing>
  <id>
   749871530
  </id>
  <name>
   Nike Pants K-7710
  </name>
  <category>
   Pants
  </category>
  <size>
   L
  </size>
  <color>
   Оранжевый
  </color>
  <material>
   Кожа
  </material>
  <price>
   222557
  </price>
  <rating>
   1.71
  </rating>
  <reviews>
   642152
  </reviews>
  <new>
   -
  </new>
  <exclusive>
   no
  </exclusive>
  <sporty>
   yes
  </sporty>
 </clothing>
 <clothing>
  <id>
   803353675
  </id>
  <name>
   Vans Blouse Z-3779
  </name>
  <category>
   Blouse
  </category>
  <size>
   XL
  </size>
  <color>
   Синий
  </color>
  <material>
   Лен
  </material>
  <price>
   968352
  </price>
  <rating>
   4.35
  </rating>
  <reviews>
   191026
  </reviews>
  <new>
   -
  </new>
  <exclusive>
   yes
  </exclusive>
 </clothing>
 <clothing>
  <id>
   565577317
  </id>
  <name>
   PleinSport Dress T-4256
  </name>
  <category>
   Dress
  </category>
  <size>
   M
  </size>
  <color>
   Желтый
  </color>
  <material>
   Вискоза
  </material>
  <price>
   754136
  </price>
  <rating>
   1.15
  </rating>
  <reviews>
   181198
  </reviews>
  <new>
   -
  </new>
  <sporty>
   no
  </sporty>
 </clothing>
 <clothing>
  <id>
   766637728
  </id>
  <name>
   Addidas T-shirt V-5023
  </name>
  <category>
   T-shirt
  </category>
  <size>
   L
  </size>
  <color>
   Зеленый
  </color>
  <material>
   Шерсть
  </material>
  <price>
   184736
  </price>
  <rating>
   2.91
  </rating>
  <reviews>
   17227
  </reviews>
  <new>
   -
  </new>
 </clothing>
 <clothing>
  <id>
   663608102
  </id>
  <name>
   New Balance Dress M-4182
  </name>
  <category>
   Dress
  </category>
  <size>
   XXL
  </size>
  <color>
   Зеленый
  </color>
  <material>
   Вискоза
  </material>
  <price>
   769296
  </price>
  <rating>
   1.7
  </rating>
  <reviews>
   562935
  </reviews>
  <new>
   -
  </new>
  <exclusive>
   yes
  </exclusive>
  <sporty>
   no
  </sporty>
 </clothing>
 <clothing>
  <id>
   193796881
  </id>
  <name>
   DC Sweater U-2131
  </name>
  <category>
   Sweater
  </category>
  <size>
   S
  </size>
  <color>
   Желтый
  </color>
  <material>
   Хлопок
  </material>
  <price>
   608159
  </price>
  <rating>
   3.03
  </rating>
  <reviews>
   39199
  </reviews>
  <new>
   +
  </new>
  <exclusive>
   no
  </exclusive>
 </clothing>
 <clothing>
  <id>
   883233694
  </id>
  <name>
   Vans Dress A-5712
  </name>
  <category>
   Dress
  </category>
  <size>
   M
  </size>
  <color>
   Фиолетовый
  </color>
  <material>
   Хлопок
  </material>
  <price>
   469657
  </price>
  <rating>
   2.11
  </rating>
  <reviews>
   295848
  </reviews>
  <new>
   -
  </new>
  <sporty>
   yes
  </sporty>
 </clothing>
 <clothing>
  <id>
   376003721
  </id>
  <name>
   Fila Umbrellas J-1072
  </name>
  <category>
   Umbrellas
  </category>
  <size>
   XXL
  </size>
  <color>
   Голубой
  </color>
  <material>
   Нейлон
  </material>
  <price>
   898938
  </price>
  <rating>
   1.34
  </rating>
  <reviews>
   705774
  </reviews>
  <exclusive>
   no
  </exclusive>
  <sporty>
   no
  </sporty>
 </clothing>
 <clothing>
  <id>
   144922888
  </id>
  <name>
   Ellesse Handbags I-3646
  </name>
  <category>
   Handbags
  </category>
  <size>
   XXL
  </size>
  <color>
   Желтый
  </color>
  <material>
   Полиэстер
  </material>
  <price>
   183035
  </price>
  <rating>
   2.85
  </rating>
  <reviews>
   46380
  </reviews>
  <exclusive>
   yes
  </exclusive>
  <sporty>
   no
  </sporty>
 </clothing>
 <clothing>
  <id>
   372682760
  </id>
  <name>
   DC Handbags A-1318
  </name>
  <category>
   Handbags
  </category>
  <size>
   S
  </size>
  <color>
   Голубой
  </color>
  <material>
   Лен
  </material>
  <price>
   398836
  </price>
  <rating>
   4.23
  </rating>
  <reviews>
   51809
  </reviews>
  <new>
   -
  </new>
  <sporty>
   yes
  </sporty>
 </clothing>
 <clothing>
  <id>
   491100883
  </id>
  <name>
   Ellesse Shoes C-6411
  </name>
  <category>
   Shoes
  </category>
  <size>
   L
  </size>
  <color>
   Красный
  </color>
  <material>
   Шерсть
  </material>
  <price>
   387699
  </price>
  <rating>
   3.58
  </rating>
  <reviews>
   59870
  </reviews>
  <new>
   -
  </new>
  <exclusive>
   no
  </exclusive>
 </clothing>
 <clothing>
  <id>
   413277484
  </id>
  <name>
   Fila Blouse Y-6311
  </name>
  <category>
   Blouse
  </category>
  <size>
   S
  </size>
  <color>
   Зеленый
  </color>
  <material>
   Кожа
  </material>
  <price>
   805087
  </price>
  <rating>
   1.11
  </rating>
  <reviews>
   366153
  </reviews>
  <sporty>
   yes
  </sporty>
 </clothing>
 <clothing>
  <id>
   460924733
  </id>
  <name>
   Converse Jeans N-7013
  </name>
  <category>
   Jeans
  </category>
  <size>
   XL
  </size>
  <color>
   Красный
  </color>
  <material>
   Нейлон
  </material>
  <price>
   486214
  </price>
  <rating>
   4.14
  </rating>
  <reviews>
   152429
  </reviews>
  <exclusive>
   no
  </exclusive>
 </clothing>
 <clothing>
  <id>
   945807902
  </id>
  <name>
   Vans Gloves Z-1646
  </name>
  <category>
   Gloves
  </category>
  <size>
   L
  </size>
  <color>
   Желтый
  </color>
  <material>
   Кожа
  </material>
  <price>
   693753
  </price>
  <rating>
   4.32
  </rating>
  <reviews>
   979712
  </reviews>
  <exclusive>
   no
  </exclusive>
 </clothing>
 <clothing>
  <id>
   694587339
  </id>
  <name>
   Asics Umbrellas V-3670
  </name>
  <category>
   Umbrellas
  </category>
  <size>
   S
  </size>
  <color>
   Желтый
  </color>
  <material>
   Шерсть
  </material>
  <price>
   121097
  </price>
  <rating>
   3.37
  </rating>
  <reviews>
   230143
  </reviews>
  <new>
   -
  </new>
  <exclusive>
   no
  </exclusive>
  <sporty>
   no
  </sporty>
 </clothing>
 <clothing>
  <id>
   631657732
  </id>
  <name>
   Ellesse Shoes K-2556
  </name>
  <category>
   Shoes
  </category>
  <size>
   S
  </size>
  <color>
   Красный
  </color>
  <material>
   Полиэстер
  </material>
  <price>
   358792
  </price>
  <rating>
   3.37
  </rating>
  <reviews>
   790830
  </reviews>
  <new>
   -
  </new>
  <exclusive>
   yes
  </exclusive>
  <sporty>
   no
  </sporty>
 </clothing>
 <clothing>
  <id>
   607364761
  </id>
  <name>
   Converse Jeans H-2406
  </name>
  <category>
   Jeans
  </category>
  <size>
   S
  </size>
  <color>
   Голубой
  </color>
  <material>
   Кожа
  </material>
  <price>
   611203
  </price>
  <rating>
   2.11
  </rating>
  <reviews>
   888383
  </reviews>
  <new>
   -
  </new>
  <sporty>
   no
  </sporty>
 </clothing>
 <clothing>
  <id>
   404013194
  </id>
  <name>
   New Balance Gloves U-1852
  </name>
  <category>
   Gloves
  </category>
  <size>
   M
  </size>
  <color>
   Синий
  </color>
  <material>
   Кожа
  </material>
  <price>
   272498
  </price>
  <rating>
   1.36
  </rating>
  <reviews>
   145916
  </reviews>
  <new>
   +
  </new>
  <sporty>
   no
  </sporty>
 </clothing>
 <clothing>
  <id>
   112824548
  </id>
  <name>
   Fila Jeans S-8232
  </name>
  <category>
   Jeans
  </category>
  <size>
   S
  </size>
  <color>
   Синий
  </color>
  <material>
   Полиэстер
  </material>
  <price>
   951926
  </price>
  <rating>
   1.75
  </rating>
  <reviews>
   36976
  </reviews>
  <new>
   -
  </new>
  <exclusive>
   no
  </exclusive>
 </clothing>
 <clothing>
  <id>
   203793177
  </id>
  <name>
   Lacoste Jacket C-4342
  </name>
  <category>
   Jacket
  </category>
  <size>
   S
  </size>
  <color>
   Фиолетовый
  </color>
  <material>
   Лен
  </material>
  <price>
   132285
  </price>
  <rating>
   4.62
  </rating>
  <reviews>
   103178
  </reviews>
 </clothing>
 <clothing>
  <id>
   897373972
  </id>
  <name>
   Ellesse Socks E-9596
  </name>
  <category>
   Socks
  </category>
  <size>
   S
  </size>
  <color>
   Зеленый
  </color>
  <material>
   Хлопок
  </material>
  <price>
   691842
  </price>
  <rating>
   1.84
  </rating>
  <reviews>
   158385
  </reviews>
  <new>
   -
  </new>
  <sporty>
   no
  </sporty>
 </clothing>
 <clothing>
  <id>
   666471879
  </id>
  <name>
   Under Armour Jeans K-2771
  </name>
  <category>
   Jeans
  </category>
  <size>
   XXL
  </size>
  <color>
   Синий
  </color>
  <material>
   Шерсть
  </material>
  <price>
   131615
  </price>
  <rating>
   2.22
  </rating>
  <reviews>
   157253
  </reviews>
  <sporty>
   no
  </sporty>
 </clothing>
 <clothing>
  <id>
   712643864
  </id>
  <name>
   DC Pants E-3069
  </name>
  <category>
   Pants
  </category>
  <size>
   XL
  </size>
  <color>
   Зеленый
  </color>
  <material>
   Вискоза
  </material>
  <price>
   606845
  </price>
  <rating>
   3.49
  </rating>
  <reviews>
   802588
  </reviews>
  <new>
   -
  </new>
  <exclusive>
   yes
  </exclusive>
  <sporty>
   yes
  </sporty>
 </clothing>
 <clothing>
  <id>
   767888866
  </id>
  <name>
   Asics Hat B-7406
  </name>
  <category>
   Hat
  </category>
  <size>
   S
  </size>
  <color>
   Синий
  </color>
  <material>
   Нейлон
  </material>
  <price>
   343603
  </price>
  <rating>
   1.52
  </rating>
  <reviews>
   927373
  </reviews>
  <new>
   -
  </new>
  <exclusive>
   no
  </exclusive>
  <sporty>
   no
  </sporty>
 </clothing>
 <clothing>
  <id>
   325743068
  </id>
  <name>
   Asics Blouse O-3295
  </name>
  <category>
   Blouse
  </category>
  <size>
   XXL
  </size>
  <color>
   Оранжевый
  </color>
  <material>
   Шерсть
  </material>
  <price>
   202246
  </price>
  <rating>
   1.83
  </rating>
  <reviews>
   908411
  </reviews>
  <new>
   -
  </new>
 </clothing>
 <clothing>
  <id>
   713187771
  </id>
  <name>
   Reebok T-shirt T-3147
  </name>
  <category>
   T-shirt
  </category>
  <size>
   XXL
  </size>
  <color>
   Желтый
  </color>
  <material>
   Полиэстер
  </material>
  <price>
   289547
  </price>
  <rating>
   2.67
  </rating>
  <reviews>
   103284
  </reviews>
  <new>
   -
  </new>
  <exclusive>
   no
  </exclusive>
  <sporty>
   no
  </sporty>
 </clothing>
 <clothing>
  <id>
   307179822
  </id>
  <name>
   Under Armour Sweater P-4065
  </name>
  <category>
   Sweater
  </category>
  <size>
   L
  </size>
  <color>
   Оранжевый
  </color>
  <material>
   Кожа
  </material>
  <price>
   938598
  </price>
  <rating>
   2.55
  </rating>
  <reviews>
   493557
  </reviews>
  <sporty>
   no
  </sporty>
 </clothing>
 <clothing>
  <id>
   970813825
  </id>
  <name>
   Fila Hat L-7548
  </name>
  <category>
   Hat
  </category>
  <size>
   M
  </size>
  <color>
   Фиолетовый
  </color>
  <material>
   Шелк
  </material>
  <price>
   913412
  </price>
  <rating>
   2.62
  </rating>
  <reviews>
   988576
  </reviews>
  <new>
   -
  </new>
 </clothing>
 <clothing>
  <id>
   555814523
  </id>
  <name>
   New Balance Shirt F-3035
  </name>
  <category>
   Shirt
  </category>
  <size>
   S
  </size>
  <color>
   Оранжевый
  </color>
  <material>
   Лен
  </material>
  <price>
   590652
  </price>
  <rating>
   1.92
  </rating>
  <reviews>
   622802
  </reviews>
 </clothing>
 <clothing>
  <id>
   417880170
  </id>
  <name>
   Asics T-shirt R-8853
  </name>
  <category>
   T-shirt
  </category>
  <size>
   XL
  </size>
  <color>
   Оранжевый
  </color>
  <material>
   Хлопок
  </material>
  <price>
   351077
  </price>
  <rating>
   1.93
  </rating>
  <reviews>
   511668
  </reviews>
  <new>
   -
  </new>
  <exclusive>
   no
  </exclusive>
  <sporty>
   yes
  </sporty>
 </clothing>
 <clothing>
  <id>
   360605013
  </id>
  <name>
   Vans Blouse G-6393
  </name>
  <category>
   Blouse
  </category>
  <size>
   S
  </size>
  <color>
   Желтый
  </color>
  <material>
   Шерсть
  </material>
  <price>
   209054
  </price>
  <rating>
   3.74
  </rating>
  <reviews>
   487215
  </reviews>
  <exclusive>
   yes
  </exclusive>
 </clothing>
</clothing-items>
