<?xml version="1.0" encoding="utf-8"?>
<clothing-items>
 <clothing>
  <id>
   168090766
  </id>
  <name>
   Asics Gloves Y-8103
  </name>
  <category>
   Gloves
  </category>
  <size>
   XXL
  </size>
  <color>
   Голубой
  </color>
  <material>
   Хлопок
  </material>
  <price>
   770319
  </price>
  <rating>
   3.55
  </rating>
  <reviews>
   32119
  </reviews>
  <exclusive>
   yes
  </exclusive>
  <sporty>
   yes
  </sporty>
 </clothing>
 <clothing>
  <id>
   112339302
  </id>
  <name>
   Reebok T-shirt A-4348
  </name>
  <category>
   T-shirt
  </category>
  <size>
   M
  </size>
  <color>
   Зеленый
  </color>
  <material>
   Хлопок
  </material>
  <price>
   905610
  </price>
  <rating>
   2.93
  </rating>
  <reviews>
   315989
  </reviews>
  <new>
   -
  </new>
  <exclusive>
   yes
  </exclusive>
  <sporty>
   yes
  </sporty>
 </clothing>
 <clothing>
  <id>
   292037421
  </id>
  <name>
   Lacoste Socks T-2517
  </name>
  <category>
   Socks
  </category>
  <size>
   XL
  </size>
  <color>
   Фиолетовый
  </color>
  <material>
   Вискоза
  </material>
  <price>
   854097
  </price>
  <rating>
   4.38
  </rating>
  <reviews>
   386207
  </reviews>
  <new>
   -
  </new>
  <exclusive>
   yes
  </exclusive>
  <sporty>
   no
  </sporty>
 </clothing>
 <clothing>
  <id>
   465892778
  </id>
  <name>
   Puma Pants P-8553
  </name>
  <category>
   Pants
  </category>
  <size>
   XL
  </size>
  <color>
   Красный
  </color>
  <material>
   Хлопок
  </material>
  <price>
   749027
  </price>
  <rating>
   1.74
  </rating>
  <reviews>
   311075
  </reviews>
  <new>
   +
  </new>
  <sporty>
   yes
  </sporty>
 </clothing>
 <clothing>
  <id>
   506278104
  </id>
  <name>
   PleinSport Blouse O-9112
  </name>
  <category>
   Blouse
  </category>
  <size>
   M
  </size>
  <color>
   Фиолетовый
  </color>
  <material>
   Кожа
  </material>
  <price>
   235881
  </price>
  <rating>
   1.86
  </rating>
  <reviews>
   342522
  </reviews>
  <sporty>
   no
  </sporty>
 </clothing>
 <clothing>
  <id>
   960949615
  </id>
  <name>
   Brooks Blouse H-7012
  </name>
  <category>
   Blouse
  </category>
  <size>
   XXL
  </size>
  <color>
   Красный
  </color>
  <material>
   Шерсть
  </material>
  <price>
   408303
  </price>
  <rating>
   1.15
  </rating>
  <reviews>
   208571
  </reviews>
  <exclusive>
   no
  </exclusive>
 </clothing>
 <clothing>
  <id>
   658240995
  </id>
  <name>
   Vans T-shirt E-8911
  </name>
  <category>
   T-shirt
  </category>
  <size>
   L
  </size>
  <color>
   Оранжевый
  </color>
  <material>
   Вискоза
  </material>
  <price>
   224535
  </price>
  <rating>
   2.39
  </rating>
  <reviews>
   243744
  </reviews>
  <exclusive>
   yes
  </exclusive>
  <sporty>
   yes
  </sporty>
 </clothing>
 <clothing>
  <id>
   879776753
  </id>
  <name>
   Asics Belts Y-7741
  </name>
  <category>
   Belts
  </category>
  <size>
   XXL
  </size>
  <color>
   Зеленый
  </color>
  <material>
   Шерсть
  </material>
  <price>
   507389
  </price>
  <rating>
   1.81
  </rating>
  <reviews>
   699996
  </reviews>
  <new>
   -
  </new>
  <sporty>
   yes
  </sporty>
 </clothing>
 <clothing>
  <id>
   163349397
  </id>
  <name>
   Addidas Jacket M-6978
  </name>
  <category>
   Jacket
  </category>
  <size>
   S
  </size>
  <color>
   Оранжевый
  </color>
  <material>
   Лен
  </material>
  <price>
   646555
  </price>
  <rating>
   3.92
  </rating>
  <reviews>
   312150
  </reviews>
  <sporty>
   no
  </sporty>
 </clothing>
 <clothing>
  <id>
   111038538
  </id>
  <name>
   Lacoste Sweater W-1396
  </name>
  <category>
   Sweater
  </category>
  <size>
   XXL
  </size>
  <color>
   Голубой
  </color>
  <material>
   Хлопок
  </material>
  <price>
   743126
  </price>
  <rating>
   3.7
  </rating>
  <reviews>
   695938
  </reviews>
  <sporty>
   no
  </sporty>
 </clothing>
</clothing-items>
