<?xml version="1.0" encoding="utf-8"?>
<clothing-items>
 <clothing>
  <id>
   193690620
  </id>
  <name>
   Addidas Dress Y-7731
  </name>
  <category>
   Dress
  </category>
  <size>
   S
  </size>
  <color>
   Голубой
  </color>
  <material>
   Вискоза
  </material>
  <price>
   286147
  </price>
  <rating>
   1.28
  </rating>
  <reviews>
   430487
  </reviews>
  <exclusive>
   no
  </exclusive>
  <sporty>
   no
  </sporty>
 </clothing>
 <clothing>
  <id>
   540224928
  </id>
  <name>
   Addidas Belts H-9501
  </name>
  <category>
   Belts
  </category>
  <size>
   S
  </size>
  <color>
   Желтый
  </color>
  <material>
   Нейлон
  </material>
  <price>
   342975
  </price>
  <rating>
   2.81
  </rating>
  <reviews>
   235737
  </reviews>
  <exclusive>
   yes
  </exclusive>
  <sporty>
   no
  </sporty>
 </clothing>
 <clothing>
  <id>
   465680578
  </id>
  <name>
   Addidas Gloves M-5316
  </name>
  <category>
   Gloves
  </category>
  <size>
   M
  </size>
  <color>
   Оранжевый
  </color>
  <material>
   Шерсть
  </material>
  <price>
   732594
  </price>
  <rating>
   3.69
  </rating>
  <reviews>
   789790
  </reviews>
  <exclusive>
   no
  </exclusive>
 </clothing>
 <clothing>
  <id>
   684724071
  </id>
  <name>
   PleinSport Socks B-4024
  </name>
  <category>
   Socks
  </category>
  <size>
   S
  </size>
  <color>
   Голубой
  </color>
  <material>
   Нейлон
  </material>
  <price>
   573273
  </price>
  <rating>
   2.72
  </rating>
  <reviews>
   425256
  </reviews>
  <new>
   +
  </new>
  <exclusive>
   no
  </exclusive>
  <sporty>
   no
  </sporty>
 </clothing>
 <clothing>
  <id>
   989615852
  </id>
  <name>
   Ellesse Jacket Z-5616
  </name>
  <category>
   Jacket
  </category>
  <size>
   S
  </size>
  <color>
   Зеленый
  </color>
  <material>
   Лен
  </material>
  <price>
   448621
  </price>
  <rating>
   2.22
  </rating>
  <reviews>
   690357
  </reviews>
  <new>
   -
  </new>
 </clothing>
 <clothing>
  <id>
   451888801
  </id>
  <name>
   Reebok Shirt U-7179
  </name>
  <category>
   Shirt
  </category>
  <size>
   S
  </size>
  <color>
   Желтый
  </color>
  <material>
   Нейлон
  </material>
  <price>
   370099
  </price>
  <rating>
   4.94
  </rating>
  <reviews>
   477146
  </reviews>
  <new>
   -
  </new>
  <exclusive>
   yes
  </exclusive>
 </clothing>
 <clothing>
  <id>
   499444487
  </id>
  <name>
   Fila T-shirt E-7456
  </name>
  <category>
   T-shirt
  </category>
  <size>
   XL
  </size>
  <color>
   Синий
  </color>
  <material>
   Кожа
  </material>
  <price>
   370532
  </price>
  <rating>
   2.58
  </rating>
  <reviews>
   879498
  </reviews>
  <new>
   -
  </new>
  <exclusive>
   yes
  </exclusive>
 </clothing>
 <clothing>
  <id>
   851218754
  </id>
  <name>
   Converse T-shirt K-5219
  </name>
  <category>
   T-shirt
  </category>
  <size>
   L
  </size>
  <color>
   Оранжевый
  </color>
  <material>
   Хлопок
  </material>
  <price>
   339822
  </price>
  <rating>
   3.4
  </rating>
  <reviews>
   826739
  </reviews>
  <new>
   +
  </new>
  <exclusive>
   yes
  </exclusive>
  <sporty>
   yes
  </sporty>
 </clothing>
 <clothing>
  <id>
   379380986
  </id>
  <name>
   DC Umbrellas F-3277
  </name>
  <category>
   Umbrellas
  </category>
  <size>
   XL
  </size>
  <color>
   Синий
  </color>
  <material>
   Вискоза
  </material>
  <price>
   992973
  </price>
  <rating>
   4.17
  </rating>
  <reviews>
   286483
  </reviews>
  <new>
   -
  </new>
 </clothing>
 <clothing>
  <id>
   101392720
  </id>
  <name>
   Addidas Socks H-2504
  </name>
  <category>
   Socks
  </category>
  <size>
   XXL
  </size>
  <color>
   Голубой
  </color>
  <material>
   Лен
  </material>
  <price>
   214863
  </price>
  <rating>
   1.2
  </rating>
  <reviews>
   550904
  </reviews>
  <new>
   -
  </new>
  <exclusive>
   no
  </exclusive>
 </clothing>
 <clothing>
  <id>
   916458365
  </id>
  <name>
   Lacoste Jeans T-4782
  </name>
  <category>
   Jeans
  </category>
  <size>
   XXL
  </size>
  <color>
   Синий
  </color>
  <material>
   Полиэстер
  </material>
  <price>
   528270
  </price>
  <rating>
   1.61
  </rating>
  <reviews>
   97229
  </reviews>
  <new>
   -
  </new>
  <exclusive>
   yes
  </exclusive>
 </clothing>
 <clothing>
  <id>
   800339094
  </id>
  <name>
   Converse Umbrellas L-3352
  </name>
  <category>
   Umbrellas
  </category>
  <size>
   M
  </size>
  <color>
   Синий
  </color>
  <material>
   Шерсть
  </material>
  <price>
   837475
  </price>
  <rating>
   1.53
  </rating>
  <reviews>
   296331
  </reviews>
  <sporty>
   no
  </sporty>
 </clothing>
 <clothing>
  <id>
   559771785
  </id>
  <name>
   Ellesse Jeans L-8481
  </name>
  <category>
   Jeans
  </category>
  <size>
   XL
  </size>
  <color>
   Желтый
  </color>
  <material>
   Шерсть
  </material>
  <price>
   437763
  </price>
  <rating>
   1.58
  </rating>
  <reviews>
   491879
  </reviews>
 </clothing>
 <clothing>
  <id>
   133023815
  </id>
  <name>
   Brooks Shoes N-8611
  </name>
  <category>
   Shoes
  </category>
  <size>
   S
  </size>
  <color>
   Фиолетовый
  </color>
  <material>
   Лен
  </material>
  <price>
   648126
  </price>
  <rating>
   3.98
  </rating>
  <reviews>
   703147
  </reviews>
  <new>
   -
  </new>
  <exclusive>
   no
  </exclusive>
 </clothing>
 <clothing>
  <id>
   297070999
  </id>
  <name>
   Fila Shoes T-8273
  </name>
  <category>
   Shoes
  </category>
  <size>
   S
  </size>
  <color>
   Красный
  </color>
  <material>
   Вискоза
  </material>
  <price>
   363685
  </price>
  <rating>
   2.56
  </rating>
  <reviews>
   500968
  </reviews>
 </clothing>
 <clothing>
  <id>
   656531956
  </id>
  <name>
   Adidas Pants E-7632
  </name>
  <category>
   Pants
  </category>
  <size>
   S
  </size>
  <color>
   Фиолетовый
  </color>
  <material>
   Лен
  </material>
  <price>
   451752
  </price>
  <rating>
   4.14
  </rating>
  <reviews>
   41324
  </reviews>
  <new>
   -
  </new>
 </clothing>
 <clothing>
  <id>
   419135618
  </id>
  <name>
   PleinSport Handbags A-6813
  </name>
  <category>
   Handbags
  </category>
  <size>
   L
  </size>
  <color>
   Оранжевый
  </color>
  <material>
   Хлопок
  </material>
  <price>
   128381
  </price>
  <rating>
   4.36
  </rating>
  <reviews>
   812547
  </reviews>
  <exclusive>
   no
  </exclusive>
  <sporty>
   no
  </sporty>
 </clothing>
</clothing-items>
