<?xml version="1.0" encoding="utf-8"?>
<clothing-items>
 <clothing>
  <id>
   170250864
  </id>
  <name>
   Fila Socks K-6201
  </name>
  <category>
   Socks
  </category>
  <size>
   M
  </size>
  <color>
   Желтый
  </color>
  <material>
   Шелк
  </material>
  <price>
   134712
  </price>
  <rating>
   1.81
  </rating>
  <reviews>
   66967
  </reviews>
 </clothing>
 <clothing>
  <id>
   763439382
  </id>
  <name>
   Asics Gloves R-1210
  </name>
  <category>
   Gloves
  </category>
  <size>
   S
  </size>
  <color>
   Красный
  </color>
  <material>
   Кожа
  </material>
  <price>
   357715
  </price>
  <rating>
   1.67
  </rating>
  <reviews>
   634467
  </reviews>
  <new>
   +
  </new>
  <sporty>
   no
  </sporty>
 </clothing>
 <clothing>
  <id>
   505398378
  </id>
  <name>
   DC Skirt Y-2226
  </name>
  <category>
   Skirt
  </category>
  <size>
   S
  </size>
  <color>
   Красный
  </color>
  <material>
   Полиэстер
  </material>
  <price>
   957515
  </price>
  <rating>
   2.59
  </rating>
  <reviews>
   955903
  </reviews>
 </clothing>
 <clothing>
  <id>
   167891782
  </id>
  <name>
   Reebok Pants O-8703
  </name>
  <category>
   Pants
  </category>
  <size>
   L
  </size>
  <color>
   Синий
  </color>
  <material>
   Лен
  </material>
  <price>
   137003
  </price>
  <rating>
   3.84
  </rating>
  <reviews>
   925701
  </reviews>
  <sporty>
   no
  </sporty>
 </clothing>
 <clothing>
  <id>
   511380134
  </id>
  <name>
   Lacoste Shoes W-2363
  </name>
  <category>
   Shoes
  </category>
  <size>
   XXL
  </size>
  <color>
   Красный
  </color>
  <material>
   Хлопок
  </material>
  <price>
   737403
  </price>
  <rating>
   2.31
  </rating>
  <reviews>
   595322
  </reviews>
  <sporty>
   no
  </sporty>
 </clothing>
 <clothing>
  <id>
   157161926
  </id>
  <name>
   Reebok Belts V-3442
  </name>
  <category>
   Belts
  </category>
  <size>
   L
  </size>
  <color>
   Зеленый
  </color>
  <material>
   Шерсть
  </material>
  <price>
   724139
  </price>
  <rating>
   2.8
  </rating>
  <reviews>
   977164
  </reviews>
  <new>
   -
  </new>
  <sporty>
   yes
  </sporty>
 </clothing>
 <clothing>
  <id>
   932363519
  </id>
  <name>
   Converse Handbags E-4493
  </name>
  <category>
   Handbags
  </category>
  <size>
   S
  </size>
  <color>
   Фиолетовый
  </color>
  <material>
   Шерсть
  </material>
  <price>
   721279
  </price>
  <rating>
   3.91
  </rating>
  <reviews>
   126202
  </reviews>
  <exclusive>
   yes
  </exclusive>
  <sporty>
   no
  </sporty>
 </clothing>
 <clothing>
  <id>
   948390628
  </id>
  <name>
   Converse Handbags O-2955
  </name>
  <category>
   Handbags
  </category>
  <size>
   M
  </size>
  <color>
   Желтый
  </color>
  <material>
   Вискоза
  </material>
  <price>
   798647
  </price>
  <rating>
   2.55
  </rating>
  <reviews>
   625563
  </reviews>
  <exclusive>
   yes
  </exclusive>
  <sporty>
   no
  </sporty>
 </clothing>
 <clothing>
  <id>
   744326699
  </id>
  <name>
   Nike T-shirt R-6855
  </name>
  <category>
   T-shirt
  </category>
  <size>
   S
  </size>
  <color>
   Синий
  </color>
  <material>
   Лен
  </material>
  <price>
   455722
  </price>
  <rating>
   1.88
  </rating>
  <reviews>
   869166
  </reviews>
  <new>
   -
  </new>
  <exclusive>
   yes
  </exclusive>
  <sporty>
   yes
  </sporty>
 </clothing>
 <clothing>
  <id>
   768665083
  </id>
  <name>
   Brooks Jeans T-7840
  </name>
  <category>
   Jeans
  </category>
  <size>
   M
  </size>
  <color>
   Желтый
  </color>
  <material>
   Лен
  </material>
  <price>
   410029
  </price>
  <rating>
   4.05
  </rating>
  <reviews>
   477447
  </reviews>
  <new>
   -
  </new>
  <exclusive>
   no
  </exclusive>
 </clothing>
 <clothing>
  <id>
   239145840
  </id>
  <name>
   New Balance Hat O-6380
  </name>
  <category>
   Hat
  </category>
  <size>
   XXL
  </size>
  <color>
   Красный
  </color>
  <material>
   Шерсть
  </material>
  <price>
   400334
  </price>
  <rating>
   2.41
  </rating>
  <reviews>
   529624
  </reviews>
  <exclusive>
   no
  </exclusive>
  <sporty>
   yes
  </sporty>
 </clothing>
 <clothing>
  <id>
   583177481
  </id>
  <name>
   Addidas Shoes W-6247
  </name>
  <category>
   Shoes
  </category>
  <size>
   XL
  </size>
  <color>
   Фиолетовый
  </color>
  <material>
   Шелк
  </material>
  <price>
   129988
  </price>
  <rating>
   3.72
  </rating>
  <reviews>
   810553
  </reviews>
 </clothing>
 <clothing>
  <id>
   321472612
  </id>
  <name>
   Asics Umbrellas K-3242
  </name>
  <category>
   Umbrellas
  </category>
  <size>
   S
  </size>
  <color>
   Синий
  </color>
  <material>
   Шерсть
  </material>
  <price>
   175189
  </price>
  <rating>
   1.08
  </rating>
  <reviews>
   904030
  </reviews>
  <new>
   +
  </new>
  <sporty>
   no
  </sporty>
 </clothing>
</clothing-items>
