<?xml version="1.0" encoding="utf-8"?>
<clothing-items>
 <clothing>
  <id>
   805436204
  </id>
  <name>
   Under Armour Skirt X-2592
  </name>
  <category>
   Skirt
  </category>
  <size>
   S
  </size>
  <color>
   Зеленый
  </color>
  <material>
   Шерсть
  </material>
  <price>
   860178
  </price>
  <rating>
   4.02
  </rating>
  <reviews>
   361348
  </reviews>
  <exclusive>
   no
  </exclusive>
  <sporty>
   no
  </sporty>
 </clothing>
 <clothing>
  <id>
   143150433
  </id>
  <name>
   Converse Gloves A-2191
  </name>
  <category>
   Gloves
  </category>
  <size>
   M
  </size>
  <color>
   Оранжевый
  </color>
  <material>
   Нейлон
  </material>
  <price>
   218479
  </price>
  <rating>
   2.27
  </rating>
  <reviews>
   81189
  </reviews>
  <new>
   +
  </new>
  <exclusive>
   no
  </exclusive>
  <sporty>
   yes
  </sporty>
 </clothing>
 <clothing>
  <id>
   286620848
  </id>
  <name>
   PleinSport Sweater L-7879
  </name>
  <category>
   Sweater
  </category>
  <size>
   XL
  </size>
  <color>
   Зеленый
  </color>
  <material>
   Вискоза
  </material>
  <price>
   756130
  </price>
  <rating>
   3.66
  </rating>
  <reviews>
   967158
  </reviews>
  <new>
   -
  </new>
  <exclusive>
   yes
  </exclusive>
  <sporty>
   yes
  </sporty>
 </clothing>
 <clothing>
  <id>
   391249998
  </id>
  <name>
   Fila Blouse F-9632
  </name>
  <category>
   Blouse
  </category>
  <size>
   XXL
  </size>
  <color>
   Фиолетовый
  </color>
  <material>
   Полиэстер
  </material>
  <price>
   793559
  </price>
  <rating>
   2.29
  </rating>
  <reviews>
   736977
  </reviews>
  <new>
   -
  </new>
  <exclusive>
   yes
  </exclusive>
 </clothing>
 <clothing>
  <id>
   350556978
  </id>
  <name>
   Adidas Jeans M-4801
  </name>
  <category>
   Jeans
  </category>
  <size>
   XXL
  </size>
  <color>
   Желтый
  </color>
  <material>
   Кожа
  </material>
  <price>
   178069
  </price>
  <rating>
   4.87
  </rating>
  <reviews>
   269893
  </reviews>
  <exclusive>
   yes
  </exclusive>
 </clothing>
 <clothing>
  <id>
   708590788
  </id>
  <name>
   Under Armour Jacket O-6938
  </name>
  <category>
   Jacket
  </category>
  <size>
   S
  </size>
  <color>
   Фиолетовый
  </color>
  <material>
   Шерсть
  </material>
  <price>
   736751
  </price>
  <rating>
   2.17
  </rating>
  <reviews>
   822879
  </reviews>
  <exclusive>
   yes
  </exclusive>
 </clothing>
 <clothing>
  <id>
   125384846
  </id>
  <name>
   Lacoste T-shirt M-7501
  </name>
  <category>
   T-shirt
  </category>
  <size>
   XXL
  </size>
  <color>
   Зеленый
  </color>
  <material>
   Кожа
  </material>
  <price>
   806659
  </price>
  <rating>
   3.41
  </rating>
  <reviews>
   504547
  </reviews>
  <sporty>
   no
  </sporty>
 </clothing>
 <clothing>
  <id>
   599442799
  </id>
  <name>
   New Balance Blouse S-3924
  </name>
  <category>
   Blouse
  </category>
  <size>
   M
  </size>
  <color>
   Синий
  </color>
  <material>
   Шелк
  </material>
  <price>
   279881
  </price>
  <rating>
   3.34
  </rating>
  <reviews>
   122808
  </reviews>
  <sporty>
   yes
  </sporty>
 </clothing>
 <clothing>
  <id>
   917045050
  </id>
  <name>
   Under Armour Sweater X-4592
  </name>
  <category>
   Sweater
  </category>
  <size>
   M
  </size>
  <color>
   Желтый
  </color>
  <material>
   Шерсть
  </material>
  <price>
   870266
  </price>
  <rating>
   3.05
  </rating>
  <reviews>
   130198
  </reviews>
 </clothing>
 <clothing>
  <id>
   486830366
  </id>
  <name>
   Asics Pants W-9236
  </name>
  <category>
   Pants
  </category>
  <size>
   S
  </size>
  <color>
   Голубой
  </color>
  <material>
   Лен
  </material>
  <price>
   449123
  </price>
  <rating>
   4.86
  </rating>
  <reviews>
   991692
  </reviews>
  <exclusive>
   no
  </exclusive>
 </clothing>
 <clothing>
  <id>
   466984735
  </id>
  <name>
   Adidas Jeans W-3925
  </name>
  <category>
   Jeans
  </category>
  <size>
   M
  </size>
  <color>
   Синий
  </color>
  <material>
   Шелк
  </material>
  <price>
   724892
  </price>
  <rating>
   2.03
  </rating>
  <reviews>
   119462
  </reviews>
  <new>
   +
  </new>
  <exclusive>
   no
  </exclusive>
 </clothing>
 <clothing>
  <id>
   849357660
  </id>
  <name>
   New Balance Socks O-6466
  </name>
  <category>
   Socks
  </category>
  <size>
   L
  </size>
  <color>
   Желтый
  </color>
  <material>
   Полиэстер
  </material>
  <price>
   325765
  </price>
  <rating>
   1.28
  </rating>
  <reviews>
   47361
  </reviews>
  <new>
   +
  </new>
  <exclusive>
   no
  </exclusive>
 </clothing>
 <clothing>
  <id>
   445923508
  </id>
  <name>
   Vans Shoes S-3352
  </name>
  <category>
   Shoes
  </category>
  <size>
   XL
  </size>
  <color>
   Желтый
  </color>
  <material>
   Шелк
  </material>
  <price>
   174825
  </price>
  <rating>
   4.37
  </rating>
  <reviews>
   48202
  </reviews>
 </clothing>
 <clothing>
  <id>
   899606050
  </id>
  <name>
   Reebok Hat Q-7048
  </name>
  <category>
   Hat
  </category>
  <size>
   XL
  </size>
  <color>
   Желтый
  </color>
  <material>
   Шелк
  </material>
  <price>
   211387
  </price>
  <rating>
   2.37
  </rating>
  <reviews>
   898026
  </reviews>
  <new>
   +
  </new>
  <sporty>
   yes
  </sporty>
 </clothing>
 <clothing>
  <id>
   566452521
  </id>
  <name>
   PleinSport Jacket D-5680
  </name>
  <category>
   Jacket
  </category>
  <size>
   XL
  </size>
  <color>
   Зеленый
  </color>
  <material>
   Шелк
  </material>
  <price>
   909160
  </price>
  <rating>
   1.72
  </rating>
  <reviews>
   458649
  </reviews>
  <new>
   -
  </new>
  <exclusive>
   no
  </exclusive>
 </clothing>
 <clothing>
  <id>
   354724056
  </id>
  <name>
   Vans Hat T-7205
  </name>
  <category>
   Hat
  </category>
  <size>
   S
  </size>
  <color>
   Оранжевый
  </color>
  <material>
   Полиэстер
  </material>
  <price>
   948038
  </price>
  <rating>
   3.78
  </rating>
  <reviews>
   71706
  </reviews>
  <new>
   +
  </new>
  <sporty>
   no
  </sporty>
 </clothing>
 <clothing>
  <id>
   115036688
  </id>
  <name>
   Brooks Gloves O-1290
  </name>
  <category>
   Gloves
  </category>
  <size>
   M
  </size>
  <color>
   Фиолетовый
  </color>
  <material>
   Вискоза
  </material>
  <price>
   248738
  </price>
  <rating>
   1.56
  </rating>
  <reviews>
   447973
  </reviews>
  <new>
   -
  </new>
  <exclusive>
   yes
  </exclusive>
  <sporty>
   no
  </sporty>
 </clothing>
 <clothing>
  <id>
   709460821
  </id>
  <name>
   Under Armour Hat E-2444
  </name>
  <category>
   Hat
  </category>
  <size>
   XXL
  </size>
  <color>
   Голубой
  </color>
  <material>
   Хлопок
  </material>
  <price>
   478216
  </price>
  <rating>
   4.01
  </rating>
  <reviews>
   920537
  </reviews>
  <exclusive>
   yes
  </exclusive>
  <sporty>
   yes
  </sporty>
 </clothing>
 <clothing>
  <id>
   481416911
  </id>
  <name>
   Addidas Gloves R-2225
  </name>
  <category>
   Gloves
  </category>
  <size>
   S
  </size>
  <color>
   Фиолетовый
  </color>
  <material>
   Кожа
  </material>
  <price>
   930720
  </price>
  <rating>
   3.5
  </rating>
  <reviews>
   857502
  </reviews>
  <new>
   -
  </new>
  <exclusive>
   yes
  </exclusive>
 </clothing>
 <clothing>
  <id>
   984795748
  </id>
  <name>
   PleinSport Pants J-4403
  </name>
  <category>
   Pants
  </category>
  <size>
   XL
  </size>
  <color>
   Красный
  </color>
  <material>
   Нейлон
  </material>
  <price>
   827633
  </price>
  <rating>
   4.77
  </rating>
  <reviews>
   87633
  </reviews>
  <new>
   +
  </new>
  <exclusive>
   yes
  </exclusive>
 </clothing>
 <clothing>
  <id>
   418464009
  </id>
  <name>
   Under Armour Shoes K-9688
  </name>
  <category>
   Shoes
  </category>
  <size>
   XL
  </size>
  <color>
   Оранжевый
  </color>
  <material>
   Полиэстер
  </material>
  <price>
   410485
  </price>
  <rating>
   3.3
  </rating>
  <reviews>
   369998
  </reviews>
  <exclusive>
   no
  </exclusive>
  <sporty>
   no
  </sporty>
 </clothing>
 <clothing>
  <id>
   785429655
  </id>
  <name>
   Puma Skirt U-4314
  </name>
  <category>
   Skirt
  </category>
  <size>
   M
  </size>
  <color>
   Синий
  </color>
  <material>
   Шерсть
  </material>
  <price>
   298385
  </price>
  <rating>
   3.16
  </rating>
  <reviews>
   964167
  </reviews>
  <exclusive>
   no
  </exclusive>
 </clothing>
 <clothing>
  <id>
   243461343
  </id>
  <name>
   New Balance Socks N-2812
  </name>
  <category>
   Socks
  </category>
  <size>
   M
  </size>
  <color>
   Фиолетовый
  </color>
  <material>
   Кожа
  </material>
  <price>
   687518
  </price>
  <rating>
   2.77
  </rating>
  <reviews>
   438512
  </reviews>
  <exclusive>
   no
  </exclusive>
 </clothing>
 <clothing>
  <id>
   466511125
  </id>
  <name>
   Ellesse Umbrellas Q-4291
  </name>
  <category>
   Umbrellas
  </category>
  <size>
   S
  </size>
  <color>
   Желтый
  </color>
  <material>
   Лен
  </material>
  <price>
   726943
  </price>
  <rating>
   3.57
  </rating>
  <reviews>
   784535
  </reviews>
  <exclusive>
   yes
  </exclusive>
 </clothing>
 <clothing>
  <id>
   426785889
  </id>
  <name>
   Fila Hat I-7519
  </name>
  <category>
   Hat
  </category>
  <size>
   XXL
  </size>
  <color>
   Желтый
  </color>
  <material>
   Кожа
  </material>
  <price>
   214605
  </price>
  <rating>
   4.17
  </rating>
  <reviews>
   80965
  </reviews>
  <sporty>
   no
  </sporty>
 </clothing>
 <clothing>
  <id>
   660742804
  </id>
  <name>
   Lacoste Hat I-4368
  </name>
  <category>
   Hat
  </category>
  <size>
   XL
  </size>
  <color>
   Зеленый
  </color>
  <material>
   Шерсть
  </material>
  <price>
   525789
  </price>
  <rating>
   4.54
  </rating>
  <reviews>
   255947
  </reviews>
  <new>
   +
  </new>
  <exclusive>
   no
  </exclusive>
  <sporty>
   no
  </sporty>
 </clothing>
 <clothing>
  <id>
   176106963
  </id>
  <name>
   Adidas T-shirt N-2708
  </name>
  <category>
   T-shirt
  </category>
  <size>
   S
  </size>
  <color>
   Синий
  </color>
  <material>
   Вискоза
  </material>
  <price>
   186570
  </price>
  <rating>
   2.6
  </rating>
  <reviews>
   682076
  </reviews>
  <sporty>
   yes
  </sporty>
 </clothing>
 <clothing>
  <id>
   551549533
  </id>
  <name>
   Puma Skirt S-1493
  </name>
  <category>
   Skirt
  </category>
  <size>
   XXL
  </size>
  <color>
   Синий
  </color>
  <material>
   Шелк
  </material>
  <price>
   552017
  </price>
  <rating>
   2.39
  </rating>
  <reviews>
   189135
  </reviews>
  <new>
   -
  </new>
  <exclusive>
   yes
  </exclusive>
 </clothing>
 <clothing>
  <id>
   163896978
  </id>
  <name>
   Asics Pants W-6182
  </name>
  <category>
   Pants
  </category>
  <size>
   XL
  </size>
  <color>
   Красный
  </color>
  <material>
   Лен
  </material>
  <price>
   290622
  </price>
  <rating>
   3.18
  </rating>
  <reviews>
   495674
  </reviews>
  <exclusive>
   no
  </exclusive>
  <sporty>
   no
  </sporty>
 </clothing>
 <clothing>
  <id>
   523749799
  </id>
  <name>
   New Balance Handbags Y-3643
  </name>
  <category>
   Handbags
  </category>
  <size>
   M
  </size>
  <color>
   Красный
  </color>
  <material>
   Нейлон
  </material>
  <price>
   509211
  </price>
  <rating>
   4.12
  </rating>
  <reviews>
   269728
  </reviews>
 </clothing>
 <clothing>
  <id>
   416189115
  </id>
  <name>
   Lacoste Shirt K-2115
  </name>
  <category>
   Shirt
  </category>
  <size>
   XL
  </size>
  <color>
   Оранжевый
  </color>
  <material>
   Лен
  </material>
  <price>
   350393
  </price>
  <rating>
   3.17
  </rating>
  <reviews>
   813181
  </reviews>
  <sporty>
   yes
  </sporty>
 </clothing>
 <clothing>
  <id>
   362381419
  </id>
  <name>
   Fila Gloves U-2724
  </name>
  <category>
   Gloves
  </category>
  <size>
   XL
  </size>
  <color>
   Оранжевый
  </color>
  <material>
   Лен
  </material>
  <price>
   920764
  </price>
  <rating>
   3.22
  </rating>
  <reviews>
   204037
  </reviews>
  <new>
   -
  </new>
  <sporty>
   yes
  </sporty>
 </clothing>
 <clothing>
  <id>
   434640531
  </id>
  <name>
   Vans Dress D-6970
  </name>
  <category>
   Dress
  </category>
  <size>
   S
  </size>
  <color>
   Оранжевый
  </color>
  <material>
   Хлопок
  </material>
  <price>
   630987
  </price>
  <rating>
   4.16
  </rating>
  <reviews>
   248299
  </reviews>
  <sporty>
   no
  </sporty>
 </clothing>
 <clothing>
  <id>
   190611865
  </id>
  <name>
   Converse Skirt S-2522
  </name>
  <category>
   Skirt
  </category>
  <size>
   M
  </size>
  <color>
   Красный
  </color>
  <material>
   Шелк
  </material>
  <price>
   562367
  </price>
  <rating>
   3.23
  </rating>
  <reviews>
   418747
  </reviews>
  <new>
   -
  </new>
  <exclusive>
   no
  </exclusive>
 </clothing>
 <clothing>
  <id>
   466164536
  </id>
  <name>
   PleinSport Gloves U-4424
  </name>
  <category>
   Gloves
  </category>
  <size>
   XL
  </size>
  <color>
   Красный
  </color>
  <material>
   Нейлон
  </material>
  <price>
   966369
  </price>
  <rating>
   1.6
  </rating>
  <reviews>
   432935
  </reviews>
  <sporty>
   no
  </sporty>
 </clothing>
 <clothing>
  <id>
   614266989
  </id>
  <name>
   Asics Sweater S-2474
  </name>
  <category>
   Sweater
  </category>
  <size>
   M
  </size>
  <color>
   Красный
  </color>
  <material>
   Нейлон
  </material>
  <price>
   706526
  </price>
  <rating>
   1.91
  </rating>
  <reviews>
   23622
  </reviews>
  <new>
   +
  </new>
  <exclusive>
   yes
  </exclusive>
  <sporty>
   no
  </sporty>
 </clothing>
 <clothing>
  <id>
   781244251
  </id>
  <name>
   Under Armour Belts C-9636
  </name>
  <category>
   Belts
  </category>
  <size>
   L
  </size>
  <color>
   Голубой
  </color>
  <material>
   Вискоза
  </material>
  <price>
   894588
  </price>
  <rating>
   1.12
  </rating>
  <reviews>
   379285
  </reviews>
  <new>
   -
  </new>
  <sporty>
   no
  </sporty>
 </clothing>
 <clothing>
  <id>
   377522702
  </id>
  <name>
   Ellesse Skirt B-4458
  </name>
  <category>
   Skirt
  </category>
  <size>
   S
  </size>
  <color>
   Фиолетовый
  </color>
  <material>
   Шерсть
  </material>
  <price>
   382399
  </price>
  <rating>
   3.68
  </rating>
  <reviews>
   414213
  </reviews>
  <exclusive>
   no
  </exclusive>
  <sporty>
   no
  </sporty>
 </clothing>
</clothing-items>
