<?xml version="1.0" encoding="utf-8"?>
<clothing-items>
 <clothing>
  <id>
   661971133
  </id>
  <name>
   Puma Belts X-1223
  </name>
  <category>
   Belts
  </category>
  <size>
   L
  </size>
  <color>
   Оранжевый
  </color>
  <material>
   Нейлон
  </material>
  <price>
   893140
  </price>
  <rating>
   3.55
  </rating>
  <reviews>
   101333
  </reviews>
  <new>
   -
  </new>
  <sporty>
   no
  </sporty>
 </clothing>
 <clothing>
  <id>
   334991342
  </id>
  <name>
   Lacoste Hat T-8596
  </name>
  <category>
   Hat
  </category>
  <size>
   S
  </size>
  <color>
   Желтый
  </color>
  <material>
   Полиэстер
  </material>
  <price>
   507534
  </price>
  <rating>
   3.27
  </rating>
  <reviews>
   519467
  </reviews>
  <exclusive>
   no
  </exclusive>
  <sporty>
   no
  </sporty>
 </clothing>
 <clothing>
  <id>
   114632643
  </id>
  <name>
   Brooks Umbrellas C-8251
  </name>
  <category>
   Umbrellas
  </category>
  <size>
   XXL
  </size>
  <color>
   Фиолетовый
  </color>
  <material>
   Шелк
  </material>
  <price>
   837469
  </price>
  <rating>
   3.86
  </rating>
  <reviews>
   312519
  </reviews>
  <new>
   -
  </new>
  <exclusive>
   yes
  </exclusive>
 </clothing>
 <clothing>
  <id>
   687356810
  </id>
  <name>
   Converse Pants J-8211
  </name>
  <category>
   Pants
  </category>
  <size>
   XL
  </size>
  <color>
   Голубой
  </color>
  <material>
   Полиэстер
  </material>
  <price>
   304801
  </price>
  <rating>
   4.43
  </rating>
  <reviews>
   920784
  </reviews>
  <new>
   -
  </new>
  <sporty>
   no
  </sporty>
 </clothing>
 <clothing>
  <id>
   947823091
  </id>
  <name>
   Fila T-shirt Q-5129
  </name>
  <category>
   T-shirt
  </category>
  <size>
   XL
  </size>
  <color>
   Красный
  </color>
  <material>
   Шелк
  </material>
  <price>
   189592
  </price>
  <rating>
   1.18
  </rating>
  <reviews>
   14785
  </reviews>
  <new>
   +
  </new>
  <exclusive>
   no
  </exclusive>
  <sporty>
   no
  </sporty>
 </clothing>
 <clothing>
  <id>
   933003425
  </id>
  <name>
   New Balance Hat K-8828
  </name>
  <category>
   Hat
  </category>
  <size>
   S
  </size>
  <color>
   Желтый
  </color>
  <material>
   Шелк
  </material>
  <price>
   989579
  </price>
  <rating>
   4.82
  </rating>
  <reviews>
   270354
  </reviews>
  <new>
   -
  </new>
  <exclusive>
   no
  </exclusive>
 </clothing>
 <clothing>
  <id>
   144225615
  </id>
  <name>
   Converse Blouse L-2828
  </name>
  <category>
   Blouse
  </category>
  <size>
   S
  </size>
  <color>
   Голубой
  </color>
  <material>
   Вискоза
  </material>
  <price>
   155876
  </price>
  <rating>
   4.31
  </rating>
  <reviews>
   205436
  </reviews>
  <exclusive>
   yes
  </exclusive>
  <sporty>
   yes
  </sporty>
 </clothing>
 <clothing>
  <id>
   472039330
  </id>
  <name>
   PleinSport Socks S-1480
  </name>
  <category>
   Socks
  </category>
  <size>
   XL
  </size>
  <color>
   Синий
  </color>
  <material>
   Шелк
  </material>
  <price>
   462263
  </price>
  <rating>
   3.29
  </rating>
  <reviews>
   875166
  </reviews>
  <new>
   -
  </new>
  <exclusive>
   no
  </exclusive>
 </clothing>
 <clothing>
  <id>
   532107121
  </id>
  <name>
   Fila Jacket C-2357
  </name>
  <category>
   Jacket
  </category>
  <size>
   M
  </size>
  <color>
   Желтый
  </color>
  <material>
   Шерсть
  </material>
  <price>
   617721
  </price>
  <rating>
   1.59
  </rating>
  <reviews>
   525553
  </reviews>
  <new>
   -
  </new>
 </clothing>
 <clothing>
  <id>
   389380504
  </id>
  <name>
   Lacoste Belts B-9332
  </name>
  <category>
   Belts
  </category>
  <size>
   S
  </size>
  <color>
   Желтый
  </color>
  <material>
   Нейлон
  </material>
  <price>
   875090
  </price>
  <rating>
   1.41
  </rating>
  <reviews>
   648896
  </reviews>
  <exclusive>
   no
  </exclusive>
 </clothing>
 <clothing>
  <id>
   904091208
  </id>
  <name>
   Fila Sweater K-4440
  </name>
  <category>
   Sweater
  </category>
  <size>
   S
  </size>
  <color>
   Оранжевый
  </color>
  <material>
   Лен
  </material>
  <price>
   952207
  </price>
  <rating>
   1.87
  </rating>
  <reviews>
   332581
  </reviews>
  <exclusive>
   yes
  </exclusive>
 </clothing>
 <clothing>
  <id>
   892246362
  </id>
  <name>
   Brooks Jeans N-4795
  </name>
  <category>
   Jeans
  </category>
  <size>
   M
  </size>
  <color>
   Желтый
  </color>
  <material>
   Нейлон
  </material>
  <price>
   945150
  </price>
  <rating>
   3.16
  </rating>
  <reviews>
   799210
  </reviews>
  <new>
   -
  </new>
  <exclusive>
   no
  </exclusive>
 </clothing>
 <clothing>
  <id>
   123729693
  </id>
  <name>
   Converse Blouse V-2361
  </name>
  <category>
   Blouse
  </category>
  <size>
   L
  </size>
  <color>
   Желтый
  </color>
  <material>
   Вискоза
  </material>
  <price>
   853048
  </price>
  <rating>
   1.91
  </rating>
  <reviews>
   986286
  </reviews>
  <new>
   -
  </new>
  <sporty>
   no
  </sporty>
 </clothing>
 <clothing>
  <id>
   161824530
  </id>
  <name>
   PleinSport Dress S-4841
  </name>
  <category>
   Dress
  </category>
  <size>
   XL
  </size>
  <color>
   Голубой
  </color>
  <material>
   Хлопок
  </material>
  <price>
   878497
  </price>
  <rating>
   4.74
  </rating>
  <reviews>
   117002
  </reviews>
  <new>
   -
  </new>
  <sporty>
   no
  </sporty>
 </clothing>
 <clothing>
  <id>
   751685173
  </id>
  <name>
   PleinSport Belts W-7610
  </name>
  <category>
   Belts
  </category>
  <size>
   XL
  </size>
  <color>
   Красный
  </color>
  <material>
   Шерсть
  </material>
  <price>
   741272
  </price>
  <rating>
   3.05
  </rating>
  <reviews>
   613331
  </reviews>
  <new>
   -
  </new>
  <exclusive>
   no
  </exclusive>
  <sporty>
   yes
  </sporty>
 </clothing>
 <clothing>
  <id>
   203526941
  </id>
  <name>
   Addidas Skirt P-7085
  </name>
  <category>
   Skirt
  </category>
  <size>
   M
  </size>
  <color>
   Зеленый
  </color>
  <material>
   Хлопок
  </material>
  <price>
   785958
  </price>
  <rating>
   1.59
  </rating>
  <reviews>
   434920
  </reviews>
  <exclusive>
   yes
  </exclusive>
 </clothing>
 <clothing>
  <id>
   277288745
  </id>
  <name>
   Under Armour Blouse U-3192
  </name>
  <category>
   Blouse
  </category>
  <size>
   XXL
  </size>
  <color>
   Красный
  </color>
  <material>
   Лен
  </material>
  <price>
   137754
  </price>
  <rating>
   3.18
  </rating>
  <reviews>
   398074
  </reviews>
  <sporty>
   no
  </sporty>
 </clothing>
 <clothing>
  <id>
   547552192
  </id>
  <name>
   Reebok Skirt O-6281
  </name>
  <category>
   Skirt
  </category>
  <size>
   L
  </size>
  <color>
   Оранжевый
  </color>
  <material>
   Вискоза
  </material>
  <price>
   968051
  </price>
  <rating>
   3.19
  </rating>
  <reviews>
   853341
  </reviews>
  <new>
   +
  </new>
  <exclusive>
   yes
  </exclusive>
  <sporty>
   no
  </sporty>
 </clothing>
 <clothing>
  <id>
   473260739
  </id>
  <name>
   Under Armour Blouse M-1810
  </name>
  <category>
   Blouse
  </category>
  <size>
   S
  </size>
  <color>
   Голубой
  </color>
  <material>
   Полиэстер
  </material>
  <price>
   899586
  </price>
  <rating>
   4.32
  </rating>
  <reviews>
   520421
  </reviews>
  <exclusive>
   no
  </exclusive>
 </clothing>
 <clothing>
  <id>
   192240529
  </id>
  <name>
   New Balance Gloves B-9101
  </name>
  <category>
   Gloves
  </category>
  <size>
   L
  </size>
  <color>
   Красный
  </color>
  <material>
   Вискоза
  </material>
  <price>
   731910
  </price>
  <rating>
   1.51
  </rating>
  <reviews>
   260375
  </reviews>
  <new>
   +
  </new>
  <exclusive>
   yes
  </exclusive>
  <sporty>
   no
  </sporty>
 </clothing>
 <clothing>
  <id>
   205431346
  </id>
  <name>
   Vans Hat G-6958
  </name>
  <category>
   Hat
  </category>
  <size>
   S
  </size>
  <color>
   Зеленый
  </color>
  <material>
   Хлопок
  </material>
  <price>
   528707
  </price>
  <rating>
   2.94
  </rating>
  <reviews>
   434820
  </reviews>
  <sporty>
   yes
  </sporty>
 </clothing>
 <clothing>
  <id>
   392884760
  </id>
  <name>
   Vans Skirt L-7822
  </name>
  <category>
   Skirt
  </category>
  <size>
   S
  </size>
  <color>
   Оранжевый
  </color>
  <material>
   Кожа
  </material>
  <price>
   317531
  </price>
  <rating>
   2.41
  </rating>
  <reviews>
   702898
  </reviews>
  <new>
   -
  </new>
  <exclusive>
   no
  </exclusive>
  <sporty>
   yes
  </sporty>
 </clothing>
 <clothing>
  <id>
   725640370
  </id>
  <name>
   Lacoste Sweater Y-3784
  </name>
  <category>
   Sweater
  </category>
  <size>
   XXL
  </size>
  <color>
   Зеленый
  </color>
  <material>
   Кожа
  </material>
  <price>
   386234
  </price>
  <rating>
   3.87
  </rating>
  <reviews>
   66953
  </reviews>
  <new>
   -
  </new>
  <exclusive>
   no
  </exclusive>
  <sporty>
   yes
  </sporty>
 </clothing>
 <clothing>
  <id>
   223120926
  </id>
  <name>
   PleinSport Umbrellas R-5479
  </name>
  <category>
   Umbrellas
  </category>
  <size>
   XXL
  </size>
  <color>
   Оранжевый
  </color>
  <material>
   Нейлон
  </material>
  <price>
   566227
  </price>
  <rating>
   2.51
  </rating>
  <reviews>
   80183
  </reviews>
  <new>
   +
  </new>
 </clothing>
 <clothing>
  <id>
   551587229
  </id>
  <name>
   PleinSport Sweater J-9642
  </name>
  <category>
   Sweater
  </category>
  <size>
   XXL
  </size>
  <color>
   Желтый
  </color>
  <material>
   Хлопок
  </material>
  <price>
   250088
  </price>
  <rating>
   3.84
  </rating>
  <reviews>
   432451
  </reviews>
 </clothing>
 <clothing>
  <id>
   802058502
  </id>
  <name>
   Reebok Jacket Q-3122
  </name>
  <category>
   Jacket
  </category>
  <size>
   L
  </size>
  <color>
   Красный
  </color>
  <material>
   Хлопок
  </material>
  <price>
   835843
  </price>
  <rating>
   3.38
  </rating>
  <reviews>
   686945
  </reviews>
  <new>
   -
  </new>
  <exclusive>
   yes
  </exclusive>
 </clothing>
 <clothing>
  <id>
   347526638
  </id>
  <name>
   Asics Handbags Y-1963
  </name>
  <category>
   Handbags
  </category>
  <size>
   M
  </size>
  <color>
   Зеленый
  </color>
  <material>
   Нейлон
  </material>
  <price>
   237532
  </price>
  <rating>
   2.84
  </rating>
  <reviews>
   208106
  </reviews>
  <new>
   +
  </new>
 </clothing>
 <clothing>
  <id>
   301408270
  </id>
  <name>
   Vans Shirt S-6326
  </name>
  <category>
   Shirt
  </category>
  <size>
   S
  </size>
  <color>
   Голубой
  </color>
  <material>
   Шелк
  </material>
  <price>
   906867
  </price>
  <rating>
   3.16
  </rating>
  <reviews>
   267445
  </reviews>
  <new>
   -
  </new>
 </clothing>
</clothing-items>
