<?xml version="1.0" encoding="utf-8"?>
<clothing-items>
 <clothing>
  <id>
   962297982
  </id>
  <name>
   Addidas Gloves E-7693
  </name>
  <category>
   Gloves
  </category>
  <size>
   XXL
  </size>
  <color>
   Оранжевый
  </color>
  <material>
   Нейлон
  </material>
  <price>
   161298
  </price>
  <rating>
   2.03
  </rating>
  <reviews>
   845178
  </reviews>
  <new>
   -
  </new>
 </clothing>
 <clothing>
  <id>
   462258275
  </id>
  <name>
   Converse Gloves D-5773
  </name>
  <category>
   Gloves
  </category>
  <size>
   M
  </size>
  <color>
   Оранжевый
  </color>
  <material>
   Шерсть
  </material>
  <price>
   624789
  </price>
  <rating>
   1.47
  </rating>
  <reviews>
   935173
  </reviews>
  <new>
   +
  </new>
  <sporty>
   no
  </sporty>
 </clothing>
 <clothing>
  <id>
   655313630
  </id>
  <name>
   Adidas Shirt U-5834
  </name>
  <category>
   Shirt
  </category>
  <size>
   S
  </size>
  <color>
   Зеленый
  </color>
  <material>
   Вискоза
  </material>
  <price>
   128939
  </price>
  <rating>
   3.11
  </rating>
  <reviews>
   279593
  </reviews>
  <sporty>
   no
  </sporty>
 </clothing>
 <clothing>
  <id>
   636991412
  </id>
  <name>
   Ellesse Sweater S-2290
  </name>
  <category>
   Sweater
  </category>
  <size>
   S
  </size>
  <color>
   Фиолетовый
  </color>
  <material>
   Вискоза
  </material>
  <price>
   533482
  </price>
  <rating>
   3.27
  </rating>
  <reviews>
   973419
  </reviews>
  <new>
   +
  </new>
  <exclusive>
   yes
  </exclusive>
  <sporty>
   no
  </sporty>
 </clothing>
 <clothing>
  <id>
   984372154
  </id>
  <name>
   Under Armour Belts S-7508
  </name>
  <category>
   Belts
  </category>
  <size>
   L
  </size>
  <color>
   Красный
  </color>
  <material>
   Хлопок
  </material>
  <price>
   563214
  </price>
  <rating>
   1.27
  </rating>
  <reviews>
   400717
  </reviews>
  <sporty>
   no
  </sporty>
 </clothing>
 <clothing>
  <id>
   844138862
  </id>
  <name>
   Reebok Belts N-9277
  </name>
  <category>
   Belts
  </category>
  <size>
   M
  </size>
  <color>
   Фиолетовый
  </color>
  <material>
   Полиэстер
  </material>
  <price>
   491257
  </price>
  <rating>
   3.8
  </rating>
  <reviews>
   769306
  </reviews>
  <new>
   +
  </new>
  <sporty>
   no
  </sporty>
 </clothing>
 <clothing>
  <id>
   247011807
  </id>
  <name>
   Ellesse Hat Z-8735
  </name>
  <category>
   Hat
  </category>
  <size>
   S
  </size>
  <color>
   Оранжевый
  </color>
  <material>
   Нейлон
  </material>
  <price>
   556567
  </price>
  <rating>
   3.15
  </rating>
  <reviews>
   755449
  </reviews>
  <new>
   -
  </new>
  <sporty>
   no
  </sporty>
 </clothing>
 <clothing>
  <id>
   357603260
  </id>
  <name>
   Asics Skirt B-5967
  </name>
  <category>
   Skirt
  </category>
  <size>
   M
  </size>
  <color>
   Фиолетовый
  </color>
  <material>
   Полиэстер
  </material>
  <price>
   907354
  </price>
  <rating>
   2.66
  </rating>
  <reviews>
   855256
  </reviews>
  <new>
   +
  </new>
  <exclusive>
   no
  </exclusive>
 </clothing>
 <clothing>
  <id>
   899618956
  </id>
  <name>
   Under Armour Handbags L-5204
  </name>
  <category>
   Handbags
  </category>
  <size>
   M
  </size>
  <color>
   Синий
  </color>
  <material>
   Лен
  </material>
  <price>
   768843
  </price>
  <rating>
   3.42
  </rating>
  <reviews>
   286049
  </reviews>
  <exclusive>
   yes
  </exclusive>
 </clothing>
 <clothing>
  <id>
   729740912
  </id>
  <name>
   Fila Dress D-2682
  </name>
  <category>
   Dress
  </category>
  <size>
   XXL
  </size>
  <color>
   Оранжевый
  </color>
  <material>
   Шерсть
  </material>
  <price>
   941033
  </price>
  <rating>
   2.79
  </rating>
  <reviews>
   476777
  </reviews>
  <new>
   -
  </new>
 </clothing>
 <clothing>
  <id>
   793270958
  </id>
  <name>
   PleinSport Skirt K-1151
  </name>
  <category>
   Skirt
  </category>
  <size>
   L
  </size>
  <color>
   Голубой
  </color>
  <material>
   Шерсть
  </material>
  <price>
   232177
  </price>
  <rating>
   3.12
  </rating>
  <reviews>
   949513
  </reviews>
  <exclusive>
   no
  </exclusive>
  <sporty>
   no
  </sporty>
 </clothing>
 <clothing>
  <id>
   850290587
  </id>
  <name>
   Ellesse Hat C-5856
  </name>
  <category>
   Hat
  </category>
  <size>
   L
  </size>
  <color>
   Зеленый
  </color>
  <material>
   Кожа
  </material>
  <price>
   173090
  </price>
  <rating>
   3.7
  </rating>
  <reviews>
   435300
  </reviews>
  <new>
   -
  </new>
  <sporty>
   no
  </sporty>
 </clothing>
 <clothing>
  <id>
   160203947
  </id>
  <name>
   Fila Skirt Z-3045
  </name>
  <category>
   Skirt
  </category>
  <size>
   S
  </size>
  <color>
   Красный
  </color>
  <material>
   Шерсть
  </material>
  <price>
   237318
  </price>
  <rating>
   3.97
  </rating>
  <reviews>
   51255
  </reviews>
  <new>
   -
  </new>
  <sporty>
   no
  </sporty>
 </clothing>
 <clothing>
  <id>
   947258563
  </id>
  <name>
   Fila Sweater E-4621
  </name>
  <category>
   Sweater
  </category>
  <size>
   XXL
  </size>
  <color>
   Красный
  </color>
  <material>
   Лен
  </material>
  <price>
   808026
  </price>
  <rating>
   1.43
  </rating>
  <reviews>
   285207
  </reviews>
  <new>
   -
  </new>
  <sporty>
   yes
  </sporty>
 </clothing>
 <clothing>
  <id>
   526717504
  </id>
  <name>
   Ellesse Dress W-1625
  </name>
  <category>
   Dress
  </category>
  <size>
   S
  </size>
  <color>
   Фиолетовый
  </color>
  <material>
   Вискоза
  </material>
  <price>
   366365
  </price>
  <rating>
   1.61
  </rating>
  <reviews>
   905513
  </reviews>
  <new>
   +
  </new>
  <exclusive>
   no
  </exclusive>
 </clothing>
 <clothing>
  <id>
   148846891
  </id>
  <name>
   Ellesse T-shirt N-4720
  </name>
  <category>
   T-shirt
  </category>
  <size>
   L
  </size>
  <color>
   Красный
  </color>
  <material>
   Полиэстер
  </material>
  <price>
   836170
  </price>
  <rating>
   4.85
  </rating>
  <reviews>
   960427
  </reviews>
  <exclusive>
   no
  </exclusive>
  <sporty>
   yes
  </sporty>
 </clothing>
 <clothing>
  <id>
   537720527
  </id>
  <name>
   Reebok T-shirt W-9757
  </name>
  <category>
   T-shirt
  </category>
  <size>
   M
  </size>
  <color>
   Красный
  </color>
  <material>
   Шелк
  </material>
  <price>
   499323
  </price>
  <rating>
   3.77
  </rating>
  <reviews>
   960545
  </reviews>
  <sporty>
   no
  </sporty>
 </clothing>
 <clothing>
  <id>
   414648034
  </id>
  <name>
   Puma Handbags L-9265
  </name>
  <category>
   Handbags
  </category>
  <size>
   XL
  </size>
  <color>
   Фиолетовый
  </color>
  <material>
   Шелк
  </material>
  <price>
   597349
  </price>
  <rating>
   1.14
  </rating>
  <reviews>
   981714
  </reviews>
  <new>
   +
  </new>
  <sporty>
   no
  </sporty>
 </clothing>
 <clothing>
  <id>
   489273704
  </id>
  <name>
   Adidas Handbags A-9770
  </name>
  <category>
   Handbags
  </category>
  <size>
   M
  </size>
  <color>
   Красный
  </color>
  <material>
   Кожа
  </material>
  <price>
   718085
  </price>
  <rating>
   2.16
  </rating>
  <reviews>
   214999
  </reviews>
 </clothing>
 <clothing>
  <id>
   508193172
  </id>
  <name>
   Reebok Gloves T-4743
  </name>
  <category>
   Gloves
  </category>
  <size>
   S
  </size>
  <color>
   Фиолетовый
  </color>
  <material>
   Кожа
  </material>
  <price>
   131077
  </price>
  <rating>
   3.31
  </rating>
  <reviews>
   975465
  </reviews>
  <new>
   +
  </new>
 </clothing>
 <clothing>
  <id>
   630299967
  </id>
  <name>
   Ellesse Hat Q-6385
  </name>
  <category>
   Hat
  </category>
  <size>
   S
  </size>
  <color>
   Голубой
  </color>
  <material>
   Лен
  </material>
  <price>
   245244
  </price>
  <rating>
   2.05
  </rating>
  <reviews>
   815056
  </reviews>
 </clothing>
 <clothing>
  <id>
   996380516
  </id>
  <name>
   Brooks Dress S-5637
  </name>
  <category>
   Dress
  </category>
  <size>
   XXL
  </size>
  <color>
   Голубой
  </color>
  <material>
   Нейлон
  </material>
  <price>
   890953
  </price>
  <rating>
   2.5
  </rating>
  <reviews>
   329580
  </reviews>
  <sporty>
   no
  </sporty>
 </clothing>
 <clothing>
  <id>
   922202045
  </id>
  <name>
   Reebok Hat Y-3024
  </name>
  <category>
   Hat
  </category>
  <size>
   L
  </size>
  <color>
   Красный
  </color>
  <material>
   Нейлон
  </material>
  <price>
   991719
  </price>
  <rating>
   1.54
  </rating>
  <reviews>
   683155
  </reviews>
  <new>
   -
  </new>
  <exclusive>
   yes
  </exclusive>
  <sporty>
   no
  </sporty>
 </clothing>
 <clothing>
  <id>
   302490207
  </id>
  <name>
   Fila Blouse K-4882
  </name>
  <category>
   Blouse
  </category>
  <size>
   S
  </size>
  <color>
   Оранжевый
  </color>
  <material>
   Шелк
  </material>
  <price>
   716314
  </price>
  <rating>
   2.62
  </rating>
  <reviews>
   678842
  </reviews>
  <new>
   -
  </new>
  <exclusive>
   no
  </exclusive>
 </clothing>
 <clothing>
  <id>
   260343458
  </id>
  <name>
   DC Sweater L-7226
  </name>
  <category>
   Sweater
  </category>
  <size>
   M
  </size>
  <color>
   Фиолетовый
  </color>
  <material>
   Вискоза
  </material>
  <price>
   609814
  </price>
  <rating>
   1.65
  </rating>
  <reviews>
   995409
  </reviews>
  <new>
   -
  </new>
  <sporty>
   no
  </sporty>
 </clothing>
 <clothing>
  <id>
   387267159
  </id>
  <name>
   Puma Pants F-3616
  </name>
  <category>
   Pants
  </category>
  <size>
   XL
  </size>
  <color>
   Зеленый
  </color>
  <material>
   Нейлон
  </material>
  <price>
   152580
  </price>
  <rating>
   2.73
  </rating>
  <reviews>
   124696
  </reviews>
  <new>
   -
  </new>
 </clothing>
 <clothing>
  <id>
   502444186
  </id>
  <name>
   PleinSport Hat S-1650
  </name>
  <category>
   Hat
  </category>
  <size>
   XL
  </size>
  <color>
   Голубой
  </color>
  <material>
   Вискоза
  </material>
  <price>
   423152
  </price>
  <rating>
   1.17
  </rating>
  <reviews>
   636950
  </reviews>
  <new>
   -
  </new>
  <exclusive>
   no
  </exclusive>
  <sporty>
   yes
  </sporty>
 </clothing>
 <clothing>
  <id>
   843543128
  </id>
  <name>
   DC Shoes Q-5250
  </name>
  <category>
   Shoes
  </category>
  <size>
   M
  </size>
  <color>
   Оранжевый
  </color>
  <material>
   Хлопок
  </material>
  <price>
   222791
  </price>
  <rating>
   1.13
  </rating>
  <reviews>
   506987
  </reviews>
  <sporty>
   no
  </sporty>
 </clothing>
</clothing-items>
