<?xml version="1.0" encoding="utf-8"?>
<clothing-items>
 <clothing>
  <id>
   493188359
  </id>
  <name>
   Puma Belts U-8256
  </name>
  <category>
   Belts
  </category>
  <size>
   L
  </size>
  <color>
   Фиолетовый
  </color>
  <material>
   Хлопок
  </material>
  <price>
   191307
  </price>
  <rating>
   4.48
  </rating>
  <reviews>
   51018
  </reviews>
  <exclusive>
   no
  </exclusive>
  <sporty>
   no
  </sporty>
 </clothing>
 <clothing>
  <id>
   619091047
  </id>
  <name>
   New Balance Gloves S-4640
  </name>
  <category>
   Gloves
  </category>
  <size>
   XL
  </size>
  <color>
   Желтый
  </color>
  <material>
   Полиэстер
  </material>
  <price>
   699149
  </price>
  <rating>
   4.77
  </rating>
  <reviews>
   183630
  </reviews>
  <new>
   -
  </new>
  <exclusive>
   yes
  </exclusive>
  <sporty>
   no
  </sporty>
 </clothing>
 <clothing>
  <id>
   197805252
  </id>
  <name>
   PleinSport Jacket D-7246
  </name>
  <category>
   Jacket
  </category>
  <size>
   L
  </size>
  <color>
   Красный
  </color>
  <material>
   Кожа
  </material>
  <price>
   662762
  </price>
  <rating>
   2.42
  </rating>
  <reviews>
   664063
  </reviews>
  <new>
   +
  </new>
  <exclusive>
   no
  </exclusive>
  <sporty>
   yes
  </sporty>
 </clothing>
 <clothing>
  <id>
   580217830
  </id>
  <name>
   New Balance Shirt W-9409
  </name>
  <category>
   Shirt
  </category>
  <size>
   XXL
  </size>
  <color>
   Желтый
  </color>
  <material>
   Хлопок
  </material>
  <price>
   508228
  </price>
  <rating>
   2.5
  </rating>
  <reviews>
   445099
  </reviews>
  <exclusive>
   no
  </exclusive>
  <sporty>
   no
  </sporty>
 </clothing>
 <clothing>
  <id>
   155597961
  </id>
  <name>
   Puma Skirt I-5009
  </name>
  <category>
   Skirt
  </category>
  <size>
   S
  </size>
  <color>
   Желтый
  </color>
  <material>
   Нейлон
  </material>
  <price>
   842429
  </price>
  <rating>
   4.28
  </rating>
  <reviews>
   588585
  </reviews>
  <exclusive>
   no
  </exclusive>
  <sporty>
   no
  </sporty>
 </clothing>
 <clothing>
  <id>
   666839521
  </id>
  <name>
   DC Shirt I-7151
  </name>
  <category>
   Shirt
  </category>
  <size>
   XXL
  </size>
  <color>
   Желтый
  </color>
  <material>
   Нейлон
  </material>
  <price>
   433082
  </price>
  <rating>
   2.68
  </rating>
  <reviews>
   159796
  </reviews>
  <new>
   +
  </new>
  <exclusive>
   no
  </exclusive>
  <sporty>
   no
  </sporty>
 </clothing>
 <clothing>
  <id>
   657107579
  </id>
  <name>
   Ellesse Pants D-3175
  </name>
  <category>
   Pants
  </category>
  <size>
   XXL
  </size>
  <color>
   Синий
  </color>
  <material>
   Нейлон
  </material>
  <price>
   515359
  </price>
  <rating>
   3.85
  </rating>
  <reviews>
   331825
  </reviews>
  <new>
   -
  </new>
  <sporty>
   no
  </sporty>
 </clothing>
 <clothing>
  <id>
   507007422
  </id>
  <name>
   Converse T-shirt H-1903
  </name>
  <category>
   T-shirt
  </category>
  <size>
   L
  </size>
  <color>
   Оранжевый
  </color>
  <material>
   Хлопок
  </material>
  <price>
   956494
  </price>
  <rating>
   2.43
  </rating>
  <reviews>
   636682
  </reviews>
  <new>
   +
  </new>
 </clothing>
 <clothing>
  <id>
   570745878
  </id>
  <name>
   Nike Jeans M-7331
  </name>
  <category>
   Jeans
  </category>
  <size>
   S
  </size>
  <color>
   Желтый
  </color>
  <material>
   Лен
  </material>
  <price>
   115486
  </price>
  <rating>
   2.7
  </rating>
  <reviews>
   935243
  </reviews>
  <exclusive>
   no
  </exclusive>
  <sporty>
   yes
  </sporty>
 </clothing>
 <clothing>
  <id>
   192700872
  </id>
  <name>
   Lacoste Umbrellas X-2029
  </name>
  <category>
   Umbrellas
  </category>
  <size>
   M
  </size>
  <color>
   Синий
  </color>
  <material>
   Нейлон
  </material>
  <price>
   151702
  </price>
  <rating>
   2.7
  </rating>
  <reviews>
   984506
  </reviews>
  <new>
   -
  </new>
  <exclusive>
   no
  </exclusive>
  <sporty>
   yes
  </sporty>
 </clothing>
 <clothing>
  <id>
   126898171
  </id>
  <name>
   DC Pants F-1725
  </name>
  <category>
   Pants
  </category>
  <size>
   M
  </size>
  <color>
   Зеленый
  </color>
  <material>
   Кожа
  </material>
  <price>
   734722
  </price>
  <rating>
   4.21
  </rating>
  <reviews>
   640417
  </reviews>
  <sporty>
   yes
  </sporty>
 </clothing>
 <clothing>
  <id>
   188469671
  </id>
  <name>
   New Balance Pants L-2137
  </name>
  <category>
   Pants
  </category>
  <size>
   M
  </size>
  <color>
   Красный
  </color>
  <material>
   Полиэстер
  </material>
  <price>
   816393
  </price>
  <rating>
   3.06
  </rating>
  <reviews>
   533090
  </reviews>
  <sporty>
   no
  </sporty>
 </clothing>
 <clothing>
  <id>
   999845299
  </id>
  <name>
   Fila Jeans X-1075
  </name>
  <category>
   Jeans
  </category>
  <size>
   XXL
  </size>
  <color>
   Зеленый
  </color>
  <material>
   Нейлон
  </material>
  <price>
   914159
  </price>
  <rating>
   4.25
  </rating>
  <reviews>
   589826
  </reviews>
  <new>
   -
  </new>
  <exclusive>
   yes
  </exclusive>
  <sporty>
   no
  </sporty>
 </clothing>
 <clothing>
  <id>
   466366984
  </id>
  <name>
   Under Armour Blouse P-2587
  </name>
  <category>
   Blouse
  </category>
  <size>
   XXL
  </size>
  <color>
   Голубой
  </color>
  <material>
   Полиэстер
  </material>
  <price>
   947625
  </price>
  <rating>
   4.81
  </rating>
  <reviews>
   885752
  </reviews>
  <new>
   -
  </new>
  <exclusive>
   no
  </exclusive>
  <sporty>
   no
  </sporty>
 </clothing>
 <clothing>
  <id>
   557146659
  </id>
  <name>
   Puma Blouse U-8047
  </name>
  <category>
   Blouse
  </category>
  <size>
   XXL
  </size>
  <color>
   Зеленый
  </color>
  <material>
   Нейлон
  </material>
  <price>
   938147
  </price>
  <rating>
   2.93
  </rating>
  <reviews>
   589929
  </reviews>
  <sporty>
   yes
  </sporty>
 </clothing>
 <clothing>
  <id>
   481719192
  </id>
  <name>
   Adidas Shirt Q-2743
  </name>
  <category>
   Shirt
  </category>
  <size>
   M
  </size>
  <color>
   Фиолетовый
  </color>
  <material>
   Кожа
  </material>
  <price>
   714164
  </price>
  <rating>
   1.72
  </rating>
  <reviews>
   426373
  </reviews>
  <new>
   -
  </new>
  <exclusive>
   no
  </exclusive>
 </clothing>
 <clothing>
  <id>
   801721958
  </id>
  <name>
   Converse Socks Y-4231
  </name>
  <category>
   Socks
  </category>
  <size>
   L
  </size>
  <color>
   Желтый
  </color>
  <material>
   Шерсть
  </material>
  <price>
   539683
  </price>
  <rating>
   1.47
  </rating>
  <reviews>
   751418
  </reviews>
  <new>
   +
  </new>
  <exclusive>
   no
  </exclusive>
 </clothing>
 <clothing>
  <id>
   211203722
  </id>
  <name>
   Ellesse Pants C-3364
  </name>
  <category>
   Pants
  </category>
  <size>
   L
  </size>
  <color>
   Синий
  </color>
  <material>
   Шерсть
  </material>
  <price>
   713669
  </price>
  <rating>
   3.37
  </rating>
  <reviews>
   257530
  </reviews>
  <new>
   +
  </new>
 </clothing>
 <clothing>
  <id>
   873385198
  </id>
  <name>
   Reebok Jacket C-7360
  </name>
  <category>
   Jacket
  </category>
  <size>
   L
  </size>
  <color>
   Оранжевый
  </color>
  <material>
   Шерсть
  </material>
  <price>
   317408
  </price>
  <rating>
   3.89
  </rating>
  <reviews>
   712350
  </reviews>
  <exclusive>
   yes
  </exclusive>
  <sporty>
   no
  </sporty>
 </clothing>
 <clothing>
  <id>
   877410274
  </id>
  <name>
   Adidas Blouse B-9551
  </name>
  <category>
   Blouse
  </category>
  <size>
   S
  </size>
  <color>
   Оранжевый
  </color>
  <material>
   Хлопок
  </material>
  <price>
   756387
  </price>
  <rating>
   2.97
  </rating>
  <reviews>
   542999
  </reviews>
  <new>
   -
  </new>
  <exclusive>
   yes
  </exclusive>
  <sporty>
   no
  </sporty>
 </clothing>
 <clothing>
  <id>
   805460882
  </id>
  <name>
   Puma Blouse C-3317
  </name>
  <category>
   Blouse
  </category>
  <size>
   XXL
  </size>
  <color>
   Синий
  </color>
  <material>
   Кожа
  </material>
  <price>
   789667
  </price>
  <rating>
   3.68
  </rating>
  <reviews>
   428972
  </reviews>
  <new>
   -
  </new>
  <sporty>
   yes
  </sporty>
 </clothing>
 <clothing>
  <id>
   552528370
  </id>
  <name>
   DC Jeans E-9215
  </name>
  <category>
   Jeans
  </category>
  <size>
   XL
  </size>
  <color>
   Голубой
  </color>
  <material>
   Кожа
  </material>
  <price>
   821877
  </price>
  <rating>
   4.37
  </rating>
  <reviews>
   234278
  </reviews>
  <sporty>
   no
  </sporty>
 </clothing>
 <clothing>
  <id>
   926316385
  </id>
  <name>
   Reebok Dress E-2593
  </name>
  <category>
   Dress
  </category>
  <size>
   S
  </size>
  <color>
   Красный
  </color>
  <material>
   Нейлон
  </material>
  <price>
   395136
  </price>
  <rating>
   3.86
  </rating>
  <reviews>
   944357
  </reviews>
 </clothing>
 <clothing>
  <id>
   540896602
  </id>
  <name>
   New Balance Shirt F-5344
  </name>
  <category>
   Shirt
  </category>
  <size>
   M
  </size>
  <color>
   Желтый
  </color>
  <material>
   Полиэстер
  </material>
  <price>
   838742
  </price>
  <rating>
   2.5
  </rating>
  <reviews>
   484808
  </reviews>
  <new>
   -
  </new>
  <exclusive>
   no
  </exclusive>
 </clothing>
 <clothing>
  <id>
   867368924
  </id>
  <name>
   Under Armour T-shirt M-4455
  </name>
  <category>
   T-shirt
  </category>
  <size>
   L
  </size>
  <color>
   Синий
  </color>
  <material>
   Нейлон
  </material>
  <price>
   548864
  </price>
  <rating>
   3.2
  </rating>
  <reviews>
   2076
  </reviews>
  <exclusive>
   yes
  </exclusive>
  <sporty>
   no
  </sporty>
 </clothing>
 <clothing>
  <id>
   465797352
  </id>
  <name>
   Addidas Socks A-7878
  </name>
  <category>
   Socks
  </category>
  <size>
   XXL
  </size>
  <color>
   Желтый
  </color>
  <material>
   Кожа
  </material>
  <price>
   612153
  </price>
  <rating>
   2.65
  </rating>
  <reviews>
   516501
  </reviews>
  <new>
   -
  </new>
  <exclusive>
   yes
  </exclusive>
  <sporty>
   yes
  </sporty>
 </clothing>
 <clothing>
  <id>
   520524118
  </id>
  <name>
   New Balance Blouse B-7897
  </name>
  <category>
   Blouse
  </category>
  <size>
   L
  </size>
  <color>
   Оранжевый
  </color>
  <material>
   Полиэстер
  </material>
  <price>
   982875
  </price>
  <rating>
   2.41
  </rating>
  <reviews>
   540004
  </reviews>
  <new>
   -
  </new>
  <exclusive>
   no
  </exclusive>
  <sporty>
   yes
  </sporty>
 </clothing>
 <clothing>
  <id>
   293293188
  </id>
  <name>
   Vans Shirt G-8842
  </name>
  <category>
   Shirt
  </category>
  <size>
   L
  </size>
  <color>
   Оранжевый
  </color>
  <material>
   Кожа
  </material>
  <price>
   301179
  </price>
  <rating>
   2.52
  </rating>
  <reviews>
   568380
  </reviews>
  <exclusive>
   no
  </exclusive>
  <sporty>
   no
  </sporty>
 </clothing>
 <clothing>
  <id>
   829106103
  </id>
  <name>
   Brooks Gloves O-6482
  </name>
  <category>
   Gloves
  </category>
  <size>
   XXL
  </size>
  <color>
   Оранжевый
  </color>
  <material>
   Шелк
  </material>
  <price>
   257526
  </price>
  <rating>
   2.04
  </rating>
  <reviews>
   73002
  </reviews>
  <new>
   +
  </new>
  <exclusive>
   yes
  </exclusive>
 </clothing>
 <clothing>
  <id>
   221324068
  </id>
  <name>
   Puma Gloves V-2127
  </name>
  <category>
   Gloves
  </category>
  <size>
   XL
  </size>
  <color>
   Оранжевый
  </color>
  <material>
   Вискоза
  </material>
  <price>
   521010
  </price>
  <rating>
   2.13
  </rating>
  <reviews>
   448409
  </reviews>
  <exclusive>
   no
  </exclusive>
  <sporty>
   no
  </sporty>
 </clothing>
 <clothing>
  <id>
   720830933
  </id>
  <name>
   New Balance Belts D-9978
  </name>
  <category>
   Belts
  </category>
  <size>
   XL
  </size>
  <color>
   Зеленый
  </color>
  <material>
   Хлопок
  </material>
  <price>
   439392
  </price>
  <rating>
   2.43
  </rating>
  <reviews>
   773285
  </reviews>
 </clothing>
 <clothing>
  <id>
   729975621
  </id>
  <name>
   Nike Skirt N-7720
  </name>
  <category>
   Skirt
  </category>
  <size>
   L
  </size>
  <color>
   Желтый
  </color>
  <material>
   Кожа
  </material>
  <price>
   675066
  </price>
  <rating>
   3.31
  </rating>
  <reviews>
   366930
  </reviews>
  <new>
   -
  </new>
  <exclusive>
   no
  </exclusive>
 </clothing>
 <clothing>
  <id>
   726280100
  </id>
  <name>
   Adidas Handbags R-8465
  </name>
  <category>
   Handbags
  </category>
  <size>
   M
  </size>
  <color>
   Желтый
  </color>
  <material>
   Лен
  </material>
  <price>
   465089
  </price>
  <rating>
   4.26
  </rating>
  <reviews>
   3425
  </reviews>
  <sporty>
   no
  </sporty>
 </clothing>
 <clothing>
  <id>
   879669237
  </id>
  <name>
   Asics Hat K-5218
  </name>
  <category>
   Hat
  </category>
  <size>
   S
  </size>
  <color>
   Голубой
  </color>
  <material>
   Шерсть
  </material>
  <price>
   777718
  </price>
  <rating>
   1.39
  </rating>
  <reviews>
   838943
  </reviews>
  <sporty>
   no
  </sporty>
 </clothing>
 <clothing>
  <id>
   939080387
  </id>
  <name>
   Nike Jacket I-4576
  </name>
  <category>
   Jacket
  </category>
  <size>
   L
  </size>
  <color>
   Синий
  </color>
  <material>
   Вискоза
  </material>
  <price>
   927724
  </price>
  <rating>
   2.91
  </rating>
  <reviews>
   304438
  </reviews>
  <sporty>
   no
  </sporty>
 </clothing>
 <clothing>
  <id>
   823473744
  </id>
  <name>
   Addidas Pants G-5498
  </name>
  <category>
   Pants
  </category>
  <size>
   L
  </size>
  <color>
   Красный
  </color>
  <material>
   Шерсть
  </material>
  <price>
   897000
  </price>
  <rating>
   4.99
  </rating>
  <reviews>
   509032
  </reviews>
  <new>
   -
  </new>
  <sporty>
   yes
  </sporty>
 </clothing>
 <clothing>
  <id>
   461219187
  </id>
  <name>
   Fila Blouse O-7549
  </name>
  <category>
   Blouse
  </category>
  <size>
   S
  </size>
  <color>
   Оранжевый
  </color>
  <material>
   Шелк
  </material>
  <price>
   276330
  </price>
  <rating>
   2.8
  </rating>
  <reviews>
   136076
  </reviews>
 </clothing>
 <clothing>
  <id>
   423469069
  </id>
  <name>
   Nike Jeans I-3781
  </name>
  <category>
   Jeans
  </category>
  <size>
   M
  </size>
  <color>
   Красный
  </color>
  <material>
   Лен
  </material>
  <price>
   242446
  </price>
  <rating>
   1.76
  </rating>
  <reviews>
   937338
  </reviews>
  <new>
   +
  </new>
  <exclusive>
   no
  </exclusive>
  <sporty>
   no
  </sporty>
 </clothing>
 <clothing>
  <id>
   806085622
  </id>
  <name>
   Vans Skirt H-1062
  </name>
  <category>
   Skirt
  </category>
  <size>
   M
  </size>
  <color>
   Синий
  </color>
  <material>
   Шерсть
  </material>
  <price>
   414064
  </price>
  <rating>
   4.51
  </rating>
  <reviews>
   375813
  </reviews>
  <new>
   +
  </new>
  <exclusive>
   yes
  </exclusive>
 </clothing>
 <clothing>
  <id>
   282352327
  </id>
  <name>
   Brooks Hat U-7793
  </name>
  <category>
   Hat
  </category>
  <size>
   M
  </size>
  <color>
   Зеленый
  </color>
  <material>
   Нейлон
  </material>
  <price>
   800626
  </price>
  <rating>
   1.71
  </rating>
  <reviews>
   76359
  </reviews>
  <exclusive>
   no
  </exclusive>
  <sporty>
   yes
  </sporty>
 </clothing>
 <clothing>
  <id>
   980720127
  </id>
  <name>
   Brooks Dress W-1483
  </name>
  <category>
   Dress
  </category>
  <size>
   XL
  </size>
  <color>
   Голубой
  </color>
  <material>
   Хлопок
  </material>
  <price>
   661112
  </price>
  <rating>
   1.56
  </rating>
  <reviews>
   568691
  </reviews>
  <new>
   +
  </new>
  <exclusive>
   yes
  </exclusive>
 </clothing>
 <clothing>
  <id>
   198421229
  </id>
  <name>
   Puma Shoes I-4453
  </name>
  <category>
   Shoes
  </category>
  <size>
   L
  </size>
  <color>
   Синий
  </color>
  <material>
   Лен
  </material>
  <price>
   321152
  </price>
  <rating>
   1.96
  </rating>
  <reviews>
   666829
  </reviews>
  <new>
   -
  </new>
  <sporty>
   yes
  </sporty>
 </clothing>
 <clothing>
  <id>
   284917994
  </id>
  <name>
   Reebok Umbrellas G-2052
  </name>
  <category>
   Umbrellas
  </category>
  <size>
   XXL
  </size>
  <color>
   Желтый
  </color>
  <material>
   Лен
  </material>
  <price>
   392256
  </price>
  <rating>
   2.45
  </rating>
  <reviews>
   148619
  </reviews>
  <new>
   +
  </new>
  <sporty>
   no
  </sporty>
 </clothing>
 <clothing>
  <id>
   836774706
  </id>
  <name>
   Converse Blouse I-3985
  </name>
  <category>
   Blouse
  </category>
  <size>
   S
  </size>
  <color>
   Зеленый
  </color>
  <material>
   Полиэстер
  </material>
  <price>
   785552
  </price>
  <rating>
   4.66
  </rating>
  <reviews>
   769554
  </reviews>
  <new>
   -
  </new>
  <sporty>
   no
  </sporty>
 </clothing>
</clothing-items>
