<?xml version="1.0" encoding="utf-8"?>
<clothing-items>
 <clothing>
  <id>
   980060710
  </id>
  <name>
   Ellesse Shirt S-4178
  </name>
  <category>
   Shirt
  </category>
  <size>
   XL
  </size>
  <color>
   Фиолетовый
  </color>
  <material>
   Хлопок
  </material>
  <price>
   862299
  </price>
  <rating>
   1.46
  </rating>
  <reviews>
   388697
  </reviews>
  <new>
   +
  </new>
  <exclusive>
   no
  </exclusive>
  <sporty>
   no
  </sporty>
 </clothing>
 <clothing>
  <id>
   206783756
  </id>
  <name>
   Nike Pants C-6607
  </name>
  <category>
   Pants
  </category>
  <size>
   S
  </size>
  <color>
   Красный
  </color>
  <material>
   Шерсть
  </material>
  <price>
   420063
  </price>
  <rating>
   1.99
  </rating>
  <reviews>
   45764
  </reviews>
  <new>
   +
  </new>
  <sporty>
   yes
  </sporty>
 </clothing>
 <clothing>
  <id>
   774826181
  </id>
  <name>
   Converse Skirt Y-5526
  </name>
  <category>
   Skirt
  </category>
  <size>
   L
  </size>
  <color>
   Оранжевый
  </color>
  <material>
   Шелк
  </material>
  <price>
   258429
  </price>
  <rating>
   3.49
  </rating>
  <reviews>
   952651
  </reviews>
  <exclusive>
   no
  </exclusive>
 </clothing>
 <clothing>
  <id>
   741514414
  </id>
  <name>
   Reebok Blouse Z-3851
  </name>
  <category>
   Blouse
  </category>
  <size>
   M
  </size>
  <color>
   Оранжевый
  </color>
  <material>
   Нейлон
  </material>
  <price>
   802144
  </price>
  <rating>
   3.09
  </rating>
  <reviews>
   776297
  </reviews>
  <new>
   -
  </new>
  <sporty>
   no
  </sporty>
 </clothing>
 <clothing>
  <id>
   968273254
  </id>
  <name>
   Adidas T-shirt X-5872
  </name>
  <category>
   T-shirt
  </category>
  <size>
   M
  </size>
  <color>
   Оранжевый
  </color>
  <material>
   Кожа
  </material>
  <price>
   514842
  </price>
  <rating>
   2.55
  </rating>
  <reviews>
   842132
  </reviews>
  <new>
   -
  </new>
  <exclusive>
   yes
  </exclusive>
 </clothing>
 <clothing>
  <id>
   539872996
  </id>
  <name>
   Vans Shoes K-6519
  </name>
  <category>
   Shoes
  </category>
  <size>
   M
  </size>
  <color>
   Голубой
  </color>
  <material>
   Нейлон
  </material>
  <price>
   273291
  </price>
  <rating>
   4.99
  </rating>
  <reviews>
   692596
  </reviews>
  <new>
   +
  </new>
  <sporty>
   yes
  </sporty>
 </clothing>
 <clothing>
  <id>
   928559038
  </id>
  <name>
   Puma Dress R-5008
  </name>
  <category>
   Dress
  </category>
  <size>
   XL
  </size>
  <color>
   Синий
  </color>
  <material>
   Шерсть
  </material>
  <price>
   227401
  </price>
  <rating>
   3.11
  </rating>
  <reviews>
   182468
  </reviews>
  <exclusive>
   no
  </exclusive>
 </clothing>
 <clothing>
  <id>
   709097770
  </id>
  <name>
   Adidas Jeans G-4062
  </name>
  <category>
   Jeans
  </category>
  <size>
   XL
  </size>
  <color>
   Зеленый
  </color>
  <material>
   Лен
  </material>
  <price>
   211204
  </price>
  <rating>
   3.99
  </rating>
  <reviews>
   681836
  </reviews>
  <new>
   -
  </new>
  <exclusive>
   yes
  </exclusive>
  <sporty>
   yes
  </sporty>
 </clothing>
 <clothing>
  <id>
   236248554
  </id>
  <name>
   Lacoste Blouse Q-1983
  </name>
  <category>
   Blouse
  </category>
  <size>
   S
  </size>
  <color>
   Зеленый
  </color>
  <material>
   Полиэстер
  </material>
  <price>
   268510
  </price>
  <rating>
   2.86
  </rating>
  <reviews>
   863831
  </reviews>
  <new>
   +
  </new>
  <exclusive>
   no
  </exclusive>
 </clothing>
 <clothing>
  <id>
   335675967
  </id>
  <name>
   Vans Handbags O-1847
  </name>
  <category>
   Handbags
  </category>
  <size>
   L
  </size>
  <color>
   Оранжевый
  </color>
  <material>
   Хлопок
  </material>
  <price>
   224127
  </price>
  <rating>
   3.31
  </rating>
  <reviews>
   63403
  </reviews>
  <exclusive>
   no
  </exclusive>
  <sporty>
   no
  </sporty>
 </clothing>
 <clothing>
  <id>
   909954129
  </id>
  <name>
   Nike Umbrellas V-5551
  </name>
  <category>
   Umbrellas
  </category>
  <size>
   S
  </size>
  <color>
   Красный
  </color>
  <material>
   Лен
  </material>
  <price>
   490565
  </price>
  <rating>
   3.5
  </rating>
  <reviews>
   747056
  </reviews>
  <exclusive>
   no
  </exclusive>
 </clothing>
 <clothing>
  <id>
   818734015
  </id>
  <name>
   Fila Jeans X-1563
  </name>
  <category>
   Jeans
  </category>
  <size>
   XXL
  </size>
  <color>
   Синий
  </color>
  <material>
   Хлопок
  </material>
  <price>
   401678
  </price>
  <rating>
   4.05
  </rating>
  <reviews>
   54523
  </reviews>
  <new>
   +
  </new>
  <exclusive>
   no
  </exclusive>
  <sporty>
   no
  </sporty>
 </clothing>
 <clothing>
  <id>
   829019943
  </id>
  <name>
   Brooks Hat K-4862
  </name>
  <category>
   Hat
  </category>
  <size>
   M
  </size>
  <color>
   Синий
  </color>
  <material>
   Шелк
  </material>
  <price>
   731458
  </price>
  <rating>
   1.85
  </rating>
  <reviews>
   487012
  </reviews>
  <new>
   +
  </new>
  <exclusive>
   no
  </exclusive>
  <sporty>
   yes
  </sporty>
 </clothing>
 <clothing>
  <id>
   800729137
  </id>
  <name>
   Lacoste Jeans W-8012
  </name>
  <category>
   Jeans
  </category>
  <size>
   S
  </size>
  <color>
   Оранжевый
  </color>
  <material>
   Хлопок
  </material>
  <price>
   202285
  </price>
  <rating>
   2.19
  </rating>
  <reviews>
   659200
  </reviews>
  <exclusive>
   yes
  </exclusive>
  <sporty>
   no
  </sporty>
 </clothing>
 <clothing>
  <id>
   261301764
  </id>
  <name>
   Converse Umbrellas J-6720
  </name>
  <category>
   Umbrellas
  </category>
  <size>
   M
  </size>
  <color>
   Синий
  </color>
  <material>
   Шерсть
  </material>
  <price>
   749627
  </price>
  <rating>
   3.63
  </rating>
  <reviews>
   947216
  </reviews>
  <new>
   +
  </new>
  <sporty>
   no
  </sporty>
 </clothing>
 <clothing>
  <id>
   513620039
  </id>
  <name>
   Converse Shoes N-3676
  </name>
  <category>
   Shoes
  </category>
  <size>
   L
  </size>
  <color>
   Фиолетовый
  </color>
  <material>
   Вискоза
  </material>
  <price>
   741375
  </price>
  <rating>
   4.85
  </rating>
  <reviews>
   285647
  </reviews>
  <new>
   -
  </new>
 </clothing>
 <clothing>
  <id>
   592027049
  </id>
  <name>
   PleinSport Umbrellas Q-3690
  </name>
  <category>
   Umbrellas
  </category>
  <size>
   L
  </size>
  <color>
   Фиолетовый
  </color>
  <material>
   Полиэстер
  </material>
  <price>
   676198
  </price>
  <rating>
   1.08
  </rating>
  <reviews>
   575927
  </reviews>
  <new>
   -
  </new>
  <exclusive>
   yes
  </exclusive>
 </clothing>
 <clothing>
  <id>
   413191728
  </id>
  <name>
   Brooks Shoes P-3496
  </name>
  <category>
   Shoes
  </category>
  <size>
   M
  </size>
  <color>
   Красный
  </color>
  <material>
   Вискоза
  </material>
  <price>
   455873
  </price>
  <rating>
   4.92
  </rating>
  <reviews>
   323449
  </reviews>
  <exclusive>
   yes
  </exclusive>
 </clothing>
 <clothing>
  <id>
   587915386
  </id>
  <name>
   Addidas Jacket M-9699
  </name>
  <category>
   Jacket
  </category>
  <size>
   L
  </size>
  <color>
   Фиолетовый
  </color>
  <material>
   Шелк
  </material>
  <price>
   488779
  </price>
  <rating>
   2.44
  </rating>
  <reviews>
   646697
  </reviews>
  <new>
   -
  </new>
  <exclusive>
   no
  </exclusive>
  <sporty>
   yes
  </sporty>
 </clothing>
 <clothing>
  <id>
   231723090
  </id>
  <name>
   Lacoste Pants X-7188
  </name>
  <category>
   Pants
  </category>
  <size>
   M
  </size>
  <color>
   Желтый
  </color>
  <material>
   Вискоза
  </material>
  <price>
   138500
  </price>
  <rating>
   1.41
  </rating>
  <reviews>
   943701
  </reviews>
  <new>
   +
  </new>
  <exclusive>
   yes
  </exclusive>
  <sporty>
   yes
  </sporty>
 </clothing>
 <clothing>
  <id>
   670338255
  </id>
  <name>
   Ellesse Jacket V-2574
  </name>
  <category>
   Jacket
  </category>
  <size>
   S
  </size>
  <color>
   Оранжевый
  </color>
  <material>
   Шерсть
  </material>
  <price>
   342252
  </price>
  <rating>
   1.09
  </rating>
  <reviews>
   362028
  </reviews>
  <new>
   +
  </new>
  <exclusive>
   yes
  </exclusive>
 </clothing>
 <clothing>
  <id>
   373645399
  </id>
  <name>
   Lacoste Dress V-1024
  </name>
  <category>
   Dress
  </category>
  <size>
   M
  </size>
  <color>
   Желтый
  </color>
  <material>
   Хлопок
  </material>
  <price>
   283279
  </price>
  <rating>
   4.9
  </rating>
  <reviews>
   780179
  </reviews>
  <exclusive>
   yes
  </exclusive>
  <sporty>
   no
  </sporty>
 </clothing>
 <clothing>
  <id>
   132878012
  </id>
  <name>
   PleinSport Sweater U-9346
  </name>
  <category>
   Sweater
  </category>
  <size>
   M
  </size>
  <color>
   Оранжевый
  </color>
  <material>
   Кожа
  </material>
  <price>
   665568
  </price>
  <rating>
   2.16
  </rating>
  <reviews>
   848433
  </reviews>
  <exclusive>
   yes
  </exclusive>
  <sporty>
   yes
  </sporty>
 </clothing>
 <clothing>
  <id>
   194467797
  </id>
  <name>
   Adidas Blouse S-9484
  </name>
  <category>
   Blouse
  </category>
  <size>
   XXL
  </size>
  <color>
   Синий
  </color>
  <material>
   Вискоза
  </material>
  <price>
   964083
  </price>
  <rating>
   1.32
  </rating>
  <reviews>
   85156
  </reviews>
  <exclusive>
   yes
  </exclusive>
  <sporty>
   no
  </sporty>
 </clothing>
</clothing-items>
