<?xml version="1.0" encoding="utf-8"?>
<clothing-items>
 <clothing>
  <id>
   164723532
  </id>
  <name>
   Converse Shoes R-6540
  </name>
  <category>
   Shoes
  </category>
  <size>
   L
  </size>
  <color>
   Голубой
  </color>
  <material>
   Кожа
  </material>
  <price>
   382165
  </price>
  <rating>
   4.7
  </rating>
  <reviews>
   19360
  </reviews>
  <new>
   +
  </new>
 </clothing>
 <clothing>
  <id>
   359127410
  </id>
  <name>
   Vans Socks R-5408
  </name>
  <category>
   Socks
  </category>
  <size>
   L
  </size>
  <color>
   Фиолетовый
  </color>
  <material>
   Кожа
  </material>
  <price>
   606614
  </price>
  <rating>
   1.27
  </rating>
  <reviews>
   51088
  </reviews>
  <exclusive>
   no
  </exclusive>
  <sporty>
   yes
  </sporty>
 </clothing>
 <clothing>
  <id>
   906172656
  </id>
  <name>
   DC Umbrellas C-3800
  </name>
  <category>
   Umbrellas
  </category>
  <size>
   XL
  </size>
  <color>
   Красный
  </color>
  <material>
   Хлопок
  </material>
  <price>
   746137
  </price>
  <rating>
   2.65
  </rating>
  <reviews>
   571373
  </reviews>
  <exclusive>
   yes
  </exclusive>
 </clothing>
 <clothing>
  <id>
   748339523
  </id>
  <name>
   Fila Belts T-5919
  </name>
  <category>
   Belts
  </category>
  <size>
   XL
  </size>
  <color>
   Зеленый
  </color>
  <material>
   Кожа
  </material>
  <price>
   382311
  </price>
  <rating>
   4.43
  </rating>
  <reviews>
   697612
  </reviews>
  <exclusive>
   no
  </exclusive>
  <sporty>
   no
  </sporty>
 </clothing>
 <clothing>
  <id>
   965355519
  </id>
  <name>
   Brooks Pants C-9978
  </name>
  <category>
   Pants
  </category>
  <size>
   M
  </size>
  <color>
   Оранжевый
  </color>
  <material>
   Лен
  </material>
  <price>
   196253
  </price>
  <rating>
   2.86
  </rating>
  <reviews>
   269265
  </reviews>
  <exclusive>
   no
  </exclusive>
  <sporty>
   no
  </sporty>
 </clothing>
 <clothing>
  <id>
   290742770
  </id>
  <name>
   DC Umbrellas W-5332
  </name>
  <category>
   Umbrellas
  </category>
  <size>
   L
  </size>
  <color>
   Оранжевый
  </color>
  <material>
   Вискоза
  </material>
  <price>
   740418
  </price>
  <rating>
   1.14
  </rating>
  <reviews>
   631927
  </reviews>
  <new>
   -
  </new>
  <exclusive>
   no
  </exclusive>
  <sporty>
   no
  </sporty>
 </clothing>
 <clothing>
  <id>
   930402325
  </id>
  <name>
   Reebok Skirt G-5122
  </name>
  <category>
   Skirt
  </category>
  <size>
   L
  </size>
  <color>
   Фиолетовый
  </color>
  <material>
   Шелк
  </material>
  <price>
   591070
  </price>
  <rating>
   2.59
  </rating>
  <reviews>
   650134
  </reviews>
  <new>
   -
  </new>
  <exclusive>
   yes
  </exclusive>
 </clothing>
 <clothing>
  <id>
   800411605
  </id>
  <name>
   Reebok T-shirt H-5454
  </name>
  <category>
   T-shirt
  </category>
  <size>
   XL
  </size>
  <color>
   Фиолетовый
  </color>
  <material>
   Нейлон
  </material>
  <price>
   575664
  </price>
  <rating>
   2.33
  </rating>
  <reviews>
   461466
  </reviews>
  <sporty>
   no
  </sporty>
 </clothing>
 <clothing>
  <id>
   791105830
  </id>
  <name>
   Addidas Skirt O-2969
  </name>
  <category>
   Skirt
  </category>
  <size>
   XL
  </size>
  <color>
   Оранжевый
  </color>
  <material>
   Шелк
  </material>
  <price>
   872226
  </price>
  <rating>
   1.8
  </rating>
  <reviews>
   66297
  </reviews>
  <new>
   -
  </new>
  <exclusive>
   no
  </exclusive>
 </clothing>
 <clothing>
  <id>
   688749106
  </id>
  <name>
   Ellesse Blouse P-4115
  </name>
  <category>
   Blouse
  </category>
  <size>
   XXL
  </size>
  <color>
   Фиолетовый
  </color>
  <material>
   Нейлон
  </material>
  <price>
   390362
  </price>
  <rating>
   2.27
  </rating>
  <reviews>
   516825
  </reviews>
  <new>
   +
  </new>
  <exclusive>
   no
  </exclusive>
 </clothing>
</clothing-items>
