<?xml version="1.0" encoding="utf-8"?>
<clothing-items>
 <clothing>
  <id>
   516625229
  </id>
  <name>
   Adidas Umbrellas V-7495
  </name>
  <category>
   Umbrellas
  </category>
  <size>
   L
  </size>
  <color>
   Синий
  </color>
  <material>
   Шерсть
  </material>
  <price>
   841607
  </price>
  <rating>
   4.78
  </rating>
  <reviews>
   316639
  </reviews>
  <new>
   -
  </new>
 </clothing>
 <clothing>
  <id>
   799615181
  </id>
  <name>
   Nike Handbags H-2312
  </name>
  <category>
   Handbags
  </category>
  <size>
   XL
  </size>
  <color>
   Желтый
  </color>
  <material>
   Шерсть
  </material>
  <price>
   582966
  </price>
  <rating>
   3.39
  </rating>
  <reviews>
   584498
  </reviews>
  <exclusive>
   no
  </exclusive>
 </clothing>
 <clothing>
  <id>
   306957759
  </id>
  <name>
   Under Armour Belts G-7504
  </name>
  <category>
   Belts
  </category>
  <size>
   S
  </size>
  <color>
   Оранжевый
  </color>
  <material>
   Вискоза
  </material>
  <price>
   297661
  </price>
  <rating>
   4.21
  </rating>
  <reviews>
   248950
  </reviews>
  <sporty>
   no
  </sporty>
 </clothing>
 <clothing>
  <id>
   762047220
  </id>
  <name>
   DC Gloves P-3578
  </name>
  <category>
   Gloves
  </category>
  <size>
   XL
  </size>
  <color>
   Зеленый
  </color>
  <material>
   Нейлон
  </material>
  <price>
   259888
  </price>
  <rating>
   3.67
  </rating>
  <reviews>
   779802
  </reviews>
  <exclusive>
   no
  </exclusive>
 </clothing>
 <clothing>
  <id>
   653712296
  </id>
  <name>
   Vans Blouse D-6970
  </name>
  <category>
   Blouse
  </category>
  <size>
   L
  </size>
  <color>
   Зеленый
  </color>
  <material>
   Шерсть
  </material>
  <price>
   115881
  </price>
  <rating>
   2.02
  </rating>
  <reviews>
   594789
  </reviews>
  <exclusive>
   yes
  </exclusive>
 </clothing>
 <clothing>
  <id>
   619565819
  </id>
  <name>
   Ellesse Socks M-3401
  </name>
  <category>
   Socks
  </category>
  <size>
   M
  </size>
  <color>
   Фиолетовый
  </color>
  <material>
   Вискоза
  </material>
  <price>
   551979
  </price>
  <rating>
   1.3
  </rating>
  <reviews>
   493850
  </reviews>
  <exclusive>
   no
  </exclusive>
  <sporty>
   no
  </sporty>
 </clothing>
 <clothing>
  <id>
   631309578
  </id>
  <name>
   Under Armour Umbrellas K-8864
  </name>
  <category>
   Umbrellas
  </category>
  <size>
   S
  </size>
  <color>
   Оранжевый
  </color>
  <material>
   Шелк
  </material>
  <price>
   641027
  </price>
  <rating>
   3.1
  </rating>
  <reviews>
   161174
  </reviews>
  <new>
   -
  </new>
  <sporty>
   no
  </sporty>
 </clothing>
 <clothing>
  <id>
   219139259
  </id>
  <name>
   DC Pants N-7710
  </name>
  <category>
   Pants
  </category>
  <size>
   XXL
  </size>
  <color>
   Оранжевый
  </color>
  <material>
   Лен
  </material>
  <price>
   493003
  </price>
  <rating>
   4.06
  </rating>
  <reviews>
   483701
  </reviews>
 </clothing>
 <clothing>
  <id>
   109810871
  </id>
  <name>
   Under Armour Pants U-9959
  </name>
  <category>
   Pants
  </category>
  <size>
   XL
  </size>
  <color>
   Синий
  </color>
  <material>
   Хлопок
  </material>
  <price>
   334933
  </price>
  <rating>
   3.81
  </rating>
  <reviews>
   45611
  </reviews>
  <exclusive>
   no
  </exclusive>
  <sporty>
   no
  </sporty>
 </clothing>
 <clothing>
  <id>
   387300966
  </id>
  <name>
   Converse Skirt D-5352
  </name>
  <category>
   Skirt
  </category>
  <size>
   L
  </size>
  <color>
   Синий
  </color>
  <material>
   Кожа
  </material>
  <price>
   814369
  </price>
  <rating>
   4.64
  </rating>
  <reviews>
   450039
  </reviews>
  <new>
   +
  </new>
 </clothing>
 <clothing>
  <id>
   728171580
  </id>
  <name>
   Puma Sweater N-7650
  </name>
  <category>
   Sweater
  </category>
  <size>
   XXL
  </size>
  <color>
   Оранжевый
  </color>
  <material>
   Нейлон
  </material>
  <price>
   189435
  </price>
  <rating>
   3.14
  </rating>
  <reviews>
   515531
  </reviews>
 </clothing>
 <clothing>
  <id>
   891982929
  </id>
  <name>
   Reebok Dress J-6525
  </name>
  <category>
   Dress
  </category>
  <size>
   M
  </size>
  <color>
   Синий
  </color>
  <material>
   Шерсть
  </material>
  <price>
   704488
  </price>
  <rating>
   4.94
  </rating>
  <reviews>
   996928
  </reviews>
  <new>
   +
  </new>
 </clothing>
 <clothing>
  <id>
   841751694
  </id>
  <name>
   Nike Handbags N-4589
  </name>
  <category>
   Handbags
  </category>
  <size>
   L
  </size>
  <color>
   Синий
  </color>
  <material>
   Нейлон
  </material>
  <price>
   431201
  </price>
  <rating>
   2.32
  </rating>
  <reviews>
   453664
  </reviews>
  <new>
   +
  </new>
  <sporty>
   yes
  </sporty>
 </clothing>
</clothing-items>
