<?xml version="1.0" encoding="utf-8"?>
<clothing-items>
 <clothing>
  <id>
   333433830
  </id>
  <name>
   DC Socks B-9504
  </name>
  <category>
   Socks
  </category>
  <size>
   S
  </size>
  <color>
   Фиолетовый
  </color>
  <material>
   Хлопок
  </material>
  <price>
   863663
  </price>
  <rating>
   3.3
  </rating>
  <reviews>
   13728
  </reviews>
  <exclusive>
   yes
  </exclusive>
  <sporty>
   no
  </sporty>
 </clothing>
 <clothing>
  <id>
   254430917
  </id>
  <name>
   Under Armour Shoes T-7769
  </name>
  <category>
   Shoes
  </category>
  <size>
   XL
  </size>
  <color>
   Красный
  </color>
  <material>
   Кожа
  </material>
  <price>
   833208
  </price>
  <rating>
   3.09
  </rating>
  <reviews>
   334547
  </reviews>
  <new>
   +
  </new>
  <exclusive>
   yes
  </exclusive>
  <sporty>
   yes
  </sporty>
 </clothing>
 <clothing>
  <id>
   266720754
  </id>
  <name>
   Adidas Jeans B-8360
  </name>
  <category>
   Jeans
  </category>
  <size>
   XL
  </size>
  <color>
   Голубой
  </color>
  <material>
   Кожа
  </material>
  <price>
   795327
  </price>
  <rating>
   3.03
  </rating>
  <reviews>
   342867
  </reviews>
  <new>
   +
  </new>
  <sporty>
   no
  </sporty>
 </clothing>
 <clothing>
  <id>
   437336801
  </id>
  <name>
   Brooks Hat F-5237
  </name>
  <category>
   Hat
  </category>
  <size>
   M
  </size>
  <color>
   Желтый
  </color>
  <material>
   Нейлон
  </material>
  <price>
   922334
  </price>
  <rating>
   2.08
  </rating>
  <reviews>
   621206
  </reviews>
  <new>
   -
  </new>
  <exclusive>
   no
  </exclusive>
  <sporty>
   no
  </sporty>
 </clothing>
 <clothing>
  <id>
   474403676
  </id>
  <name>
   Converse Dress K-4337
  </name>
  <category>
   Dress
  </category>
  <size>
   XL
  </size>
  <color>
   Фиолетовый
  </color>
  <material>
   Нейлон
  </material>
  <price>
   448621
  </price>
  <rating>
   4.79
  </rating>
  <reviews>
   419508
  </reviews>
  <new>
   -
  </new>
 </clothing>
 <clothing>
  <id>
   153957088
  </id>
  <name>
   Addidas Belts V-6337
  </name>
  <category>
   Belts
  </category>
  <size>
   S
  </size>
  <color>
   Синий
  </color>
  <material>
   Вискоза
  </material>
  <price>
   458387
  </price>
  <rating>
   4.15
  </rating>
  <reviews>
   912520
  </reviews>
  <exclusive>
   no
  </exclusive>
  <sporty>
   no
  </sporty>
 </clothing>
 <clothing>
  <id>
   180558125
  </id>
  <name>
   Asics Pants H-8526
  </name>
  <category>
   Pants
  </category>
  <size>
   S
  </size>
  <color>
   Красный
  </color>
  <material>
   Полиэстер
  </material>
  <price>
   699514
  </price>
  <rating>
   4.22
  </rating>
  <reviews>
   828253
  </reviews>
  <new>
   -
  </new>
  <exclusive>
   yes
  </exclusive>
 </clothing>
 <clothing>
  <id>
   967627945
  </id>
  <name>
   Vans Gloves W-4773
  </name>
  <category>
   Gloves
  </category>
  <size>
   M
  </size>
  <color>
   Оранжевый
  </color>
  <material>
   Вискоза
  </material>
  <price>
   944282
  </price>
  <rating>
   3.67
  </rating>
  <reviews>
   496855
  </reviews>
  <exclusive>
   no
  </exclusive>
 </clothing>
 <clothing>
  <id>
   899299997
  </id>
  <name>
   New Balance Gloves S-8626
  </name>
  <category>
   Gloves
  </category>
  <size>
   XXL
  </size>
  <color>
   Красный
  </color>
  <material>
   Лен
  </material>
  <price>
   335367
  </price>
  <rating>
   2.96
  </rating>
  <reviews>
   704188
  </reviews>
  <new>
   -
  </new>
  <exclusive>
   yes
  </exclusive>
  <sporty>
   no
  </sporty>
 </clothing>
 <clothing>
  <id>
   249711999
  </id>
  <name>
   Reebok Handbags Z-8673
  </name>
  <category>
   Handbags
  </category>
  <size>
   XL
  </size>
  <color>
   Желтый
  </color>
  <material>
   Полиэстер
  </material>
  <price>
   963338
  </price>
  <rating>
   2.35
  </rating>
  <reviews>
   61523
  </reviews>
  <new>
   -
  </new>
  <sporty>
   yes
  </sporty>
 </clothing>
 <clothing>
  <id>
   177890741
  </id>
  <name>
   Reebok Socks H-4456
  </name>
  <category>
   Socks
  </category>
  <size>
   XXL
  </size>
  <color>
   Оранжевый
  </color>
  <material>
   Нейлон
  </material>
  <price>
   899090
  </price>
  <rating>
   1.26
  </rating>
  <reviews>
   57351
  </reviews>
  <new>
   +
  </new>
  <exclusive>
   no
  </exclusive>
  <sporty>
   no
  </sporty>
 </clothing>
 <clothing>
  <id>
   916298440
  </id>
  <name>
   DC Blouse U-1895
  </name>
  <category>
   Blouse
  </category>
  <size>
   XL
  </size>
  <color>
   Зеленый
  </color>
  <material>
   Вискоза
  </material>
  <price>
   733620
  </price>
  <rating>
   3.8
  </rating>
  <reviews>
   375693
  </reviews>
  <sporty>
   yes
  </sporty>
 </clothing>
</clothing-items>
