<?xml version="1.0" encoding="utf-8"?>
<clothing-items>
 <clothing>
  <id>
   915964461
  </id>
  <name>
   Brooks Umbrellas V-9182
  </name>
  <category>
   Umbrellas
  </category>
  <size>
   M
  </size>
  <color>
   Желтый
  </color>
  <material>
   Шерсть
  </material>
  <price>
   966685
  </price>
  <rating>
   3.05
  </rating>
  <reviews>
   189791
  </reviews>
  <exclusive>
   no
  </exclusive>
  <sporty>
   yes
  </sporty>
 </clothing>
 <clothing>
  <id>
   693064502
  </id>
  <name>
   Lacoste Skirt D-5997
  </name>
  <category>
   Skirt
  </category>
  <size>
   L
  </size>
  <color>
   Красный
  </color>
  <material>
   Нейлон
  </material>
  <price>
   645805
  </price>
  <rating>
   1.18
  </rating>
  <reviews>
   286685
  </reviews>
  <new>
   -
  </new>
  <sporty>
   no
  </sporty>
 </clothing>
 <clothing>
  <id>
   552645752
  </id>
  <name>
   Puma Belts R-9063
  </name>
  <category>
   Belts
  </category>
  <size>
   M
  </size>
  <color>
   Фиолетовый
  </color>
  <material>
   Нейлон
  </material>
  <price>
   365079
  </price>
  <rating>
   4.22
  </rating>
  <reviews>
   998362
  </reviews>
  <new>
   -
  </new>
 </clothing>
 <clothing>
  <id>
   655865190
  </id>
  <name>
   Lacoste Shoes A-2271
  </name>
  <category>
   Shoes
  </category>
  <size>
   XXL
  </size>
  <color>
   Желтый
  </color>
  <material>
   Лен
  </material>
  <price>
   337194
  </price>
  <rating>
   1.6
  </rating>
  <reviews>
   783126
  </reviews>
  <new>
   -
  </new>
  <exclusive>
   yes
  </exclusive>
  <sporty>
   yes
  </sporty>
 </clothing>
 <clothing>
  <id>
   411693299
  </id>
  <name>
   Addidas Belts W-9864
  </name>
  <category>
   Belts
  </category>
  <size>
   S
  </size>
  <color>
   Зеленый
  </color>
  <material>
   Хлопок
  </material>
  <price>
   355618
  </price>
  <rating>
   3.3
  </rating>
  <reviews>
   328299
  </reviews>
  <new>
   -
  </new>
  <sporty>
   no
  </sporty>
 </clothing>
 <clothing>
  <id>
   573452473
  </id>
  <name>
   Vans Handbags B-5662
  </name>
  <category>
   Handbags
  </category>
  <size>
   M
  </size>
  <color>
   Голубой
  </color>
  <material>
   Шерсть
  </material>
  <price>
   142556
  </price>
  <rating>
   2.07
  </rating>
  <reviews>
   116696
  </reviews>
  <new>
   -
  </new>
  <exclusive>
   no
  </exclusive>
  <sporty>
   no
  </sporty>
 </clothing>
 <clothing>
  <id>
   309631274
  </id>
  <name>
   Ellesse Shirt G-3997
  </name>
  <category>
   Shirt
  </category>
  <size>
   M
  </size>
  <color>
   Голубой
  </color>
  <material>
   Шелк
  </material>
  <price>
   725592
  </price>
  <rating>
   1.5
  </rating>
  <reviews>
   357465
  </reviews>
  <sporty>
   no
  </sporty>
 </clothing>
 <clothing>
  <id>
   331964624
  </id>
  <name>
   Vans Gloves P-9318
  </name>
  <category>
   Gloves
  </category>
  <size>
   M
  </size>
  <color>
   Зеленый
  </color>
  <material>
   Шерсть
  </material>
  <price>
   811262
  </price>
  <rating>
   1.33
  </rating>
  <reviews>
   69609
  </reviews>
  <new>
   +
  </new>
  <sporty>
   yes
  </sporty>
 </clothing>
 <clothing>
  <id>
   782470492
  </id>
  <name>
   New Balance Jacket J-2024
  </name>
  <category>
   Jacket
  </category>
  <size>
   L
  </size>
  <color>
   Красный
  </color>
  <material>
   Нейлон
  </material>
  <price>
   801964
  </price>
  <rating>
   4.83
  </rating>
  <reviews>
   696406
  </reviews>
  <new>
   +
  </new>
  <sporty>
   yes
  </sporty>
 </clothing>
 <clothing>
  <id>
   124972761
  </id>
  <name>
   Lacoste Jeans M-4944
  </name>
  <category>
   Jeans
  </category>
  <size>
   S
  </size>
  <color>
   Оранжевый
  </color>
  <material>
   Шелк
  </material>
  <price>
   505461
  </price>
  <rating>
   1.74
  </rating>
  <reviews>
   228167
  </reviews>
  <new>
   +
  </new>
  <exclusive>
   no
  </exclusive>
 </clothing>
 <clothing>
  <id>
   866098916
  </id>
  <name>
   Adidas Jacket M-8541
  </name>
  <category>
   Jacket
  </category>
  <size>
   S
  </size>
  <color>
   Синий
  </color>
  <material>
   Полиэстер
  </material>
  <price>
   278394
  </price>
  <rating>
   1.48
  </rating>
  <reviews>
   782761
  </reviews>
  <exclusive>
   yes
  </exclusive>
  <sporty>
   no
  </sporty>
 </clothing>
 <clothing>
  <id>
   165712252
  </id>
  <name>
   Under Armour Dress X-8116
  </name>
  <category>
   Dress
  </category>
  <size>
   M
  </size>
  <color>
   Фиолетовый
  </color>
  <material>
   Вискоза
  </material>
  <price>
   348210
  </price>
  <rating>
   4.01
  </rating>
  <reviews>
   116257
  </reviews>
  <exclusive>
   yes
  </exclusive>
  <sporty>
   no
  </sporty>
 </clothing>
 <clothing>
  <id>
   112329995
  </id>
  <name>
   Under Armour Gloves J-3718
  </name>
  <category>
   Gloves
  </category>
  <size>
   XXL
  </size>
  <color>
   Синий
  </color>
  <material>
   Хлопок
  </material>
  <price>
   891932
  </price>
  <rating>
   3.26
  </rating>
  <reviews>
   520660
  </reviews>
  <new>
   -
  </new>
  <exclusive>
   no
  </exclusive>
 </clothing>
 <clothing>
  <id>
   244105954
  </id>
  <name>
   Vans Belts V-7167
  </name>
  <category>
   Belts
  </category>
  <size>
   L
  </size>
  <color>
   Фиолетовый
  </color>
  <material>
   Шелк
  </material>
  <price>
   491029
  </price>
  <rating>
   2.33
  </rating>
  <reviews>
   996366
  </reviews>
  <exclusive>
   no
  </exclusive>
  <sporty>
   no
  </sporty>
 </clothing>
 <clothing>
  <id>
   306268545
  </id>
  <name>
   Lacoste Dress M-5837
  </name>
  <category>
   Dress
  </category>
  <size>
   S
  </size>
  <color>
   Желтый
  </color>
  <material>
   Полиэстер
  </material>
  <price>
   531236
  </price>
  <rating>
   1.95
  </rating>
  <reviews>
   463067
  </reviews>
  <new>
   -
  </new>
  <exclusive>
   yes
  </exclusive>
  <sporty>
   yes
  </sporty>
 </clothing>
 <clothing>
  <id>
   618676969
  </id>
  <name>
   New Balance Belts Z-8845
  </name>
  <category>
   Belts
  </category>
  <size>
   XL
  </size>
  <color>
   Оранжевый
  </color>
  <material>
   Шелк
  </material>
  <price>
   725550
  </price>
  <rating>
   3.28
  </rating>
  <reviews>
   760128
  </reviews>
 </clothing>
 <clothing>
  <id>
   871048827
  </id>
  <name>
   Lacoste T-shirt W-8991
  </name>
  <category>
   T-shirt
  </category>
  <size>
   S
  </size>
  <color>
   Голубой
  </color>
  <material>
   Кожа
  </material>
  <price>
   659089
  </price>
  <rating>
   4.78
  </rating>
  <reviews>
   645822
  </reviews>
 </clothing>
 <clothing>
  <id>
   258758218
  </id>
  <name>
   Puma Shoes N-9298
  </name>
  <category>
   Shoes
  </category>
  <size>
   S
  </size>
  <color>
   Фиолетовый
  </color>
  <material>
   Хлопок
  </material>
  <price>
   862503
  </price>
  <rating>
   3.31
  </rating>
  <reviews>
   532145
  </reviews>
  <exclusive>
   no
  </exclusive>
 </clothing>
 <clothing>
  <id>
   510639128
  </id>
  <name>
   Under Armour Sweater F-9595
  </name>
  <category>
   Sweater
  </category>
  <size>
   L
  </size>
  <color>
   Оранжевый
  </color>
  <material>
   Шерсть
  </material>
  <price>
   581578
  </price>
  <rating>
   2.62
  </rating>
  <reviews>
   867738
  </reviews>
  <new>
   -
  </new>
  <exclusive>
   yes
  </exclusive>
  <sporty>
   yes
  </sporty>
 </clothing>
 <clothing>
  <id>
   769139274
  </id>
  <name>
   Brooks Belts G-4429
  </name>
  <category>
   Belts
  </category>
  <size>
   L
  </size>
  <color>
   Оранжевый
  </color>
  <material>
   Хлопок
  </material>
  <price>
   354012
  </price>
  <rating>
   2.8
  </rating>
  <reviews>
   374699
  </reviews>
  <new>
   -
  </new>
 </clothing>
 <clothing>
  <id>
   794501259
  </id>
  <name>
   Puma Shirt K-9531
  </name>
  <category>
   Shirt
  </category>
  <size>
   XL
  </size>
  <color>
   Синий
  </color>
  <material>
   Шелк
  </material>
  <price>
   391960
  </price>
  <rating>
   3.76
  </rating>
  <reviews>
   262581
  </reviews>
  <sporty>
   no
  </sporty>
 </clothing>
 <clothing>
  <id>
   165704465
  </id>
  <name>
   Brooks Dress O-7458
  </name>
  <category>
   Dress
  </category>
  <size>
   XL
  </size>
  <color>
   Оранжевый
  </color>
  <material>
   Нейлон
  </material>
  <price>
   619293
  </price>
  <rating>
   2.91
  </rating>
  <reviews>
   75931
  </reviews>
  <sporty>
   no
  </sporty>
 </clothing>
 <clothing>
  <id>
   178427832
  </id>
  <name>
   Reebok Pants G-6512
  </name>
  <category>
   Pants
  </category>
  <size>
   L
  </size>
  <color>
   Красный
  </color>
  <material>
   Кожа
  </material>
  <price>
   167360
  </price>
  <rating>
   4.84
  </rating>
  <reviews>
   3939
  </reviews>
  <new>
   -
  </new>
  <exclusive>
   yes
  </exclusive>
 </clothing>
 <clothing>
  <id>
   749892726
  </id>
  <name>
   Vans Hat C-6274
  </name>
  <category>
   Hat
  </category>
  <size>
   M
  </size>
  <color>
   Желтый
  </color>
  <material>
   Шерсть
  </material>
  <price>
   980821
  </price>
  <rating>
   2.03
  </rating>
  <reviews>
   175566
  </reviews>
  <new>
   -
  </new>
  <sporty>
   no
  </sporty>
 </clothing>
 <clothing>
  <id>
   260014733
  </id>
  <name>
   Adidas Skirt T-4724
  </name>
  <category>
   Skirt
  </category>
  <size>
   L
  </size>
  <color>
   Фиолетовый
  </color>
  <material>
   Нейлон
  </material>
  <price>
   272002
  </price>
  <rating>
   2.69
  </rating>
  <reviews>
   854059
  </reviews>
  <new>
   +
  </new>
  <exclusive>
   no
  </exclusive>
 </clothing>
 <clothing>
  <id>
   561377576
  </id>
  <name>
   Lacoste Umbrellas A-3160
  </name>
  <category>
   Umbrellas
  </category>
  <size>
   L
  </size>
  <color>
   Желтый
  </color>
  <material>
   Лен
  </material>
  <price>
   575404
  </price>
  <rating>
   3.69
  </rating>
  <reviews>
   462134
  </reviews>
  <new>
   +
  </new>
  <exclusive>
   no
  </exclusive>
  <sporty>
   yes
  </sporty>
 </clothing>
 <clothing>
  <id>
   311688866
  </id>
  <name>
   Vans Umbrellas C-7180
  </name>
  <category>
   Umbrellas
  </category>
  <size>
   XL
  </size>
  <color>
   Голубой
  </color>
  <material>
   Хлопок
  </material>
  <price>
   896898
  </price>
  <rating>
   1.46
  </rating>
  <reviews>
   605376
  </reviews>
 </clothing>
 <clothing>
  <id>
   285994514
  </id>
  <name>
   DC Shoes T-7393
  </name>
  <category>
   Shoes
  </category>
  <size>
   L
  </size>
  <color>
   Голубой
  </color>
  <material>
   Хлопок
  </material>
  <price>
   172323
  </price>
  <rating>
   4.98
  </rating>
  <reviews>
   951712
  </reviews>
  <exclusive>
   no
  </exclusive>
 </clothing>
 <clothing>
  <id>
   496281024
  </id>
  <name>
   Lacoste Jeans H-1275
  </name>
  <category>
   Jeans
  </category>
  <size>
   M
  </size>
  <color>
   Оранжевый
  </color>
  <material>
   Хлопок
  </material>
  <price>
   255178
  </price>
  <rating>
   4.92
  </rating>
  <reviews>
   16436
  </reviews>
  <new>
   -
  </new>
  <exclusive>
   no
  </exclusive>
  <sporty>
   yes
  </sporty>
 </clothing>
 <clothing>
  <id>
   285811917
  </id>
  <name>
   Adidas T-shirt H-5286
  </name>
  <category>
   T-shirt
  </category>
  <size>
   S
  </size>
  <color>
   Оранжевый
  </color>
  <material>
   Хлопок
  </material>
  <price>
   754583
  </price>
  <rating>
   3.98
  </rating>
  <reviews>
   971718
  </reviews>
  <new>
   -
  </new>
  <exclusive>
   no
  </exclusive>
  <sporty>
   no
  </sporty>
 </clothing>
 <clothing>
  <id>
   627399046
  </id>
  <name>
   DC Umbrellas I-7254
  </name>
  <category>
   Umbrellas
  </category>
  <size>
   XL
  </size>
  <color>
   Желтый
  </color>
  <material>
   Полиэстер
  </material>
  <price>
   312436
  </price>
  <rating>
   1.16
  </rating>
  <reviews>
   765524
  </reviews>
  <new>
   +
  </new>
  <sporty>
   no
  </sporty>
 </clothing>
 <clothing>
  <id>
   843093378
  </id>
  <name>
   Under Armour Sweater J-1335
  </name>
  <category>
   Sweater
  </category>
  <size>
   M
  </size>
  <color>
   Оранжевый
  </color>
  <material>
   Хлопок
  </material>
  <price>
   935834
  </price>
  <rating>
   3.3
  </rating>
  <reviews>
   701504
  </reviews>
  <exclusive>
   yes
  </exclusive>
  <sporty>
   no
  </sporty>
 </clothing>
 <clothing>
  <id>
   188726259
  </id>
  <name>
   Under Armour Socks W-8498
  </name>
  <category>
   Socks
  </category>
  <size>
   L
  </size>
  <color>
   Синий
  </color>
  <material>
   Шелк
  </material>
  <price>
   700884
  </price>
  <rating>
   1.16
  </rating>
  <reviews>
   178527
  </reviews>
  <exclusive>
   no
  </exclusive>
 </clothing>
 <clothing>
  <id>
   967688542
  </id>
  <name>
   Under Armour Socks A-5369
  </name>
  <category>
   Socks
  </category>
  <size>
   XXL
  </size>
  <color>
   Желтый
  </color>
  <material>
   Нейлон
  </material>
  <price>
   260950
  </price>
  <rating>
   1.56
  </rating>
  <reviews>
   448166
  </reviews>
  <new>
   +
  </new>
 </clothing>
 <clothing>
  <id>
   567808558
  </id>
  <name>
   Fila Skirt T-6035
  </name>
  <category>
   Skirt
  </category>
  <size>
   XL
  </size>
  <color>
   Синий
  </color>
  <material>
   Вискоза
  </material>
  <price>
   385183
  </price>
  <rating>
   3.4
  </rating>
  <reviews>
   955203
  </reviews>
  <new>
   -
  </new>
 </clothing>
</clothing-items>
