<?xml version="1.0" encoding="utf-8"?>
<clothing-items>
 <clothing>
  <id>
   128825883
  </id>
  <name>
   Asics Jacket H-5837
  </name>
  <category>
   Jacket
  </category>
  <size>
   L
  </size>
  <color>
   Зеленый
  </color>
  <material>
   Шерсть
  </material>
  <price>
   630226
  </price>
  <rating>
   4.03
  </rating>
  <reviews>
   765998
  </reviews>
  <sporty>
   yes
  </sporty>
 </clothing>
 <clothing>
  <id>
   269449145
  </id>
  <name>
   Fila T-shirt W-2602
  </name>
  <category>
   T-shirt
  </category>
  <size>
   S
  </size>
  <color>
   Оранжевый
  </color>
  <material>
   Нейлон
  </material>
  <price>
   125879
  </price>
  <rating>
   1.19
  </rating>
  <reviews>
   124156
  </reviews>
  <new>
   +
  </new>
  <sporty>
   no
  </sporty>
 </clothing>
 <clothing>
  <id>
   281606203
  </id>
  <name>
   Brooks Jeans E-2703
  </name>
  <category>
   Jeans
  </category>
  <size>
   L
  </size>
  <color>
   Желтый
  </color>
  <material>
   Лен
  </material>
  <price>
   574114
  </price>
  <rating>
   1.3
  </rating>
  <reviews>
   585315
  </reviews>
  <new>
   +
  </new>
  <exclusive>
   no
  </exclusive>
  <sporty>
   yes
  </sporty>
 </clothing>
 <clothing>
  <id>
   984977275
  </id>
  <name>
   Adidas Pants L-3059
  </name>
  <category>
   Pants
  </category>
  <size>
   L
  </size>
  <color>
   Желтый
  </color>
  <material>
   Вискоза
  </material>
  <price>
   902811
  </price>
  <rating>
   1.94
  </rating>
  <reviews>
   646066
  </reviews>
 </clothing>
 <clothing>
  <id>
   717366938
  </id>
  <name>
   Puma Skirt G-9459
  </name>
  <category>
   Skirt
  </category>
  <size>
   L
  </size>
  <color>
   Желтый
  </color>
  <material>
   Кожа
  </material>
  <price>
   642520
  </price>
  <rating>
   1.19
  </rating>
  <reviews>
   366996
  </reviews>
  <new>
   +
  </new>
  <exclusive>
   yes
  </exclusive>
  <sporty>
   yes
  </sporty>
 </clothing>
 <clothing>
  <id>
   119481986
  </id>
  <name>
   Under Armour Umbrellas I-8037
  </name>
  <category>
   Umbrellas
  </category>
  <size>
   XL
  </size>
  <color>
   Синий
  </color>
  <material>
   Вискоза
  </material>
  <price>
   242582
  </price>
  <rating>
   2.19
  </rating>
  <reviews>
   442069
  </reviews>
  <new>
   -
  </new>
  <sporty>
   no
  </sporty>
 </clothing>
 <clothing>
  <id>
   859105785
  </id>
  <name>
   New Balance Socks I-1752
  </name>
  <category>
   Socks
  </category>
  <size>
   M
  </size>
  <color>
   Зеленый
  </color>
  <material>
   Кожа
  </material>
  <price>
   443262
  </price>
  <rating>
   3.93
  </rating>
  <reviews>
   941698
  </reviews>
  <new>
   -
  </new>
  <exclusive>
   no
  </exclusive>
  <sporty>
   yes
  </sporty>
 </clothing>
 <clothing>
  <id>
   351001781
  </id>
  <name>
   New Balance Blouse S-8941
  </name>
  <category>
   Blouse
  </category>
  <size>
   XXL
  </size>
  <color>
   Фиолетовый
  </color>
  <material>
   Шерсть
  </material>
  <price>
   584172
  </price>
  <rating>
   4.26
  </rating>
  <reviews>
   136214
  </reviews>
  <sporty>
   no
  </sporty>
 </clothing>
 <clothing>
  <id>
   430975363
  </id>
  <name>
   Fila Dress M-5306
  </name>
  <category>
   Dress
  </category>
  <size>
   S
  </size>
  <color>
   Зеленый
  </color>
  <material>
   Полиэстер
  </material>
  <price>
   633161
  </price>
  <rating>
   4.22
  </rating>
  <reviews>
   626199
  </reviews>
  <sporty>
   yes
  </sporty>
 </clothing>
 <clothing>
  <id>
   711403917
  </id>
  <name>
   DC Blouse K-3471
  </name>
  <category>
   Blouse
  </category>
  <size>
   XXL
  </size>
  <color>
   Голубой
  </color>
  <material>
   Нейлон
  </material>
  <price>
   371039
  </price>
  <rating>
   1.68
  </rating>
  <reviews>
   413328
  </reviews>
  <exclusive>
   no
  </exclusive>
  <sporty>
   no
  </sporty>
 </clothing>
 <clothing>
  <id>
   768747373
  </id>
  <name>
   Nike Hat O-5251
  </name>
  <category>
   Hat
  </category>
  <size>
   XXL
  </size>
  <color>
   Зеленый
  </color>
  <material>
   Нейлон
  </material>
  <price>
   734844
  </price>
  <rating>
   3.3
  </rating>
  <reviews>
   311217
  </reviews>
  <new>
   -
  </new>
  <exclusive>
   no
  </exclusive>
 </clothing>
 <clothing>
  <id>
   434645119
  </id>
  <name>
   Brooks Jacket H-4116
  </name>
  <category>
   Jacket
  </category>
  <size>
   S
  </size>
  <color>
   Красный
  </color>
  <material>
   Шерсть
  </material>
  <price>
   762637
  </price>
  <rating>
   2.31
  </rating>
  <reviews>
   614002
  </reviews>
  <new>
   -
  </new>
  <exclusive>
   yes
  </exclusive>
 </clothing>
 <clothing>
  <id>
   589055306
  </id>
  <name>
   Addidas Skirt S-2426
  </name>
  <category>
   Skirt
  </category>
  <size>
   L
  </size>
  <color>
   Зеленый
  </color>
  <material>
   Вискоза
  </material>
  <price>
   504734
  </price>
  <rating>
   4.71
  </rating>
  <reviews>
   623369
  </reviews>
  <exclusive>
   no
  </exclusive>
  <sporty>
   no
  </sporty>
 </clothing>
 <clothing>
  <id>
   968361023
  </id>
  <name>
   PleinSport Handbags J-5678
  </name>
  <category>
   Handbags
  </category>
  <size>
   M
  </size>
  <color>
   Синий
  </color>
  <material>
   Шелк
  </material>
  <price>
   349367
  </price>
  <rating>
   1.75
  </rating>
  <reviews>
   152712
  </reviews>
  <exclusive>
   yes
  </exclusive>
  <sporty>
   yes
  </sporty>
 </clothing>
 <clothing>
  <id>
   187455755
  </id>
  <name>
   PleinSport Sweater J-3836
  </name>
  <category>
   Sweater
  </category>
  <size>
   M
  </size>
  <color>
   Зеленый
  </color>
  <material>
   Хлопок
  </material>
  <price>
   964077
  </price>
  <rating>
   4.49
  </rating>
  <reviews>
   461524
  </reviews>
  <new>
   -
  </new>
 </clothing>
 <clothing>
  <id>
   121290724
  </id>
  <name>
   PleinSport Gloves N-5017
  </name>
  <category>
   Gloves
  </category>
  <size>
   XXL
  </size>
  <color>
   Зеленый
  </color>
  <material>
   Шелк
  </material>
  <price>
   150441
  </price>
  <rating>
   1.23
  </rating>
  <reviews>
   436891
  </reviews>
  <new>
   +
  </new>
  <exclusive>
   no
  </exclusive>
 </clothing>
 <clothing>
  <id>
   127743604
  </id>
  <name>
   Nike Dress B-5597
  </name>
  <category>
   Dress
  </category>
  <size>
   S
  </size>
  <color>
   Фиолетовый
  </color>
  <material>
   Вискоза
  </material>
  <price>
   770980
  </price>
  <rating>
   3.62
  </rating>
  <reviews>
   456119
  </reviews>
  <new>
   -
  </new>
  <exclusive>
   no
  </exclusive>
 </clothing>
</clothing-items>
