<?xml version="1.0" encoding="utf-8"?>
<clothing-items>
 <clothing>
  <id>
   315431990
  </id>
  <name>
   Converse Sweater I-7599
  </name>
  <category>
   Sweater
  </category>
  <size>
   L
  </size>
  <color>
   Синий
  </color>
  <material>
   Лен
  </material>
  <price>
   512507
  </price>
  <rating>
   1.39
  </rating>
  <reviews>
   293247
  </reviews>
  <new>
   -
  </new>
  <sporty>
   no
  </sporty>
 </clothing>
 <clothing>
  <id>
   436438852
  </id>
  <name>
   Nike Jeans P-2461
  </name>
  <category>
   Jeans
  </category>
  <size>
   S
  </size>
  <color>
   Оранжевый
  </color>
  <material>
   Нейлон
  </material>
  <price>
   959171
  </price>
  <rating>
   3.0
  </rating>
  <reviews>
   666562
  </reviews>
  <exclusive>
   yes
  </exclusive>
  <sporty>
   yes
  </sporty>
 </clothing>
 <clothing>
  <id>
   340443988
  </id>
  <name>
   Puma Hat S-4150
  </name>
  <category>
   Hat
  </category>
  <size>
   M
  </size>
  <color>
   Синий
  </color>
  <material>
   Шелк
  </material>
  <price>
   849439
  </price>
  <rating>
   4.43
  </rating>
  <reviews>
   510944
  </reviews>
 </clothing>
 <clothing>
  <id>
   211058856
  </id>
  <name>
   Converse Pants N-6431
  </name>
  <category>
   Pants
  </category>
  <size>
   XL
  </size>
  <color>
   Голубой
  </color>
  <material>
   Шелк
  </material>
  <price>
   780761
  </price>
  <rating>
   2.33
  </rating>
  <reviews>
   845002
  </reviews>
  <new>
   +
  </new>
  <exclusive>
   no
  </exclusive>
  <sporty>
   no
  </sporty>
 </clothing>
 <clothing>
  <id>
   980000549
  </id>
  <name>
   Nike Hat G-8648
  </name>
  <category>
   Hat
  </category>
  <size>
   S
  </size>
  <color>
   Фиолетовый
  </color>
  <material>
   Кожа
  </material>
  <price>
   167196
  </price>
  <rating>
   4.52
  </rating>
  <reviews>
   334552
  </reviews>
  <new>
   -
  </new>
  <exclusive>
   no
  </exclusive>
  <sporty>
   yes
  </sporty>
 </clothing>
 <clothing>
  <id>
   959920067
  </id>
  <name>
   Ellesse T-shirt H-4485
  </name>
  <category>
   T-shirt
  </category>
  <size>
   L
  </size>
  <color>
   Оранжевый
  </color>
  <material>
   Вискоза
  </material>
  <price>
   802870
  </price>
  <rating>
   3.17
  </rating>
  <reviews>
   191734
  </reviews>
  <sporty>
   no
  </sporty>
 </clothing>
 <clothing>
  <id>
   837523003
  </id>
  <name>
   Nike Shoes F-2852
  </name>
  <category>
   Shoes
  </category>
  <size>
   XXL
  </size>
  <color>
   Зеленый
  </color>
  <material>
   Хлопок
  </material>
  <price>
   841123
  </price>
  <rating>
   3.34
  </rating>
  <reviews>
   91442
  </reviews>
  <new>
   +
  </new>
 </clothing>
 <clothing>
  <id>
   384141514
  </id>
  <name>
   Brooks Shirt Q-6824
  </name>
  <category>
   Shirt
  </category>
  <size>
   XXL
  </size>
  <color>
   Фиолетовый
  </color>
  <material>
   Шелк
  </material>
  <price>
   785824
  </price>
  <rating>
   1.73
  </rating>
  <reviews>
   555179
  </reviews>
  <new>
   -
  </new>
  <exclusive>
   yes
  </exclusive>
 </clothing>
 <clothing>
  <id>
   420648659
  </id>
  <name>
   Reebok T-shirt H-1225
  </name>
  <category>
   T-shirt
  </category>
  <size>
   XXL
  </size>
  <color>
   Голубой
  </color>
  <material>
   Лен
  </material>
  <price>
   562042
  </price>
  <rating>
   4.96
  </rating>
  <reviews>
   414425
  </reviews>
  <new>
   +
  </new>
  <sporty>
   no
  </sporty>
 </clothing>
 <clothing>
  <id>
   114488734
  </id>
  <name>
   Adidas Gloves F-9513
  </name>
  <category>
   Gloves
  </category>
  <size>
   S
  </size>
  <color>
   Фиолетовый
  </color>
  <material>
   Полиэстер
  </material>
  <price>
   675376
  </price>
  <rating>
   2.17
  </rating>
  <reviews>
   860565
  </reviews>
  <new>
   -
  </new>
 </clothing>
 <clothing>
  <id>
   940662731
  </id>
  <name>
   Ellesse Socks Z-2076
  </name>
  <category>
   Socks
  </category>
  <size>
   L
  </size>
  <color>
   Фиолетовый
  </color>
  <material>
   Полиэстер
  </material>
  <price>
   863873
  </price>
  <rating>
   3.09
  </rating>
  <reviews>
   794665
  </reviews>
  <new>
   -
  </new>
  <sporty>
   no
  </sporty>
 </clothing>
</clothing-items>
