<?xml version="1.0" encoding="utf-8"?>
<clothing-items>
 <clothing>
  <id>
   858684704
  </id>
  <name>
   New Balance Jeans W-4565
  </name>
  <category>
   Jeans
  </category>
  <size>
   M
  </size>
  <color>
   Фиолетовый
  </color>
  <material>
   Хлопок
  </material>
  <price>
   373052
  </price>
  <rating>
   1.71
  </rating>
  <reviews>
   649912
  </reviews>
  <new>
   +
  </new>
  <exclusive>
   no
  </exclusive>
 </clothing>
 <clothing>
  <id>
   626223554
  </id>
  <name>
   Converse Shirt V-8627
  </name>
  <category>
   Shirt
  </category>
  <size>
   S
  </size>
  <color>
   Зеленый
  </color>
  <material>
   Лен
  </material>
  <price>
   203224
  </price>
  <rating>
   4.04
  </rating>
  <reviews>
   673299
  </reviews>
  <exclusive>
   yes
  </exclusive>
 </clothing>
 <clothing>
  <id>
   197247369
  </id>
  <name>
   Puma Dress N-6887
  </name>
  <category>
   Dress
  </category>
  <size>
   XL
  </size>
  <color>
   Голубой
  </color>
  <material>
   Кожа
  </material>
  <price>
   515388
  </price>
  <rating>
   3.92
  </rating>
  <reviews>
   938554
  </reviews>
  <new>
   -
  </new>
  <exclusive>
   no
  </exclusive>
  <sporty>
   no
  </sporty>
 </clothing>
 <clothing>
  <id>
   563503390
  </id>
  <name>
   Reebok Shirt O-9968
  </name>
  <category>
   Shirt
  </category>
  <size>
   L
  </size>
  <color>
   Красный
  </color>
  <material>
   Шелк
  </material>
  <price>
   793336
  </price>
  <rating>
   1.8
  </rating>
  <reviews>
   602973
  </reviews>
  <new>
   +
  </new>
  <exclusive>
   yes
  </exclusive>
  <sporty>
   no
  </sporty>
 </clothing>
 <clothing>
  <id>
   610755649
  </id>
  <name>
   Addidas Shirt W-1622
  </name>
  <category>
   Shirt
  </category>
  <size>
   M
  </size>
  <color>
   Синий
  </color>
  <material>
   Кожа
  </material>
  <price>
   698078
  </price>
  <rating>
   4.79
  </rating>
  <reviews>
   671079
  </reviews>
  <new>
   -
  </new>
  <sporty>
   yes
  </sporty>
 </clothing>
 <clothing>
  <id>
   484247258
  </id>
  <name>
   Brooks Gloves P-1128
  </name>
  <category>
   Gloves
  </category>
  <size>
   M
  </size>
  <color>
   Красный
  </color>
  <material>
   Шелк
  </material>
  <price>
   408702
  </price>
  <rating>
   1.5
  </rating>
  <reviews>
   840192
  </reviews>
  <new>
   -
  </new>
  <exclusive>
   yes
  </exclusive>
 </clothing>
 <clothing>
  <id>
   548261809
  </id>
  <name>
   Reebok Blouse I-9326
  </name>
  <category>
   Blouse
  </category>
  <size>
   L
  </size>
  <color>
   Синий
  </color>
  <material>
   Нейлон
  </material>
  <price>
   639579
  </price>
  <rating>
   3.46
  </rating>
  <reviews>
   970760
  </reviews>
  <new>
   -
  </new>
  <exclusive>
   yes
  </exclusive>
 </clothing>
 <clothing>
  <id>
   914051274
  </id>
  <name>
   DC Gloves G-1030
  </name>
  <category>
   Gloves
  </category>
  <size>
   L
  </size>
  <color>
   Зеленый
  </color>
  <material>
   Нейлон
  </material>
  <price>
   960901
  </price>
  <rating>
   2.73
  </rating>
  <reviews>
   267554
  </reviews>
  <new>
   -
  </new>
 </clothing>
 <clothing>
  <id>
   127680162
  </id>
  <name>
   Vans Belts P-5562
  </name>
  <category>
   Belts
  </category>
  <size>
   S
  </size>
  <color>
   Красный
  </color>
  <material>
   Хлопок
  </material>
  <price>
   802876
  </price>
  <rating>
   1.57
  </rating>
  <reviews>
   895449
  </reviews>
  <new>
   -
  </new>
  <exclusive>
   no
  </exclusive>
 </clothing>
 <clothing>
  <id>
   188972649
  </id>
  <name>
   Fila Pants A-8094
  </name>
  <category>
   Pants
  </category>
  <size>
   S
  </size>
  <color>
   Зеленый
  </color>
  <material>
   Вискоза
  </material>
  <price>
   706465
  </price>
  <rating>
   3.66
  </rating>
  <reviews>
   72306
  </reviews>
  <new>
   -
  </new>
 </clothing>
 <clothing>
  <id>
   432454616
  </id>
  <name>
   Addidas T-shirt I-7271
  </name>
  <category>
   T-shirt
  </category>
  <size>
   M
  </size>
  <color>
   Красный
  </color>
  <material>
   Кожа
  </material>
  <price>
   726701
  </price>
  <rating>
   4.86
  </rating>
  <reviews>
   855677
  </reviews>
 </clothing>
 <clothing>
  <id>
   149805986
  </id>
  <name>
   Ellesse Gloves P-2187
  </name>
  <category>
   Gloves
  </category>
  <size>
   XXL
  </size>
  <color>
   Желтый
  </color>
  <material>
   Нейлон
  </material>
  <price>
   950128
  </price>
  <rating>
   1.94
  </rating>
  <reviews>
   514901
  </reviews>
 </clothing>
 <clothing>
  <id>
   321249003
  </id>
  <name>
   New Balance Skirt V-4984
  </name>
  <category>
   Skirt
  </category>
  <size>
   XXL
  </size>
  <color>
   Синий
  </color>
  <material>
   Вискоза
  </material>
  <price>
   856799
  </price>
  <rating>
   3.95
  </rating>
  <reviews>
   540047
  </reviews>
  <new>
   -
  </new>
  <exclusive>
   no
  </exclusive>
 </clothing>
 <clothing>
  <id>
   660136488
  </id>
  <name>
   DC Shoes D-5790
  </name>
  <category>
   Shoes
  </category>
  <size>
   S
  </size>
  <color>
   Синий
  </color>
  <material>
   Лен
  </material>
  <price>
   654034
  </price>
  <rating>
   2.07
  </rating>
  <reviews>
   828859
  </reviews>
  <new>
   +
  </new>
 </clothing>
 <clothing>
  <id>
   110366040
  </id>
  <name>
   Addidas Belts Y-3775
  </name>
  <category>
   Belts
  </category>
  <size>
   M
  </size>
  <color>
   Синий
  </color>
  <material>
   Вискоза
  </material>
  <price>
   446350
  </price>
  <rating>
   2.34
  </rating>
  <reviews>
   957112
  </reviews>
  <new>
   +
  </new>
  <exclusive>
   no
  </exclusive>
 </clothing>
 <clothing>
  <id>
   362823239
  </id>
  <name>
   DC Handbags H-8968
  </name>
  <category>
   Handbags
  </category>
  <size>
   L
  </size>
  <color>
   Зеленый
  </color>
  <material>
   Лен
  </material>
  <price>
   570921
  </price>
  <rating>
   4.74
  </rating>
  <reviews>
   588724
  </reviews>
  <new>
   -
  </new>
  <sporty>
   no
  </sporty>
 </clothing>
 <clothing>
  <id>
   452943827
  </id>
  <name>
   Under Armour Belts H-7346
  </name>
  <category>
   Belts
  </category>
  <size>
   XL
  </size>
  <color>
   Голубой
  </color>
  <material>
   Лен
  </material>
  <price>
   873309
  </price>
  <rating>
   4.31
  </rating>
  <reviews>
   354466
  </reviews>
  <exclusive>
   no
  </exclusive>
 </clothing>
 <clothing>
  <id>
   795481182
  </id>
  <name>
   Addidas Dress B-6686
  </name>
  <category>
   Dress
  </category>
  <size>
   XXL
  </size>
  <color>
   Желтый
  </color>
  <material>
   Лен
  </material>
  <price>
   351232
  </price>
  <rating>
   4.75
  </rating>
  <reviews>
   710677
  </reviews>
  <sporty>
   no
  </sporty>
 </clothing>
 <clothing>
  <id>
   177393984
  </id>
  <name>
   Fila Hat M-8594
  </name>
  <category>
   Hat
  </category>
  <size>
   L
  </size>
  <color>
   Желтый
  </color>
  <material>
   Кожа
  </material>
  <price>
   833231
  </price>
  <rating>
   1.57
  </rating>
  <reviews>
   846359
  </reviews>
  <new>
   +
  </new>
  <exclusive>
   no
  </exclusive>
 </clothing>
 <clothing>
  <id>
   705487635
  </id>
  <name>
   Addidas Blouse E-3968
  </name>
  <category>
   Blouse
  </category>
  <size>
   L
  </size>
  <color>
   Синий
  </color>
  <material>
   Нейлон
  </material>
  <price>
   601287
  </price>
  <rating>
   2.13
  </rating>
  <reviews>
   745222
  </reviews>
  <exclusive>
   yes
  </exclusive>
  <sporty>
   no
  </sporty>
 </clothing>
 <clothing>
  <id>
   241799929
  </id>
  <name>
   Fila Pants G-6508
  </name>
  <category>
   Pants
  </category>
  <size>
   L
  </size>
  <color>
   Голубой
  </color>
  <material>
   Хлопок
  </material>
  <price>
   972179
  </price>
  <rating>
   4.32
  </rating>
  <reviews>
   259616
  </reviews>
  <exclusive>
   yes
  </exclusive>
  <sporty>
   yes
  </sporty>
 </clothing>
 <clothing>
  <id>
   228858897
  </id>
  <name>
   DC Dress K-5681
  </name>
  <category>
   Dress
  </category>
  <size>
   M
  </size>
  <color>
   Желтый
  </color>
  <material>
   Полиэстер
  </material>
  <price>
   861720
  </price>
  <rating>
   1.5
  </rating>
  <reviews>
   323947
  </reviews>
  <new>
   -
  </new>
  <exclusive>
   no
  </exclusive>
  <sporty>
   yes
  </sporty>
 </clothing>
 <clothing>
  <id>
   969840479
  </id>
  <name>
   Puma Socks A-7498
  </name>
  <category>
   Socks
  </category>
  <size>
   XL
  </size>
  <color>
   Зеленый
  </color>
  <material>
   Шелк
  </material>
  <price>
   243348
  </price>
  <rating>
   4.76
  </rating>
  <reviews>
   575070
  </reviews>
  <exclusive>
   no
  </exclusive>
 </clothing>
 <clothing>
  <id>
   714602335
  </id>
  <name>
   Vans Skirt F-6279
  </name>
  <category>
   Skirt
  </category>
  <size>
   XL
  </size>
  <color>
   Оранжевый
  </color>
  <material>
   Нейлон
  </material>
  <price>
   453540
  </price>
  <rating>
   3.44
  </rating>
  <reviews>
   851646
  </reviews>
  <exclusive>
   no
  </exclusive>
  <sporty>
   no
  </sporty>
 </clothing>
 <clothing>
  <id>
   262026924
  </id>
  <name>
   Converse Jacket O-6535
  </name>
  <category>
   Jacket
  </category>
  <size>
   XXL
  </size>
  <color>
   Фиолетовый
  </color>
  <material>
   Лен
  </material>
  <price>
   573125
  </price>
  <rating>
   2.65
  </rating>
  <reviews>
   259313
  </reviews>
  <exclusive>
   no
  </exclusive>
 </clothing>
 <clothing>
  <id>
   387320698
  </id>
  <name>
   Vans Jacket T-2905
  </name>
  <category>
   Jacket
  </category>
  <size>
   XL
  </size>
  <color>
   Голубой
  </color>
  <material>
   Полиэстер
  </material>
  <price>
   103665
  </price>
  <rating>
   2.23
  </rating>
  <reviews>
   313884
  </reviews>
  <new>
   -
  </new>
  <exclusive>
   no
  </exclusive>
  <sporty>
   yes
  </sporty>
 </clothing>
 <clothing>
  <id>
   449251896
  </id>
  <name>
   Reebok Pants M-1233
  </name>
  <category>
   Pants
  </category>
  <size>
   L
  </size>
  <color>
   Оранжевый
  </color>
  <material>
   Шелк
  </material>
  <price>
   609103
  </price>
  <rating>
   1.17
  </rating>
  <reviews>
   517422
  </reviews>
  <new>
   +
  </new>
  <exclusive>
   no
  </exclusive>
  <sporty>
   no
  </sporty>
 </clothing>
 <clothing>
  <id>
   349384642
  </id>
  <name>
   Adidas Shoes X-9404
  </name>
  <category>
   Shoes
  </category>
  <size>
   L
  </size>
  <color>
   Зеленый
  </color>
  <material>
   Лен
  </material>
  <price>
   391111
  </price>
  <rating>
   1.63
  </rating>
  <reviews>
   865191
  </reviews>
  <sporty>
   no
  </sporty>
 </clothing>
</clothing-items>
