<?xml version="1.0" encoding="utf-8"?>
<clothing-items>
 <clothing>
  <id>
   216907481
  </id>
  <name>
   DC Umbrellas T-3984
  </name>
  <category>
   Umbrellas
  </category>
  <size>
   XXL
  </size>
  <color>
   Красный
  </color>
  <material>
   Кожа
  </material>
  <price>
   322976
  </price>
  <rating>
   4.02
  </rating>
  <reviews>
   117411
  </reviews>
  <new>
   +
  </new>
  <sporty>
   yes
  </sporty>
 </clothing>
 <clothing>
  <id>
   779731047
  </id>
  <name>
   Adidas Skirt M-3028
  </name>
  <category>
   Skirt
  </category>
  <size>
   S
  </size>
  <color>
   Голубой
  </color>
  <material>
   Вискоза
  </material>
  <price>
   354749
  </price>
  <rating>
   1.97
  </rating>
  <reviews>
   401178
  </reviews>
  <sporty>
   no
  </sporty>
 </clothing>
 <clothing>
  <id>
   113730214
  </id>
  <name>
   Converse Umbrellas G-4974
  </name>
  <category>
   Umbrellas
  </category>
  <size>
   S
  </size>
  <color>
   Зеленый
  </color>
  <material>
   Хлопок
  </material>
  <price>
   436057
  </price>
  <rating>
   3.0
  </rating>
  <reviews>
   490663
  </reviews>
  <new>
   -
  </new>
  <sporty>
   no
  </sporty>
 </clothing>
 <clothing>
  <id>
   907921001
  </id>
  <name>
   Ellesse Socks E-5441
  </name>
  <category>
   Socks
  </category>
  <size>
   XL
  </size>
  <color>
   Красный
  </color>
  <material>
   Хлопок
  </material>
  <price>
   343596
  </price>
  <rating>
   1.42
  </rating>
  <reviews>
   134859
  </reviews>
  <new>
   +
  </new>
  <exclusive>
   yes
  </exclusive>
  <sporty>
   no
  </sporty>
 </clothing>
 <clothing>
  <id>
   330162490
  </id>
  <name>
   Brooks Skirt V-7025
  </name>
  <category>
   Skirt
  </category>
  <size>
   XXL
  </size>
  <color>
   Зеленый
  </color>
  <material>
   Вискоза
  </material>
  <price>
   496104
  </price>
  <rating>
   4.21
  </rating>
  <reviews>
   667867
  </reviews>
  <new>
   -
  </new>
 </clothing>
 <clothing>
  <id>
   552295460
  </id>
  <name>
   Under Armour Hat Z-1516
  </name>
  <category>
   Hat
  </category>
  <size>
   XXL
  </size>
  <color>
   Голубой
  </color>
  <material>
   Кожа
  </material>
  <price>
   842946
  </price>
  <rating>
   1.79
  </rating>
  <reviews>
   881550
  </reviews>
  <new>
   -
  </new>
  <exclusive>
   yes
  </exclusive>
  <sporty>
   yes
  </sporty>
 </clothing>
 <clothing>
  <id>
   806899512
  </id>
  <name>
   Addidas Shirt C-7038
  </name>
  <category>
   Shirt
  </category>
  <size>
   XL
  </size>
  <color>
   Голубой
  </color>
  <material>
   Лен
  </material>
  <price>
   213968
  </price>
  <rating>
   2.68
  </rating>
  <reviews>
   103260
  </reviews>
  <new>
   -
  </new>
  <sporty>
   no
  </sporty>
 </clothing>
 <clothing>
  <id>
   909502677
  </id>
  <name>
   PleinSport Blouse T-3449
  </name>
  <category>
   Blouse
  </category>
  <size>
   M
  </size>
  <color>
   Красный
  </color>
  <material>
   Лен
  </material>
  <price>
   544061
  </price>
  <rating>
   4.67
  </rating>
  <reviews>
   259096
  </reviews>
  <new>
   -
  </new>
  <exclusive>
   no
  </exclusive>
  <sporty>
   yes
  </sporty>
 </clothing>
 <clothing>
  <id>
   293933538
  </id>
  <name>
   DC Jeans J-1243
  </name>
  <category>
   Jeans
  </category>
  <size>
   XL
  </size>
  <color>
   Голубой
  </color>
  <material>
   Вискоза
  </material>
  <price>
   166604
  </price>
  <rating>
   4.29
  </rating>
  <reviews>
   410094
  </reviews>
  <sporty>
   no
  </sporty>
 </clothing>
 <clothing>
  <id>
   698046648
  </id>
  <name>
   Brooks Shoes O-2226
  </name>
  <category>
   Shoes
  </category>
  <size>
   L
  </size>
  <color>
   Фиолетовый
  </color>
  <material>
   Лен
  </material>
  <price>
   926100
  </price>
  <rating>
   3.9
  </rating>
  <reviews>
   140241
  </reviews>
  <new>
   +
  </new>
  <exclusive>
   yes
  </exclusive>
 </clothing>
 <clothing>
  <id>
   137342111
  </id>
  <name>
   Asics Belts I-5720
  </name>
  <category>
   Belts
  </category>
  <size>
   M
  </size>
  <color>
   Оранжевый
  </color>
  <material>
   Лен
  </material>
  <price>
   178116
  </price>
  <rating>
   3.36
  </rating>
  <reviews>
   882560
  </reviews>
  <exclusive>
   no
  </exclusive>
  <sporty>
   no
  </sporty>
 </clothing>
 <clothing>
  <id>
   163612524
  </id>
  <name>
   Adidas Pants G-5508
  </name>
  <category>
   Pants
  </category>
  <size>
   XXL
  </size>
  <color>
   Зеленый
  </color>
  <material>
   Лен
  </material>
  <price>
   402630
  </price>
  <rating>
   4.64
  </rating>
  <reviews>
   625300
  </reviews>
  <new>
   +
  </new>
  <exclusive>
   yes
  </exclusive>
 </clothing>
 <clothing>
  <id>
   279764954
  </id>
  <name>
   Brooks Hat S-6711
  </name>
  <category>
   Hat
  </category>
  <size>
   M
  </size>
  <color>
   Зеленый
  </color>
  <material>
   Хлопок
  </material>
  <price>
   100567
  </price>
  <rating>
   3.55
  </rating>
  <reviews>
   309094
  </reviews>
  <new>
   -
  </new>
  <exclusive>
   yes
  </exclusive>
  <sporty>
   yes
  </sporty>
 </clothing>
 <clothing>
  <id>
   129639122
  </id>
  <name>
   Reebok Jacket Z-6769
  </name>
  <category>
   Jacket
  </category>
  <size>
   S
  </size>
  <color>
   Оранжевый
  </color>
  <material>
   Вискоза
  </material>
  <price>
   240758
  </price>
  <rating>
   3.23
  </rating>
  <reviews>
   571238
  </reviews>
  <new>
   +
  </new>
  <exclusive>
   no
  </exclusive>
  <sporty>
   no
  </sporty>
 </clothing>
 <clothing>
  <id>
   310505845
  </id>
  <name>
   Fila Shirt K-4479
  </name>
  <category>
   Shirt
  </category>
  <size>
   S
  </size>
  <color>
   Фиолетовый
  </color>
  <material>
   Шерсть
  </material>
  <price>
   975405
  </price>
  <rating>
   3.28
  </rating>
  <reviews>
   993755
  </reviews>
  <sporty>
   yes
  </sporty>
 </clothing>
 <clothing>
  <id>
   433257800
  </id>
  <name>
   New Balance Sweater Y-6596
  </name>
  <category>
   Sweater
  </category>
  <size>
   M
  </size>
  <color>
   Синий
  </color>
  <material>
   Шерсть
  </material>
  <price>
   994865
  </price>
  <rating>
   3.82
  </rating>
  <reviews>
   693411
  </reviews>
  <exclusive>
   yes
  </exclusive>
  <sporty>
   no
  </sporty>
 </clothing>
 <clothing>
  <id>
   485782039
  </id>
  <name>
   Reebok Handbags F-4283
  </name>
  <category>
   Handbags
  </category>
  <size>
   XXL
  </size>
  <color>
   Оранжевый
  </color>
  <material>
   Шелк
  </material>
  <price>
   401752
  </price>
  <rating>
   4.27
  </rating>
  <reviews>
   271951
  </reviews>
  <new>
   -
  </new>
  <sporty>
   yes
  </sporty>
 </clothing>
 <clothing>
  <id>
   360098593
  </id>
  <name>
   Adidas Skirt F-6362
  </name>
  <category>
   Skirt
  </category>
  <size>
   S
  </size>
  <color>
   Зеленый
  </color>
  <material>
   Хлопок
  </material>
  <price>
   517335
  </price>
  <rating>
   2.92
  </rating>
  <reviews>
   799579
  </reviews>
  <new>
   +
  </new>
  <exclusive>
   no
  </exclusive>
 </clothing>
 <clothing>
  <id>
   445037921
  </id>
  <name>
   Nike Shirt E-6168
  </name>
  <category>
   Shirt
  </category>
  <size>
   S
  </size>
  <color>
   Оранжевый
  </color>
  <material>
   Вискоза
  </material>
  <price>
   464131
  </price>
  <rating>
   3.56
  </rating>
  <reviews>
   81371
  </reviews>
  <new>
   +
  </new>
  <sporty>
   yes
  </sporty>
 </clothing>
 <clothing>
  <id>
   600376825
  </id>
  <name>
   PleinSport Socks D-5872
  </name>
  <category>
   Socks
  </category>
  <size>
   XXL
  </size>
  <color>
   Синий
  </color>
  <material>
   Шелк
  </material>
  <price>
   789029
  </price>
  <rating>
   4.3
  </rating>
  <reviews>
   995450
  </reviews>
  <exclusive>
   no
  </exclusive>
  <sporty>
   no
  </sporty>
 </clothing>
 <clothing>
  <id>
   403351724
  </id>
  <name>
   Asics Shirt V-3532
  </name>
  <category>
   Shirt
  </category>
  <size>
   L
  </size>
  <color>
   Синий
  </color>
  <material>
   Нейлон
  </material>
  <price>
   331798
  </price>
  <rating>
   1.71
  </rating>
  <reviews>
   659214
  </reviews>
  <new>
   -
  </new>
  <exclusive>
   yes
  </exclusive>
  <sporty>
   no
  </sporty>
 </clothing>
 <clothing>
  <id>
   627026604
  </id>
  <name>
   Under Armour Gloves F-5352
  </name>
  <category>
   Gloves
  </category>
  <size>
   XXL
  </size>
  <color>
   Фиолетовый
  </color>
  <material>
   Хлопок
  </material>
  <price>
   393819
  </price>
  <rating>
   2.71
  </rating>
  <reviews>
   360521
  </reviews>
  <new>
   -
  </new>
  <sporty>
   no
  </sporty>
 </clothing>
 <clothing>
  <id>
   930124592
  </id>
  <name>
   Reebok T-shirt P-2032
  </name>
  <category>
   T-shirt
  </category>
  <size>
   XXL
  </size>
  <color>
   Синий
  </color>
  <material>
   Кожа
  </material>
  <price>
   727154
  </price>
  <rating>
   1.53
  </rating>
  <reviews>
   186482
  </reviews>
  <new>
   -
  </new>
  <exclusive>
   no
  </exclusive>
 </clothing>
 <clothing>
  <id>
   159541282
  </id>
  <name>
   Nike Blouse E-1191
  </name>
  <category>
   Blouse
  </category>
  <size>
   M
  </size>
  <color>
   Фиолетовый
  </color>
  <material>
   Вискоза
  </material>
  <price>
   488366
  </price>
  <rating>
   1.41
  </rating>
  <reviews>
   283910
  </reviews>
  <new>
   -
  </new>
  <exclusive>
   yes
  </exclusive>
 </clothing>
 <clothing>
  <id>
   533897536
  </id>
  <name>
   Under Armour Handbags T-5103
  </name>
  <category>
   Handbags
  </category>
  <size>
   M
  </size>
  <color>
   Желтый
  </color>
  <material>
   Хлопок
  </material>
  <price>
   785497
  </price>
  <rating>
   1.46
  </rating>
  <reviews>
   339441
  </reviews>
  <sporty>
   no
  </sporty>
 </clothing>
 <clothing>
  <id>
   709147303
  </id>
  <name>
   PleinSport Handbags P-1133
  </name>
  <category>
   Handbags
  </category>
  <size>
   M
  </size>
  <color>
   Красный
  </color>
  <material>
   Вискоза
  </material>
  <price>
   594958
  </price>
  <rating>
   1.47
  </rating>
  <reviews>
   473284
  </reviews>
  <exclusive>
   yes
  </exclusive>
 </clothing>
 <clothing>
  <id>
   616330732
  </id>
  <name>
   Asics Belts S-8747
  </name>
  <category>
   Belts
  </category>
  <size>
   L
  </size>
  <color>
   Красный
  </color>
  <material>
   Нейлон
  </material>
  <price>
   588638
  </price>
  <rating>
   4.79
  </rating>
  <reviews>
   726361
  </reviews>
  <exclusive>
   yes
  </exclusive>
 </clothing>
 <clothing>
  <id>
   499159932
  </id>
  <name>
   Puma Hat L-9158
  </name>
  <category>
   Hat
  </category>
  <size>
   S
  </size>
  <color>
   Красный
  </color>
  <material>
   Лен
  </material>
  <price>
   395636
  </price>
  <rating>
   1.04
  </rating>
  <reviews>
   631526
  </reviews>
  <new>
   -
  </new>
  <sporty>
   yes
  </sporty>
 </clothing>
 <clothing>
  <id>
   533256628
  </id>
  <name>
   New Balance Pants H-3977
  </name>
  <category>
   Pants
  </category>
  <size>
   S
  </size>
  <color>
   Синий
  </color>
  <material>
   Шерсть
  </material>
  <price>
   583169
  </price>
  <rating>
   4.61
  </rating>
  <reviews>
   733159
  </reviews>
  <new>
   +
  </new>
  <sporty>
   no
  </sporty>
 </clothing>
 <clothing>
  <id>
   622412460
  </id>
  <name>
   Reebok Dress A-2798
  </name>
  <category>
   Dress
  </category>
  <size>
   S
  </size>
  <color>
   Фиолетовый
  </color>
  <material>
   Полиэстер
  </material>
  <price>
   720874
  </price>
  <rating>
   1.99
  </rating>
  <reviews>
   379195
  </reviews>
  <new>
   -
  </new>
 </clothing>
 <clothing>
  <id>
   410902213
  </id>
  <name>
   Brooks Shoes Q-2600
  </name>
  <category>
   Shoes
  </category>
  <size>
   M
  </size>
  <color>
   Красный
  </color>
  <material>
   Шерсть
  </material>
  <price>
   636957
  </price>
  <rating>
   1.2
  </rating>
  <reviews>
   387707
  </reviews>
  <sporty>
   yes
  </sporty>
 </clothing>
 <clothing>
  <id>
   926947099
  </id>
  <name>
   Adidas Blouse S-9113
  </name>
  <category>
   Blouse
  </category>
  <size>
   XXL
  </size>
  <color>
   Голубой
  </color>
  <material>
   Полиэстер
  </material>
  <price>
   744664
  </price>
  <rating>
   4.55
  </rating>
  <reviews>
   157697
  </reviews>
  <exclusive>
   no
  </exclusive>
 </clothing>
 <clothing>
  <id>
   362068116
  </id>
  <name>
   Brooks Skirt C-2356
  </name>
  <category>
   Skirt
  </category>
  <size>
   XXL
  </size>
  <color>
   Синий
  </color>
  <material>
   Нейлон
  </material>
  <price>
   163575
  </price>
  <rating>
   3.26
  </rating>
  <reviews>
   285428
  </reviews>
  <new>
   -
  </new>
  <exclusive>
   no
  </exclusive>
  <sporty>
   yes
  </sporty>
 </clothing>
 <clothing>
  <id>
   965070508
  </id>
  <name>
   Fila Belts B-4507
  </name>
  <category>
   Belts
  </category>
  <size>
   XXL
  </size>
  <color>
   Оранжевый
  </color>
  <material>
   Нейлон
  </material>
  <price>
   804495
  </price>
  <rating>
   3.89
  </rating>
  <reviews>
   49556
  </reviews>
  <new>
   -
  </new>
  <sporty>
   no
  </sporty>
 </clothing>
 <clothing>
  <id>
   684588157
  </id>
  <name>
   DC Dress C-8735
  </name>
  <category>
   Dress
  </category>
  <size>
   L
  </size>
  <color>
   Оранжевый
  </color>
  <material>
   Вискоза
  </material>
  <price>
   437268
  </price>
  <rating>
   3.3
  </rating>
  <reviews>
   258911
  </reviews>
  <sporty>
   no
  </sporty>
 </clothing>
 <clothing>
  <id>
   515731832
  </id>
  <name>
   New Balance Hat D-7148
  </name>
  <category>
   Hat
  </category>
  <size>
   XL
  </size>
  <color>
   Желтый
  </color>
  <material>
   Нейлон
  </material>
  <price>
   567193
  </price>
  <rating>
   4.32
  </rating>
  <reviews>
   728166
  </reviews>
  <new>
   -
  </new>
  <sporty>
   no
  </sporty>
 </clothing>
 <clothing>
  <id>
   516389250
  </id>
  <name>
   Ellesse Hat B-3060
  </name>
  <category>
   Hat
  </category>
  <size>
   M
  </size>
  <color>
   Голубой
  </color>
  <material>
   Нейлон
  </material>
  <price>
   517414
  </price>
  <rating>
   4.72
  </rating>
  <reviews>
   97724
  </reviews>
  <new>
   -
  </new>
  <exclusive>
   no
  </exclusive>
  <sporty>
   yes
  </sporty>
 </clothing>
</clothing-items>
