<?xml version="1.0" encoding="utf-8"?>
<clothing-items>
 <clothing>
  <id>
   931522491
  </id>
  <name>
   Nike Gloves E-8838
  </name>
  <category>
   Gloves
  </category>
  <size>
   L
  </size>
  <color>
   Зеленый
  </color>
  <material>
   Лен
  </material>
  <price>
   256319
  </price>
  <rating>
   1.03
  </rating>
  <reviews>
   879439
  </reviews>
  <sporty>
   no
  </sporty>
 </clothing>
 <clothing>
  <id>
   727533324
  </id>
  <name>
   Puma Blouse E-3758
  </name>
  <category>
   Blouse
  </category>
  <size>
   XL
  </size>
  <color>
   Красный
  </color>
  <material>
   Нейлон
  </material>
  <price>
   333795
  </price>
  <rating>
   4.94
  </rating>
  <reviews>
   301305
  </reviews>
  <exclusive>
   yes
  </exclusive>
 </clothing>
 <clothing>
  <id>
   980174204
  </id>
  <name>
   PleinSport Hat A-1452
  </name>
  <category>
   Hat
  </category>
  <size>
   S
  </size>
  <color>
   Фиолетовый
  </color>
  <material>
   Кожа
  </material>
  <price>
   239447
  </price>
  <rating>
   2.84
  </rating>
  <reviews>
   339359
  </reviews>
  <new>
   -
  </new>
  <exclusive>
   no
  </exclusive>
  <sporty>
   no
  </sporty>
 </clothing>
 <clothing>
  <id>
   639379309
  </id>
  <name>
   Lacoste Handbags U-3498
  </name>
  <category>
   Handbags
  </category>
  <size>
   XL
  </size>
  <color>
   Оранжевый
  </color>
  <material>
   Шелк
  </material>
  <price>
   798851
  </price>
  <rating>
   1.16
  </rating>
  <reviews>
   509723
  </reviews>
 </clothing>
 <clothing>
  <id>
   953626164
  </id>
  <name>
   Reebok Sweater W-3257
  </name>
  <category>
   Sweater
  </category>
  <size>
   S
  </size>
  <color>
   Оранжевый
  </color>
  <material>
   Кожа
  </material>
  <price>
   917088
  </price>
  <rating>
   4.57
  </rating>
  <reviews>
   662435
  </reviews>
  <exclusive>
   no
  </exclusive>
  <sporty>
   no
  </sporty>
 </clothing>
 <clothing>
  <id>
   463941860
  </id>
  <name>
   DC Hat S-8226
  </name>
  <category>
   Hat
  </category>
  <size>
   S
  </size>
  <color>
   Желтый
  </color>
  <material>
   Шерсть
  </material>
  <price>
   316501
  </price>
  <rating>
   2.08
  </rating>
  <reviews>
   273131
  </reviews>
  <new>
   -
  </new>
  <sporty>
   no
  </sporty>
 </clothing>
 <clothing>
  <id>
   848748281
  </id>
  <name>
   Addidas Socks L-1322
  </name>
  <category>
   Socks
  </category>
  <size>
   L
  </size>
  <color>
   Голубой
  </color>
  <material>
   Шерсть
  </material>
  <price>
   439953
  </price>
  <rating>
   2.73
  </rating>
  <reviews>
   140017
  </reviews>
  <new>
   +
  </new>
  <exclusive>
   yes
  </exclusive>
  <sporty>
   no
  </sporty>
 </clothing>
 <clothing>
  <id>
   902473354
  </id>
  <name>
   Brooks Skirt W-4644
  </name>
  <category>
   Skirt
  </category>
  <size>
   XXL
  </size>
  <color>
   Синий
  </color>
  <material>
   Нейлон
  </material>
  <price>
   819554
  </price>
  <rating>
   2.53
  </rating>
  <reviews>
   303031
  </reviews>
  <new>
   +
  </new>
  <exclusive>
   yes
  </exclusive>
  <sporty>
   no
  </sporty>
 </clothing>
 <clothing>
  <id>
   482994846
  </id>
  <name>
   Puma Umbrellas Z-3621
  </name>
  <category>
   Umbrellas
  </category>
  <size>
   M
  </size>
  <color>
   Фиолетовый
  </color>
  <material>
   Кожа
  </material>
  <price>
   582606
  </price>
  <rating>
   2.6
  </rating>
  <reviews>
   340079
  </reviews>
  <new>
   +
  </new>
  <sporty>
   no
  </sporty>
 </clothing>
 <clothing>
  <id>
   855654316
  </id>
  <name>
   New Balance Umbrellas X-6225
  </name>
  <category>
   Umbrellas
  </category>
  <size>
   XL
  </size>
  <color>
   Оранжевый
  </color>
  <material>
   Шерсть
  </material>
  <price>
   995931
  </price>
  <rating>
   2.38
  </rating>
  <reviews>
   972497
  </reviews>
  <exclusive>
   yes
  </exclusive>
  <sporty>
   no
  </sporty>
 </clothing>
 <clothing>
  <id>
   894224976
  </id>
  <name>
   Puma Umbrellas L-4164
  </name>
  <category>
   Umbrellas
  </category>
  <size>
   S
  </size>
  <color>
   Красный
  </color>
  <material>
   Кожа
  </material>
  <price>
   210238
  </price>
  <rating>
   3.16
  </rating>
  <reviews>
   729752
  </reviews>
  <new>
   +
  </new>
  <exclusive>
   yes
  </exclusive>
  <sporty>
   yes
  </sporty>
 </clothing>
 <clothing>
  <id>
   941095982
  </id>
  <name>
   DC T-shirt H-4360
  </name>
  <category>
   T-shirt
  </category>
  <size>
   M
  </size>
  <color>
   Синий
  </color>
  <material>
   Лен
  </material>
  <price>
   905182
  </price>
  <rating>
   2.37
  </rating>
  <reviews>
   37083
  </reviews>
  <new>
   -
  </new>
 </clothing>
 <clothing>
  <id>
   626551847
  </id>
  <name>
   DC Belts N-5283
  </name>
  <category>
   Belts
  </category>
  <size>
   XXL
  </size>
  <color>
   Зеленый
  </color>
  <material>
   Кожа
  </material>
  <price>
   152416
  </price>
  <rating>
   4.06
  </rating>
  <reviews>
   248730
  </reviews>
  <new>
   -
  </new>
  <exclusive>
   no
  </exclusive>
 </clothing>
 <clothing>
  <id>
   805238166
  </id>
  <name>
   Brooks Skirt P-6890
  </name>
  <category>
   Skirt
  </category>
  <size>
   XL
  </size>
  <color>
   Зеленый
  </color>
  <material>
   Вискоза
  </material>
  <price>
   452997
  </price>
  <rating>
   4.75
  </rating>
  <reviews>
   869792
  </reviews>
  <exclusive>
   no
  </exclusive>
  <sporty>
   yes
  </sporty>
 </clothing>
 <clothing>
  <id>
   120347967
  </id>
  <name>
   Addidas Jeans D-8448
  </name>
  <category>
   Jeans
  </category>
  <size>
   XL
  </size>
  <color>
   Оранжевый
  </color>
  <material>
   Шерсть
  </material>
  <price>
   987471
  </price>
  <rating>
   2.13
  </rating>
  <reviews>
   363168
  </reviews>
  <new>
   +
  </new>
 </clothing>
 <clothing>
  <id>
   965574878
  </id>
  <name>
   Puma T-shirt T-6463
  </name>
  <category>
   T-shirt
  </category>
  <size>
   M
  </size>
  <color>
   Синий
  </color>
  <material>
   Кожа
  </material>
  <price>
   374423
  </price>
  <rating>
   1.83
  </rating>
  <reviews>
   126757
  </reviews>
  <sporty>
   yes
  </sporty>
 </clothing>
 <clothing>
  <id>
   904138161
  </id>
  <name>
   Vans T-shirt Y-7714
  </name>
  <category>
   T-shirt
  </category>
  <size>
   XL
  </size>
  <color>
   Оранжевый
  </color>
  <material>
   Нейлон
  </material>
  <price>
   366486
  </price>
  <rating>
   1.22
  </rating>
  <reviews>
   256396
  </reviews>
  <exclusive>
   yes
  </exclusive>
 </clothing>
 <clothing>
  <id>
   257950784
  </id>
  <name>
   New Balance T-shirt K-7180
  </name>
  <category>
   T-shirt
  </category>
  <size>
   S
  </size>
  <color>
   Оранжевый
  </color>
  <material>
   Нейлон
  </material>
  <price>
   626335
  </price>
  <rating>
   2.64
  </rating>
  <reviews>
   550519
  </reviews>
  <new>
   -
  </new>
  <exclusive>
   no
  </exclusive>
 </clothing>
 <clothing>
  <id>
   618465765
  </id>
  <name>
   Puma Jeans F-1822
  </name>
  <category>
   Jeans
  </category>
  <size>
   L
  </size>
  <color>
   Зеленый
  </color>
  <material>
   Полиэстер
  </material>
  <price>
   512430
  </price>
  <rating>
   2.85
  </rating>
  <reviews>
   461791
  </reviews>
  <sporty>
   no
  </sporty>
 </clothing>
 <clothing>
  <id>
   876566778
  </id>
  <name>
   Fila Pants K-4042
  </name>
  <category>
   Pants
  </category>
  <size>
   M
  </size>
  <color>
   Синий
  </color>
  <material>
   Хлопок
  </material>
  <price>
   462380
  </price>
  <rating>
   2.65
  </rating>
  <reviews>
   7759
  </reviews>
  <new>
   +
  </new>
  <exclusive>
   yes
  </exclusive>
  <sporty>
   no
  </sporty>
 </clothing>
 <clothing>
  <id>
   605748716
  </id>
  <name>
   Lacoste Belts I-5025
  </name>
  <category>
   Belts
  </category>
  <size>
   M
  </size>
  <color>
   Фиолетовый
  </color>
  <material>
   Кожа
  </material>
  <price>
   401184
  </price>
  <rating>
   3.53
  </rating>
  <reviews>
   430256
  </reviews>
  <new>
   -
  </new>
  <sporty>
   no
  </sporty>
 </clothing>
 <clothing>
  <id>
   705232396
  </id>
  <name>
   Nike Umbrellas D-9736
  </name>
  <category>
   Umbrellas
  </category>
  <size>
   L
  </size>
  <color>
   Фиолетовый
  </color>
  <material>
   Шелк
  </material>
  <price>
   505155
  </price>
  <rating>
   1.89
  </rating>
  <reviews>
   949842
  </reviews>
  <new>
   +
  </new>
  <exclusive>
   no
  </exclusive>
 </clothing>
 <clothing>
  <id>
   702684394
  </id>
  <name>
   Reebok Umbrellas S-2172
  </name>
  <category>
   Umbrellas
  </category>
  <size>
   XL
  </size>
  <color>
   Оранжевый
  </color>
  <material>
   Шерсть
  </material>
  <price>
   132984
  </price>
  <rating>
   3.38
  </rating>
  <reviews>
   789829
  </reviews>
  <new>
   +
  </new>
 </clothing>
 <clothing>
  <id>
   495418452
  </id>
  <name>
   Addidas Shirt S-7692
  </name>
  <category>
   Shirt
  </category>
  <size>
   XL
  </size>
  <color>
   Красный
  </color>
  <material>
   Шерсть
  </material>
  <price>
   764922
  </price>
  <rating>
   3.72
  </rating>
  <reviews>
   423346
  </reviews>
  <new>
   +
  </new>
  <exclusive>
   yes
  </exclusive>
 </clothing>
 <clothing>
  <id>
   942973191
  </id>
  <name>
   Vans Umbrellas D-4883
  </name>
  <category>
   Umbrellas
  </category>
  <size>
   XL
  </size>
  <color>
   Голубой
  </color>
  <material>
   Лен
  </material>
  <price>
   336110
  </price>
  <rating>
   1.23
  </rating>
  <reviews>
   130008
  </reviews>
  <new>
   -
  </new>
  <exclusive>
   no
  </exclusive>
  <sporty>
   yes
  </sporty>
 </clothing>
 <clothing>
  <id>
   815873631
  </id>
  <name>
   Vans Shirt T-6333
  </name>
  <category>
   Shirt
  </category>
  <size>
   XL
  </size>
  <color>
   Фиолетовый
  </color>
  <material>
   Шерсть
  </material>
  <price>
   662809
  </price>
  <rating>
   2.4
  </rating>
  <reviews>
   474330
  </reviews>
  <new>
   +
  </new>
  <exclusive>
   yes
  </exclusive>
 </clothing>
 <clothing>
  <id>
   864383849
  </id>
  <name>
   Puma Sweater H-2509
  </name>
  <category>
   Sweater
  </category>
  <size>
   S
  </size>
  <color>
   Желтый
  </color>
  <material>
   Полиэстер
  </material>
  <price>
   970427
  </price>
  <rating>
   1.77
  </rating>
  <reviews>
   793398
  </reviews>
  <exclusive>
   no
  </exclusive>
  <sporty>
   no
  </sporty>
 </clothing>
 <clothing>
  <id>
   713547683
  </id>
  <name>
   Ellesse Jeans P-7119
  </name>
  <category>
   Jeans
  </category>
  <size>
   M
  </size>
  <color>
   Голубой
  </color>
  <material>
   Кожа
  </material>
  <price>
   904028
  </price>
  <rating>
   1.65
  </rating>
  <reviews>
   815358
  </reviews>
  <new>
   -
  </new>
  <exclusive>
   no
  </exclusive>
 </clothing>
 <clothing>
  <id>
   349554903
  </id>
  <name>
   Reebok Skirt L-7631
  </name>
  <category>
   Skirt
  </category>
  <size>
   M
  </size>
  <color>
   Синий
  </color>
  <material>
   Вискоза
  </material>
  <price>
   394444
  </price>
  <rating>
   2.37
  </rating>
  <reviews>
   228258
  </reviews>
  <new>
   +
  </new>
  <exclusive>
   no
  </exclusive>
  <sporty>
   no
  </sporty>
 </clothing>
 <clothing>
  <id>
   931736814
  </id>
  <name>
   Lacoste T-shirt B-8293
  </name>
  <category>
   T-shirt
  </category>
  <size>
   L
  </size>
  <color>
   Синий
  </color>
  <material>
   Полиэстер
  </material>
  <price>
   831263
  </price>
  <rating>
   4.08
  </rating>
  <reviews>
   793621
  </reviews>
  <new>
   +
  </new>
  <exclusive>
   yes
  </exclusive>
 </clothing>
 <clothing>
  <id>
   386220269
  </id>
  <name>
   DC Socks U-6630
  </name>
  <category>
   Socks
  </category>
  <size>
   M
  </size>
  <color>
   Синий
  </color>
  <material>
   Хлопок
  </material>
  <price>
   510909
  </price>
  <rating>
   4.85
  </rating>
  <reviews>
   193856
  </reviews>
  <new>
   -
  </new>
  <exclusive>
   yes
  </exclusive>
 </clothing>
 <clothing>
  <id>
   645140269
  </id>
  <name>
   Adidas Skirt T-6768
  </name>
  <category>
   Skirt
  </category>
  <size>
   XXL
  </size>
  <color>
   Синий
  </color>
  <material>
   Нейлон
  </material>
  <price>
   502936
  </price>
  <rating>
   3.85
  </rating>
  <reviews>
   59991
  </reviews>
  <new>
   +
  </new>
  <exclusive>
   yes
  </exclusive>
  <sporty>
   yes
  </sporty>
 </clothing>
 <clothing>
  <id>
   394675490
  </id>
  <name>
   Vans Umbrellas X-2872
  </name>
  <category>
   Umbrellas
  </category>
  <size>
   XXL
  </size>
  <color>
   Синий
  </color>
  <material>
   Вискоза
  </material>
  <price>
   877932
  </price>
  <rating>
   4.22
  </rating>
  <reviews>
   582648
  </reviews>
 </clothing>
 <clothing>
  <id>
   531741516
  </id>
  <name>
   Lacoste Belts T-3991
  </name>
  <category>
   Belts
  </category>
  <size>
   XXL
  </size>
  <color>
   Зеленый
  </color>
  <material>
   Шерсть
  </material>
  <price>
   411740
  </price>
  <rating>
   4.04
  </rating>
  <reviews>
   170733
  </reviews>
  <exclusive>
   yes
  </exclusive>
  <sporty>
   no
  </sporty>
 </clothing>
 <clothing>
  <id>
   533297524
  </id>
  <name>
   DC Skirt T-6729
  </name>
  <category>
   Skirt
  </category>
  <size>
   L
  </size>
  <color>
   Желтый
  </color>
  <material>
   Нейлон
  </material>
  <price>
   443420
  </price>
  <rating>
   3.01
  </rating>
  <reviews>
   297112
  </reviews>
  <new>
   +
  </new>
  <exclusive>
   yes
  </exclusive>
 </clothing>
 <clothing>
  <id>
   462681815
  </id>
  <name>
   Reebok Jeans N-9459
  </name>
  <category>
   Jeans
  </category>
  <size>
   XXL
  </size>
  <color>
   Оранжевый
  </color>
  <material>
   Полиэстер
  </material>
  <price>
   226478
  </price>
  <rating>
   3.96
  </rating>
  <reviews>
   458077
  </reviews>
  <exclusive>
   yes
  </exclusive>
  <sporty>
   yes
  </sporty>
 </clothing>
 <clothing>
  <id>
   444941183
  </id>
  <name>
   Converse Jacket E-8948
  </name>
  <category>
   Jacket
  </category>
  <size>
   S
  </size>
  <color>
   Желтый
  </color>
  <material>
   Кожа
  </material>
  <price>
   727962
  </price>
  <rating>
   3.22
  </rating>
  <reviews>
   993949
  </reviews>
  <new>
   +
  </new>
  <exclusive>
   yes
  </exclusive>
  <sporty>
   yes
  </sporty>
 </clothing>
 <clothing>
  <id>
   364278747
  </id>
  <name>
   Vans Hat Z-6886
  </name>
  <category>
   Hat
  </category>
  <size>
   S
  </size>
  <color>
   Оранжевый
  </color>
  <material>
   Шелк
  </material>
  <price>
   507822
  </price>
  <rating>
   4.15
  </rating>
  <reviews>
   837161
  </reviews>
  <new>
   +
  </new>
  <exclusive>
   yes
  </exclusive>
  <sporty>
   yes
  </sporty>
 </clothing>
 <clothing>
  <id>
   745286243
  </id>
  <name>
   DC Pants N-4011
  </name>
  <category>
   Pants
  </category>
  <size>
   XXL
  </size>
  <color>
   Желтый
  </color>
  <material>
   Шерсть
  </material>
  <price>
   881214
  </price>
  <rating>
   3.72
  </rating>
  <reviews>
   865969
  </reviews>
  <exclusive>
   no
  </exclusive>
  <sporty>
   yes
  </sporty>
 </clothing>
 <clothing>
  <id>
   243244761
  </id>
  <name>
   Adidas Jacket D-4945
  </name>
  <category>
   Jacket
  </category>
  <size>
   XL
  </size>
  <color>
   Фиолетовый
  </color>
  <material>
   Лен
  </material>
  <price>
   893149
  </price>
  <rating>
   4.41
  </rating>
  <reviews>
   914813
  </reviews>
  <new>
   -
  </new>
 </clothing>
 <clothing>
  <id>
   396824839
  </id>
  <name>
   Under Armour T-shirt S-4635
  </name>
  <category>
   T-shirt
  </category>
  <size>
   L
  </size>
  <color>
   Фиолетовый
  </color>
  <material>
   Лен
  </material>
  <price>
   372904
  </price>
  <rating>
   2.86
  </rating>
  <reviews>
   684030
  </reviews>
  <new>
   +
  </new>
  <exclusive>
   no
  </exclusive>
  <sporty>
   no
  </sporty>
 </clothing>
 <clothing>
  <id>
   847282039
  </id>
  <name>
   Adidas Dress V-2325
  </name>
  <category>
   Dress
  </category>
  <size>
   L
  </size>
  <color>
   Голубой
  </color>
  <material>
   Хлопок
  </material>
  <price>
   623259
  </price>
  <rating>
   4.59
  </rating>
  <reviews>
   627759
  </reviews>
  <new>
   -
  </new>
  <exclusive>
   no
  </exclusive>
  <sporty>
   yes
  </sporty>
 </clothing>
 <clothing>
  <id>
   220549985
  </id>
  <name>
   Converse Socks T-7045
  </name>
  <category>
   Socks
  </category>
  <size>
   S
  </size>
  <color>
   Голубой
  </color>
  <material>
   Кожа
  </material>
  <price>
   293008
  </price>
  <rating>
   3.53
  </rating>
  <reviews>
   411489
  </reviews>
  <new>
   +
  </new>
  <sporty>
   no
  </sporty>
 </clothing>
 <clothing>
  <id>
   667397104
  </id>
  <name>
   Fila Jeans V-8739
  </name>
  <category>
   Jeans
  </category>
  <size>
   XL
  </size>
  <color>
   Зеленый
  </color>
  <material>
   Вискоза
  </material>
  <price>
   397120
  </price>
  <rating>
   1.02
  </rating>
  <reviews>
   384796
  </reviews>
  <sporty>
   no
  </sporty>
 </clothing>
 <clothing>
  <id>
   141922583
  </id>
  <name>
   Nike Belts J-2154
  </name>
  <category>
   Belts
  </category>
  <size>
   M
  </size>
  <color>
   Голубой
  </color>
  <material>
   Шелк
  </material>
  <price>
   655472
  </price>
  <rating>
   4.65
  </rating>
  <reviews>
   771390
  </reviews>
  <exclusive>
   no
  </exclusive>
  <sporty>
   yes
  </sporty>
 </clothing>
 <clothing>
  <id>
   101383716
  </id>
  <name>
   Adidas Jeans U-1933
  </name>
  <category>
   Jeans
  </category>
  <size>
   XXL
  </size>
  <color>
   Голубой
  </color>
  <material>
   Вискоза
  </material>
  <price>
   643960
  </price>
  <rating>
   2.48
  </rating>
  <reviews>
   508318
  </reviews>
 </clothing>
 <clothing>
  <id>
   600315744
  </id>
  <name>
   Vans Socks Q-9478
  </name>
  <category>
   Socks
  </category>
  <size>
   S
  </size>
  <color>
   Красный
  </color>
  <material>
   Шелк
  </material>
  <price>
   274226
  </price>
  <rating>
   2.86
  </rating>
  <reviews>
   880152
  </reviews>
  <exclusive>
   yes
  </exclusive>
 </clothing>
 <clothing>
  <id>
   243199576
  </id>
  <name>
   Under Armour Socks W-8044
  </name>
  <category>
   Socks
  </category>
  <size>
   M
  </size>
  <color>
   Красный
  </color>
  <material>
   Лен
  </material>
  <price>
   514801
  </price>
  <rating>
   2.26
  </rating>
  <reviews>
   24286
  </reviews>
 </clothing>
</clothing-items>
