<?xml version="1.0" encoding="utf-8"?>
<clothing-items>
 <clothing>
  <id>
   114450233
  </id>
  <name>
   Lacoste Blouse S-2223
  </name>
  <category>
   Blouse
  </category>
  <size>
   L
  </size>
  <color>
   Оранжевый
  </color>
  <material>
   Шелк
  </material>
  <price>
   160758
  </price>
  <rating>
   4.29
  </rating>
  <reviews>
   570230
  </reviews>
  <new>
   -
  </new>
  <exclusive>
   yes
  </exclusive>
 </clothing>
 <clothing>
  <id>
   826259953
  </id>
  <name>
   DC Hat P-6748
  </name>
  <category>
   Hat
  </category>
  <size>
   M
  </size>
  <color>
   Голубой
  </color>
  <material>
   Хлопок
  </material>
  <price>
   393692
  </price>
  <rating>
   2.13
  </rating>
  <reviews>
   2592
  </reviews>
  <new>
   -
  </new>
  <sporty>
   no
  </sporty>
 </clothing>
 <clothing>
  <id>
   665651495
  </id>
  <name>
   Addidas Blouse O-5684
  </name>
  <category>
   Blouse
  </category>
  <size>
   S
  </size>
  <color>
   Фиолетовый
  </color>
  <material>
   Полиэстер
  </material>
  <price>
   899749
  </price>
  <rating>
   3.77
  </rating>
  <reviews>
   599200
  </reviews>
  <new>
   +
  </new>
  <exclusive>
   yes
  </exclusive>
  <sporty>
   no
  </sporty>
 </clothing>
 <clothing>
  <id>
   514298447
  </id>
  <name>
   Reebok Hat L-4879
  </name>
  <category>
   Hat
  </category>
  <size>
   XL
  </size>
  <color>
   Фиолетовый
  </color>
  <material>
   Кожа
  </material>
  <price>
   624855
  </price>
  <rating>
   4.36
  </rating>
  <reviews>
   933034
  </reviews>
  <exclusive>
   no
  </exclusive>
 </clothing>
 <clothing>
  <id>
   163016337
  </id>
  <name>
   Puma T-shirt L-5944
  </name>
  <category>
   T-shirt
  </category>
  <size>
   XL
  </size>
  <color>
   Зеленый
  </color>
  <material>
   Шерсть
  </material>
  <price>
   767765
  </price>
  <rating>
   2.16
  </rating>
  <reviews>
   256328
  </reviews>
  <exclusive>
   no
  </exclusive>
 </clothing>
 <clothing>
  <id>
   313553214
  </id>
  <name>
   Nike Jacket Y-5428
  </name>
  <category>
   Jacket
  </category>
  <size>
   L
  </size>
  <color>
   Оранжевый
  </color>
  <material>
   Хлопок
  </material>
  <price>
   304943
  </price>
  <rating>
   1.87
  </rating>
  <reviews>
   559469
  </reviews>
  <exclusive>
   no
  </exclusive>
  <sporty>
   no
  </sporty>
 </clothing>
 <clothing>
  <id>
   153178017
  </id>
  <name>
   Puma Skirt A-6589
  </name>
  <category>
   Skirt
  </category>
  <size>
   XL
  </size>
  <color>
   Голубой
  </color>
  <material>
   Хлопок
  </material>
  <price>
   682195
  </price>
  <rating>
   3.0
  </rating>
  <reviews>
   95039
  </reviews>
  <new>
   -
  </new>
  <sporty>
   yes
  </sporty>
 </clothing>
 <clothing>
  <id>
   474498578
  </id>
  <name>
   New Balance Jacket N-8006
  </name>
  <category>
   Jacket
  </category>
  <size>
   L
  </size>
  <color>
   Синий
  </color>
  <material>
   Нейлон
  </material>
  <price>
   768897
  </price>
  <rating>
   4.33
  </rating>
  <reviews>
   629336
  </reviews>
  <exclusive>
   yes
  </exclusive>
  <sporty>
   yes
  </sporty>
 </clothing>
 <clothing>
  <id>
   724093507
  </id>
  <name>
   Asics Handbags Y-8549
  </name>
  <category>
   Handbags
  </category>
  <size>
   S
  </size>
  <color>
   Оранжевый
  </color>
  <material>
   Кожа
  </material>
  <price>
   507355
  </price>
  <rating>
   2.87
  </rating>
  <reviews>
   515001
  </reviews>
  <exclusive>
   yes
  </exclusive>
  <sporty>
   yes
  </sporty>
 </clothing>
 <clothing>
  <id>
   251389847
  </id>
  <name>
   New Balance Umbrellas N-5460
  </name>
  <category>
   Umbrellas
  </category>
  <size>
   L
  </size>
  <color>
   Оранжевый
  </color>
  <material>
   Шерсть
  </material>
  <price>
   614170
  </price>
  <rating>
   4.77
  </rating>
  <reviews>
   219244
  </reviews>
  <new>
   -
  </new>
  <exclusive>
   yes
  </exclusive>
  <sporty>
   no
  </sporty>
 </clothing>
 <clothing>
  <id>
   874927362
  </id>
  <name>
   Puma Handbags I-4129
  </name>
  <category>
   Handbags
  </category>
  <size>
   S
  </size>
  <color>
   Зеленый
  </color>
  <material>
   Кожа
  </material>
  <price>
   408735
  </price>
  <rating>
   3.31
  </rating>
  <reviews>
   762519
  </reviews>
  <new>
   -
  </new>
  <exclusive>
   no
  </exclusive>
 </clothing>
 <clothing>
  <id>
   466985931
  </id>
  <name>
   Lacoste Skirt N-4900
  </name>
  <category>
   Skirt
  </category>
  <size>
   XL
  </size>
  <color>
   Желтый
  </color>
  <material>
   Полиэстер
  </material>
  <price>
   815299
  </price>
  <rating>
   3.63
  </rating>
  <reviews>
   660077
  </reviews>
  <exclusive>
   yes
  </exclusive>
 </clothing>
 <clothing>
  <id>
   479548062
  </id>
  <name>
   Adidas Blouse Z-9476
  </name>
  <category>
   Blouse
  </category>
  <size>
   S
  </size>
  <color>
   Зеленый
  </color>
  <material>
   Вискоза
  </material>
  <price>
   389481
  </price>
  <rating>
   2.84
  </rating>
  <reviews>
   550153
  </reviews>
  <new>
   -
  </new>
  <exclusive>
   yes
  </exclusive>
 </clothing>
 <clothing>
  <id>
   886168726
  </id>
  <name>
   New Balance Gloves X-1060
  </name>
  <category>
   Gloves
  </category>
  <size>
   S
  </size>
  <color>
   Фиолетовый
  </color>
  <material>
   Кожа
  </material>
  <price>
   478899
  </price>
  <rating>
   3.7
  </rating>
  <reviews>
   563881
  </reviews>
  <exclusive>
   yes
  </exclusive>
  <sporty>
   no
  </sporty>
 </clothing>
 <clothing>
  <id>
   952598296
  </id>
  <name>
   Under Armour Gloves Y-2731
  </name>
  <category>
   Gloves
  </category>
  <size>
   XXL
  </size>
  <color>
   Фиолетовый
  </color>
  <material>
   Лен
  </material>
  <price>
   357322
  </price>
  <rating>
   4.36
  </rating>
  <reviews>
   471336
  </reviews>
  <new>
   -
  </new>
  <exclusive>
   yes
  </exclusive>
 </clothing>
 <clothing>
  <id>
   427096962
  </id>
  <name>
   Addidas Handbags H-9937
  </name>
  <category>
   Handbags
  </category>
  <size>
   XL
  </size>
  <color>
   Фиолетовый
  </color>
  <material>
   Кожа
  </material>
  <price>
   777475
  </price>
  <rating>
   4.32
  </rating>
  <reviews>
   721397
  </reviews>
  <new>
   -
  </new>
 </clothing>
 <clothing>
  <id>
   843164857
  </id>
  <name>
   Converse Jacket N-2711
  </name>
  <category>
   Jacket
  </category>
  <size>
   XL
  </size>
  <color>
   Фиолетовый
  </color>
  <material>
   Шелк
  </material>
  <price>
   835806
  </price>
  <rating>
   2.23
  </rating>
  <reviews>
   936961
  </reviews>
  <sporty>
   no
  </sporty>
 </clothing>
 <clothing>
  <id>
   404803048
  </id>
  <name>
   DC Shoes E-4179
  </name>
  <category>
   Shoes
  </category>
  <size>
   XXL
  </size>
  <color>
   Зеленый
  </color>
  <material>
   Вискоза
  </material>
  <price>
   767468
  </price>
  <rating>
   4.05
  </rating>
  <reviews>
   440271
  </reviews>
  <exclusive>
   yes
  </exclusive>
  <sporty>
   yes
  </sporty>
 </clothing>
 <clothing>
  <id>
   634577083
  </id>
  <name>
   PleinSport Handbags W-8535
  </name>
  <category>
   Handbags
  </category>
  <size>
   L
  </size>
  <color>
   Фиолетовый
  </color>
  <material>
   Хлопок
  </material>
  <price>
   965514
  </price>
  <rating>
   1.09
  </rating>
  <reviews>
   536124
  </reviews>
  <sporty>
   yes
  </sporty>
 </clothing>
 <clothing>
  <id>
   740204794
  </id>
  <name>
   Under Armour Shoes U-6335
  </name>
  <category>
   Shoes
  </category>
  <size>
   XL
  </size>
  <color>
   Оранжевый
  </color>
  <material>
   Полиэстер
  </material>
  <price>
   665116
  </price>
  <rating>
   4.04
  </rating>
  <reviews>
   778563
  </reviews>
  <sporty>
   no
  </sporty>
 </clothing>
 <clothing>
  <id>
   150201830
  </id>
  <name>
   Lacoste Shoes W-1007
  </name>
  <category>
   Shoes
  </category>
  <size>
   XXL
  </size>
  <color>
   Фиолетовый
  </color>
  <material>
   Кожа
  </material>
  <price>
   444061
  </price>
  <rating>
   4.18
  </rating>
  <reviews>
   789626
  </reviews>
  <new>
   -
  </new>
  <exclusive>
   no
  </exclusive>
  <sporty>
   yes
  </sporty>
 </clothing>
 <clothing>
  <id>
   375595855
  </id>
  <name>
   Addidas Shoes E-2115
  </name>
  <category>
   Shoes
  </category>
  <size>
   M
  </size>
  <color>
   Синий
  </color>
  <material>
   Шерсть
  </material>
  <price>
   179468
  </price>
  <rating>
   1.25
  </rating>
  <reviews>
   977665
  </reviews>
 </clothing>
 <clothing>
  <id>
   965286701
  </id>
  <name>
   Brooks Pants S-2156
  </name>
  <category>
   Pants
  </category>
  <size>
   S
  </size>
  <color>
   Оранжевый
  </color>
  <material>
   Шелк
  </material>
  <price>
   793485
  </price>
  <rating>
   2.96
  </rating>
  <reviews>
   969503
  </reviews>
  <new>
   +
  </new>
 </clothing>
 <clothing>
  <id>
   969725444
  </id>
  <name>
   DC Blouse S-8089
  </name>
  <category>
   Blouse
  </category>
  <size>
   XL
  </size>
  <color>
   Голубой
  </color>
  <material>
   Вискоза
  </material>
  <price>
   262202
  </price>
  <rating>
   3.65
  </rating>
  <reviews>
   431220
  </reviews>
  <exclusive>
   no
  </exclusive>
  <sporty>
   yes
  </sporty>
 </clothing>
 <clothing>
  <id>
   186217055
  </id>
  <name>
   Reebok Handbags C-5066
  </name>
  <category>
   Handbags
  </category>
  <size>
   S
  </size>
  <color>
   Оранжевый
  </color>
  <material>
   Шерсть
  </material>
  <price>
   854188
  </price>
  <rating>
   1.97
  </rating>
  <reviews>
   765700
  </reviews>
  <exclusive>
   yes
  </exclusive>
 </clothing>
 <clothing>
  <id>
   702961609
  </id>
  <name>
   Lacoste Dress E-3568
  </name>
  <category>
   Dress
  </category>
  <size>
   XXL
  </size>
  <color>
   Синий
  </color>
  <material>
   Полиэстер
  </material>
  <price>
   320386
  </price>
  <rating>
   3.69
  </rating>
  <reviews>
   857600
  </reviews>
  <new>
   -
  </new>
  <exclusive>
   no
  </exclusive>
  <sporty>
   no
  </sporty>
 </clothing>
 <clothing>
  <id>
   999377632
  </id>
  <name>
   Reebok Gloves B-6158
  </name>
  <category>
   Gloves
  </category>
  <size>
   XXL
  </size>
  <color>
   Фиолетовый
  </color>
  <material>
   Вискоза
  </material>
  <price>
   414489
  </price>
  <rating>
   1.93
  </rating>
  <reviews>
   478186
  </reviews>
  <exclusive>
   no
  </exclusive>
 </clothing>
 <clothing>
  <id>
   407605465
  </id>
  <name>
   Reebok Socks X-1908
  </name>
  <category>
   Socks
  </category>
  <size>
   S
  </size>
  <color>
   Красный
  </color>
  <material>
   Шелк
  </material>
  <price>
   838605
  </price>
  <rating>
   3.98
  </rating>
  <reviews>
   405004
  </reviews>
  <new>
   +
  </new>
  <sporty>
   no
  </sporty>
 </clothing>
 <clothing>
  <id>
   158685895
  </id>
  <name>
   Asics Shirt V-7073
  </name>
  <category>
   Shirt
  </category>
  <size>
   S
  </size>
  <color>
   Синий
  </color>
  <material>
   Хлопок
  </material>
  <price>
   399827
  </price>
  <rating>
   3.74
  </rating>
  <reviews>
   232126
  </reviews>
  <new>
   -
  </new>
 </clothing>
 <clothing>
  <id>
   979928099
  </id>
  <name>
   Nike Shirt K-6146
  </name>
  <category>
   Shirt
  </category>
  <size>
   XXL
  </size>
  <color>
   Голубой
  </color>
  <material>
   Шелк
  </material>
  <price>
   378613
  </price>
  <rating>
   2.17
  </rating>
  <reviews>
   483952
  </reviews>
  <new>
   -
  </new>
 </clothing>
 <clothing>
  <id>
   146578042
  </id>
  <name>
   Nike Handbags F-9146
  </name>
  <category>
   Handbags
  </category>
  <size>
   XL
  </size>
  <color>
   Зеленый
  </color>
  <material>
   Хлопок
  </material>
  <price>
   348746
  </price>
  <rating>
   4.06
  </rating>
  <reviews>
   858420
  </reviews>
  <exclusive>
   no
  </exclusive>
 </clothing>
 <clothing>
  <id>
   615492975
  </id>
  <name>
   Reebok Umbrellas U-8265
  </name>
  <category>
   Umbrellas
  </category>
  <size>
   XXL
  </size>
  <color>
   Оранжевый
  </color>
  <material>
   Нейлон
  </material>
  <price>
   693979
  </price>
  <rating>
   3.45
  </rating>
  <reviews>
   524131
  </reviews>
  <new>
   +
  </new>
  <exclusive>
   no
  </exclusive>
  <sporty>
   yes
  </sporty>
 </clothing>
 <clothing>
  <id>
   412538012
  </id>
  <name>
   Under Armour Umbrellas L-1499
  </name>
  <category>
   Umbrellas
  </category>
  <size>
   XL
  </size>
  <color>
   Оранжевый
  </color>
  <material>
   Нейлон
  </material>
  <price>
   588242
  </price>
  <rating>
   1.31
  </rating>
  <reviews>
   704440
  </reviews>
  <exclusive>
   yes
  </exclusive>
  <sporty>
   no
  </sporty>
 </clothing>
</clothing-items>
