<?xml version="1.0" encoding="utf-8"?>
<clothing-items>
 <clothing>
  <id>
   854301236
  </id>
  <name>
   Asics Jacket T-8179
  </name>
  <category>
   Jacket
  </category>
  <size>
   XXL
  </size>
  <color>
   Оранжевый
  </color>
  <material>
   Кожа
  </material>
  <price>
   244133
  </price>
  <rating>
   2.58
  </rating>
  <reviews>
   144201
  </reviews>
  <new>
   +
  </new>
  <exclusive>
   no
  </exclusive>
 </clothing>
 <clothing>
  <id>
   877062018
  </id>
  <name>
   Puma Shirt F-2576
  </name>
  <category>
   Shirt
  </category>
  <size>
   S
  </size>
  <color>
   Голубой
  </color>
  <material>
   Хлопок
  </material>
  <price>
   587199
  </price>
  <rating>
   4.49
  </rating>
  <reviews>
   44988
  </reviews>
  <sporty>
   no
  </sporty>
 </clothing>
 <clothing>
  <id>
   464405910
  </id>
  <name>
   Puma Skirt R-9613
  </name>
  <category>
   Skirt
  </category>
  <size>
   M
  </size>
  <color>
   Зеленый
  </color>
  <material>
   Шелк
  </material>
  <price>
   709852
  </price>
  <rating>
   2.35
  </rating>
  <reviews>
   373203
  </reviews>
  <new>
   -
  </new>
  <sporty>
   no
  </sporty>
 </clothing>
 <clothing>
  <id>
   754767237
  </id>
  <name>
   Reebok Shirt S-4405
  </name>
  <category>
   Shirt
  </category>
  <size>
   L
  </size>
  <color>
   Зеленый
  </color>
  <material>
   Хлопок
  </material>
  <price>
   183760
  </price>
  <rating>
   4.58
  </rating>
  <reviews>
   99335
  </reviews>
  <new>
   -
  </new>
  <exclusive>
   yes
  </exclusive>
 </clothing>
 <clothing>
  <id>
   602836277
  </id>
  <name>
   Under Armour Sweater P-7068
  </name>
  <category>
   Sweater
  </category>
  <size>
   M
  </size>
  <color>
   Голубой
  </color>
  <material>
   Хлопок
  </material>
  <price>
   253521
  </price>
  <rating>
   1.1
  </rating>
  <reviews>
   799742
  </reviews>
  <new>
   -
  </new>
  <exclusive>
   no
  </exclusive>
  <sporty>
   no
  </sporty>
 </clothing>
 <clothing>
  <id>
   431214841
  </id>
  <name>
   New Balance Handbags W-9970
  </name>
  <category>
   Handbags
  </category>
  <size>
   L
  </size>
  <color>
   Оранжевый
  </color>
  <material>
   Нейлон
  </material>
  <price>
   224105
  </price>
  <rating>
   3.17
  </rating>
  <reviews>
   54317
  </reviews>
  <new>
   -
  </new>
  <sporty>
   yes
  </sporty>
 </clothing>
 <clothing>
  <id>
   225417847
  </id>
  <name>
   Brooks Jeans F-8677
  </name>
  <category>
   Jeans
  </category>
  <size>
   XXL
  </size>
  <color>
   Желтый
  </color>
  <material>
   Кожа
  </material>
  <price>
   343907
  </price>
  <rating>
   1.13
  </rating>
  <reviews>
   968819
  </reviews>
  <exclusive>
   no
  </exclusive>
 </clothing>
 <clothing>
  <id>
   525382823
  </id>
  <name>
   Puma Skirt G-2704
  </name>
  <category>
   Skirt
  </category>
  <size>
   M
  </size>
  <color>
   Красный
  </color>
  <material>
   Лен
  </material>
  <price>
   334971
  </price>
  <rating>
   2.63
  </rating>
  <reviews>
   807849
  </reviews>
  <exclusive>
   yes
  </exclusive>
  <sporty>
   no
  </sporty>
 </clothing>
 <clothing>
  <id>
   189116992
  </id>
  <name>
   Asics Jeans G-6055
  </name>
  <category>
   Jeans
  </category>
  <size>
   L
  </size>
  <color>
   Красный
  </color>
  <material>
   Вискоза
  </material>
  <price>
   576481
  </price>
  <rating>
   3.51
  </rating>
  <reviews>
   787285
  </reviews>
  <new>
   -
  </new>
 </clothing>
 <clothing>
  <id>
   677536362
  </id>
  <name>
   Nike Socks S-6236
  </name>
  <category>
   Socks
  </category>
  <size>
   M
  </size>
  <color>
   Голубой
  </color>
  <material>
   Полиэстер
  </material>
  <price>
   701039
  </price>
  <rating>
   3.45
  </rating>
  <reviews>
   662441
  </reviews>
  <exclusive>
   yes
  </exclusive>
  <sporty>
   yes
  </sporty>
 </clothing>
 <clothing>
  <id>
   856242910
  </id>
  <name>
   Addidas Gloves Z-1478
  </name>
  <category>
   Gloves
  </category>
  <size>
   XXL
  </size>
  <color>
   Желтый
  </color>
  <material>
   Полиэстер
  </material>
  <price>
   326634
  </price>
  <rating>
   3.83
  </rating>
  <reviews>
   247934
  </reviews>
  <exclusive>
   yes
  </exclusive>
 </clothing>
 <clothing>
  <id>
   149115013
  </id>
  <name>
   DC Pants G-8285
  </name>
  <category>
   Pants
  </category>
  <size>
   L
  </size>
  <color>
   Синий
  </color>
  <material>
   Кожа
  </material>
  <price>
   364359
  </price>
  <rating>
   3.82
  </rating>
  <reviews>
   697229
  </reviews>
  <new>
   -
  </new>
 </clothing>
 <clothing>
  <id>
   605743272
  </id>
  <name>
   DC Pants Z-1435
  </name>
  <category>
   Pants
  </category>
  <size>
   XL
  </size>
  <color>
   Красный
  </color>
  <material>
   Кожа
  </material>
  <price>
   676132
  </price>
  <rating>
   1.92
  </rating>
  <reviews>
   373024
  </reviews>
  <new>
   -
  </new>
  <exclusive>
   no
  </exclusive>
  <sporty>
   yes
  </sporty>
 </clothing>
 <clothing>
  <id>
   778853608
  </id>
  <name>
   New Balance Dress N-7090
  </name>
  <category>
   Dress
  </category>
  <size>
   XL
  </size>
  <color>
   Голубой
  </color>
  <material>
   Кожа
  </material>
  <price>
   598356
  </price>
  <rating>
   1.86
  </rating>
  <reviews>
   637379
  </reviews>
  <new>
   -
  </new>
  <exclusive>
   yes
  </exclusive>
 </clothing>
 <clothing>
  <id>
   339846685
  </id>
  <name>
   PleinSport Shoes K-7410
  </name>
  <category>
   Shoes
  </category>
  <size>
   XL
  </size>
  <color>
   Синий
  </color>
  <material>
   Вискоза
  </material>
  <price>
   314101
  </price>
  <rating>
   4.83
  </rating>
  <reviews>
   897776
  </reviews>
  <new>
   +
  </new>
  <exclusive>
   no
  </exclusive>
 </clothing>
 <clothing>
  <id>
   467722712
  </id>
  <name>
   New Balance Blouse F-6060
  </name>
  <category>
   Blouse
  </category>
  <size>
   S
  </size>
  <color>
   Голубой
  </color>
  <material>
   Шелк
  </material>
  <price>
   189118
  </price>
  <rating>
   3.82
  </rating>
  <reviews>
   925109
  </reviews>
  <new>
   -
  </new>
  <sporty>
   no
  </sporty>
 </clothing>
 <clothing>
  <id>
   943078948
  </id>
  <name>
   Ellesse Jeans X-6699
  </name>
  <category>
   Jeans
  </category>
  <size>
   L
  </size>
  <color>
   Голубой
  </color>
  <material>
   Вискоза
  </material>
  <price>
   581450
  </price>
  <rating>
   2.62
  </rating>
  <reviews>
   639551
  </reviews>
  <new>
   -
  </new>
  <exclusive>
   no
  </exclusive>
 </clothing>
 <clothing>
  <id>
   798701600
  </id>
  <name>
   Adidas Jacket D-7710
  </name>
  <category>
   Jacket
  </category>
  <size>
   S
  </size>
  <color>
   Оранжевый
  </color>
  <material>
   Лен
  </material>
  <price>
   314206
  </price>
  <rating>
   1.54
  </rating>
  <reviews>
   844039
  </reviews>
  <exclusive>
   no
  </exclusive>
 </clothing>
 <clothing>
  <id>
   915836075
  </id>
  <name>
   Ellesse T-shirt C-4465
  </name>
  <category>
   T-shirt
  </category>
  <size>
   S
  </size>
  <color>
   Фиолетовый
  </color>
  <material>
   Нейлон
  </material>
  <price>
   126692
  </price>
  <rating>
   4.87
  </rating>
  <reviews>
   642763
  </reviews>
 </clothing>
 <clothing>
  <id>
   117741097
  </id>
  <name>
   Lacoste Dress G-7637
  </name>
  <category>
   Dress
  </category>
  <size>
   XXL
  </size>
  <color>
   Зеленый
  </color>
  <material>
   Лен
  </material>
  <price>
   606596
  </price>
  <rating>
   3.7
  </rating>
  <reviews>
   19432
  </reviews>
 </clothing>
 <clothing>
  <id>
   839667055
  </id>
  <name>
   Addidas Gloves N-5744
  </name>
  <category>
   Gloves
  </category>
  <size>
   S
  </size>
  <color>
   Голубой
  </color>
  <material>
   Вискоза
  </material>
  <price>
   279139
  </price>
  <rating>
   3.3
  </rating>
  <reviews>
   381273
  </reviews>
  <new>
   -
  </new>
  <sporty>
   yes
  </sporty>
 </clothing>
 <clothing>
  <id>
   896433841
  </id>
  <name>
   Lacoste T-shirt Y-3459
  </name>
  <category>
   T-shirt
  </category>
  <size>
   M
  </size>
  <color>
   Фиолетовый
  </color>
  <material>
   Нейлон
  </material>
  <price>
   743681
  </price>
  <rating>
   2.18
  </rating>
  <reviews>
   102193
  </reviews>
  <new>
   -
  </new>
  <exclusive>
   no
  </exclusive>
 </clothing>
 <clothing>
  <id>
   759767196
  </id>
  <name>
   Puma Socks T-5987
  </name>
  <category>
   Socks
  </category>
  <size>
   S
  </size>
  <color>
   Зеленый
  </color>
  <material>
   Вискоза
  </material>
  <price>
   503457
  </price>
  <rating>
   1.74
  </rating>
  <reviews>
   230721
  </reviews>
  <exclusive>
   no
  </exclusive>
  <sporty>
   yes
  </sporty>
 </clothing>
 <clothing>
  <id>
   892727481
  </id>
  <name>
   Reebok Hat P-8050
  </name>
  <category>
   Hat
  </category>
  <size>
   M
  </size>
  <color>
   Синий
  </color>
  <material>
   Полиэстер
  </material>
  <price>
   453697
  </price>
  <rating>
   3.73
  </rating>
  <reviews>
   416121
  </reviews>
  <new>
   -
  </new>
  <exclusive>
   yes
  </exclusive>
  <sporty>
   no
  </sporty>
 </clothing>
 <clothing>
  <id>
   137209942
  </id>
  <name>
   Ellesse Handbags U-6869
  </name>
  <category>
   Handbags
  </category>
  <size>
   XL
  </size>
  <color>
   Желтый
  </color>
  <material>
   Хлопок
  </material>
  <price>
   386088
  </price>
  <rating>
   1.24
  </rating>
  <reviews>
   2732
  </reviews>
  <new>
   -
  </new>
  <sporty>
   no
  </sporty>
 </clothing>
 <clothing>
  <id>
   437649628
  </id>
  <name>
   Asics Dress E-8475
  </name>
  <category>
   Dress
  </category>
  <size>
   L
  </size>
  <color>
   Синий
  </color>
  <material>
   Кожа
  </material>
  <price>
   240103
  </price>
  <rating>
   2.78
  </rating>
  <reviews>
   896925
  </reviews>
  <exclusive>
   no
  </exclusive>
 </clothing>
 <clothing>
  <id>
   413981914
  </id>
  <name>
   PleinSport Sweater D-9679
  </name>
  <category>
   Sweater
  </category>
  <size>
   XL
  </size>
  <color>
   Синий
  </color>
  <material>
   Шелк
  </material>
  <price>
   401772
  </price>
  <rating>
   1.79
  </rating>
  <reviews>
   208039
  </reviews>
  <new>
   -
  </new>
  <exclusive>
   no
  </exclusive>
 </clothing>
 <clothing>
  <id>
   741272574
  </id>
  <name>
   Puma Pants I-8544
  </name>
  <category>
   Pants
  </category>
  <size>
   L
  </size>
  <color>
   Желтый
  </color>
  <material>
   Лен
  </material>
  <price>
   474832
  </price>
  <rating>
   2.8
  </rating>
  <reviews>
   807566
  </reviews>
  <new>
   -
  </new>
  <sporty>
   no
  </sporty>
 </clothing>
 <clothing>
  <id>
   120756637
  </id>
  <name>
   Vans Shirt K-6214
  </name>
  <category>
   Shirt
  </category>
  <size>
   S
  </size>
  <color>
   Фиолетовый
  </color>
  <material>
   Вискоза
  </material>
  <price>
   174030
  </price>
  <rating>
   2.46
  </rating>
  <reviews>
   967269
  </reviews>
  <exclusive>
   yes
  </exclusive>
  <sporty>
   no
  </sporty>
 </clothing>
 <clothing>
  <id>
   971348345
  </id>
  <name>
   Reebok Umbrellas Y-6566
  </name>
  <category>
   Umbrellas
  </category>
  <size>
   M
  </size>
  <color>
   Зеленый
  </color>
  <material>
   Нейлон
  </material>
  <price>
   193107
  </price>
  <rating>
   1.56
  </rating>
  <reviews>
   269455
  </reviews>
  <sporty>
   no
  </sporty>
 </clothing>
 <clothing>
  <id>
   669980155
  </id>
  <name>
   Lacoste Jeans V-8520
  </name>
  <category>
   Jeans
  </category>
  <size>
   S
  </size>
  <color>
   Фиолетовый
  </color>
  <material>
   Полиэстер
  </material>
  <price>
   578088
  </price>
  <rating>
   2.55
  </rating>
  <reviews>
   535850
  </reviews>
  <new>
   -
  </new>
  <exclusive>
   yes
  </exclusive>
  <sporty>
   no
  </sporty>
 </clothing>
 <clothing>
  <id>
   821202476
  </id>
  <name>
   PleinSport Jacket C-4371
  </name>
  <category>
   Jacket
  </category>
  <size>
   L
  </size>
  <color>
   Синий
  </color>
  <material>
   Вискоза
  </material>
  <price>
   826960
  </price>
  <rating>
   4.37
  </rating>
  <reviews>
   35937
  </reviews>
  <new>
   +
  </new>
  <sporty>
   no
  </sporty>
 </clothing>
 <clothing>
  <id>
   984309104
  </id>
  <name>
   Vans Socks N-2611
  </name>
  <category>
   Socks
  </category>
  <size>
   M
  </size>
  <color>
   Синий
  </color>
  <material>
   Лен
  </material>
  <price>
   749431
  </price>
  <rating>
   4.74
  </rating>
  <reviews>
   239401
  </reviews>
  <exclusive>
   no
  </exclusive>
 </clothing>
 <clothing>
  <id>
   846827229
  </id>
  <name>
   Vans Socks X-9773
  </name>
  <category>
   Socks
  </category>
  <size>
   XL
  </size>
  <color>
   Фиолетовый
  </color>
  <material>
   Шерсть
  </material>
  <price>
   534446
  </price>
  <rating>
   3.69
  </rating>
  <reviews>
   106154
  </reviews>
  <new>
   +
  </new>
  <exclusive>
   yes
  </exclusive>
  <sporty>
   no
  </sporty>
 </clothing>
 <clothing>
  <id>
   276881278
  </id>
  <name>
   Reebok Dress U-1898
  </name>
  <category>
   Dress
  </category>
  <size>
   L
  </size>
  <color>
   Красный
  </color>
  <material>
   Хлопок
  </material>
  <price>
   874505
  </price>
  <rating>
   3.61
  </rating>
  <reviews>
   112365
  </reviews>
 </clothing>
 <clothing>
  <id>
   270159830
  </id>
  <name>
   Under Armour Skirt T-8912
  </name>
  <category>
   Skirt
  </category>
  <size>
   L
  </size>
  <color>
   Синий
  </color>
  <material>
   Лен
  </material>
  <price>
   394607
  </price>
  <rating>
   2.9
  </rating>
  <reviews>
   875351
  </reviews>
  <exclusive>
   yes
  </exclusive>
  <sporty>
   yes
  </sporty>
 </clothing>
 <clothing>
  <id>
   951334733
  </id>
  <name>
   Addidas Shirt Z-1700
  </name>
  <category>
   Shirt
  </category>
  <size>
   M
  </size>
  <color>
   Синий
  </color>
  <material>
   Шелк
  </material>
  <price>
   209081
  </price>
  <rating>
   2.55
  </rating>
  <reviews>
   408452
  </reviews>
  <new>
   +
  </new>
 </clothing>
 <clothing>
  <id>
   934653070
  </id>
  <name>
   Asics Jeans B-4978
  </name>
  <category>
   Jeans
  </category>
  <size>
   L
  </size>
  <color>
   Синий
  </color>
  <material>
   Лен
  </material>
  <price>
   699725
  </price>
  <rating>
   4.6
  </rating>
  <reviews>
   918058
  </reviews>
  <new>
   +
  </new>
 </clothing>
 <clothing>
  <id>
   163086196
  </id>
  <name>
   Asics T-shirt E-8837
  </name>
  <category>
   T-shirt
  </category>
  <size>
   XL
  </size>
  <color>
   Желтый
  </color>
  <material>
   Вискоза
  </material>
  <price>
   819897
  </price>
  <rating>
   4.78
  </rating>
  <reviews>
   308601
  </reviews>
  <new>
   +
  </new>
  <exclusive>
   no
  </exclusive>
  <sporty>
   yes
  </sporty>
 </clothing>
</clothing-items>
