<?xml version="1.0" encoding="utf-8"?>
<clothing-items>
 <clothing>
  <id>
   887490814
  </id>
  <name>
   Asics Belts P-5475
  </name>
  <category>
   Belts
  </category>
  <size>
   XL
  </size>
  <color>
   Голубой
  </color>
  <material>
   Кожа
  </material>
  <price>
   354348
  </price>
  <rating>
   3.29
  </rating>
  <reviews>
   73700
  </reviews>
  <exclusive>
   no
  </exclusive>
  <sporty>
   no
  </sporty>
 </clothing>
 <clothing>
  <id>
   471075100
  </id>
  <name>
   New Balance Belts C-3717
  </name>
  <category>
   Belts
  </category>
  <size>
   L
  </size>
  <color>
   Фиолетовый
  </color>
  <material>
   Нейлон
  </material>
  <price>
   154692
  </price>
  <rating>
   1.13
  </rating>
  <reviews>
   680843
  </reviews>
  <new>
   -
  </new>
 </clothing>
 <clothing>
  <id>
   906389342
  </id>
  <name>
   Fila Gloves K-4197
  </name>
  <category>
   Gloves
  </category>
  <size>
   XXL
  </size>
  <color>
   Синий
  </color>
  <material>
   Вискоза
  </material>
  <price>
   495276
  </price>
  <rating>
   3.37
  </rating>
  <reviews>
   152113
  </reviews>
 </clothing>
 <clothing>
  <id>
   845256387
  </id>
  <name>
   Puma Pants Y-7381
  </name>
  <category>
   Pants
  </category>
  <size>
   M
  </size>
  <color>
   Синий
  </color>
  <material>
   Лен
  </material>
  <price>
   486463
  </price>
  <rating>
   1.48
  </rating>
  <reviews>
   365442
  </reviews>
  <new>
   -
  </new>
  <exclusive>
   no
  </exclusive>
 </clothing>
 <clothing>
  <id>
   336579738
  </id>
  <name>
   Brooks Handbags G-6120
  </name>
  <category>
   Handbags
  </category>
  <size>
   L
  </size>
  <color>
   Оранжевый
  </color>
  <material>
   Лен
  </material>
  <price>
   613412
  </price>
  <rating>
   4.23
  </rating>
  <reviews>
   452352
  </reviews>
  <sporty>
   no
  </sporty>
 </clothing>
 <clothing>
  <id>
   554715560
  </id>
  <name>
   Reebok Gloves L-5923
  </name>
  <category>
   Gloves
  </category>
  <size>
   L
  </size>
  <color>
   Фиолетовый
  </color>
  <material>
   Шелк
  </material>
  <price>
   369094
  </price>
  <rating>
   4.46
  </rating>
  <reviews>
   220577
  </reviews>
  <exclusive>
   yes
  </exclusive>
  <sporty>
   no
  </sporty>
 </clothing>
 <clothing>
  <id>
   681455910
  </id>
  <name>
   Brooks Socks P-4671
  </name>
  <category>
   Socks
  </category>
  <size>
   XXL
  </size>
  <color>
   Фиолетовый
  </color>
  <material>
   Лен
  </material>
  <price>
   176848
  </price>
  <rating>
   4.57
  </rating>
  <reviews>
   300909
  </reviews>
  <new>
   +
  </new>
  <exclusive>
   no
  </exclusive>
  <sporty>
   yes
  </sporty>
 </clothing>
 <clothing>
  <id>
   491187975
  </id>
  <name>
   Lacoste Socks N-2042
  </name>
  <category>
   Socks
  </category>
  <size>
   XL
  </size>
  <color>
   Синий
  </color>
  <material>
   Полиэстер
  </material>
  <price>
   954750
  </price>
  <rating>
   3.26
  </rating>
  <reviews>
   753827
  </reviews>
  <new>
   +
  </new>
  <sporty>
   no
  </sporty>
 </clothing>
 <clothing>
  <id>
   865329930
  </id>
  <name>
   Puma Shirt I-7673
  </name>
  <category>
   Shirt
  </category>
  <size>
   S
  </size>
  <color>
   Желтый
  </color>
  <material>
   Шелк
  </material>
  <price>
   999658
  </price>
  <rating>
   4.85
  </rating>
  <reviews>
   142239
  </reviews>
  <new>
   -
  </new>
 </clothing>
 <clothing>
  <id>
   191768170
  </id>
  <name>
   Under Armour Belts Q-8602
  </name>
  <category>
   Belts
  </category>
  <size>
   XL
  </size>
  <color>
   Желтый
  </color>
  <material>
   Вискоза
  </material>
  <price>
   681093
  </price>
  <rating>
   4.63
  </rating>
  <reviews>
   302045
  </reviews>
  <sporty>
   yes
  </sporty>
 </clothing>
 <clothing>
  <id>
   590002329
  </id>
  <name>
   Asics Shirt U-7607
  </name>
  <category>
   Shirt
  </category>
  <size>
   XL
  </size>
  <color>
   Голубой
  </color>
  <material>
   Лен
  </material>
  <price>
   658508
  </price>
  <rating>
   3.25
  </rating>
  <reviews>
   987984
  </reviews>
  <new>
   -
  </new>
  <sporty>
   no
  </sporty>
 </clothing>
 <clothing>
  <id>
   716458410
  </id>
  <name>
   Ellesse Umbrellas Q-4833
  </name>
  <category>
   Umbrellas
  </category>
  <size>
   XL
  </size>
  <color>
   Желтый
  </color>
  <material>
   Шерсть
  </material>
  <price>
   434970
  </price>
  <rating>
   2.56
  </rating>
  <reviews>
   508074
  </reviews>
  <exclusive>
   yes
  </exclusive>
  <sporty>
   no
  </sporty>
 </clothing>
 <clothing>
  <id>
   770375452
  </id>
  <name>
   Brooks Umbrellas P-5880
  </name>
  <category>
   Umbrellas
  </category>
  <size>
   L
  </size>
  <color>
   Оранжевый
  </color>
  <material>
   Полиэстер
  </material>
  <price>
   860190
  </price>
  <rating>
   2.1
  </rating>
  <reviews>
   92438
  </reviews>
  <new>
   -
  </new>
 </clothing>
 <clothing>
  <id>
   673552060
  </id>
  <name>
   DC Jacket M-8638
  </name>
  <category>
   Jacket
  </category>
  <size>
   L
  </size>
  <color>
   Зеленый
  </color>
  <material>
   Шерсть
  </material>
  <price>
   115303
  </price>
  <rating>
   4.4
  </rating>
  <reviews>
   906216
  </reviews>
  <new>
   -
  </new>
  <exclusive>
   yes
  </exclusive>
  <sporty>
   no
  </sporty>
 </clothing>
 <clothing>
  <id>
   975225253
  </id>
  <name>
   Brooks Skirt F-4886
  </name>
  <category>
   Skirt
  </category>
  <size>
   XL
  </size>
  <color>
   Голубой
  </color>
  <material>
   Полиэстер
  </material>
  <price>
   324594
  </price>
  <rating>
   2.72
  </rating>
  <reviews>
   422819
  </reviews>
  <new>
   +
  </new>
  <exclusive>
   no
  </exclusive>
 </clothing>
 <clothing>
  <id>
   818586372
  </id>
  <name>
   Ellesse Handbags V-5091
  </name>
  <category>
   Handbags
  </category>
  <size>
   XL
  </size>
  <color>
   Оранжевый
  </color>
  <material>
   Шерсть
  </material>
  <price>
   483250
  </price>
  <rating>
   4.27
  </rating>
  <reviews>
   129455
  </reviews>
  <new>
   +
  </new>
  <exclusive>
   yes
  </exclusive>
  <sporty>
   yes
  </sporty>
 </clothing>
 <clothing>
  <id>
   433870986
  </id>
  <name>
   Vans Pants M-1382
  </name>
  <category>
   Pants
  </category>
  <size>
   L
  </size>
  <color>
   Красный
  </color>
  <material>
   Шелк
  </material>
  <price>
   476503
  </price>
  <rating>
   4.48
  </rating>
  <reviews>
   171314
  </reviews>
  <new>
   +
  </new>
  <sporty>
   no
  </sporty>
 </clothing>
 <clothing>
  <id>
   247240407
  </id>
  <name>
   PleinSport Handbags Y-9257
  </name>
  <category>
   Handbags
  </category>
  <size>
   S
  </size>
  <color>
   Желтый
  </color>
  <material>
   Лен
  </material>
  <price>
   250472
  </price>
  <rating>
   1.96
  </rating>
  <reviews>
   776384
  </reviews>
  <exclusive>
   yes
  </exclusive>
  <sporty>
   no
  </sporty>
 </clothing>
 <clothing>
  <id>
   964845557
  </id>
  <name>
   Puma Blouse A-8276
  </name>
  <category>
   Blouse
  </category>
  <size>
   XXL
  </size>
  <color>
   Оранжевый
  </color>
  <material>
   Лен
  </material>
  <price>
   467819
  </price>
  <rating>
   1.98
  </rating>
  <reviews>
   418213
  </reviews>
  <new>
   +
  </new>
  <exclusive>
   yes
  </exclusive>
  <sporty>
   no
  </sporty>
 </clothing>
 <clothing>
  <id>
   725337374
  </id>
  <name>
   Vans Umbrellas A-7066
  </name>
  <category>
   Umbrellas
  </category>
  <size>
   XL
  </size>
  <color>
   Красный
  </color>
  <material>
   Кожа
  </material>
  <price>
   267133
  </price>
  <rating>
   2.16
  </rating>
  <reviews>
   122913
  </reviews>
  <new>
   +
  </new>
 </clothing>
 <clothing>
  <id>
   114594952
  </id>
  <name>
   Asics Belts I-6587
  </name>
  <category>
   Belts
  </category>
  <size>
   S
  </size>
  <color>
   Желтый
  </color>
  <material>
   Нейлон
  </material>
  <price>
   614807
  </price>
  <rating>
   4.51
  </rating>
  <reviews>
   347833
  </reviews>
  <new>
   -
  </new>
  <sporty>
   yes
  </sporty>
 </clothing>
 <clothing>
  <id>
   944068457
  </id>
  <name>
   Fila Blouse O-3214
  </name>
  <category>
   Blouse
  </category>
  <size>
   S
  </size>
  <color>
   Зеленый
  </color>
  <material>
   Полиэстер
  </material>
  <price>
   346772
  </price>
  <rating>
   4.72
  </rating>
  <reviews>
   174553
  </reviews>
  <exclusive>
   yes
  </exclusive>
  <sporty>
   yes
  </sporty>
 </clothing>
 <clothing>
  <id>
   449477819
  </id>
  <name>
   DC Socks I-1605
  </name>
  <category>
   Socks
  </category>
  <size>
   M
  </size>
  <color>
   Красный
  </color>
  <material>
   Вискоза
  </material>
  <price>
   465930
  </price>
  <rating>
   2.6
  </rating>
  <reviews>
   300935
  </reviews>
  <new>
   -
  </new>
  <exclusive>
   no
  </exclusive>
 </clothing>
 <clothing>
  <id>
   143226819
  </id>
  <name>
   DC Pants J-8199
  </name>
  <category>
   Pants
  </category>
  <size>
   L
  </size>
  <color>
   Синий
  </color>
  <material>
   Вискоза
  </material>
  <price>
   484466
  </price>
  <rating>
   3.8
  </rating>
  <reviews>
   36655
  </reviews>
  <sporty>
   no
  </sporty>
 </clothing>
 <clothing>
  <id>
   489751377
  </id>
  <name>
   Addidas T-shirt I-9310
  </name>
  <category>
   T-shirt
  </category>
  <size>
   S
  </size>
  <color>
   Голубой
  </color>
  <material>
   Хлопок
  </material>
  <price>
   895506
  </price>
  <rating>
   1.58
  </rating>
  <reviews>
   809923
  </reviews>
  <new>
   +
  </new>
  <exclusive>
   no
  </exclusive>
  <sporty>
   no
  </sporty>
 </clothing>
 <clothing>
  <id>
   676771347
  </id>
  <name>
   Reebok Pants Z-2081
  </name>
  <category>
   Pants
  </category>
  <size>
   XXL
  </size>
  <color>
   Синий
  </color>
  <material>
   Шерсть
  </material>
  <price>
   432761
  </price>
  <rating>
   3.78
  </rating>
  <reviews>
   35817
  </reviews>
  <new>
   +
  </new>
  <exclusive>
   no
  </exclusive>
  <sporty>
   yes
  </sporty>
 </clothing>
 <clothing>
  <id>
   940572421
  </id>
  <name>
   Vans Sweater G-7583
  </name>
  <category>
   Sweater
  </category>
  <size>
   S
  </size>
  <color>
   Оранжевый
  </color>
  <material>
   Полиэстер
  </material>
  <price>
   499571
  </price>
  <rating>
   2.7
  </rating>
  <reviews>
   492359
  </reviews>
  <new>
   -
  </new>
  <exclusive>
   yes
  </exclusive>
 </clothing>
 <clothing>
  <id>
   818046122
  </id>
  <name>
   Lacoste Skirt W-7335
  </name>
  <category>
   Skirt
  </category>
  <size>
   XXL
  </size>
  <color>
   Оранжевый
  </color>
  <material>
   Хлопок
  </material>
  <price>
   395443
  </price>
  <rating>
   3.34
  </rating>
  <reviews>
   902978
  </reviews>
  <new>
   +
  </new>
 </clothing>
 <clothing>
  <id>
   930378912
  </id>
  <name>
   Addidas Jacket A-2424
  </name>
  <category>
   Jacket
  </category>
  <size>
   XL
  </size>
  <color>
   Синий
  </color>
  <material>
   Шерсть
  </material>
  <price>
   223848
  </price>
  <rating>
   4.19
  </rating>
  <reviews>
   8855
  </reviews>
  <new>
   -
  </new>
 </clothing>
 <clothing>
  <id>
   515593518
  </id>
  <name>
   Converse Skirt J-4653
  </name>
  <category>
   Skirt
  </category>
  <size>
   XL
  </size>
  <color>
   Красный
  </color>
  <material>
   Шелк
  </material>
  <price>
   215605
  </price>
  <rating>
   2.26
  </rating>
  <reviews>
   993867
  </reviews>
  <new>
   -
  </new>
  <exclusive>
   yes
  </exclusive>
  <sporty>
   no
  </sporty>
 </clothing>
 <clothing>
  <id>
   224057133
  </id>
  <name>
   New Balance Handbags K-8872
  </name>
  <category>
   Handbags
  </category>
  <size>
   L
  </size>
  <color>
   Голубой
  </color>
  <material>
   Полиэстер
  </material>
  <price>
   264646
  </price>
  <rating>
   1.26
  </rating>
  <reviews>
   142679
  </reviews>
  <new>
   -
  </new>
  <sporty>
   yes
  </sporty>
 </clothing>
 <clothing>
  <id>
   941244380
  </id>
  <name>
   Lacoste Sweater F-3909
  </name>
  <category>
   Sweater
  </category>
  <size>
   XL
  </size>
  <color>
   Красный
  </color>
  <material>
   Вискоза
  </material>
  <price>
   841361
  </price>
  <rating>
   2.54
  </rating>
  <reviews>
   173160
  </reviews>
  <new>
   -
  </new>
  <sporty>
   no
  </sporty>
 </clothing>
</clothing-items>
