<?xml version="1.0" encoding="utf-8"?>
<clothing-items>
 <clothing>
  <id>
   262689771
  </id>
  <name>
   Puma Shirt D-1328
  </name>
  <category>
   Shirt
  </category>
  <size>
   M
  </size>
  <color>
   Желтый
  </color>
  <material>
   Кожа
  </material>
  <price>
   333624
  </price>
  <rating>
   1.86
  </rating>
  <reviews>
   805756
  </reviews>
  <new>
   +
  </new>
  <exclusive>
   no
  </exclusive>
 </clothing>
 <clothing>
  <id>
   796618213
  </id>
  <name>
   Reebok Pants W-4717
  </name>
  <category>
   Pants
  </category>
  <size>
   L
  </size>
  <color>
   Оранжевый
  </color>
  <material>
   Шелк
  </material>
  <price>
   987161
  </price>
  <rating>
   3.49
  </rating>
  <reviews>
   1934
  </reviews>
  <new>
   -
  </new>
  <exclusive>
   yes
  </exclusive>
 </clothing>
 <clothing>
  <id>
   242065805
  </id>
  <name>
   Nike Socks E-9282
  </name>
  <category>
   Socks
  </category>
  <size>
   S
  </size>
  <color>
   Зеленый
  </color>
  <material>
   Полиэстер
  </material>
  <price>
   464321
  </price>
  <rating>
   3.91
  </rating>
  <reviews>
   48049
  </reviews>
  <new>
   -
  </new>
  <exclusive>
   yes
  </exclusive>
  <sporty>
   no
  </sporty>
 </clothing>
 <clothing>
  <id>
   949918381
  </id>
  <name>
   Adidas Shirt Z-8154
  </name>
  <category>
   Shirt
  </category>
  <size>
   M
  </size>
  <color>
   Оранжевый
  </color>
  <material>
   Полиэстер
  </material>
  <price>
   219861
  </price>
  <rating>
   3.21
  </rating>
  <reviews>
   170081
  </reviews>
  <sporty>
   yes
  </sporty>
 </clothing>
 <clothing>
  <id>
   703444373
  </id>
  <name>
   New Balance Jeans V-9267
  </name>
  <category>
   Jeans
  </category>
  <size>
   XL
  </size>
  <color>
   Оранжевый
  </color>
  <material>
   Шелк
  </material>
  <price>
   954138
  </price>
  <rating>
   4.27
  </rating>
  <reviews>
   263374
  </reviews>
  <exclusive>
   no
  </exclusive>
  <sporty>
   yes
  </sporty>
 </clothing>
 <clothing>
  <id>
   968642231
  </id>
  <name>
   Puma T-shirt O-8457
  </name>
  <category>
   T-shirt
  </category>
  <size>
   L
  </size>
  <color>
   Синий
  </color>
  <material>
   Нейлон
  </material>
  <price>
   533567
  </price>
  <rating>
   1.27
  </rating>
  <reviews>
   178923
  </reviews>
  <new>
   +
  </new>
  <exclusive>
   yes
  </exclusive>
 </clothing>
 <clothing>
  <id>
   664369435
  </id>
  <name>
   DC Dress U-2422
  </name>
  <category>
   Dress
  </category>
  <size>
   XXL
  </size>
  <color>
   Оранжевый
  </color>
  <material>
   Вискоза
  </material>
  <price>
   302550
  </price>
  <rating>
   2.58
  </rating>
  <reviews>
   971072
  </reviews>
  <new>
   -
  </new>
  <exclusive>
   yes
  </exclusive>
 </clothing>
 <clothing>
  <id>
   724439388
  </id>
  <name>
   Converse Umbrellas W-9768
  </name>
  <category>
   Umbrellas
  </category>
  <size>
   XL
  </size>
  <color>
   Желтый
  </color>
  <material>
   Лен
  </material>
  <price>
   594726
  </price>
  <rating>
   3.98
  </rating>
  <reviews>
   403317
  </reviews>
  <new>
   +
  </new>
  <sporty>
   yes
  </sporty>
 </clothing>
 <clothing>
  <id>
   595029810
  </id>
  <name>
   Asics Jeans R-7686
  </name>
  <category>
   Jeans
  </category>
  <size>
   XXL
  </size>
  <color>
   Синий
  </color>
  <material>
   Полиэстер
  </material>
  <price>
   998739
  </price>
  <rating>
   1.71
  </rating>
  <reviews>
   27438
  </reviews>
  <new>
   -
  </new>
  <exclusive>
   no
  </exclusive>
 </clothing>
 <clothing>
  <id>
   623752041
  </id>
  <name>
   Ellesse Jacket P-3592
  </name>
  <category>
   Jacket
  </category>
  <size>
   XXL
  </size>
  <color>
   Оранжевый
  </color>
  <material>
   Шелк
  </material>
  <price>
   307182
  </price>
  <rating>
   1.11
  </rating>
  <reviews>
   358285
  </reviews>
  <new>
   -
  </new>
  <exclusive>
   yes
  </exclusive>
  <sporty>
   no
  </sporty>
 </clothing>
 <clothing>
  <id>
   331431911
  </id>
  <name>
   Ellesse Jacket B-3214
  </name>
  <category>
   Jacket
  </category>
  <size>
   L
  </size>
  <color>
   Фиолетовый
  </color>
  <material>
   Нейлон
  </material>
  <price>
   783161
  </price>
  <rating>
   1.43
  </rating>
  <reviews>
   506146
  </reviews>
  <new>
   -
  </new>
  <sporty>
   no
  </sporty>
 </clothing>
 <clothing>
  <id>
   620714862
  </id>
  <name>
   Fila Gloves F-6059
  </name>
  <category>
   Gloves
  </category>
  <size>
   M
  </size>
  <color>
   Фиолетовый
  </color>
  <material>
   Кожа
  </material>
  <price>
   947433
  </price>
  <rating>
   3.81
  </rating>
  <reviews>
   815426
  </reviews>
  <new>
   -
  </new>
  <exclusive>
   no
  </exclusive>
 </clothing>
 <clothing>
  <id>
   286325144
  </id>
  <name>
   Ellesse Sweater K-7759
  </name>
  <category>
   Sweater
  </category>
  <size>
   S
  </size>
  <color>
   Желтый
  </color>
  <material>
   Шелк
  </material>
  <price>
   458187
  </price>
  <rating>
   4.54
  </rating>
  <reviews>
   60098
  </reviews>
  <new>
   -
  </new>
  <exclusive>
   yes
  </exclusive>
  <sporty>
   yes
  </sporty>
 </clothing>
 <clothing>
  <id>
   115221740
  </id>
  <name>
   New Balance Pants B-6558
  </name>
  <category>
   Pants
  </category>
  <size>
   L
  </size>
  <color>
   Зеленый
  </color>
  <material>
   Полиэстер
  </material>
  <price>
   392828
  </price>
  <rating>
   1.18
  </rating>
  <reviews>
   451140
  </reviews>
  <exclusive>
   no
  </exclusive>
 </clothing>
 <clothing>
  <id>
   292486294
  </id>
  <name>
   PleinSport Skirt H-2264
  </name>
  <category>
   Skirt
  </category>
  <size>
   XXL
  </size>
  <color>
   Фиолетовый
  </color>
  <material>
   Полиэстер
  </material>
  <price>
   491888
  </price>
  <rating>
   1.15
  </rating>
  <reviews>
   845184
  </reviews>
  <exclusive>
   no
  </exclusive>
  <sporty>
   no
  </sporty>
 </clothing>
 <clothing>
  <id>
   526416978
  </id>
  <name>
   Vans Jeans R-1788
  </name>
  <category>
   Jeans
  </category>
  <size>
   L
  </size>
  <color>
   Оранжевый
  </color>
  <material>
   Полиэстер
  </material>
  <price>
   995059
  </price>
  <rating>
   3.19
  </rating>
  <reviews>
   188388
  </reviews>
  <new>
   -
  </new>
  <exclusive>
   yes
  </exclusive>
  <sporty>
   yes
  </sporty>
 </clothing>
 <clothing>
  <id>
   358368543
  </id>
  <name>
   Lacoste Socks T-5593
  </name>
  <category>
   Socks
  </category>
  <size>
   S
  </size>
  <color>
   Голубой
  </color>
  <material>
   Полиэстер
  </material>
  <price>
   107620
  </price>
  <rating>
   3.1
  </rating>
  <reviews>
   812776
  </reviews>
  <new>
   -
  </new>
 </clothing>
 <clothing>
  <id>
   164898081
  </id>
  <name>
   Brooks Hat K-3782
  </name>
  <category>
   Hat
  </category>
  <size>
   M
  </size>
  <color>
   Зеленый
  </color>
  <material>
   Шерсть
  </material>
  <price>
   755578
  </price>
  <rating>
   2.21
  </rating>
  <reviews>
   259943
  </reviews>
  <exclusive>
   yes
  </exclusive>
 </clothing>
 <clothing>
  <id>
   972466325
  </id>
  <name>
   Lacoste Blouse S-1927
  </name>
  <category>
   Blouse
  </category>
  <size>
   L
  </size>
  <color>
   Желтый
  </color>
  <material>
   Полиэстер
  </material>
  <price>
   337538
  </price>
  <rating>
   2.9
  </rating>
  <reviews>
   662110
  </reviews>
  <new>
   +
  </new>
  <exclusive>
   no
  </exclusive>
  <sporty>
   yes
  </sporty>
 </clothing>
 <clothing>
  <id>
   360521362
  </id>
  <name>
   PleinSport Hat B-3601
  </name>
  <category>
   Hat
  </category>
  <size>
   XXL
  </size>
  <color>
   Зеленый
  </color>
  <material>
   Шерсть
  </material>
  <price>
   488110
  </price>
  <rating>
   4.63
  </rating>
  <reviews>
   778078
  </reviews>
  <new>
   +
  </new>
 </clothing>
 <clothing>
  <id>
   938946644
  </id>
  <name>
   Fila Pants X-8938
  </name>
  <category>
   Pants
  </category>
  <size>
   XXL
  </size>
  <color>
   Синий
  </color>
  <material>
   Шерсть
  </material>
  <price>
   349327
  </price>
  <rating>
   2.13
  </rating>
  <reviews>
   767380
  </reviews>
 </clothing>
 <clothing>
  <id>
   245727748
  </id>
  <name>
   Addidas Hat S-1739
  </name>
  <category>
   Hat
  </category>
  <size>
   S
  </size>
  <color>
   Желтый
  </color>
  <material>
   Шелк
  </material>
  <price>
   832566
  </price>
  <rating>
   4.74
  </rating>
  <reviews>
   93968
  </reviews>
  <exclusive>
   yes
  </exclusive>
 </clothing>
 <clothing>
  <id>
   279069465
  </id>
  <name>
   Lacoste Jacket P-7916
  </name>
  <category>
   Jacket
  </category>
  <size>
   S
  </size>
  <color>
   Красный
  </color>
  <material>
   Кожа
  </material>
  <price>
   637532
  </price>
  <rating>
   3.25
  </rating>
  <reviews>
   501760
  </reviews>
  <exclusive>
   yes
  </exclusive>
 </clothing>
 <clothing>
  <id>
   637682419
  </id>
  <name>
   Lacoste Blouse E-7455
  </name>
  <category>
   Blouse
  </category>
  <size>
   XXL
  </size>
  <color>
   Фиолетовый
  </color>
  <material>
   Вискоза
  </material>
  <price>
   946096
  </price>
  <rating>
   2.14
  </rating>
  <reviews>
   22438
  </reviews>
  <new>
   -
  </new>
  <exclusive>
   yes
  </exclusive>
 </clothing>
 <clothing>
  <id>
   129349322
  </id>
  <name>
   DC Jacket N-9718
  </name>
  <category>
   Jacket
  </category>
  <size>
   XL
  </size>
  <color>
   Красный
  </color>
  <material>
   Вискоза
  </material>
  <price>
   860837
  </price>
  <rating>
   3.01
  </rating>
  <reviews>
   484635
  </reviews>
  <new>
   +
  </new>
 </clothing>
 <clothing>
  <id>
   981162812
  </id>
  <name>
   Asics Umbrellas G-1114
  </name>
  <category>
   Umbrellas
  </category>
  <size>
   M
  </size>
  <color>
   Фиолетовый
  </color>
  <material>
   Лен
  </material>
  <price>
   856668
  </price>
  <rating>
   2.11
  </rating>
  <reviews>
   688489
  </reviews>
  <exclusive>
   no
  </exclusive>
  <sporty>
   no
  </sporty>
 </clothing>
 <clothing>
  <id>
   943366379
  </id>
  <name>
   Ellesse Jacket B-4217
  </name>
  <category>
   Jacket
  </category>
  <size>
   XL
  </size>
  <color>
   Оранжевый
  </color>
  <material>
   Шерсть
  </material>
  <price>
   696984
  </price>
  <rating>
   3.44
  </rating>
  <reviews>
   861902
  </reviews>
  <new>
   +
  </new>
  <exclusive>
   yes
  </exclusive>
  <sporty>
   no
  </sporty>
 </clothing>
 <clothing>
  <id>
   851960655
  </id>
  <name>
   Ellesse Socks L-1825
  </name>
  <category>
   Socks
  </category>
  <size>
   XL
  </size>
  <color>
   Синий
  </color>
  <material>
   Шерсть
  </material>
  <price>
   490382
  </price>
  <rating>
   1.27
  </rating>
  <reviews>
   783632
  </reviews>
  <sporty>
   no
  </sporty>
 </clothing>
 <clothing>
  <id>
   330989740
  </id>
  <name>
   Asics Dress N-8302
  </name>
  <category>
   Dress
  </category>
  <size>
   L
  </size>
  <color>
   Красный
  </color>
  <material>
   Шелк
  </material>
  <price>
   348931
  </price>
  <rating>
   4.59
  </rating>
  <reviews>
   890973
  </reviews>
  <new>
   -
  </new>
  <sporty>
   no
  </sporty>
 </clothing>
 <clothing>
  <id>
   863916847
  </id>
  <name>
   Vans Gloves I-9485
  </name>
  <category>
   Gloves
  </category>
  <size>
   XXL
  </size>
  <color>
   Фиолетовый
  </color>
  <material>
   Шерсть
  </material>
  <price>
   155268
  </price>
  <rating>
   1.01
  </rating>
  <reviews>
   314430
  </reviews>
  <new>
   +
  </new>
  <sporty>
   no
  </sporty>
 </clothing>
 <clothing>
  <id>
   969635636
  </id>
  <name>
   Reebok Blouse L-6016
  </name>
  <category>
   Blouse
  </category>
  <size>
   S
  </size>
  <color>
   Желтый
  </color>
  <material>
   Вискоза
  </material>
  <price>
   345923
  </price>
  <rating>
   2.69
  </rating>
  <reviews>
   937809
  </reviews>
  <new>
   -
  </new>
  <exclusive>
   no
  </exclusive>
  <sporty>
   no
  </sporty>
 </clothing>
 <clothing>
  <id>
   876522249
  </id>
  <name>
   Under Armour Dress E-4866
  </name>
  <category>
   Dress
  </category>
  <size>
   M
  </size>
  <color>
   Голубой
  </color>
  <material>
   Полиэстер
  </material>
  <price>
   644010
  </price>
  <rating>
   2.63
  </rating>
  <reviews>
   544890
  </reviews>
 </clothing>
 <clothing>
  <id>
   457575853
  </id>
  <name>
   Ellesse Umbrellas C-3080
  </name>
  <category>
   Umbrellas
  </category>
  <size>
   XXL
  </size>
  <color>
   Голубой
  </color>
  <material>
   Полиэстер
  </material>
  <price>
   138578
  </price>
  <rating>
   2.59
  </rating>
  <reviews>
   891373
  </reviews>
  <exclusive>
   no
  </exclusive>
 </clothing>
 <clothing>
  <id>
   605700215
  </id>
  <name>
   Nike Hat M-5600
  </name>
  <category>
   Hat
  </category>
  <size>
   XL
  </size>
  <color>
   Красный
  </color>
  <material>
   Шелк
  </material>
  <price>
   808957
  </price>
  <rating>
   3.91
  </rating>
  <reviews>
   22090
  </reviews>
  <new>
   -
  </new>
 </clothing>
 <clothing>
  <id>
   449622824
  </id>
  <name>
   Puma Hat R-1383
  </name>
  <category>
   Hat
  </category>
  <size>
   XL
  </size>
  <color>
   Оранжевый
  </color>
  <material>
   Хлопок
  </material>
  <price>
   911542
  </price>
  <rating>
   2.02
  </rating>
  <reviews>
   215695
  </reviews>
  <exclusive>
   no
  </exclusive>
 </clothing>
 <clothing>
  <id>
   419493012
  </id>
  <name>
   Brooks Blouse L-7731
  </name>
  <category>
   Blouse
  </category>
  <size>
   L
  </size>
  <color>
   Голубой
  </color>
  <material>
   Полиэстер
  </material>
  <price>
   713145
  </price>
  <rating>
   2.13
  </rating>
  <reviews>
   341310
  </reviews>
  <exclusive>
   no
  </exclusive>
  <sporty>
   no
  </sporty>
 </clothing>
 <clothing>
  <id>
   643770071
  </id>
  <name>
   PleinSport Blouse Q-3418
  </name>
  <category>
   Blouse
  </category>
  <size>
   XXL
  </size>
  <color>
   Фиолетовый
  </color>
  <material>
   Вискоза
  </material>
  <price>
   432937
  </price>
  <rating>
   4.31
  </rating>
  <reviews>
   774201
  </reviews>
  <exclusive>
   no
  </exclusive>
 </clothing>
 <clothing>
  <id>
   818796491
  </id>
  <name>
   Asics Handbags U-9454
  </name>
  <category>
   Handbags
  </category>
  <size>
   S
  </size>
  <color>
   Синий
  </color>
  <material>
   Нейлон
  </material>
  <price>
   481383
  </price>
  <rating>
   2.62
  </rating>
  <reviews>
   662744
  </reviews>
  <exclusive>
   no
  </exclusive>
  <sporty>
   no
  </sporty>
 </clothing>
 <clothing>
  <id>
   649216095
  </id>
  <name>
   Reebok Skirt K-3040
  </name>
  <category>
   Skirt
  </category>
  <size>
   XL
  </size>
  <color>
   Оранжевый
  </color>
  <material>
   Хлопок
  </material>
  <price>
   365574
  </price>
  <rating>
   1.37
  </rating>
  <reviews>
   566485
  </reviews>
  <new>
   -
  </new>
 </clothing>
 <clothing>
  <id>
   533208681
  </id>
  <name>
   Brooks Gloves C-6841
  </name>
  <category>
   Gloves
  </category>
  <size>
   XXL
  </size>
  <color>
   Синий
  </color>
  <material>
   Вискоза
  </material>
  <price>
   534253
  </price>
  <rating>
   1.8
  </rating>
  <reviews>
   841373
  </reviews>
  <new>
   +
  </new>
  <exclusive>
   no
  </exclusive>
 </clothing>
 <clothing>
  <id>
   327481613
  </id>
  <name>
   PleinSport Dress R-8682
  </name>
  <category>
   Dress
  </category>
  <size>
   L
  </size>
  <color>
   Голубой
  </color>
  <material>
   Кожа
  </material>
  <price>
   290344
  </price>
  <rating>
   4.56
  </rating>
  <reviews>
   895311
  </reviews>
  <new>
   +
  </new>
 </clothing>
 <clothing>
  <id>
   690270977
  </id>
  <name>
   Addidas Hat X-4875
  </name>
  <category>
   Hat
  </category>
  <size>
   M
  </size>
  <color>
   Голубой
  </color>
  <material>
   Нейлон
  </material>
  <price>
   153169
  </price>
  <rating>
   3.37
  </rating>
  <reviews>
   926709
  </reviews>
 </clothing>
 <clothing>
  <id>
   946323222
  </id>
  <name>
   Reebok Shoes O-7905
  </name>
  <category>
   Shoes
  </category>
  <size>
   XL
  </size>
  <color>
   Синий
  </color>
  <material>
   Хлопок
  </material>
  <price>
   432392
  </price>
  <rating>
   2.19
  </rating>
  <reviews>
   957211
  </reviews>
  <new>
   -
  </new>
  <exclusive>
   yes
  </exclusive>
 </clothing>
 <clothing>
  <id>
   244375357
  </id>
  <name>
   Ellesse Skirt W-8064
  </name>
  <category>
   Skirt
  </category>
  <size>
   S
  </size>
  <color>
   Оранжевый
  </color>
  <material>
   Кожа
  </material>
  <price>
   618973
  </price>
  <rating>
   3.11
  </rating>
  <reviews>
   992045
  </reviews>
  <exclusive>
   no
  </exclusive>
  <sporty>
   yes
  </sporty>
 </clothing>
 <clothing>
  <id>
   304261509
  </id>
  <name>
   New Balance Umbrellas X-8235
  </name>
  <category>
   Umbrellas
  </category>
  <size>
   M
  </size>
  <color>
   Зеленый
  </color>
  <material>
   Шерсть
  </material>
  <price>
   866883
  </price>
  <rating>
   3.59
  </rating>
  <reviews>
   533939
  </reviews>
  <sporty>
   yes
  </sporty>
 </clothing>
 <clothing>
  <id>
   748401323
  </id>
  <name>
   Addidas Skirt O-7920
  </name>
  <category>
   Skirt
  </category>
  <size>
   XL
  </size>
  <color>
   Фиолетовый
  </color>
  <material>
   Вискоза
  </material>
  <price>
   584674
  </price>
  <rating>
   3.84
  </rating>
  <reviews>
   712689
  </reviews>
  <exclusive>
   no
  </exclusive>
 </clothing>
 <clothing>
  <id>
   967297753
  </id>
  <name>
   Ellesse Jeans Z-8232
  </name>
  <category>
   Jeans
  </category>
  <size>
   S
  </size>
  <color>
   Красный
  </color>
  <material>
   Вискоза
  </material>
  <price>
   389978
  </price>
  <rating>
   1.61
  </rating>
  <reviews>
   545935
  </reviews>
  <new>
   -
  </new>
  <exclusive>
   no
  </exclusive>
  <sporty>
   no
  </sporty>
 </clothing>
 <clothing>
  <id>
   835723614
  </id>
  <name>
   PleinSport Sweater Z-7905
  </name>
  <category>
   Sweater
  </category>
  <size>
   M
  </size>
  <color>
   Синий
  </color>
  <material>
   Лен
  </material>
  <price>
   842878
  </price>
  <rating>
   2.72
  </rating>
  <reviews>
   311649
  </reviews>
  <new>
   +
  </new>
  <exclusive>
   yes
  </exclusive>
 </clothing>
 <clothing>
  <id>
   458827968
  </id>
  <name>
   Fila Jacket K-8829
  </name>
  <category>
   Jacket
  </category>
  <size>
   S
  </size>
  <color>
   Желтый
  </color>
  <material>
   Шерсть
  </material>
  <price>
   235969
  </price>
  <rating>
   4.13
  </rating>
  <reviews>
   621000
  </reviews>
  <exclusive>
   yes
  </exclusive>
  <sporty>
   no
  </sporty>
 </clothing>
</clothing-items>
