<?xml version="1.0" encoding="utf-8"?>
<clothing-items>
 <clothing>
  <id>
   161473636
  </id>
  <name>
   Ellesse Umbrellas D-2912
  </name>
  <category>
   Umbrellas
  </category>
  <size>
   XXL
  </size>
  <color>
   Оранжевый
  </color>
  <material>
   Шерсть
  </material>
  <price>
   190883
  </price>
  <rating>
   4.12
  </rating>
  <reviews>
   628590
  </reviews>
  <sporty>
   yes
  </sporty>
 </clothing>
 <clothing>
  <id>
   812572627
  </id>
  <name>
   Converse Pants A-7466
  </name>
  <category>
   Pants
  </category>
  <size>
   M
  </size>
  <color>
   Синий
  </color>
  <material>
   Лен
  </material>
  <price>
   132789
  </price>
  <rating>
   3.51
  </rating>
  <reviews>
   902084
  </reviews>
  <new>
   -
  </new>
 </clothing>
 <clothing>
  <id>
   987718156
  </id>
  <name>
   Fila Shirt L-4953
  </name>
  <category>
   Shirt
  </category>
  <size>
   XL
  </size>
  <color>
   Синий
  </color>
  <material>
   Шерсть
  </material>
  <price>
   674518
  </price>
  <rating>
   3.18
  </rating>
  <reviews>
   55699
  </reviews>
  <exclusive>
   yes
  </exclusive>
 </clothing>
 <clothing>
  <id>
   790909010
  </id>
  <name>
   Vans T-shirt T-6940
  </name>
  <category>
   T-shirt
  </category>
  <size>
   L
  </size>
  <color>
   Красный
  </color>
  <material>
   Шелк
  </material>
  <price>
   282424
  </price>
  <rating>
   1.21
  </rating>
  <reviews>
   617379
  </reviews>
  <exclusive>
   yes
  </exclusive>
  <sporty>
   no
  </sporty>
 </clothing>
 <clothing>
  <id>
   841525033
  </id>
  <name>
   Vans Skirt N-2152
  </name>
  <category>
   Skirt
  </category>
  <size>
   L
  </size>
  <color>
   Оранжевый
  </color>
  <material>
   Шерсть
  </material>
  <price>
   554057
  </price>
  <rating>
   1.31
  </rating>
  <reviews>
   295570
  </reviews>
  <exclusive>
   yes
  </exclusive>
  <sporty>
   no
  </sporty>
 </clothing>
 <clothing>
  <id>
   657575842
  </id>
  <name>
   PleinSport Gloves S-4195
  </name>
  <category>
   Gloves
  </category>
  <size>
   XL
  </size>
  <color>
   Зеленый
  </color>
  <material>
   Шелк
  </material>
  <price>
   667420
  </price>
  <rating>
   4.02
  </rating>
  <reviews>
   312146
  </reviews>
  <new>
   -
  </new>
  <exclusive>
   no
  </exclusive>
  <sporty>
   yes
  </sporty>
 </clothing>
 <clothing>
  <id>
   308699552
  </id>
  <name>
   PleinSport Handbags Z-2497
  </name>
  <category>
   Handbags
  </category>
  <size>
   S
  </size>
  <color>
   Красный
  </color>
  <material>
   Кожа
  </material>
  <price>
   457397
  </price>
  <rating>
   3.47
  </rating>
  <reviews>
   601727
  </reviews>
  <new>
   -
  </new>
  <sporty>
   yes
  </sporty>
 </clothing>
 <clothing>
  <id>
   843266036
  </id>
  <name>
   Asics Jacket L-6582
  </name>
  <category>
   Jacket
  </category>
  <size>
   XXL
  </size>
  <color>
   Фиолетовый
  </color>
  <material>
   Шерсть
  </material>
  <price>
   410763
  </price>
  <rating>
   1.83
  </rating>
  <reviews>
   509258
  </reviews>
  <new>
   -
  </new>
 </clothing>
 <clothing>
  <id>
   469993540
  </id>
  <name>
   Fila Gloves H-8218
  </name>
  <category>
   Gloves
  </category>
  <size>
   XXL
  </size>
  <color>
   Зеленый
  </color>
  <material>
   Шелк
  </material>
  <price>
   536996
  </price>
  <rating>
   3.68
  </rating>
  <reviews>
   842149
  </reviews>
  <exclusive>
   no
  </exclusive>
  <sporty>
   yes
  </sporty>
 </clothing>
 <clothing>
  <id>
   365375820
  </id>
  <name>
   Adidas Sweater U-5824
  </name>
  <category>
   Sweater
  </category>
  <size>
   S
  </size>
  <color>
   Зеленый
  </color>
  <material>
   Нейлон
  </material>
  <price>
   482295
  </price>
  <rating>
   2.44
  </rating>
  <reviews>
   402093
  </reviews>
  <new>
   +
  </new>
  <exclusive>
   no
  </exclusive>
 </clothing>
 <clothing>
  <id>
   407031441
  </id>
  <name>
   Vans Sweater C-5702
  </name>
  <category>
   Sweater
  </category>
  <size>
   XXL
  </size>
  <color>
   Синий
  </color>
  <material>
   Хлопок
  </material>
  <price>
   940899
  </price>
  <rating>
   3.61
  </rating>
  <reviews>
   822754
  </reviews>
  <sporty>
   yes
  </sporty>
 </clothing>
 <clothing>
  <id>
   348082831
  </id>
  <name>
   Adidas Jeans X-7653
  </name>
  <category>
   Jeans
  </category>
  <size>
   M
  </size>
  <color>
   Фиолетовый
  </color>
  <material>
   Лен
  </material>
  <price>
   360197
  </price>
  <rating>
   3.05
  </rating>
  <reviews>
   306777
  </reviews>
  <new>
   -
  </new>
 </clothing>
</clothing-items>
