<?xml version="1.0" encoding="utf-8"?>
<clothing-items>
 <clothing>
  <id>
   672996822
  </id>
  <name>
   Nike Jacket T-2686
  </name>
  <category>
   Jacket
  </category>
  <size>
   S
  </size>
  <color>
   Красный
  </color>
  <material>
   Полиэстер
  </material>
  <price>
   987078
  </price>
  <rating>
   4.82
  </rating>
  <reviews>
   656579
  </reviews>
  <exclusive>
   yes
  </exclusive>
  <sporty>
   no
  </sporty>
 </clothing>
 <clothing>
  <id>
   668711161
  </id>
  <name>
   Brooks Socks N-3984
  </name>
  <category>
   Socks
  </category>
  <size>
   XXL
  </size>
  <color>
   Голубой
  </color>
  <material>
   Вискоза
  </material>
  <price>
   673200
  </price>
  <rating>
   3.33
  </rating>
  <reviews>
   246893
  </reviews>
  <new>
   -
  </new>
  <exclusive>
   no
  </exclusive>
 </clothing>
 <clothing>
  <id>
   658205339
  </id>
  <name>
   PleinSport Skirt P-1486
  </name>
  <category>
   Skirt
  </category>
  <size>
   XL
  </size>
  <color>
   Голубой
  </color>
  <material>
   Кожа
  </material>
  <price>
   455141
  </price>
  <rating>
   2.63
  </rating>
  <reviews>
   326872
  </reviews>
  <exclusive>
   no
  </exclusive>
  <sporty>
   no
  </sporty>
 </clothing>
 <clothing>
  <id>
   593994480
  </id>
  <name>
   Puma Belts D-2224
  </name>
  <category>
   Belts
  </category>
  <size>
   XXL
  </size>
  <color>
   Желтый
  </color>
  <material>
   Шерсть
  </material>
  <price>
   504771
  </price>
  <rating>
   4.81
  </rating>
  <reviews>
   426938
  </reviews>
  <exclusive>
   yes
  </exclusive>
  <sporty>
   yes
  </sporty>
 </clothing>
 <clothing>
  <id>
   647372399
  </id>
  <name>
   Adidas Handbags S-4022
  </name>
  <category>
   Handbags
  </category>
  <size>
   L
  </size>
  <color>
   Голубой
  </color>
  <material>
   Хлопок
  </material>
  <price>
   855636
  </price>
  <rating>
   3.2
  </rating>
  <reviews>
   271026
  </reviews>
  <exclusive>
   no
  </exclusive>
  <sporty>
   no
  </sporty>
 </clothing>
 <clothing>
  <id>
   927373114
  </id>
  <name>
   Addidas Jeans H-5532
  </name>
  <category>
   Jeans
  </category>
  <size>
   M
  </size>
  <color>
   Фиолетовый
  </color>
  <material>
   Полиэстер
  </material>
  <price>
   166900
  </price>
  <rating>
   4.16
  </rating>
  <reviews>
   902288
  </reviews>
  <new>
   +
  </new>
  <exclusive>
   no
  </exclusive>
  <sporty>
   no
  </sporty>
 </clothing>
 <clothing>
  <id>
   585723010
  </id>
  <name>
   Ellesse Sweater C-3311
  </name>
  <category>
   Sweater
  </category>
  <size>
   S
  </size>
  <color>
   Оранжевый
  </color>
  <material>
   Нейлон
  </material>
  <price>
   905515
  </price>
  <rating>
   3.61
  </rating>
  <reviews>
   476298
  </reviews>
  <new>
   +
  </new>
  <exclusive>
   no
  </exclusive>
 </clothing>
 <clothing>
  <id>
   777283034
  </id>
  <name>
   PleinSport Umbrellas R-3896
  </name>
  <category>
   Umbrellas
  </category>
  <size>
   M
  </size>
  <color>
   Красный
  </color>
  <material>
   Шелк
  </material>
  <price>
   116924
  </price>
  <rating>
   2.51
  </rating>
  <reviews>
   642566
  </reviews>
  <sporty>
   yes
  </sporty>
 </clothing>
 <clothing>
  <id>
   733729537
  </id>
  <name>
   PleinSport Blouse W-1448
  </name>
  <category>
   Blouse
  </category>
  <size>
   M
  </size>
  <color>
   Красный
  </color>
  <material>
   Вискоза
  </material>
  <price>
   817902
  </price>
  <rating>
   3.45
  </rating>
  <reviews>
   68120
  </reviews>
  <new>
   +
  </new>
 </clothing>
 <clothing>
  <id>
   345210577
  </id>
  <name>
   Lacoste Belts C-9983
  </name>
  <category>
   Belts
  </category>
  <size>
   M
  </size>
  <color>
   Оранжевый
  </color>
  <material>
   Вискоза
  </material>
  <price>
   163654
  </price>
  <rating>
   3.2
  </rating>
  <reviews>
   652085
  </reviews>
  <new>
   -
  </new>
  <sporty>
   no
  </sporty>
 </clothing>
 <clothing>
  <id>
   511670406
  </id>
  <name>
   PleinSport Shirt H-5920
  </name>
  <category>
   Shirt
  </category>
  <size>
   XL
  </size>
  <color>
   Зеленый
  </color>
  <material>
   Хлопок
  </material>
  <price>
   969678
  </price>
  <rating>
   3.88
  </rating>
  <reviews>
   688537
  </reviews>
  <new>
   +
  </new>
  <sporty>
   yes
  </sporty>
 </clothing>
 <clothing>
  <id>
   669840994
  </id>
  <name>
   New Balance Shoes E-7865
  </name>
  <category>
   Shoes
  </category>
  <size>
   S
  </size>
  <color>
   Желтый
  </color>
  <material>
   Лен
  </material>
  <price>
   921516
  </price>
  <rating>
   3.08
  </rating>
  <reviews>
   404213
  </reviews>
 </clothing>
 <clothing>
  <id>
   689571768
  </id>
  <name>
   Converse T-shirt V-7798
  </name>
  <category>
   T-shirt
  </category>
  <size>
   S
  </size>
  <color>
   Зеленый
  </color>
  <material>
   Шерсть
  </material>
  <price>
   276477
  </price>
  <rating>
   3.36
  </rating>
  <reviews>
   929306
  </reviews>
 </clothing>
 <clothing>
  <id>
   789560921
  </id>
  <name>
   Ellesse Hat Q-9454
  </name>
  <category>
   Hat
  </category>
  <size>
   XL
  </size>
  <color>
   Синий
  </color>
  <material>
   Лен
  </material>
  <price>
   982024
  </price>
  <rating>
   1.63
  </rating>
  <reviews>
   437119
  </reviews>
  <exclusive>
   yes
  </exclusive>
 </clothing>
 <clothing>
  <id>
   765136670
  </id>
  <name>
   Adidas Sweater B-5353
  </name>
  <category>
   Sweater
  </category>
  <size>
   XL
  </size>
  <color>
   Зеленый
  </color>
  <material>
   Вискоза
  </material>
  <price>
   169061
  </price>
  <rating>
   4.39
  </rating>
  <reviews>
   958802
  </reviews>
  <new>
   +
  </new>
 </clothing>
 <clothing>
  <id>
   826717752
  </id>
  <name>
   Vans Jacket P-7711
  </name>
  <category>
   Jacket
  </category>
  <size>
   L
  </size>
  <color>
   Желтый
  </color>
  <material>
   Хлопок
  </material>
  <price>
   927650
  </price>
  <rating>
   2.17
  </rating>
  <reviews>
   566259
  </reviews>
  <new>
   -
  </new>
  <exclusive>
   no
  </exclusive>
 </clothing>
 <clothing>
  <id>
   837239903
  </id>
  <name>
   Lacoste Shirt G-3841
  </name>
  <category>
   Shirt
  </category>
  <size>
   S
  </size>
  <color>
   Фиолетовый
  </color>
  <material>
   Вискоза
  </material>
  <price>
   932270
  </price>
  <rating>
   1.07
  </rating>
  <reviews>
   435653
  </reviews>
 </clothing>
 <clothing>
  <id>
   711268269
  </id>
  <name>
   Addidas Socks J-4795
  </name>
  <category>
   Socks
  </category>
  <size>
   XL
  </size>
  <color>
   Желтый
  </color>
  <material>
   Хлопок
  </material>
  <price>
   694790
  </price>
  <rating>
   4.33
  </rating>
  <reviews>
   789469
  </reviews>
  <exclusive>
   no
  </exclusive>
  <sporty>
   no
  </sporty>
 </clothing>
 <clothing>
  <id>
   179375294
  </id>
  <name>
   Converse Jeans V-8144
  </name>
  <category>
   Jeans
  </category>
  <size>
   L
  </size>
  <color>
   Синий
  </color>
  <material>
   Шерсть
  </material>
  <price>
   614502
  </price>
  <rating>
   3.97
  </rating>
  <reviews>
   598258
  </reviews>
  <new>
   -
  </new>
  <sporty>
   no
  </sporty>
 </clothing>
 <clothing>
  <id>
   727565371
  </id>
  <name>
   Reebok Blouse K-4066
  </name>
  <category>
   Blouse
  </category>
  <size>
   XXL
  </size>
  <color>
   Синий
  </color>
  <material>
   Шерсть
  </material>
  <price>
   717179
  </price>
  <rating>
   2.37
  </rating>
  <reviews>
   387953
  </reviews>
  <new>
   -
  </new>
 </clothing>
 <clothing>
  <id>
   798039579
  </id>
  <name>
   Puma Dress X-2211
  </name>
  <category>
   Dress
  </category>
  <size>
   M
  </size>
  <color>
   Желтый
  </color>
  <material>
   Шелк
  </material>
  <price>
   178858
  </price>
  <rating>
   3.77
  </rating>
  <reviews>
   597704
  </reviews>
  <new>
   -
  </new>
  <sporty>
   no
  </sporty>
 </clothing>
 <clothing>
  <id>
   965255466
  </id>
  <name>
   Nike Pants S-5779
  </name>
  <category>
   Pants
  </category>
  <size>
   XXL
  </size>
  <color>
   Оранжевый
  </color>
  <material>
   Шерсть
  </material>
  <price>
   216454
  </price>
  <rating>
   1.05
  </rating>
  <reviews>
   108970
  </reviews>
  <new>
   -
  </new>
  <exclusive>
   yes
  </exclusive>
  <sporty>
   yes
  </sporty>
 </clothing>
 <clothing>
  <id>
   705057284
  </id>
  <name>
   Vans Handbags L-1218
  </name>
  <category>
   Handbags
  </category>
  <size>
   XL
  </size>
  <color>
   Красный
  </color>
  <material>
   Шерсть
  </material>
  <price>
   871662
  </price>
  <rating>
   3.53
  </rating>
  <reviews>
   289808
  </reviews>
  <new>
   -
  </new>
  <exclusive>
   yes
  </exclusive>
 </clothing>
 <clothing>
  <id>
   119289786
  </id>
  <name>
   New Balance Umbrellas O-6734
  </name>
  <category>
   Umbrellas
  </category>
  <size>
   XXL
  </size>
  <color>
   Синий
  </color>
  <material>
   Хлопок
  </material>
  <price>
   224452
  </price>
  <rating>
   4.17
  </rating>
  <reviews>
   161018
  </reviews>
  <exclusive>
   no
  </exclusive>
 </clothing>
 <clothing>
  <id>
   127250079
  </id>
  <name>
   Nike Dress O-3392
  </name>
  <category>
   Dress
  </category>
  <size>
   S
  </size>
  <color>
   Синий
  </color>
  <material>
   Хлопок
  </material>
  <price>
   882600
  </price>
  <rating>
   2.59
  </rating>
  <reviews>
   316409
  </reviews>
 </clothing>
 <clothing>
  <id>
   730026924
  </id>
  <name>
   Puma Dress D-9195
  </name>
  <category>
   Dress
  </category>
  <size>
   S
  </size>
  <color>
   Зеленый
  </color>
  <material>
   Кожа
  </material>
  <price>
   428857
  </price>
  <rating>
   2.21
  </rating>
  <reviews>
   332780
  </reviews>
  <new>
   -
  </new>
  <exclusive>
   no
  </exclusive>
  <sporty>
   yes
  </sporty>
 </clothing>
 <clothing>
  <id>
   666069425
  </id>
  <name>
   DC Shoes V-6890
  </name>
  <category>
   Shoes
  </category>
  <size>
   S
  </size>
  <color>
   Фиолетовый
  </color>
  <material>
   Шерсть
  </material>
  <price>
   780668
  </price>
  <rating>
   2.83
  </rating>
  <reviews>
   514698
  </reviews>
  <new>
   -
  </new>
 </clothing>
</clothing-items>
