<?xml version="1.0" encoding="utf-8"?>
<clothing-items>
 <clothing>
  <id>
   710951589
  </id>
  <name>
   Reebok Sweater T-7272
  </name>
  <category>
   Sweater
  </category>
  <size>
   XL
  </size>
  <color>
   Оранжевый
  </color>
  <material>
   Вискоза
  </material>
  <price>
   532704
  </price>
  <rating>
   3.56
  </rating>
  <reviews>
   841255
  </reviews>
  <new>
   +
  </new>
  <exclusive>
   no
  </exclusive>
  <sporty>
   no
  </sporty>
 </clothing>
 <clothing>
  <id>
   117038910
  </id>
  <name>
   Fila Shoes M-9823
  </name>
  <category>
   Shoes
  </category>
  <size>
   XXL
  </size>
  <color>
   Желтый
  </color>
  <material>
   Шелк
  </material>
  <price>
   249249
  </price>
  <rating>
   2.81
  </rating>
  <reviews>
   576838
  </reviews>
 </clothing>
 <clothing>
  <id>
   162569225
  </id>
  <name>
   Puma Shirt O-9065
  </name>
  <category>
   Shirt
  </category>
  <size>
   L
  </size>
  <color>
   Голубой
  </color>
  <material>
   Полиэстер
  </material>
  <price>
   708665
  </price>
  <rating>
   3.24
  </rating>
  <reviews>
   343482
  </reviews>
  <exclusive>
   yes
  </exclusive>
  <sporty>
   no
  </sporty>
 </clothing>
 <clothing>
  <id>
   938784333
  </id>
  <name>
   Adidas T-shirt S-1647
  </name>
  <category>
   T-shirt
  </category>
  <size>
   M
  </size>
  <color>
   Желтый
  </color>
  <material>
   Нейлон
  </material>
  <price>
   182125
  </price>
  <rating>
   2.46
  </rating>
  <reviews>
   383031
  </reviews>
  <new>
   -
  </new>
  <exclusive>
   no
  </exclusive>
 </clothing>
 <clothing>
  <id>
   744580275
  </id>
  <name>
   New Balance Sweater K-4871
  </name>
  <category>
   Sweater
  </category>
  <size>
   XXL
  </size>
  <color>
   Зеленый
  </color>
  <material>
   Лен
  </material>
  <price>
   261236
  </price>
  <rating>
   2.96
  </rating>
  <reviews>
   193893
  </reviews>
  <new>
   -
  </new>
  <exclusive>
   yes
  </exclusive>
  <sporty>
   no
  </sporty>
 </clothing>
 <clothing>
  <id>
   877751530
  </id>
  <name>
   Brooks Pants G-6500
  </name>
  <category>
   Pants
  </category>
  <size>
   XXL
  </size>
  <color>
   Голубой
  </color>
  <material>
   Вискоза
  </material>
  <price>
   722682
  </price>
  <rating>
   1.78
  </rating>
  <reviews>
   307273
  </reviews>
  <exclusive>
   no
  </exclusive>
  <sporty>
   yes
  </sporty>
 </clothing>
 <clothing>
  <id>
   299047785
  </id>
  <name>
   Ellesse Gloves K-9994
  </name>
  <category>
   Gloves
  </category>
  <size>
   M
  </size>
  <color>
   Фиолетовый
  </color>
  <material>
   Лен
  </material>
  <price>
   903923
  </price>
  <rating>
   3.63
  </rating>
  <reviews>
   338279
  </reviews>
 </clothing>
 <clothing>
  <id>
   297233588
  </id>
  <name>
   Ellesse Jacket B-8220
  </name>
  <category>
   Jacket
  </category>
  <size>
   S
  </size>
  <color>
   Желтый
  </color>
  <material>
   Кожа
  </material>
  <price>
   745796
  </price>
  <rating>
   1.67
  </rating>
  <reviews>
   689464
  </reviews>
  <new>
   +
  </new>
  <exclusive>
   no
  </exclusive>
  <sporty>
   no
  </sporty>
 </clothing>
 <clothing>
  <id>
   660228836
  </id>
  <name>
   PleinSport T-shirt T-6896
  </name>
  <category>
   T-shirt
  </category>
  <size>
   XXL
  </size>
  <color>
   Желтый
  </color>
  <material>
   Лен
  </material>
  <price>
   718634
  </price>
  <rating>
   1.36
  </rating>
  <reviews>
   974106
  </reviews>
  <new>
   -
  </new>
  <exclusive>
   no
  </exclusive>
  <sporty>
   yes
  </sporty>
 </clothing>
 <clothing>
  <id>
   917041493
  </id>
  <name>
   Fila Shirt B-7796
  </name>
  <category>
   Shirt
  </category>
  <size>
   S
  </size>
  <color>
   Оранжевый
  </color>
  <material>
   Вискоза
  </material>
  <price>
   634465
  </price>
  <rating>
   3.01
  </rating>
  <reviews>
   194946
  </reviews>
  <new>
   +
  </new>
  <exclusive>
   yes
  </exclusive>
  <sporty>
   yes
  </sporty>
 </clothing>
 <clothing>
  <id>
   882512485
  </id>
  <name>
   Vans Socks E-7618
  </name>
  <category>
   Socks
  </category>
  <size>
   XXL
  </size>
  <color>
   Голубой
  </color>
  <material>
   Лен
  </material>
  <price>
   473421
  </price>
  <rating>
   1.9
  </rating>
  <reviews>
   727033
  </reviews>
  <new>
   -
  </new>
  <exclusive>
   yes
  </exclusive>
  <sporty>
   no
  </sporty>
 </clothing>
 <clothing>
  <id>
   135449192
  </id>
  <name>
   PleinSport Socks S-9178
  </name>
  <category>
   Socks
  </category>
  <size>
   XXL
  </size>
  <color>
   Оранжевый
  </color>
  <material>
   Хлопок
  </material>
  <price>
   873698
  </price>
  <rating>
   2.67
  </rating>
  <reviews>
   711798
  </reviews>
  <new>
   -
  </new>
  <exclusive>
   no
  </exclusive>
  <sporty>
   yes
  </sporty>
 </clothing>
 <clothing>
  <id>
   415124074
  </id>
  <name>
   Converse Blouse Q-4667
  </name>
  <category>
   Blouse
  </category>
  <size>
   XXL
  </size>
  <color>
   Желтый
  </color>
  <material>
   Нейлон
  </material>
  <price>
   736736
  </price>
  <rating>
   3.9
  </rating>
  <reviews>
   165907
  </reviews>
  <new>
   +
  </new>
  <sporty>
   no
  </sporty>
 </clothing>
 <clothing>
  <id>
   501786805
  </id>
  <name>
   New Balance Umbrellas S-1731
  </name>
  <category>
   Umbrellas
  </category>
  <size>
   S
  </size>
  <color>
   Фиолетовый
  </color>
  <material>
   Полиэстер
  </material>
  <price>
   398749
  </price>
  <rating>
   3.47
  </rating>
  <reviews>
   958210
  </reviews>
  <exclusive>
   no
  </exclusive>
 </clothing>
 <clothing>
  <id>
   651746363
  </id>
  <name>
   Reebok Belts M-5278
  </name>
  <category>
   Belts
  </category>
  <size>
   M
  </size>
  <color>
   Синий
  </color>
  <material>
   Нейлон
  </material>
  <price>
   198119
  </price>
  <rating>
   2.85
  </rating>
  <reviews>
   887313
  </reviews>
  <new>
   -
  </new>
 </clothing>
 <clothing>
  <id>
   835374705
  </id>
  <name>
   Reebok Gloves V-2300
  </name>
  <category>
   Gloves
  </category>
  <size>
   XL
  </size>
  <color>
   Синий
  </color>
  <material>
   Шерсть
  </material>
  <price>
   585494
  </price>
  <rating>
   3.2
  </rating>
  <reviews>
   911627
  </reviews>
  <new>
   +
  </new>
  <exclusive>
   no
  </exclusive>
  <sporty>
   yes
  </sporty>
 </clothing>
 <clothing>
  <id>
   967326005
  </id>
  <name>
   Puma Umbrellas C-5887
  </name>
  <category>
   Umbrellas
  </category>
  <size>
   M
  </size>
  <color>
   Голубой
  </color>
  <material>
   Кожа
  </material>
  <price>
   525431
  </price>
  <rating>
   2.18
  </rating>
  <reviews>
   737072
  </reviews>
  <new>
   -
  </new>
  <exclusive>
   no
  </exclusive>
 </clothing>
 <clothing>
  <id>
   732999028
  </id>
  <name>
   Reebok Shoes A-2117
  </name>
  <category>
   Shoes
  </category>
  <size>
   XXL
  </size>
  <color>
   Синий
  </color>
  <material>
   Шерсть
  </material>
  <price>
   985699
  </price>
  <rating>
   4.5
  </rating>
  <reviews>
   291862
  </reviews>
  <sporty>
   no
  </sporty>
 </clothing>
 <clothing>
  <id>
   195870005
  </id>
  <name>
   Adidas Umbrellas R-9406
  </name>
  <category>
   Umbrellas
  </category>
  <size>
   XL
  </size>
  <color>
   Фиолетовый
  </color>
  <material>
   Полиэстер
  </material>
  <price>
   242186
  </price>
  <rating>
   1.26
  </rating>
  <reviews>
   972839
  </reviews>
  <exclusive>
   no
  </exclusive>
  <sporty>
   yes
  </sporty>
 </clothing>
 <clothing>
  <id>
   407541624
  </id>
  <name>
   Asics Shoes I-9414
  </name>
  <category>
   Shoes
  </category>
  <size>
   S
  </size>
  <color>
   Голубой
  </color>
  <material>
   Лен
  </material>
  <price>
   230397
  </price>
  <rating>
   2.82
  </rating>
  <reviews>
   958160
  </reviews>
 </clothing>
 <clothing>
  <id>
   596449776
  </id>
  <name>
   Under Armour Skirt W-7962
  </name>
  <category>
   Skirt
  </category>
  <size>
   XL
  </size>
  <color>
   Синий
  </color>
  <material>
   Полиэстер
  </material>
  <price>
   924677
  </price>
  <rating>
   4.41
  </rating>
  <reviews>
   532838
  </reviews>
  <exclusive>
   no
  </exclusive>
  <sporty>
   no
  </sporty>
 </clothing>
 <clothing>
  <id>
   803926791
  </id>
  <name>
   Puma Sweater O-1607
  </name>
  <category>
   Sweater
  </category>
  <size>
   XL
  </size>
  <color>
   Оранжевый
  </color>
  <material>
   Полиэстер
  </material>
  <price>
   639606
  </price>
  <rating>
   2.05
  </rating>
  <reviews>
   959657
  </reviews>
  <new>
   -
  </new>
  <exclusive>
   no
  </exclusive>
 </clothing>
 <clothing>
  <id>
   295535298
  </id>
  <name>
   Asics Hat N-1350
  </name>
  <category>
   Hat
  </category>
  <size>
   S
  </size>
  <color>
   Фиолетовый
  </color>
  <material>
   Шелк
  </material>
  <price>
   594252
  </price>
  <rating>
   4.49
  </rating>
  <reviews>
   988826
  </reviews>
  <new>
   -
  </new>
  <sporty>
   no
  </sporty>
 </clothing>
 <clothing>
  <id>
   577613545
  </id>
  <name>
   Nike Jacket W-2830
  </name>
  <category>
   Jacket
  </category>
  <size>
   S
  </size>
  <color>
   Красный
  </color>
  <material>
   Полиэстер
  </material>
  <price>
   696289
  </price>
  <rating>
   4.85
  </rating>
  <reviews>
   866401
  </reviews>
  <new>
   +
  </new>
  <exclusive>
   no
  </exclusive>
  <sporty>
   no
  </sporty>
 </clothing>
 <clothing>
  <id>
   841228093
  </id>
  <name>
   Vans T-shirt K-5252
  </name>
  <category>
   T-shirt
  </category>
  <size>
   XL
  </size>
  <color>
   Желтый
  </color>
  <material>
   Нейлон
  </material>
  <price>
   401650
  </price>
  <rating>
   1.31
  </rating>
  <reviews>
   365508
  </reviews>
  <new>
   +
  </new>
 </clothing>
 <clothing>
  <id>
   838765462
  </id>
  <name>
   Addidas Blouse T-7645
  </name>
  <category>
   Blouse
  </category>
  <size>
   S
  </size>
  <color>
   Красный
  </color>
  <material>
   Вискоза
  </material>
  <price>
   859736
  </price>
  <rating>
   3.56
  </rating>
  <reviews>
   288307
  </reviews>
  <exclusive>
   yes
  </exclusive>
  <sporty>
   no
  </sporty>
 </clothing>
 <clothing>
  <id>
   225164763
  </id>
  <name>
   Brooks Shirt H-8081
  </name>
  <category>
   Shirt
  </category>
  <size>
   L
  </size>
  <color>
   Красный
  </color>
  <material>
   Полиэстер
  </material>
  <price>
   105025
  </price>
  <rating>
   1.71
  </rating>
  <reviews>
   224034
  </reviews>
  <new>
   -
  </new>
  <sporty>
   yes
  </sporty>
 </clothing>
</clothing-items>
