<?xml version="1.0" encoding="utf-8"?>
<clothing-items>
 <clothing>
  <id>
   486942311
  </id>
  <name>
   Converse Sweater K-6947
  </name>
  <category>
   Sweater
  </category>
  <size>
   XL
  </size>
  <color>
   Фиолетовый
  </color>
  <material>
   Полиэстер
  </material>
  <price>
   514084
  </price>
  <rating>
   1.88
  </rating>
  <reviews>
   88673
  </reviews>
  <new>
   -
  </new>
  <exclusive>
   no
  </exclusive>
 </clothing>
 <clothing>
  <id>
   702266749
  </id>
  <name>
   PleinSport Blouse S-6189
  </name>
  <category>
   Blouse
  </category>
  <size>
   M
  </size>
  <color>
   Зеленый
  </color>
  <material>
   Шерсть
  </material>
  <price>
   495042
  </price>
  <rating>
   2.0
  </rating>
  <reviews>
   583235
  </reviews>
  <exclusive>
   yes
  </exclusive>
  <sporty>
   yes
  </sporty>
 </clothing>
 <clothing>
  <id>
   202888510
  </id>
  <name>
   Nike Jacket P-3549
  </name>
  <category>
   Jacket
  </category>
  <size>
   XXL
  </size>
  <color>
   Синий
  </color>
  <material>
   Шелк
  </material>
  <price>
   654490
  </price>
  <rating>
   1.71
  </rating>
  <reviews>
   114052
  </reviews>
  <exclusive>
   yes
  </exclusive>
  <sporty>
   yes
  </sporty>
 </clothing>
 <clothing>
  <id>
   954143254
  </id>
  <name>
   DC Skirt W-6529
  </name>
  <category>
   Skirt
  </category>
  <size>
   XL
  </size>
  <color>
   Желтый
  </color>
  <material>
   Хлопок
  </material>
  <price>
   230254
  </price>
  <rating>
   2.4
  </rating>
  <reviews>
   251459
  </reviews>
  <new>
   -
  </new>
  <exclusive>
   no
  </exclusive>
  <sporty>
   no
  </sporty>
 </clothing>
 <clothing>
  <id>
   620244535
  </id>
  <name>
   Converse Belts B-9217
  </name>
  <category>
   Belts
  </category>
  <size>
   L
  </size>
  <color>
   Голубой
  </color>
  <material>
   Лен
  </material>
  <price>
   447290
  </price>
  <rating>
   1.33
  </rating>
  <reviews>
   107580
  </reviews>
  <exclusive>
   yes
  </exclusive>
  <sporty>
   no
  </sporty>
 </clothing>
 <clothing>
  <id>
   866035105
  </id>
  <name>
   Under Armour Pants Y-8309
  </name>
  <category>
   Pants
  </category>
  <size>
   S
  </size>
  <color>
   Синий
  </color>
  <material>
   Нейлон
  </material>
  <price>
   872697
  </price>
  <rating>
   4.93
  </rating>
  <reviews>
   53417
  </reviews>
  <exclusive>
   yes
  </exclusive>
  <sporty>
   no
  </sporty>
 </clothing>
 <clothing>
  <id>
   680264381
  </id>
  <name>
   Nike Hat K-1470
  </name>
  <category>
   Hat
  </category>
  <size>
   L
  </size>
  <color>
   Синий
  </color>
  <material>
   Полиэстер
  </material>
  <price>
   750431
  </price>
  <rating>
   3.12
  </rating>
  <reviews>
   902709
  </reviews>
  <new>
   -
  </new>
  <exclusive>
   no
  </exclusive>
  <sporty>
   no
  </sporty>
 </clothing>
 <clothing>
  <id>
   343802483
  </id>
  <name>
   Converse Dress L-7722
  </name>
  <category>
   Dress
  </category>
  <size>
   XL
  </size>
  <color>
   Голубой
  </color>
  <material>
   Шелк
  </material>
  <price>
   905308
  </price>
  <rating>
   3.57
  </rating>
  <reviews>
   294697
  </reviews>
 </clothing>
 <clothing>
  <id>
   817774148
  </id>
  <name>
   Adidas Gloves Y-9164
  </name>
  <category>
   Gloves
  </category>
  <size>
   XL
  </size>
  <color>
   Красный
  </color>
  <material>
   Хлопок
  </material>
  <price>
   184522
  </price>
  <rating>
   4.91
  </rating>
  <reviews>
   678687
  </reviews>
  <new>
   -
  </new>
 </clothing>
 <clothing>
  <id>
   298797910
  </id>
  <name>
   Adidas Jeans B-1657
  </name>
  <category>
   Jeans
  </category>
  <size>
   XXL
  </size>
  <color>
   Оранжевый
  </color>
  <material>
   Шелк
  </material>
  <price>
   177859
  </price>
  <rating>
   3.95
  </rating>
  <reviews>
   846979
  </reviews>
 </clothing>
 <clothing>
  <id>
   611287073
  </id>
  <name>
   PleinSport Shirt R-3843
  </name>
  <category>
   Shirt
  </category>
  <size>
   L
  </size>
  <color>
   Зеленый
  </color>
  <material>
   Лен
  </material>
  <price>
   360077
  </price>
  <rating>
   1.56
  </rating>
  <reviews>
   293915
  </reviews>
 </clothing>
 <clothing>
  <id>
   753108151
  </id>
  <name>
   Asics Belts U-4859
  </name>
  <category>
   Belts
  </category>
  <size>
   L
  </size>
  <color>
   Оранжевый
  </color>
  <material>
   Хлопок
  </material>
  <price>
   573099
  </price>
  <rating>
   3.79
  </rating>
  <reviews>
   777783
  </reviews>
  <new>
   -
  </new>
  <exclusive>
   yes
  </exclusive>
 </clothing>
 <clothing>
  <id>
   925637760
  </id>
  <name>
   Puma Hat U-2705
  </name>
  <category>
   Hat
  </category>
  <size>
   XXL
  </size>
  <color>
   Красный
  </color>
  <material>
   Хлопок
  </material>
  <price>
   294599
  </price>
  <rating>
   2.97
  </rating>
  <reviews>
   193363
  </reviews>
  <new>
   +
  </new>
  <exclusive>
   no
  </exclusive>
 </clothing>
 <clothing>
  <id>
   417895766
  </id>
  <name>
   PleinSport Umbrellas U-9805
  </name>
  <category>
   Umbrellas
  </category>
  <size>
   M
  </size>
  <color>
   Фиолетовый
  </color>
  <material>
   Шерсть
  </material>
  <price>
   548325
  </price>
  <rating>
   4.93
  </rating>
  <reviews>
   36512
  </reviews>
  <new>
   +
  </new>
 </clothing>
 <clothing>
  <id>
   956033887
  </id>
  <name>
   Nike Pants V-8257
  </name>
  <category>
   Pants
  </category>
  <size>
   XXL
  </size>
  <color>
   Оранжевый
  </color>
  <material>
   Шелк
  </material>
  <price>
   263291
  </price>
  <rating>
   1.47
  </rating>
  <reviews>
   64759
  </reviews>
  <new>
   -
  </new>
  <sporty>
   no
  </sporty>
 </clothing>
 <clothing>
  <id>
   659565649
  </id>
  <name>
   New Balance Sweater H-8890
  </name>
  <category>
   Sweater
  </category>
  <size>
   XXL
  </size>
  <color>
   Зеленый
  </color>
  <material>
   Лен
  </material>
  <price>
   990503
  </price>
  <rating>
   4.97
  </rating>
  <reviews>
   183302
  </reviews>
  <new>
   -
  </new>
  <exclusive>
   no
  </exclusive>
  <sporty>
   no
  </sporty>
 </clothing>
 <clothing>
  <id>
   992502891
  </id>
  <name>
   Under Armour T-shirt U-3849
  </name>
  <category>
   T-shirt
  </category>
  <size>
   XL
  </size>
  <color>
   Синий
  </color>
  <material>
   Шелк
  </material>
  <price>
   280134
  </price>
  <rating>
   2.76
  </rating>
  <reviews>
   192078
  </reviews>
  <exclusive>
   yes
  </exclusive>
  <sporty>
   no
  </sporty>
 </clothing>
 <clothing>
  <id>
   478297675
  </id>
  <name>
   Fila Hat A-5771
  </name>
  <category>
   Hat
  </category>
  <size>
   M
  </size>
  <color>
   Желтый
  </color>
  <material>
   Шелк
  </material>
  <price>
   982900
  </price>
  <rating>
   2.58
  </rating>
  <reviews>
   272465
  </reviews>
  <sporty>
   no
  </sporty>
 </clothing>
 <clothing>
  <id>
   100238207
  </id>
  <name>
   Vans Handbags K-2175
  </name>
  <category>
   Handbags
  </category>
  <size>
   L
  </size>
  <color>
   Красный
  </color>
  <material>
   Вискоза
  </material>
  <price>
   873342
  </price>
  <rating>
   4.67
  </rating>
  <reviews>
   781158
  </reviews>
  <sporty>
   yes
  </sporty>
 </clothing>
 <clothing>
  <id>
   710095119
  </id>
  <name>
   Adidas Sweater F-8564
  </name>
  <category>
   Sweater
  </category>
  <size>
   S
  </size>
  <color>
   Оранжевый
  </color>
  <material>
   Кожа
  </material>
  <price>
   154491
  </price>
  <rating>
   1.55
  </rating>
  <reviews>
   484800
  </reviews>
  <exclusive>
   yes
  </exclusive>
  <sporty>
   no
  </sporty>
 </clothing>
 <clothing>
  <id>
   972085615
  </id>
  <name>
   Converse Shirt U-1953
  </name>
  <category>
   Shirt
  </category>
  <size>
   S
  </size>
  <color>
   Фиолетовый
  </color>
  <material>
   Нейлон
  </material>
  <price>
   517373
  </price>
  <rating>
   3.75
  </rating>
  <reviews>
   11335
  </reviews>
  <exclusive>
   yes
  </exclusive>
  <sporty>
   no
  </sporty>
 </clothing>
 <clothing>
  <id>
   114705425
  </id>
  <name>
   Ellesse Jacket P-1563
  </name>
  <category>
   Jacket
  </category>
  <size>
   M
  </size>
  <color>
   Желтый
  </color>
  <material>
   Лен
  </material>
  <price>
   329138
  </price>
  <rating>
   4.86
  </rating>
  <reviews>
   223933
  </reviews>
  <new>
   -
  </new>
  <exclusive>
   no
  </exclusive>
  <sporty>
   yes
  </sporty>
 </clothing>
 <clothing>
  <id>
   484594850
  </id>
  <name>
   Converse Dress V-8955
  </name>
  <category>
   Dress
  </category>
  <size>
   L
  </size>
  <color>
   Зеленый
  </color>
  <material>
   Полиэстер
  </material>
  <price>
   989134
  </price>
  <rating>
   2.07
  </rating>
  <reviews>
   488134
  </reviews>
  <exclusive>
   yes
  </exclusive>
  <sporty>
   yes
  </sporty>
 </clothing>
 <clothing>
  <id>
   465128962
  </id>
  <name>
   Asics Socks U-1676
  </name>
  <category>
   Socks
  </category>
  <size>
   L
  </size>
  <color>
   Фиолетовый
  </color>
  <material>
   Лен
  </material>
  <price>
   967754
  </price>
  <rating>
   2.55
  </rating>
  <reviews>
   848561
  </reviews>
  <exclusive>
   no
  </exclusive>
 </clothing>
 <clothing>
  <id>
   625803024
  </id>
  <name>
   Adidas T-shirt E-5549
  </name>
  <category>
   T-shirt
  </category>
  <size>
   XXL
  </size>
  <color>
   Голубой
  </color>
  <material>
   Хлопок
  </material>
  <price>
   873260
  </price>
  <rating>
   2.09
  </rating>
  <reviews>
   310647
  </reviews>
 </clothing>
 <clothing>
  <id>
   280808273
  </id>
  <name>
   Converse Sweater A-3015
  </name>
  <category>
   Sweater
  </category>
  <size>
   XXL
  </size>
  <color>
   Красный
  </color>
  <material>
   Хлопок
  </material>
  <price>
   917578
  </price>
  <rating>
   3.1
  </rating>
  <reviews>
   706116
  </reviews>
 </clothing>
</clothing-items>
