<?xml version="1.0" encoding="utf-8"?>
<clothing-items>
 <clothing>
  <id>
   624408506
  </id>
  <name>
   Converse Jeans C-9274
  </name>
  <category>
   Jeans
  </category>
  <size>
   M
  </size>
  <color>
   Красный
  </color>
  <material>
   Шелк
  </material>
  <price>
   157033
  </price>
  <rating>
   1.64
  </rating>
  <reviews>
   889373
  </reviews>
  <sporty>
   yes
  </sporty>
 </clothing>
 <clothing>
  <id>
   880055718
  </id>
  <name>
   Asics Hat A-4654
  </name>
  <category>
   Hat
  </category>
  <size>
   L
  </size>
  <color>
   Голубой
  </color>
  <material>
   Кожа
  </material>
  <price>
   839881
  </price>
  <rating>
   4.26
  </rating>
  <reviews>
   482720
  </reviews>
  <new>
   +
  </new>
  <exclusive>
   no
  </exclusive>
  <sporty>
   no
  </sporty>
 </clothing>
 <clothing>
  <id>
   474196825
  </id>
  <name>
   Asics Sweater N-6226
  </name>
  <category>
   Sweater
  </category>
  <size>
   XXL
  </size>
  <color>
   Фиолетовый
  </color>
  <material>
   Лен
  </material>
  <price>
   660189
  </price>
  <rating>
   2.51
  </rating>
  <reviews>
   681011
  </reviews>
 </clothing>
 <clothing>
  <id>
   957419148
  </id>
  <name>
   Lacoste Jacket F-3485
  </name>
  <category>
   Jacket
  </category>
  <size>
   L
  </size>
  <color>
   Красный
  </color>
  <material>
   Лен
  </material>
  <price>
   827603
  </price>
  <rating>
   1.52
  </rating>
  <reviews>
   67152
  </reviews>
  <exclusive>
   no
  </exclusive>
  <sporty>
   no
  </sporty>
 </clothing>
 <clothing>
  <id>
   139213473
  </id>
  <name>
   Adidas Sweater Y-3618
  </name>
  <category>
   Sweater
  </category>
  <size>
   L
  </size>
  <color>
   Зеленый
  </color>
  <material>
   Кожа
  </material>
  <price>
   914725
  </price>
  <rating>
   4.75
  </rating>
  <reviews>
   249146
  </reviews>
  <new>
   -
  </new>
 </clothing>
 <clothing>
  <id>
   700089510
  </id>
  <name>
   PleinSport Jacket R-1348
  </name>
  <category>
   Jacket
  </category>
  <size>
   L
  </size>
  <color>
   Фиолетовый
  </color>
  <material>
   Нейлон
  </material>
  <price>
   662676
  </price>
  <rating>
   3.93
  </rating>
  <reviews>
   229675
  </reviews>
  <new>
   -
  </new>
  <exclusive>
   no
  </exclusive>
 </clothing>
 <clothing>
  <id>
   301526357
  </id>
  <name>
   Under Armour Belts H-5759
  </name>
  <category>
   Belts
  </category>
  <size>
   L
  </size>
  <color>
   Желтый
  </color>
  <material>
   Нейлон
  </material>
  <price>
   819948
  </price>
  <rating>
   3.55
  </rating>
  <reviews>
   952959
  </reviews>
  <new>
   +
  </new>
  <exclusive>
   no
  </exclusive>
 </clothing>
 <clothing>
  <id>
   922092020
  </id>
  <name>
   Lacoste Pants Z-3218
  </name>
  <category>
   Pants
  </category>
  <size>
   L
  </size>
  <color>
   Синий
  </color>
  <material>
   Шелк
  </material>
  <price>
   411498
  </price>
  <rating>
   4.2
  </rating>
  <reviews>
   929777
  </reviews>
 </clothing>
 <clothing>
  <id>
   657627110
  </id>
  <name>
   Lacoste Jeans V-2056
  </name>
  <category>
   Jeans
  </category>
  <size>
   XL
  </size>
  <color>
   Красный
  </color>
  <material>
   Шерсть
  </material>
  <price>
   664131
  </price>
  <rating>
   3.05
  </rating>
  <reviews>
   93841
  </reviews>
  <exclusive>
   yes
  </exclusive>
  <sporty>
   yes
  </sporty>
 </clothing>
 <clothing>
  <id>
   395644009
  </id>
  <name>
   Under Armour Hat Y-2108
  </name>
  <category>
   Hat
  </category>
  <size>
   M
  </size>
  <color>
   Синий
  </color>
  <material>
   Шерсть
  </material>
  <price>
   925919
  </price>
  <rating>
   3.9
  </rating>
  <reviews>
   571388
  </reviews>
  <new>
   +
  </new>
  <exclusive>
   yes
  </exclusive>
  <sporty>
   no
  </sporty>
 </clothing>
 <clothing>
  <id>
   758250947
  </id>
  <name>
   DC Sweater T-9334
  </name>
  <category>
   Sweater
  </category>
  <size>
   XL
  </size>
  <color>
   Фиолетовый
  </color>
  <material>
   Хлопок
  </material>
  <price>
   949441
  </price>
  <rating>
   1.02
  </rating>
  <reviews>
   921791
  </reviews>
  <new>
   -
  </new>
 </clothing>
 <clothing>
  <id>
   784126816
  </id>
  <name>
   Reebok Gloves Q-8962
  </name>
  <category>
   Gloves
  </category>
  <size>
   M
  </size>
  <color>
   Зеленый
  </color>
  <material>
   Кожа
  </material>
  <price>
   303384
  </price>
  <rating>
   2.72
  </rating>
  <reviews>
   704249
  </reviews>
  <new>
   -
  </new>
  <exclusive>
   no
  </exclusive>
 </clothing>
 <clothing>
  <id>
   236064017
  </id>
  <name>
   Brooks Shirt C-9197
  </name>
  <category>
   Shirt
  </category>
  <size>
   M
  </size>
  <color>
   Зеленый
  </color>
  <material>
   Вискоза
  </material>
  <price>
   171704
  </price>
  <rating>
   2.29
  </rating>
  <reviews>
   581035
  </reviews>
  <new>
   +
  </new>
  <exclusive>
   no
  </exclusive>
 </clothing>
 <clothing>
  <id>
   820114819
  </id>
  <name>
   Converse T-shirt F-6663
  </name>
  <category>
   T-shirt
  </category>
  <size>
   M
  </size>
  <color>
   Зеленый
  </color>
  <material>
   Шерсть
  </material>
  <price>
   523255
  </price>
  <rating>
   2.98
  </rating>
  <reviews>
   188918
  </reviews>
  <exclusive>
   no
  </exclusive>
  <sporty>
   no
  </sporty>
 </clothing>
 <clothing>
  <id>
   155940408
  </id>
  <name>
   Puma Skirt J-8462
  </name>
  <category>
   Skirt
  </category>
  <size>
   M
  </size>
  <color>
   Красный
  </color>
  <material>
   Кожа
  </material>
  <price>
   480527
  </price>
  <rating>
   1.25
  </rating>
  <reviews>
   66611
  </reviews>
  <sporty>
   no
  </sporty>
 </clothing>
 <clothing>
  <id>
   248182287
  </id>
  <name>
   Under Armour Sweater Z-9270
  </name>
  <category>
   Sweater
  </category>
  <size>
   L
  </size>
  <color>
   Желтый
  </color>
  <material>
   Нейлон
  </material>
  <price>
   207630
  </price>
  <rating>
   2.02
  </rating>
  <reviews>
   681799
  </reviews>
  <new>
   -
  </new>
  <exclusive>
   yes
  </exclusive>
 </clothing>
 <clothing>
  <id>
   753706090
  </id>
  <name>
   Lacoste Gloves A-4836
  </name>
  <category>
   Gloves
  </category>
  <size>
   XXL
  </size>
  <color>
   Синий
  </color>
  <material>
   Лен
  </material>
  <price>
   119814
  </price>
  <rating>
   4.44
  </rating>
  <reviews>
   512429
  </reviews>
  <sporty>
   no
  </sporty>
 </clothing>
 <clothing>
  <id>
   943067813
  </id>
  <name>
   Under Armour Jacket N-4170
  </name>
  <category>
   Jacket
  </category>
  <size>
   L
  </size>
  <color>
   Зеленый
  </color>
  <material>
   Полиэстер
  </material>
  <price>
   148627
  </price>
  <rating>
   2.79
  </rating>
  <reviews>
   656551
  </reviews>
  <sporty>
   yes
  </sporty>
 </clothing>
 <clothing>
  <id>
   286942994
  </id>
  <name>
   Reebok Umbrellas C-4772
  </name>
  <category>
   Umbrellas
  </category>
  <size>
   XL
  </size>
  <color>
   Фиолетовый
  </color>
  <material>
   Хлопок
  </material>
  <price>
   442361
  </price>
  <rating>
   4.34
  </rating>
  <reviews>
   389737
  </reviews>
  <new>
   -
  </new>
  <sporty>
   yes
  </sporty>
 </clothing>
 <clothing>
  <id>
   239238738
  </id>
  <name>
   Ellesse Gloves R-9738
  </name>
  <category>
   Gloves
  </category>
  <size>
   XL
  </size>
  <color>
   Оранжевый
  </color>
  <material>
   Хлопок
  </material>
  <price>
   732456
  </price>
  <rating>
   4.27
  </rating>
  <reviews>
   605522
  </reviews>
  <new>
   +
  </new>
  <exclusive>
   no
  </exclusive>
 </clothing>
</clothing-items>
