<?xml version="1.0" encoding="utf-8"?>
<clothing-items>
 <clothing>
  <id>
   483856540
  </id>
  <name>
   Addidas Sweater L-5880
  </name>
  <category>
   Sweater
  </category>
  <size>
   XXL
  </size>
  <color>
   Фиолетовый
  </color>
  <material>
   Кожа
  </material>
  <price>
   779649
  </price>
  <rating>
   4.4
  </rating>
  <reviews>
   365968
  </reviews>
  <new>
   -
  </new>
  <sporty>
   yes
  </sporty>
 </clothing>
 <clothing>
  <id>
   970590926
  </id>
  <name>
   Lacoste Sweater R-5884
  </name>
  <category>
   Sweater
  </category>
  <size>
   XXL
  </size>
  <color>
   Оранжевый
  </color>
  <material>
   Полиэстер
  </material>
  <price>
   704610
  </price>
  <rating>
   4.94
  </rating>
  <reviews>
   711501
  </reviews>
  <exclusive>
   no
  </exclusive>
  <sporty>
   yes
  </sporty>
 </clothing>
 <clothing>
  <id>
   377137658
  </id>
  <name>
   PleinSport Umbrellas H-2098
  </name>
  <category>
   Umbrellas
  </category>
  <size>
   XL
  </size>
  <color>
   Синий
  </color>
  <material>
   Кожа
  </material>
  <price>
   320215
  </price>
  <rating>
   4.75
  </rating>
  <reviews>
   463800
  </reviews>
  <exclusive>
   no
  </exclusive>
  <sporty>
   yes
  </sporty>
 </clothing>
 <clothing>
  <id>
   343182507
  </id>
  <name>
   Vans Umbrellas J-7620
  </name>
  <category>
   Umbrellas
  </category>
  <size>
   S
  </size>
  <color>
   Желтый
  </color>
  <material>
   Нейлон
  </material>
  <price>
   531874
  </price>
  <rating>
   1.94
  </rating>
  <reviews>
   787145
  </reviews>
  <new>
   -
  </new>
  <exclusive>
   no
  </exclusive>
  <sporty>
   no
  </sporty>
 </clothing>
 <clothing>
  <id>
   110073475
  </id>
  <name>
   Puma Handbags V-5574
  </name>
  <category>
   Handbags
  </category>
  <size>
   S
  </size>
  <color>
   Оранжевый
  </color>
  <material>
   Лен
  </material>
  <price>
   455740
  </price>
  <rating>
   3.43
  </rating>
  <reviews>
   456067
  </reviews>
  <new>
   -
  </new>
  <sporty>
   no
  </sporty>
 </clothing>
 <clothing>
  <id>
   576669968
  </id>
  <name>
   Brooks Dress I-2965
  </name>
  <category>
   Dress
  </category>
  <size>
   XL
  </size>
  <color>
   Оранжевый
  </color>
  <material>
   Хлопок
  </material>
  <price>
   695504
  </price>
  <rating>
   3.79
  </rating>
  <reviews>
   522492
  </reviews>
  <sporty>
   no
  </sporty>
 </clothing>
 <clothing>
  <id>
   631688836
  </id>
  <name>
   Fila Sweater Z-8999
  </name>
  <category>
   Sweater
  </category>
  <size>
   XXL
  </size>
  <color>
   Оранжевый
  </color>
  <material>
   Вискоза
  </material>
  <price>
   566171
  </price>
  <rating>
   3.79
  </rating>
  <reviews>
   830990
  </reviews>
  <exclusive>
   no
  </exclusive>
 </clothing>
 <clothing>
  <id>
   518128017
  </id>
  <name>
   PleinSport Hat I-4676
  </name>
  <category>
   Hat
  </category>
  <size>
   L
  </size>
  <color>
   Зеленый
  </color>
  <material>
   Шелк
  </material>
  <price>
   930204
  </price>
  <rating>
   3.94
  </rating>
  <reviews>
   170630
  </reviews>
  <exclusive>
   yes
  </exclusive>
 </clothing>
 <clothing>
  <id>
   937792943
  </id>
  <name>
   Ellesse Skirt D-2072
  </name>
  <category>
   Skirt
  </category>
  <size>
   M
  </size>
  <color>
   Синий
  </color>
  <material>
   Кожа
  </material>
  <price>
   282389
  </price>
  <rating>
   4.88
  </rating>
  <reviews>
   172773
  </reviews>
 </clothing>
 <clothing>
  <id>
   387788389
  </id>
  <name>
   Ellesse Skirt T-5371
  </name>
  <category>
   Skirt
  </category>
  <size>
   XXL
  </size>
  <color>
   Красный
  </color>
  <material>
   Полиэстер
  </material>
  <price>
   672370
  </price>
  <rating>
   4.82
  </rating>
  <reviews>
   514531
  </reviews>
  <new>
   -
  </new>
  <sporty>
   no
  </sporty>
 </clothing>
 <clothing>
  <id>
   383636722
  </id>
  <name>
   Converse Dress F-8200
  </name>
  <category>
   Dress
  </category>
  <size>
   M
  </size>
  <color>
   Фиолетовый
  </color>
  <material>
   Шерсть
  </material>
  <price>
   515247
  </price>
  <rating>
   1.45
  </rating>
  <reviews>
   359388
  </reviews>
  <new>
   -
  </new>
  <exclusive>
   yes
  </exclusive>
  <sporty>
   no
  </sporty>
 </clothing>
 <clothing>
  <id>
   537227490
  </id>
  <name>
   Lacoste Gloves L-9920
  </name>
  <category>
   Gloves
  </category>
  <size>
   L
  </size>
  <color>
   Оранжевый
  </color>
  <material>
   Кожа
  </material>
  <price>
   155625
  </price>
  <rating>
   3.34
  </rating>
  <reviews>
   11352
  </reviews>
  <sporty>
   yes
  </sporty>
 </clothing>
 <clothing>
  <id>
   509819735
  </id>
  <name>
   PleinSport Pants D-1592
  </name>
  <category>
   Pants
  </category>
  <size>
   XL
  </size>
  <color>
   Фиолетовый
  </color>
  <material>
   Хлопок
  </material>
  <price>
   190286
  </price>
  <rating>
   4.9
  </rating>
  <reviews>
   560904
  </reviews>
  <new>
   -
  </new>
 </clothing>
 <clothing>
  <id>
   790939797
  </id>
  <name>
   Asics Pants J-8829
  </name>
  <category>
   Pants
  </category>
  <size>
   M
  </size>
  <color>
   Синий
  </color>
  <material>
   Вискоза
  </material>
  <price>
   848638
  </price>
  <rating>
   1.77
  </rating>
  <reviews>
   428682
  </reviews>
  <sporty>
   no
  </sporty>
 </clothing>
 <clothing>
  <id>
   455813289
  </id>
  <name>
   Vans Belts T-3779
  </name>
  <category>
   Belts
  </category>
  <size>
   L
  </size>
  <color>
   Зеленый
  </color>
  <material>
   Лен
  </material>
  <price>
   811710
  </price>
  <rating>
   1.49
  </rating>
  <reviews>
   107791
  </reviews>
  <new>
   -
  </new>
 </clothing>
 <clothing>
  <id>
   799877164
  </id>
  <name>
   Asics Gloves E-8503
  </name>
  <category>
   Gloves
  </category>
  <size>
   L
  </size>
  <color>
   Оранжевый
  </color>
  <material>
   Вискоза
  </material>
  <price>
   396919
  </price>
  <rating>
   4.55
  </rating>
  <reviews>
   681656
  </reviews>
  <new>
   -
  </new>
  <exclusive>
   yes
  </exclusive>
 </clothing>
 <clothing>
  <id>
   637367187
  </id>
  <name>
   Reebok T-shirt L-5804
  </name>
  <category>
   T-shirt
  </category>
  <size>
   S
  </size>
  <color>
   Голубой
  </color>
  <material>
   Вискоза
  </material>
  <price>
   246845
  </price>
  <rating>
   3.58
  </rating>
  <reviews>
   623345
  </reviews>
  <sporty>
   no
  </sporty>
 </clothing>
 <clothing>
  <id>
   258376146
  </id>
  <name>
   Fila Blouse A-4028
  </name>
  <category>
   Blouse
  </category>
  <size>
   L
  </size>
  <color>
   Зеленый
  </color>
  <material>
   Вискоза
  </material>
  <price>
   899104
  </price>
  <rating>
   4.71
  </rating>
  <reviews>
   781591
  </reviews>
  <sporty>
   yes
  </sporty>
 </clothing>
 <clothing>
  <id>
   371254663
  </id>
  <name>
   Puma Gloves B-5582
  </name>
  <category>
   Gloves
  </category>
  <size>
   S
  </size>
  <color>
   Желтый
  </color>
  <material>
   Шелк
  </material>
  <price>
   853603
  </price>
  <rating>
   4.54
  </rating>
  <reviews>
   590337
  </reviews>
  <new>
   +
  </new>
  <exclusive>
   yes
  </exclusive>
  <sporty>
   no
  </sporty>
 </clothing>
 <clothing>
  <id>
   127727290
  </id>
  <name>
   Vans Shoes R-9621
  </name>
  <category>
   Shoes
  </category>
  <size>
   XL
  </size>
  <color>
   Голубой
  </color>
  <material>
   Лен
  </material>
  <price>
   478159
  </price>
  <rating>
   3.21
  </rating>
  <reviews>
   482914
  </reviews>
  <exclusive>
   no
  </exclusive>
  <sporty>
   no
  </sporty>
 </clothing>
 <clothing>
  <id>
   282585579
  </id>
  <name>
   Asics Handbags G-4053
  </name>
  <category>
   Handbags
  </category>
  <size>
   XL
  </size>
  <color>
   Голубой
  </color>
  <material>
   Вискоза
  </material>
  <price>
   778260
  </price>
  <rating>
   1.05
  </rating>
  <reviews>
   965525
  </reviews>
  <new>
   -
  </new>
  <exclusive>
   no
  </exclusive>
  <sporty>
   yes
  </sporty>
 </clothing>
 <clothing>
  <id>
   479165016
  </id>
  <name>
   Puma Gloves R-6499
  </name>
  <category>
   Gloves
  </category>
  <size>
   XL
  </size>
  <color>
   Красный
  </color>
  <material>
   Лен
  </material>
  <price>
   773114
  </price>
  <rating>
   4.72
  </rating>
  <reviews>
   281242
  </reviews>
  <new>
   -
  </new>
  <exclusive>
   no
  </exclusive>
 </clothing>
 <clothing>
  <id>
   413660574
  </id>
  <name>
   Adidas Jacket Z-4727
  </name>
  <category>
   Jacket
  </category>
  <size>
   XXL
  </size>
  <color>
   Синий
  </color>
  <material>
   Вискоза
  </material>
  <price>
   573684
  </price>
  <rating>
   1.63
  </rating>
  <reviews>
   29868
  </reviews>
  <new>
   +
  </new>
  <exclusive>
   no
  </exclusive>
 </clothing>
 <clothing>
  <id>
   905530185
  </id>
  <name>
   New Balance Jacket I-1080
  </name>
  <category>
   Jacket
  </category>
  <size>
   XL
  </size>
  <color>
   Синий
  </color>
  <material>
   Полиэстер
  </material>
  <price>
   765903
  </price>
  <rating>
   3.94
  </rating>
  <reviews>
   426051
  </reviews>
  <exclusive>
   no
  </exclusive>
  <sporty>
   yes
  </sporty>
 </clothing>
 <clothing>
  <id>
   241380414
  </id>
  <name>
   Fila Dress M-1346
  </name>
  <category>
   Dress
  </category>
  <size>
   L
  </size>
  <color>
   Зеленый
  </color>
  <material>
   Лен
  </material>
  <price>
   419200
  </price>
  <rating>
   2.82
  </rating>
  <reviews>
   168877
  </reviews>
  <exclusive>
   yes
  </exclusive>
 </clothing>
</clothing-items>
