<?xml version="1.0" encoding="utf-8"?>
<clothing-items>
 <clothing>
  <id>
   890515235
  </id>
  <name>
   Lacoste Shoes A-3043
  </name>
  <category>
   Shoes
  </category>
  <size>
   L
  </size>
  <color>
   Красный
  </color>
  <material>
   Вискоза
  </material>
  <price>
   636194
  </price>
  <rating>
   4.05
  </rating>
  <reviews>
   387867
  </reviews>
  <new>
   +
  </new>
  <exclusive>
   yes
  </exclusive>
  <sporty>
   no
  </sporty>
 </clothing>
 <clothing>
  <id>
   687530608
  </id>
  <name>
   Converse Skirt A-4236
  </name>
  <category>
   Skirt
  </category>
  <size>
   XL
  </size>
  <color>
   Оранжевый
  </color>
  <material>
   Вискоза
  </material>
  <price>
   822195
  </price>
  <rating>
   1.87
  </rating>
  <reviews>
   667125
  </reviews>
  <sporty>
   no
  </sporty>
 </clothing>
 <clothing>
  <id>
   527874338
  </id>
  <name>
   Ellesse Jeans H-9426
  </name>
  <category>
   Jeans
  </category>
  <size>
   XXL
  </size>
  <color>
   Оранжевый
  </color>
  <material>
   Нейлон
  </material>
  <price>
   249455
  </price>
  <rating>
   4.45
  </rating>
  <reviews>
   842242
  </reviews>
  <exclusive>
   no
  </exclusive>
 </clothing>
 <clothing>
  <id>
   661457125
  </id>
  <name>
   Fila Umbrellas N-5555
  </name>
  <category>
   Umbrellas
  </category>
  <size>
   M
  </size>
  <color>
   Голубой
  </color>
  <material>
   Шелк
  </material>
  <price>
   467372
  </price>
  <rating>
   4.79
  </rating>
  <reviews>
   767737
  </reviews>
  <new>
   +
  </new>
 </clothing>
 <clothing>
  <id>
   858288962
  </id>
  <name>
   Ellesse Jacket I-4945
  </name>
  <category>
   Jacket
  </category>
  <size>
   M
  </size>
  <color>
   Голубой
  </color>
  <material>
   Хлопок
  </material>
  <price>
   974177
  </price>
  <rating>
   4.15
  </rating>
  <reviews>
   526779
  </reviews>
  <exclusive>
   no
  </exclusive>
 </clothing>
 <clothing>
  <id>
   423074856
  </id>
  <name>
   New Balance Pants N-7761
  </name>
  <category>
   Pants
  </category>
  <size>
   S
  </size>
  <color>
   Зеленый
  </color>
  <material>
   Вискоза
  </material>
  <price>
   723744
  </price>
  <rating>
   1.57
  </rating>
  <reviews>
   430490
  </reviews>
  <new>
   -
  </new>
  <exclusive>
   no
  </exclusive>
  <sporty>
   no
  </sporty>
 </clothing>
 <clothing>
  <id>
   956534589
  </id>
  <name>
   Asics Belts G-4823
  </name>
  <category>
   Belts
  </category>
  <size>
   XL
  </size>
  <color>
   Красный
  </color>
  <material>
   Вискоза
  </material>
  <price>
   546421
  </price>
  <rating>
   1.72
  </rating>
  <reviews>
   652148
  </reviews>
  <exclusive>
   yes
  </exclusive>
 </clothing>
 <clothing>
  <id>
   803266936
  </id>
  <name>
   Reebok Handbags N-6360
  </name>
  <category>
   Handbags
  </category>
  <size>
   S
  </size>
  <color>
   Красный
  </color>
  <material>
   Вискоза
  </material>
  <price>
   607382
  </price>
  <rating>
   1.16
  </rating>
  <reviews>
   363783
  </reviews>
  <new>
   +
  </new>
  <exclusive>
   no
  </exclusive>
  <sporty>
   no
  </sporty>
 </clothing>
 <clothing>
  <id>
   408112939
  </id>
  <name>
   Addidas T-shirt E-7429
  </name>
  <category>
   T-shirt
  </category>
  <size>
   XL
  </size>
  <color>
   Голубой
  </color>
  <material>
   Хлопок
  </material>
  <price>
   934591
  </price>
  <rating>
   4.07
  </rating>
  <reviews>
   975688
  </reviews>
  <sporty>
   no
  </sporty>
 </clothing>
 <clothing>
  <id>
   505227528
  </id>
  <name>
   Nike Pants G-7930
  </name>
  <category>
   Pants
  </category>
  <size>
   XL
  </size>
  <color>
   Голубой
  </color>
  <material>
   Нейлон
  </material>
  <price>
   620502
  </price>
  <rating>
   4.01
  </rating>
  <reviews>
   7480
  </reviews>
  <exclusive>
   no
  </exclusive>
  <sporty>
   yes
  </sporty>
 </clothing>
 <clothing>
  <id>
   661258515
  </id>
  <name>
   Fila Jeans L-8970
  </name>
  <category>
   Jeans
  </category>
  <size>
   M
  </size>
  <color>
   Красный
  </color>
  <material>
   Полиэстер
  </material>
  <price>
   618679
  </price>
  <rating>
   2.66
  </rating>
  <reviews>
   547727
  </reviews>
  <new>
   +
  </new>
  <exclusive>
   no
  </exclusive>
 </clothing>
 <clothing>
  <id>
   662346233
  </id>
  <name>
   Ellesse Skirt N-1252
  </name>
  <category>
   Skirt
  </category>
  <size>
   XXL
  </size>
  <color>
   Зеленый
  </color>
  <material>
   Лен
  </material>
  <price>
   397714
  </price>
  <rating>
   4.51
  </rating>
  <reviews>
   497936
  </reviews>
  <new>
   -
  </new>
  <exclusive>
   no
  </exclusive>
  <sporty>
   no
  </sporty>
 </clothing>
 <clothing>
  <id>
   383021667
  </id>
  <name>
   New Balance Blouse X-5013
  </name>
  <category>
   Blouse
  </category>
  <size>
   L
  </size>
  <color>
   Синий
  </color>
  <material>
   Нейлон
  </material>
  <price>
   909481
  </price>
  <rating>
   2.37
  </rating>
  <reviews>
   228796
  </reviews>
  <new>
   -
  </new>
  <sporty>
   no
  </sporty>
 </clothing>
 <clothing>
  <id>
   408002399
  </id>
  <name>
   Vans Belts Z-3156
  </name>
  <category>
   Belts
  </category>
  <size>
   XXL
  </size>
  <color>
   Зеленый
  </color>
  <material>
   Полиэстер
  </material>
  <price>
   269855
  </price>
  <rating>
   3.91
  </rating>
  <reviews>
   188924
  </reviews>
  <new>
   -
  </new>
  <exclusive>
   no
  </exclusive>
  <sporty>
   yes
  </sporty>
 </clothing>
 <clothing>
  <id>
   332820682
  </id>
  <name>
   Fila Handbags R-5263
  </name>
  <category>
   Handbags
  </category>
  <size>
   XXL
  </size>
  <color>
   Желтый
  </color>
  <material>
   Хлопок
  </material>
  <price>
   956152
  </price>
  <rating>
   1.42
  </rating>
  <reviews>
   328689
  </reviews>
  <exclusive>
   no
  </exclusive>
  <sporty>
   no
  </sporty>
 </clothing>
 <clothing>
  <id>
   976684423
  </id>
  <name>
   Converse Belts U-7154
  </name>
  <category>
   Belts
  </category>
  <size>
   S
  </size>
  <color>
   Красный
  </color>
  <material>
   Хлопок
  </material>
  <price>
   531665
  </price>
  <rating>
   1.71
  </rating>
  <reviews>
   914051
  </reviews>
  <new>
   -
  </new>
  <exclusive>
   no
  </exclusive>
 </clothing>
 <clothing>
  <id>
   778361762
  </id>
  <name>
   Under Armour Blouse A-2935
  </name>
  <category>
   Blouse
  </category>
  <size>
   S
  </size>
  <color>
   Голубой
  </color>
  <material>
   Кожа
  </material>
  <price>
   770182
  </price>
  <rating>
   1.43
  </rating>
  <reviews>
   971268
  </reviews>
  <new>
   -
  </new>
  <sporty>
   no
  </sporty>
 </clothing>
 <clothing>
  <id>
   833384472
  </id>
  <name>
   DC Gloves X-7694
  </name>
  <category>
   Gloves
  </category>
  <size>
   XL
  </size>
  <color>
   Фиолетовый
  </color>
  <material>
   Нейлон
  </material>
  <price>
   335059
  </price>
  <rating>
   3.99
  </rating>
  <reviews>
   574638
  </reviews>
  <new>
   -
  </new>
 </clothing>
 <clothing>
  <id>
   689386294
  </id>
  <name>
   Ellesse Shoes D-6567
  </name>
  <category>
   Shoes
  </category>
  <size>
   XL
  </size>
  <color>
   Желтый
  </color>
  <material>
   Полиэстер
  </material>
  <price>
   134463
  </price>
  <rating>
   1.61
  </rating>
  <reviews>
   978210
  </reviews>
  <new>
   +
  </new>
 </clothing>
 <clothing>
  <id>
   961296829
  </id>
  <name>
   Asics Gloves K-5091
  </name>
  <category>
   Gloves
  </category>
  <size>
   XL
  </size>
  <color>
   Голубой
  </color>
  <material>
   Лен
  </material>
  <price>
   862576
  </price>
  <rating>
   4.97
  </rating>
  <reviews>
   763740
  </reviews>
  <new>
   -
  </new>
 </clothing>
 <clothing>
  <id>
   962095852
  </id>
  <name>
   Addidas T-shirt G-9357
  </name>
  <category>
   T-shirt
  </category>
  <size>
   M
  </size>
  <color>
   Синий
  </color>
  <material>
   Хлопок
  </material>
  <price>
   478421
  </price>
  <rating>
   4.67
  </rating>
  <reviews>
   736429
  </reviews>
  <exclusive>
   no
  </exclusive>
  <sporty>
   no
  </sporty>
 </clothing>
 <clothing>
  <id>
   117443636
  </id>
  <name>
   Under Armour Umbrellas S-8653
  </name>
  <category>
   Umbrellas
  </category>
  <size>
   M
  </size>
  <color>
   Синий
  </color>
  <material>
   Шерсть
  </material>
  <price>
   380490
  </price>
  <rating>
   2.97
  </rating>
  <reviews>
   457011
  </reviews>
  <new>
   -
  </new>
  <exclusive>
   no
  </exclusive>
  <sporty>
   no
  </sporty>
 </clothing>
 <clothing>
  <id>
   648838287
  </id>
  <name>
   Ellesse Skirt K-5840
  </name>
  <category>
   Skirt
  </category>
  <size>
   S
  </size>
  <color>
   Синий
  </color>
  <material>
   Шелк
  </material>
  <price>
   193536
  </price>
  <rating>
   1.25
  </rating>
  <reviews>
   465370
  </reviews>
  <new>
   -
  </new>
  <exclusive>
   yes
  </exclusive>
  <sporty>
   yes
  </sporty>
 </clothing>
 <clothing>
  <id>
   702604510
  </id>
  <name>
   Lacoste Jacket M-6099
  </name>
  <category>
   Jacket
  </category>
  <size>
   M
  </size>
  <color>
   Голубой
  </color>
  <material>
   Нейлон
  </material>
  <price>
   584511
  </price>
  <rating>
   1.19
  </rating>
  <reviews>
   773693
  </reviews>
  <new>
   -
  </new>
 </clothing>
 <clothing>
  <id>
   107185241
  </id>
  <name>
   DC Shirt K-5732
  </name>
  <category>
   Shirt
  </category>
  <size>
   S
  </size>
  <color>
   Оранжевый
  </color>
  <material>
   Нейлон
  </material>
  <price>
   317385
  </price>
  <rating>
   3.37
  </rating>
  <reviews>
   87115
  </reviews>
  <new>
   -
  </new>
  <exclusive>
   yes
  </exclusive>
 </clothing>
 <clothing>
  <id>
   399111241
  </id>
  <name>
   DC Handbags W-1943
  </name>
  <category>
   Handbags
  </category>
  <size>
   S
  </size>
  <color>
   Зеленый
  </color>
  <material>
   Лен
  </material>
  <price>
   944018
  </price>
  <rating>
   4.26
  </rating>
  <reviews>
   290276
  </reviews>
  <new>
   -
  </new>
  <sporty>
   yes
  </sporty>
 </clothing>
 <clothing>
  <id>
   569005219
  </id>
  <name>
   Fila Pants U-5461
  </name>
  <category>
   Pants
  </category>
  <size>
   S
  </size>
  <color>
   Зеленый
  </color>
  <material>
   Шерсть
  </material>
  <price>
   634380
  </price>
  <rating>
   1.64
  </rating>
  <reviews>
   901670
  </reviews>
  <new>
   -
  </new>
  <exclusive>
   yes
  </exclusive>
  <sporty>
   no
  </sporty>
 </clothing>
 <clothing>
  <id>
   255011365
  </id>
  <name>
   Adidas Socks P-4634
  </name>
  <category>
   Socks
  </category>
  <size>
   M
  </size>
  <color>
   Красный
  </color>
  <material>
   Нейлон
  </material>
  <price>
   761386
  </price>
  <rating>
   3.3
  </rating>
  <reviews>
   625264
  </reviews>
  <exclusive>
   no
  </exclusive>
 </clothing>
 <clothing>
  <id>
   128787905
  </id>
  <name>
   Fila Pants W-9526
  </name>
  <category>
   Pants
  </category>
  <size>
   XXL
  </size>
  <color>
   Оранжевый
  </color>
  <material>
   Шерсть
  </material>
  <price>
   219647
  </price>
  <rating>
   4.58
  </rating>
  <reviews>
   363071
  </reviews>
  <new>
   -
  </new>
  <sporty>
   no
  </sporty>
 </clothing>
 <clothing>
  <id>
   817119617
  </id>
  <name>
   Puma Hat H-7615
  </name>
  <category>
   Hat
  </category>
  <size>
   XXL
  </size>
  <color>
   Желтый
  </color>
  <material>
   Хлопок
  </material>
  <price>
   117971
  </price>
  <rating>
   2.15
  </rating>
  <reviews>
   173542
  </reviews>
  <new>
   +
  </new>
  <sporty>
   no
  </sporty>
 </clothing>
 <clothing>
  <id>
   542289070
  </id>
  <name>
   Asics Jeans B-1251
  </name>
  <category>
   Jeans
  </category>
  <size>
   S
  </size>
  <color>
   Оранжевый
  </color>
  <material>
   Нейлон
  </material>
  <price>
   987836
  </price>
  <rating>
   2.15
  </rating>
  <reviews>
   412991
  </reviews>
  <exclusive>
   yes
  </exclusive>
  <sporty>
   no
  </sporty>
 </clothing>
 <clothing>
  <id>
   280843578
  </id>
  <name>
   Addidas Belts E-9852
  </name>
  <category>
   Belts
  </category>
  <size>
   L
  </size>
  <color>
   Фиолетовый
  </color>
  <material>
   Хлопок
  </material>
  <price>
   754683
  </price>
  <rating>
   1.29
  </rating>
  <reviews>
   814351
  </reviews>
  <exclusive>
   yes
  </exclusive>
 </clothing>
 <clothing>
  <id>
   752436982
  </id>
  <name>
   Puma Jeans N-1210
  </name>
  <category>
   Jeans
  </category>
  <size>
   XL
  </size>
  <color>
   Фиолетовый
  </color>
  <material>
   Шелк
  </material>
  <price>
   771211
  </price>
  <rating>
   3.95
  </rating>
  <reviews>
   972169
  </reviews>
  <exclusive>
   yes
  </exclusive>
 </clothing>
</clothing-items>
