<?xml version="1.0" encoding="utf-8"?>
<clothing-items>
 <clothing>
  <id>
   648374588
  </id>
  <name>
   Under Armour Blouse A-5960
  </name>
  <category>
   Blouse
  </category>
  <size>
   S
  </size>
  <color>
   Красный
  </color>
  <material>
   Нейлон
  </material>
  <price>
   879958
  </price>
  <rating>
   4.18
  </rating>
  <reviews>
   478923
  </reviews>
  <new>
   -
  </new>
  <sporty>
   yes
  </sporty>
 </clothing>
 <clothing>
  <id>
   592868971
  </id>
  <name>
   Brooks Shoes V-5864
  </name>
  <category>
   Shoes
  </category>
  <size>
   S
  </size>
  <color>
   Желтый
  </color>
  <material>
   Полиэстер
  </material>
  <price>
   476444
  </price>
  <rating>
   2.35
  </rating>
  <reviews>
   983643
  </reviews>
 </clothing>
 <clothing>
  <id>
   878647362
  </id>
  <name>
   Nike Umbrellas J-9861
  </name>
  <category>
   Umbrellas
  </category>
  <size>
   S
  </size>
  <color>
   Синий
  </color>
  <material>
   Нейлон
  </material>
  <price>
   561082
  </price>
  <rating>
   4.55
  </rating>
  <reviews>
   948819
  </reviews>
  <sporty>
   no
  </sporty>
 </clothing>
 <clothing>
  <id>
   320348037
  </id>
  <name>
   Fila Handbags M-6646
  </name>
  <category>
   Handbags
  </category>
  <size>
   M
  </size>
  <color>
   Оранжевый
  </color>
  <material>
   Лен
  </material>
  <price>
   117067
  </price>
  <rating>
   2.43
  </rating>
  <reviews>
   659827
  </reviews>
  <sporty>
   no
  </sporty>
 </clothing>
 <clothing>
  <id>
   359454235
  </id>
  <name>
   Fila Sweater G-2986
  </name>
  <category>
   Sweater
  </category>
  <size>
   M
  </size>
  <color>
   Голубой
  </color>
  <material>
   Шерсть
  </material>
  <price>
   569620
  </price>
  <rating>
   2.94
  </rating>
  <reviews>
   264861
  </reviews>
  <new>
   +
  </new>
  <sporty>
   yes
  </sporty>
 </clothing>
 <clothing>
  <id>
   897009329
  </id>
  <name>
   New Balance Shoes K-7047
  </name>
  <category>
   Shoes
  </category>
  <size>
   XXL
  </size>
  <color>
   Фиолетовый
  </color>
  <material>
   Хлопок
  </material>
  <price>
   544698
  </price>
  <rating>
   2.22
  </rating>
  <reviews>
   473835
  </reviews>
  <new>
   +
  </new>
 </clothing>
 <clothing>
  <id>
   262854177
  </id>
  <name>
   PleinSport Socks U-3850
  </name>
  <category>
   Socks
  </category>
  <size>
   M
  </size>
  <color>
   Оранжевый
  </color>
  <material>
   Лен
  </material>
  <price>
   186213
  </price>
  <rating>
   4.84
  </rating>
  <reviews>
   610271
  </reviews>
  <new>
   +
  </new>
 </clothing>
 <clothing>
  <id>
   770891624
  </id>
  <name>
   Nike Dress Y-7332
  </name>
  <category>
   Dress
  </category>
  <size>
   S
  </size>
  <color>
   Фиолетовый
  </color>
  <material>
   Полиэстер
  </material>
  <price>
   306286
  </price>
  <rating>
   3.94
  </rating>
  <reviews>
   311665
  </reviews>
  <exclusive>
   yes
  </exclusive>
  <sporty>
   yes
  </sporty>
 </clothing>
 <clothing>
  <id>
   341493817
  </id>
  <name>
   Adidas Pants C-2742
  </name>
  <category>
   Pants
  </category>
  <size>
   M
  </size>
  <color>
   Синий
  </color>
  <material>
   Шерсть
  </material>
  <price>
   843374
  </price>
  <rating>
   3.55
  </rating>
  <reviews>
   51341
  </reviews>
  <exclusive>
   yes
  </exclusive>
  <sporty>
   yes
  </sporty>
 </clothing>
 <clothing>
  <id>
   640658871
  </id>
  <name>
   Asics Dress M-4794
  </name>
  <category>
   Dress
  </category>
  <size>
   L
  </size>
  <color>
   Желтый
  </color>
  <material>
   Вискоза
  </material>
  <price>
   295445
  </price>
  <rating>
   2.36
  </rating>
  <reviews>
   413484
  </reviews>
  <new>
   +
  </new>
  <exclusive>
   no
  </exclusive>
 </clothing>
 <clothing>
  <id>
   829791610
  </id>
  <name>
   Addidas Handbags R-5429
  </name>
  <category>
   Handbags
  </category>
  <size>
   M
  </size>
  <color>
   Оранжевый
  </color>
  <material>
   Кожа
  </material>
  <price>
   947424
  </price>
  <rating>
   1.11
  </rating>
  <reviews>
   392799
  </reviews>
 </clothing>
 <clothing>
  <id>
   579394359
  </id>
  <name>
   Vans Shoes I-9285
  </name>
  <category>
   Shoes
  </category>
  <size>
   L
  </size>
  <color>
   Оранжевый
  </color>
  <material>
   Шерсть
  </material>
  <price>
   420976
  </price>
  <rating>
   1.59
  </rating>
  <reviews>
   695644
  </reviews>
 </clothing>
 <clothing>
  <id>
   222561148
  </id>
  <name>
   DC Dress K-2742
  </name>
  <category>
   Dress
  </category>
  <size>
   S
  </size>
  <color>
   Желтый
  </color>
  <material>
   Хлопок
  </material>
  <price>
   477244
  </price>
  <rating>
   4.79
  </rating>
  <reviews>
   122349
  </reviews>
  <new>
   -
  </new>
  <sporty>
   no
  </sporty>
 </clothing>
 <clothing>
  <id>
   341071394
  </id>
  <name>
   Brooks Shoes C-8906
  </name>
  <category>
   Shoes
  </category>
  <size>
   M
  </size>
  <color>
   Зеленый
  </color>
  <material>
   Кожа
  </material>
  <price>
   969996
  </price>
  <rating>
   4.6
  </rating>
  <reviews>
   784250
  </reviews>
  <new>
   +
  </new>
  <exclusive>
   no
  </exclusive>
 </clothing>
 <clothing>
  <id>
   446848796
  </id>
  <name>
   Converse Umbrellas N-2297
  </name>
  <category>
   Umbrellas
  </category>
  <size>
   XL
  </size>
  <color>
   Оранжевый
  </color>
  <material>
   Хлопок
  </material>
  <price>
   588452
  </price>
  <rating>
   1.59
  </rating>
  <reviews>
   822809
  </reviews>
  <new>
   -
  </new>
  <exclusive>
   no
  </exclusive>
  <sporty>
   no
  </sporty>
 </clothing>
 <clothing>
  <id>
   130454256
  </id>
  <name>
   Lacoste Socks O-4204
  </name>
  <category>
   Socks
  </category>
  <size>
   M
  </size>
  <color>
   Красный
  </color>
  <material>
   Вискоза
  </material>
  <price>
   356107
  </price>
  <rating>
   4.6
  </rating>
  <reviews>
   109771
  </reviews>
  <new>
   +
  </new>
  <exclusive>
   yes
  </exclusive>
 </clothing>
 <clothing>
  <id>
   124816219
  </id>
  <name>
   Under Armour Shirt P-2703
  </name>
  <category>
   Shirt
  </category>
  <size>
   XL
  </size>
  <color>
   Красный
  </color>
  <material>
   Кожа
  </material>
  <price>
   222399
  </price>
  <rating>
   1.08
  </rating>
  <reviews>
   724436
  </reviews>
  <exclusive>
   no
  </exclusive>
 </clothing>
 <clothing>
  <id>
   985430160
  </id>
  <name>
   Converse Gloves T-2512
  </name>
  <category>
   Gloves
  </category>
  <size>
   S
  </size>
  <color>
   Красный
  </color>
  <material>
   Нейлон
  </material>
  <price>
   805093
  </price>
  <rating>
   3.5
  </rating>
  <reviews>
   168177
  </reviews>
  <exclusive>
   yes
  </exclusive>
  <sporty>
   yes
  </sporty>
 </clothing>
 <clothing>
  <id>
   831422542
  </id>
  <name>
   PleinSport Handbags Q-5510
  </name>
  <category>
   Handbags
  </category>
  <size>
   M
  </size>
  <color>
   Синий
  </color>
  <material>
   Шерсть
  </material>
  <price>
   819157
  </price>
  <rating>
   1.87
  </rating>
  <reviews>
   963830
  </reviews>
  <exclusive>
   no
  </exclusive>
 </clothing>
 <clothing>
  <id>
   182740317
  </id>
  <name>
   Asics Umbrellas P-3458
  </name>
  <category>
   Umbrellas
  </category>
  <size>
   XL
  </size>
  <color>
   Оранжевый
  </color>
  <material>
   Шелк
  </material>
  <price>
   308709
  </price>
  <rating>
   4.75
  </rating>
  <reviews>
   905180
  </reviews>
  <new>
   +
  </new>
  <exclusive>
   no
  </exclusive>
  <sporty>
   no
  </sporty>
 </clothing>
 <clothing>
  <id>
   904955142
  </id>
  <name>
   Fila Jeans Y-8021
  </name>
  <category>
   Jeans
  </category>
  <size>
   XL
  </size>
  <color>
   Голубой
  </color>
  <material>
   Шерсть
  </material>
  <price>
   457617
  </price>
  <rating>
   1.64
  </rating>
  <reviews>
   455894
  </reviews>
  <new>
   -
  </new>
  <sporty>
   no
  </sporty>
 </clothing>
 <clothing>
  <id>
   838681203
  </id>
  <name>
   Vans Sweater B-3368
  </name>
  <category>
   Sweater
  </category>
  <size>
   XXL
  </size>
  <color>
   Красный
  </color>
  <material>
   Лен
  </material>
  <price>
   153039
  </price>
  <rating>
   2.11
  </rating>
  <reviews>
   613533
  </reviews>
  <new>
   -
  </new>
  <exclusive>
   no
  </exclusive>
  <sporty>
   yes
  </sporty>
 </clothing>
 <clothing>
  <id>
   541776214
  </id>
  <name>
   Reebok Socks A-1841
  </name>
  <category>
   Socks
  </category>
  <size>
   M
  </size>
  <color>
   Фиолетовый
  </color>
  <material>
   Шелк
  </material>
  <price>
   885598
  </price>
  <rating>
   2.51
  </rating>
  <reviews>
   343510
  </reviews>
  <new>
   +
  </new>
  <exclusive>
   yes
  </exclusive>
 </clothing>
 <clothing>
  <id>
   818743813
  </id>
  <name>
   New Balance Belts R-4698
  </name>
  <category>
   Belts
  </category>
  <size>
   M
  </size>
  <color>
   Синий
  </color>
  <material>
   Лен
  </material>
  <price>
   613778
  </price>
  <rating>
   3.55
  </rating>
  <reviews>
   213112
  </reviews>
  <new>
   -
  </new>
  <exclusive>
   yes
  </exclusive>
 </clothing>
 <clothing>
  <id>
   919113831
  </id>
  <name>
   Brooks Jacket J-1309
  </name>
  <category>
   Jacket
  </category>
  <size>
   S
  </size>
  <color>
   Красный
  </color>
  <material>
   Полиэстер
  </material>
  <price>
   920556
  </price>
  <rating>
   2.9
  </rating>
  <reviews>
   960324
  </reviews>
  <new>
   +
  </new>
  <exclusive>
   no
  </exclusive>
  <sporty>
   no
  </sporty>
 </clothing>
 <clothing>
  <id>
   448857761
  </id>
  <name>
   Converse Sweater D-1797
  </name>
  <category>
   Sweater
  </category>
  <size>
   L
  </size>
  <color>
   Голубой
  </color>
  <material>
   Хлопок
  </material>
  <price>
   995728
  </price>
  <rating>
   2.3
  </rating>
  <reviews>
   689050
  </reviews>
  <exclusive>
   yes
  </exclusive>
  <sporty>
   no
  </sporty>
 </clothing>
 <clothing>
  <id>
   751660130
  </id>
  <name>
   Ellesse Gloves S-3972
  </name>
  <category>
   Gloves
  </category>
  <size>
   L
  </size>
  <color>
   Фиолетовый
  </color>
  <material>
   Лен
  </material>
  <price>
   621079
  </price>
  <rating>
   3.25
  </rating>
  <reviews>
   703606
  </reviews>
  <exclusive>
   no
  </exclusive>
  <sporty>
   no
  </sporty>
 </clothing>
 <clothing>
  <id>
   671618049
  </id>
  <name>
   Vans Handbags E-7827
  </name>
  <category>
   Handbags
  </category>
  <size>
   M
  </size>
  <color>
   Оранжевый
  </color>
  <material>
   Хлопок
  </material>
  <price>
   167603
  </price>
  <rating>
   2.49
  </rating>
  <reviews>
   850600
  </reviews>
  <sporty>
   no
  </sporty>
 </clothing>
 <clothing>
  <id>
   651148476
  </id>
  <name>
   Lacoste Handbags X-4117
  </name>
  <category>
   Handbags
  </category>
  <size>
   XXL
  </size>
  <color>
   Желтый
  </color>
  <material>
   Нейлон
  </material>
  <price>
   598851
  </price>
  <rating>
   4.76
  </rating>
  <reviews>
   464466
  </reviews>
  <new>
   +
  </new>
  <exclusive>
   no
  </exclusive>
  <sporty>
   yes
  </sporty>
 </clothing>
 <clothing>
  <id>
   178196984
  </id>
  <name>
   Adidas Socks M-8560
  </name>
  <category>
   Socks
  </category>
  <size>
   L
  </size>
  <color>
   Оранжевый
  </color>
  <material>
   Нейлон
  </material>
  <price>
   639392
  </price>
  <rating>
   1.47
  </rating>
  <reviews>
   411565
  </reviews>
  <exclusive>
   yes
  </exclusive>
 </clothing>
 <clothing>
  <id>
   359587622
  </id>
  <name>
   Addidas Pants L-3390
  </name>
  <category>
   Pants
  </category>
  <size>
   L
  </size>
  <color>
   Зеленый
  </color>
  <material>
   Нейлон
  </material>
  <price>
   288733
  </price>
  <rating>
   4.15
  </rating>
  <reviews>
   858652
  </reviews>
  <new>
   +
  </new>
 </clothing>
 <clothing>
  <id>
   595585369
  </id>
  <name>
   New Balance Handbags B-5015
  </name>
  <category>
   Handbags
  </category>
  <size>
   M
  </size>
  <color>
   Оранжевый
  </color>
  <material>
   Кожа
  </material>
  <price>
   509766
  </price>
  <rating>
   3.8
  </rating>
  <reviews>
   994008
  </reviews>
  <exclusive>
   no
  </exclusive>
 </clothing>
 <clothing>
  <id>
   202891318
  </id>
  <name>
   PleinSport Jeans A-1220
  </name>
  <category>
   Jeans
  </category>
  <size>
   XL
  </size>
  <color>
   Желтый
  </color>
  <material>
   Лен
  </material>
  <price>
   945925
  </price>
  <rating>
   3.47
  </rating>
  <reviews>
   277915
  </reviews>
  <exclusive>
   yes
  </exclusive>
 </clothing>
 <clothing>
  <id>
   550986367
  </id>
  <name>
   Lacoste Jeans E-3509
  </name>
  <category>
   Jeans
  </category>
  <size>
   S
  </size>
  <color>
   Зеленый
  </color>
  <material>
   Шелк
  </material>
  <price>
   403317
  </price>
  <rating>
   2.38
  </rating>
  <reviews>
   89473
  </reviews>
  <exclusive>
   yes
  </exclusive>
  <sporty>
   yes
  </sporty>
 </clothing>
 <clothing>
  <id>
   964177302
  </id>
  <name>
   Reebok Jacket U-5681
  </name>
  <category>
   Jacket
  </category>
  <size>
   L
  </size>
  <color>
   Оранжевый
  </color>
  <material>
   Нейлон
  </material>
  <price>
   221485
  </price>
  <rating>
   1.14
  </rating>
  <reviews>
   597183
  </reviews>
  <exclusive>
   no
  </exclusive>
  <sporty>
   no
  </sporty>
 </clothing>
 <clothing>
  <id>
   645318158
  </id>
  <name>
   New Balance Handbags A-9890
  </name>
  <category>
   Handbags
  </category>
  <size>
   S
  </size>
  <color>
   Синий
  </color>
  <material>
   Полиэстер
  </material>
  <price>
   996168
  </price>
  <rating>
   2.89
  </rating>
  <reviews>
   423499
  </reviews>
  <exclusive>
   no
  </exclusive>
  <sporty>
   no
  </sporty>
 </clothing>
 <clothing>
  <id>
   621235298
  </id>
  <name>
   Vans Belts Z-9729
  </name>
  <category>
   Belts
  </category>
  <size>
   XL
  </size>
  <color>
   Синий
  </color>
  <material>
   Кожа
  </material>
  <price>
   472035
  </price>
  <rating>
   3.65
  </rating>
  <reviews>
   359501
  </reviews>
  <new>
   -
  </new>
  <sporty>
   yes
  </sporty>
 </clothing>
</clothing-items>
