<?xml version="1.0" encoding="utf-8"?>
<clothing-items>
 <clothing>
  <id>
   784793729
  </id>
  <name>
   Asics Umbrellas C-1714
  </name>
  <category>
   Umbrellas
  </category>
  <size>
   XXL
  </size>
  <color>
   Красный
  </color>
  <material>
   Нейлон
  </material>
  <price>
   891720
  </price>
  <rating>
   1.05
  </rating>
  <reviews>
   560661
  </reviews>
  <sporty>
   yes
  </sporty>
 </clothing>
 <clothing>
  <id>
   162542396
  </id>
  <name>
   Under Armour Umbrellas K-4993
  </name>
  <category>
   Umbrellas
  </category>
  <size>
   XL
  </size>
  <color>
   Фиолетовый
  </color>
  <material>
   Шерсть
  </material>
  <price>
   996035
  </price>
  <rating>
   4.21
  </rating>
  <reviews>
   583543
  </reviews>
  <sporty>
   yes
  </sporty>
 </clothing>
 <clothing>
  <id>
   727937167
  </id>
  <name>
   New Balance Umbrellas A-4516
  </name>
  <category>
   Umbrellas
  </category>
  <size>
   M
  </size>
  <color>
   Красный
  </color>
  <material>
   Нейлон
  </material>
  <price>
   649681
  </price>
  <rating>
   4.19
  </rating>
  <reviews>
   728963
  </reviews>
  <new>
   -
  </new>
 </clothing>
 <clothing>
  <id>
   904387989
  </id>
  <name>
   PleinSport Blouse M-3681
  </name>
  <category>
   Blouse
  </category>
  <size>
   XXL
  </size>
  <color>
   Оранжевый
  </color>
  <material>
   Шелк
  </material>
  <price>
   673460
  </price>
  <rating>
   1.11
  </rating>
  <reviews>
   993192
  </reviews>
  <new>
   -
  </new>
  <exclusive>
   yes
  </exclusive>
  <sporty>
   yes
  </sporty>
 </clothing>
 <clothing>
  <id>
   965047929
  </id>
  <name>
   New Balance Belts B-3380
  </name>
  <category>
   Belts
  </category>
  <size>
   S
  </size>
  <color>
   Фиолетовый
  </color>
  <material>
   Лен
  </material>
  <price>
   345135
  </price>
  <rating>
   1.76
  </rating>
  <reviews>
   196666
  </reviews>
  <new>
   -
  </new>
  <exclusive>
   yes
  </exclusive>
 </clothing>
 <clothing>
  <id>
   202684301
  </id>
  <name>
   DC Belts A-7410
  </name>
  <category>
   Belts
  </category>
  <size>
   M
  </size>
  <color>
   Голубой
  </color>
  <material>
   Хлопок
  </material>
  <price>
   958641
  </price>
  <rating>
   2.62
  </rating>
  <reviews>
   863929
  </reviews>
  <exclusive>
   no
  </exclusive>
  <sporty>
   yes
  </sporty>
 </clothing>
 <clothing>
  <id>
   146723167
  </id>
  <name>
   Ellesse Sweater Q-9263
  </name>
  <category>
   Sweater
  </category>
  <size>
   XXL
  </size>
  <color>
   Оранжевый
  </color>
  <material>
   Лен
  </material>
  <price>
   355238
  </price>
  <rating>
   2.04
  </rating>
  <reviews>
   162860
  </reviews>
  <new>
   +
  </new>
  <exclusive>
   no
  </exclusive>
  <sporty>
   no
  </sporty>
 </clothing>
 <clothing>
  <id>
   185275408
  </id>
  <name>
   DC Shoes S-6220
  </name>
  <category>
   Shoes
  </category>
  <size>
   S
  </size>
  <color>
   Синий
  </color>
  <material>
   Лен
  </material>
  <price>
   394124
  </price>
  <rating>
   1.76
  </rating>
  <reviews>
   523148
  </reviews>
  <new>
   -
  </new>
  <exclusive>
   no
  </exclusive>
 </clothing>
 <clothing>
  <id>
   935501608
  </id>
  <name>
   Asics Shoes E-9985
  </name>
  <category>
   Shoes
  </category>
  <size>
   XL
  </size>
  <color>
   Желтый
  </color>
  <material>
   Полиэстер
  </material>
  <price>
   676506
  </price>
  <rating>
   3.92
  </rating>
  <reviews>
   1756
  </reviews>
  <new>
   -
  </new>
  <exclusive>
   yes
  </exclusive>
 </clothing>
 <clothing>
  <id>
   390891455
  </id>
  <name>
   Ellesse Shirt Z-1198
  </name>
  <category>
   Shirt
  </category>
  <size>
   M
  </size>
  <color>
   Голубой
  </color>
  <material>
   Хлопок
  </material>
  <price>
   897712
  </price>
  <rating>
   1.67
  </rating>
  <reviews>
   803171
  </reviews>
  <new>
   +
  </new>
  <sporty>
   yes
  </sporty>
 </clothing>
 <clothing>
  <id>
   331532763
  </id>
  <name>
   Under Armour Jacket E-4872
  </name>
  <category>
   Jacket
  </category>
  <size>
   L
  </size>
  <color>
   Синий
  </color>
  <material>
   Полиэстер
  </material>
  <price>
   197472
  </price>
  <rating>
   4.59
  </rating>
  <reviews>
   365096
  </reviews>
  <exclusive>
   no
  </exclusive>
  <sporty>
   yes
  </sporty>
 </clothing>
 <clothing>
  <id>
   701471642
  </id>
  <name>
   DC Belts B-2999
  </name>
  <category>
   Belts
  </category>
  <size>
   L
  </size>
  <color>
   Красный
  </color>
  <material>
   Кожа
  </material>
  <price>
   146945
  </price>
  <rating>
   2.85
  </rating>
  <reviews>
   929268
  </reviews>
  <new>
   -
  </new>
  <sporty>
   no
  </sporty>
 </clothing>
 <clothing>
  <id>
   359393209
  </id>
  <name>
   Vans Umbrellas H-8508
  </name>
  <category>
   Umbrellas
  </category>
  <size>
   XL
  </size>
  <color>
   Зеленый
  </color>
  <material>
   Вискоза
  </material>
  <price>
   646990
  </price>
  <rating>
   3.46
  </rating>
  <reviews>
   18829
  </reviews>
  <new>
   +
  </new>
  <exclusive>
   no
  </exclusive>
  <sporty>
   no
  </sporty>
 </clothing>
 <clothing>
  <id>
   817894921
  </id>
  <name>
   Under Armour Skirt X-2165
  </name>
  <category>
   Skirt
  </category>
  <size>
   XXL
  </size>
  <color>
   Желтый
  </color>
  <material>
   Кожа
  </material>
  <price>
   294293
  </price>
  <rating>
   1.23
  </rating>
  <reviews>
   326823
  </reviews>
  <new>
   +
  </new>
  <sporty>
   no
  </sporty>
 </clothing>
 <clothing>
  <id>
   338585377
  </id>
  <name>
   Under Armour Gloves Y-6773
  </name>
  <category>
   Gloves
  </category>
  <size>
   S
  </size>
  <color>
   Фиолетовый
  </color>
  <material>
   Шерсть
  </material>
  <price>
   400408
  </price>
  <rating>
   1.59
  </rating>
  <reviews>
   343301
  </reviews>
  <new>
   +
  </new>
  <sporty>
   yes
  </sporty>
 </clothing>
 <clothing>
  <id>
   534166868
  </id>
  <name>
   Adidas T-shirt D-3735
  </name>
  <category>
   T-shirt
  </category>
  <size>
   XXL
  </size>
  <color>
   Зеленый
  </color>
  <material>
   Лен
  </material>
  <price>
   876148
  </price>
  <rating>
   4.75
  </rating>
  <reviews>
   855069
  </reviews>
  <sporty>
   no
  </sporty>
 </clothing>
 <clothing>
  <id>
   469334692
  </id>
  <name>
   PleinSport Shirt S-1066
  </name>
  <category>
   Shirt
  </category>
  <size>
   XXL
  </size>
  <color>
   Красный
  </color>
  <material>
   Шелк
  </material>
  <price>
   566736
  </price>
  <rating>
   3.69
  </rating>
  <reviews>
   987817
  </reviews>
  <exclusive>
   no
  </exclusive>
  <sporty>
   no
  </sporty>
 </clothing>
 <clothing>
  <id>
   648691400
  </id>
  <name>
   DC Gloves T-9499
  </name>
  <category>
   Gloves
  </category>
  <size>
   M
  </size>
  <color>
   Оранжевый
  </color>
  <material>
   Лен
  </material>
  <price>
   706317
  </price>
  <rating>
   2.57
  </rating>
  <reviews>
   790127
  </reviews>
  <new>
   +
  </new>
  <exclusive>
   no
  </exclusive>
  <sporty>
   no
  </sporty>
 </clothing>
 <clothing>
  <id>
   428232483
  </id>
  <name>
   Vans Belts C-1331
  </name>
  <category>
   Belts
  </category>
  <size>
   L
  </size>
  <color>
   Красный
  </color>
  <material>
   Полиэстер
  </material>
  <price>
   445449
  </price>
  <rating>
   4.15
  </rating>
  <reviews>
   35867
  </reviews>
  <new>
   -
  </new>
  <exclusive>
   no
  </exclusive>
 </clothing>
 <clothing>
  <id>
   314515255
  </id>
  <name>
   PleinSport Pants C-6967
  </name>
  <category>
   Pants
  </category>
  <size>
   XXL
  </size>
  <color>
   Красный
  </color>
  <material>
   Хлопок
  </material>
  <price>
   494921
  </price>
  <rating>
   1.26
  </rating>
  <reviews>
   123980
  </reviews>
  <new>
   -
  </new>
  <exclusive>
   no
  </exclusive>
 </clothing>
 <clothing>
  <id>
   333266542
  </id>
  <name>
   PleinSport Hat O-6741
  </name>
  <category>
   Hat
  </category>
  <size>
   L
  </size>
  <color>
   Синий
  </color>
  <material>
   Кожа
  </material>
  <price>
   191315
  </price>
  <rating>
   2.89
  </rating>
  <reviews>
   1370
  </reviews>
  <new>
   -
  </new>
  <exclusive>
   yes
  </exclusive>
  <sporty>
   yes
  </sporty>
 </clothing>
 <clothing>
  <id>
   252803675
  </id>
  <name>
   Brooks Sweater Y-3417
  </name>
  <category>
   Sweater
  </category>
  <size>
   S
  </size>
  <color>
   Красный
  </color>
  <material>
   Лен
  </material>
  <price>
   312680
  </price>
  <rating>
   3.47
  </rating>
  <reviews>
   454794
  </reviews>
  <sporty>
   no
  </sporty>
 </clothing>
 <clothing>
  <id>
   738580940
  </id>
  <name>
   Reebok Jacket P-9470
  </name>
  <category>
   Jacket
  </category>
  <size>
   S
  </size>
  <color>
   Желтый
  </color>
  <material>
   Вискоза
  </material>
  <price>
   772326
  </price>
  <rating>
   4.58
  </rating>
  <reviews>
   378925
  </reviews>
  <new>
   +
  </new>
  <exclusive>
   no
  </exclusive>
  <sporty>
   yes
  </sporty>
 </clothing>
 <clothing>
  <id>
   781011288
  </id>
  <name>
   Under Armour Belts D-3441
  </name>
  <category>
   Belts
  </category>
  <size>
   S
  </size>
  <color>
   Желтый
  </color>
  <material>
   Шерсть
  </material>
  <price>
   202965
  </price>
  <rating>
   3.75
  </rating>
  <reviews>
   553853
  </reviews>
  <new>
   +
  </new>
  <sporty>
   yes
  </sporty>
 </clothing>
 <clothing>
  <id>
   582610426
  </id>
  <name>
   PleinSport Blouse M-1490
  </name>
  <category>
   Blouse
  </category>
  <size>
   XL
  </size>
  <color>
   Красный
  </color>
  <material>
   Хлопок
  </material>
  <price>
   883108
  </price>
  <rating>
   2.72
  </rating>
  <reviews>
   49459
  </reviews>
 </clothing>
 <clothing>
  <id>
   453162453
  </id>
  <name>
   Fila Blouse P-7566
  </name>
  <category>
   Blouse
  </category>
  <size>
   L
  </size>
  <color>
   Фиолетовый
  </color>
  <material>
   Лен
  </material>
  <price>
   510924
  </price>
  <rating>
   2.79
  </rating>
  <reviews>
   17655
  </reviews>
  <new>
   -
  </new>
  <exclusive>
   no
  </exclusive>
  <sporty>
   yes
  </sporty>
 </clothing>
 <clothing>
  <id>
   270546801
  </id>
  <name>
   Lacoste Sweater Z-8960
  </name>
  <category>
   Sweater
  </category>
  <size>
   XL
  </size>
  <color>
   Фиолетовый
  </color>
  <material>
   Хлопок
  </material>
  <price>
   208113
  </price>
  <rating>
   2.92
  </rating>
  <reviews>
   411260
  </reviews>
  <new>
   -
  </new>
 </clothing>
 <clothing>
  <id>
   598710894
  </id>
  <name>
   Fila Jacket W-4184
  </name>
  <category>
   Jacket
  </category>
  <size>
   L
  </size>
  <color>
   Синий
  </color>
  <material>
   Шерсть
  </material>
  <price>
   720206
  </price>
  <rating>
   3.47
  </rating>
  <reviews>
   209335
  </reviews>
 </clothing>
 <clothing>
  <id>
   810716176
  </id>
  <name>
   Asics Blouse G-5470
  </name>
  <category>
   Blouse
  </category>
  <size>
   L
  </size>
  <color>
   Фиолетовый
  </color>
  <material>
   Лен
  </material>
  <price>
   343647
  </price>
  <rating>
   4.45
  </rating>
  <reviews>
   773449
  </reviews>
  <new>
   +
  </new>
  <exclusive>
   no
  </exclusive>
  <sporty>
   no
  </sporty>
 </clothing>
 <clothing>
  <id>
   964252357
  </id>
  <name>
   Asics T-shirt U-2912
  </name>
  <category>
   T-shirt
  </category>
  <size>
   L
  </size>
  <color>
   Голубой
  </color>
  <material>
   Хлопок
  </material>
  <price>
   303673
  </price>
  <rating>
   4.5
  </rating>
  <reviews>
   475698
  </reviews>
  <exclusive>
   no
  </exclusive>
  <sporty>
   no
  </sporty>
 </clothing>
 <clothing>
  <id>
   820013715
  </id>
  <name>
   Under Armour Sweater S-8542
  </name>
  <category>
   Sweater
  </category>
  <size>
   S
  </size>
  <color>
   Голубой
  </color>
  <material>
   Кожа
  </material>
  <price>
   482577
  </price>
  <rating>
   4.25
  </rating>
  <reviews>
   468598
  </reviews>
  <new>
   +
  </new>
  <sporty>
   no
  </sporty>
 </clothing>
 <clothing>
  <id>
   225560691
  </id>
  <name>
   Adidas Jacket G-7029
  </name>
  <category>
   Jacket
  </category>
  <size>
   M
  </size>
  <color>
   Красный
  </color>
  <material>
   Кожа
  </material>
  <price>
   653995
  </price>
  <rating>
   4.29
  </rating>
  <reviews>
   4195
  </reviews>
  <new>
   +
  </new>
  <exclusive>
   yes
  </exclusive>
 </clothing>
 <clothing>
  <id>
   785035513
  </id>
  <name>
   Ellesse Jacket Z-9250
  </name>
  <category>
   Jacket
  </category>
  <size>
   XXL
  </size>
  <color>
   Красный
  </color>
  <material>
   Лен
  </material>
  <price>
   962439
  </price>
  <rating>
   4.79
  </rating>
  <reviews>
   290892
  </reviews>
  <new>
   -
  </new>
  <exclusive>
   yes
  </exclusive>
 </clothing>
</clothing-items>
