<?xml version="1.0" encoding="utf-8"?>
<clothing-items>
 <clothing>
  <id>
   577341889
  </id>
  <name>
   Asics Shoes P-4734
  </name>
  <category>
   Shoes
  </category>
  <size>
   M
  </size>
  <color>
   Фиолетовый
  </color>
  <material>
   Шерсть
  </material>
  <price>
   363364
  </price>
  <rating>
   1.11
  </rating>
  <reviews>
   776415
  </reviews>
  <new>
   -
  </new>
  <sporty>
   no
  </sporty>
 </clothing>
 <clothing>
  <id>
   472344381
  </id>
  <name>
   Converse Sweater Q-7362
  </name>
  <category>
   Sweater
  </category>
  <size>
   XXL
  </size>
  <color>
   Фиолетовый
  </color>
  <material>
   Шелк
  </material>
  <price>
   353679
  </price>
  <rating>
   4.32
  </rating>
  <reviews>
   778494
  </reviews>
  <new>
   -
  </new>
  <exclusive>
   no
  </exclusive>
  <sporty>
   yes
  </sporty>
 </clothing>
 <clothing>
  <id>
   337624520
  </id>
  <name>
   Nike T-shirt K-4243
  </name>
  <category>
   T-shirt
  </category>
  <size>
   XXL
  </size>
  <color>
   Желтый
  </color>
  <material>
   Вискоза
  </material>
  <price>
   405089
  </price>
  <rating>
   2.19
  </rating>
  <reviews>
   508425
  </reviews>
  <exclusive>
   no
  </exclusive>
  <sporty>
   yes
  </sporty>
 </clothing>
 <clothing>
  <id>
   948460115
  </id>
  <name>
   New Balance Shoes M-7805
  </name>
  <category>
   Shoes
  </category>
  <size>
   XL
  </size>
  <color>
   Красный
  </color>
  <material>
   Нейлон
  </material>
  <price>
   562286
  </price>
  <rating>
   2.52
  </rating>
  <reviews>
   436202
  </reviews>
 </clothing>
 <clothing>
  <id>
   120976516
  </id>
  <name>
   Brooks Pants B-6088
  </name>
  <category>
   Pants
  </category>
  <size>
   L
  </size>
  <color>
   Красный
  </color>
  <material>
   Шерсть
  </material>
  <price>
   289541
  </price>
  <rating>
   1.39
  </rating>
  <reviews>
   984443
  </reviews>
  <exclusive>
   yes
  </exclusive>
  <sporty>
   yes
  </sporty>
 </clothing>
 <clothing>
  <id>
   591345575
  </id>
  <name>
   PleinSport Belts A-8997
  </name>
  <category>
   Belts
  </category>
  <size>
   XXL
  </size>
  <color>
   Синий
  </color>
  <material>
   Лен
  </material>
  <price>
   378975
  </price>
  <rating>
   4.13
  </rating>
  <reviews>
   364854
  </reviews>
  <new>
   -
  </new>
  <sporty>
   no
  </sporty>
 </clothing>
 <clothing>
  <id>
   432735501
  </id>
  <name>
   Vans Handbags K-8592
  </name>
  <category>
   Handbags
  </category>
  <size>
   L
  </size>
  <color>
   Голубой
  </color>
  <material>
   Шерсть
  </material>
  <price>
   754131
  </price>
  <rating>
   4.06
  </rating>
  <reviews>
   932664
  </reviews>
  <exclusive>
   yes
  </exclusive>
 </clothing>
 <clothing>
  <id>
   573683666
  </id>
  <name>
   Ellesse Handbags N-3428
  </name>
  <category>
   Handbags
  </category>
  <size>
   M
  </size>
  <color>
   Оранжевый
  </color>
  <material>
   Полиэстер
  </material>
  <price>
   946081
  </price>
  <rating>
   4.23
  </rating>
  <reviews>
   699610
  </reviews>
  <new>
   +
  </new>
  <exclusive>
   no
  </exclusive>
  <sporty>
   no
  </sporty>
 </clothing>
 <clothing>
  <id>
   292214147
  </id>
  <name>
   DC Umbrellas Z-2375
  </name>
  <category>
   Umbrellas
  </category>
  <size>
   XXL
  </size>
  <color>
   Оранжевый
  </color>
  <material>
   Шерсть
  </material>
  <price>
   273884
  </price>
  <rating>
   2.59
  </rating>
  <reviews>
   35396
  </reviews>
  <new>
   +
  </new>
  <exclusive>
   no
  </exclusive>
 </clothing>
 <clothing>
  <id>
   886093155
  </id>
  <name>
   Reebok Shoes E-2980
  </name>
  <category>
   Shoes
  </category>
  <size>
   XXL
  </size>
  <color>
   Красный
  </color>
  <material>
   Полиэстер
  </material>
  <price>
   574300
  </price>
  <rating>
   3.51
  </rating>
  <reviews>
   370251
  </reviews>
  <new>
   +
  </new>
  <exclusive>
   yes
  </exclusive>
 </clothing>
 <clothing>
  <id>
   790148506
  </id>
  <name>
   Converse T-shirt W-3267
  </name>
  <category>
   T-shirt
  </category>
  <size>
   XL
  </size>
  <color>
   Фиолетовый
  </color>
  <material>
   Лен
  </material>
  <price>
   894332
  </price>
  <rating>
   1.96
  </rating>
  <reviews>
   461501
  </reviews>
  <exclusive>
   no
  </exclusive>
 </clothing>
 <clothing>
  <id>
   875892744
  </id>
  <name>
   Vans Handbags M-9639
  </name>
  <category>
   Handbags
  </category>
  <size>
   XL
  </size>
  <color>
   Красный
  </color>
  <material>
   Шелк
  </material>
  <price>
   152846
  </price>
  <rating>
   1.68
  </rating>
  <reviews>
   122163
  </reviews>
 </clothing>
 <clothing>
  <id>
   626933913
  </id>
  <name>
   Brooks Socks C-8003
  </name>
  <category>
   Socks
  </category>
  <size>
   XXL
  </size>
  <color>
   Фиолетовый
  </color>
  <material>
   Лен
  </material>
  <price>
   286838
  </price>
  <rating>
   4.27
  </rating>
  <reviews>
   812717
  </reviews>
  <exclusive>
   yes
  </exclusive>
  <sporty>
   yes
  </sporty>
 </clothing>
 <clothing>
  <id>
   814855174
  </id>
  <name>
   Fila Shirt E-4807
  </name>
  <category>
   Shirt
  </category>
  <size>
   M
  </size>
  <color>
   Желтый
  </color>
  <material>
   Полиэстер
  </material>
  <price>
   572357
  </price>
  <rating>
   3.57
  </rating>
  <reviews>
   991239
  </reviews>
  <new>
   -
  </new>
  <exclusive>
   no
  </exclusive>
 </clothing>
 <clothing>
  <id>
   545682092
  </id>
  <name>
   Lacoste Handbags K-9302
  </name>
  <category>
   Handbags
  </category>
  <size>
   M
  </size>
  <color>
   Красный
  </color>
  <material>
   Лен
  </material>
  <price>
   741933
  </price>
  <rating>
   2.22
  </rating>
  <reviews>
   883534
  </reviews>
  <new>
   -
  </new>
  <exclusive>
   no
  </exclusive>
 </clothing>
 <clothing>
  <id>
   660832431
  </id>
  <name>
   Fila Shoes R-3477
  </name>
  <category>
   Shoes
  </category>
  <size>
   XL
  </size>
  <color>
   Синий
  </color>
  <material>
   Вискоза
  </material>
  <price>
   416069
  </price>
  <rating>
   3.06
  </rating>
  <reviews>
   549521
  </reviews>
  <new>
   -
  </new>
  <exclusive>
   no
  </exclusive>
 </clothing>
 <clothing>
  <id>
   495275227
  </id>
  <name>
   Vans Dress F-4517
  </name>
  <category>
   Dress
  </category>
  <size>
   XXL
  </size>
  <color>
   Зеленый
  </color>
  <material>
   Вискоза
  </material>
  <price>
   756871
  </price>
  <rating>
   2.58
  </rating>
  <reviews>
   665690
  </reviews>
  <new>
   -
  </new>
  <exclusive>
   yes
  </exclusive>
  <sporty>
   yes
  </sporty>
 </clothing>
 <clothing>
  <id>
   664724612
  </id>
  <name>
   Addidas Belts N-6978
  </name>
  <category>
   Belts
  </category>
  <size>
   XL
  </size>
  <color>
   Желтый
  </color>
  <material>
   Лен
  </material>
  <price>
   775738
  </price>
  <rating>
   3.05
  </rating>
  <reviews>
   868547
  </reviews>
 </clothing>
</clothing-items>
