<?xml version="1.0" encoding="utf-8"?>
<clothing-items>
 <clothing>
  <id>
   192776965
  </id>
  <name>
   Under Armour Jacket F-8081
  </name>
  <category>
   Jacket
  </category>
  <size>
   XL
  </size>
  <color>
   Зеленый
  </color>
  <material>
   Лен
  </material>
  <price>
   658699
  </price>
  <rating>
   4.57
  </rating>
  <reviews>
   610604
  </reviews>
  <new>
   -
  </new>
  <exclusive>
   yes
  </exclusive>
 </clothing>
 <clothing>
  <id>
   268248918
  </id>
  <name>
   Asics Belts R-9530
  </name>
  <category>
   Belts
  </category>
  <size>
   S
  </size>
  <color>
   Оранжевый
  </color>
  <material>
   Шерсть
  </material>
  <price>
   554473
  </price>
  <rating>
   3.27
  </rating>
  <reviews>
   196597
  </reviews>
  <exclusive>
   no
  </exclusive>
  <sporty>
   yes
  </sporty>
 </clothing>
 <clothing>
  <id>
   673166641
  </id>
  <name>
   Lacoste Sweater K-2731
  </name>
  <category>
   Sweater
  </category>
  <size>
   S
  </size>
  <color>
   Синий
  </color>
  <material>
   Вискоза
  </material>
  <price>
   264462
  </price>
  <rating>
   3.86
  </rating>
  <reviews>
   720651
  </reviews>
  <sporty>
   yes
  </sporty>
 </clothing>
 <clothing>
  <id>
   109051342
  </id>
  <name>
   DC T-shirt C-4028
  </name>
  <category>
   T-shirt
  </category>
  <size>
   XL
  </size>
  <color>
   Желтый
  </color>
  <material>
   Хлопок
  </material>
  <price>
   806659
  </price>
  <rating>
   4.42
  </rating>
  <reviews>
   795210
  </reviews>
  <new>
   +
  </new>
 </clothing>
 <clothing>
  <id>
   217142673
  </id>
  <name>
   Under Armour Skirt X-4131
  </name>
  <category>
   Skirt
  </category>
  <size>
   XXL
  </size>
  <color>
   Голубой
  </color>
  <material>
   Полиэстер
  </material>
  <price>
   487280
  </price>
  <rating>
   2.94
  </rating>
  <reviews>
   859031
  </reviews>
  <exclusive>
   no
  </exclusive>
  <sporty>
   no
  </sporty>
 </clothing>
 <clothing>
  <id>
   759244046
  </id>
  <name>
   Puma Shoes H-2816
  </name>
  <category>
   Shoes
  </category>
  <size>
   S
  </size>
  <color>
   Красный
  </color>
  <material>
   Кожа
  </material>
  <price>
   577717
  </price>
  <rating>
   3.06
  </rating>
  <reviews>
   88088
  </reviews>
  <new>
   -
  </new>
  <exclusive>
   no
  </exclusive>
  <sporty>
   no
  </sporty>
 </clothing>
 <clothing>
  <id>
   506989282
  </id>
  <name>
   Reebok Socks T-9693
  </name>
  <category>
   Socks
  </category>
  <size>
   L
  </size>
  <color>
   Желтый
  </color>
  <material>
   Шерсть
  </material>
  <price>
   968818
  </price>
  <rating>
   1.91
  </rating>
  <reviews>
   433400
  </reviews>
  <exclusive>
   no
  </exclusive>
 </clothing>
 <clothing>
  <id>
   241752242
  </id>
  <name>
   Reebok Umbrellas G-2149
  </name>
  <category>
   Umbrellas
  </category>
  <size>
   XL
  </size>
  <color>
   Синий
  </color>
  <material>
   Лен
  </material>
  <price>
   327094
  </price>
  <rating>
   4.39
  </rating>
  <reviews>
   49677
  </reviews>
 </clothing>
 <clothing>
  <id>
   175814274
  </id>
  <name>
   Lacoste Shirt A-5425
  </name>
  <category>
   Shirt
  </category>
  <size>
   L
  </size>
  <color>
   Зеленый
  </color>
  <material>
   Шерсть
  </material>
  <price>
   466131
  </price>
  <rating>
   1.49
  </rating>
  <reviews>
   68297
  </reviews>
  <sporty>
   yes
  </sporty>
 </clothing>
 <clothing>
  <id>
   358887739
  </id>
  <name>
   Reebok Hat V-3371
  </name>
  <category>
   Hat
  </category>
  <size>
   M
  </size>
  <color>
   Голубой
  </color>
  <material>
   Лен
  </material>
  <price>
   132566
  </price>
  <rating>
   1.34
  </rating>
  <reviews>
   8669
  </reviews>
  <new>
   -
  </new>
  <exclusive>
   no
  </exclusive>
 </clothing>
 <clothing>
  <id>
   616245888
  </id>
  <name>
   Fila Belts B-7919
  </name>
  <category>
   Belts
  </category>
  <size>
   XXL
  </size>
  <color>
   Голубой
  </color>
  <material>
   Лен
  </material>
  <price>
   451598
  </price>
  <rating>
   4.66
  </rating>
  <reviews>
   112128
  </reviews>
  <new>
   -
  </new>
  <sporty>
   no
  </sporty>
 </clothing>
 <clothing>
  <id>
   330981791
  </id>
  <name>
   Under Armour Jeans O-9030
  </name>
  <category>
   Jeans
  </category>
  <size>
   XXL
  </size>
  <color>
   Оранжевый
  </color>
  <material>
   Кожа
  </material>
  <price>
   230510
  </price>
  <rating>
   3.86
  </rating>
  <reviews>
   565935
  </reviews>
  <new>
   +
  </new>
  <exclusive>
   yes
  </exclusive>
 </clothing>
 <clothing>
  <id>
   809673775
  </id>
  <name>
   Asics Shirt F-5683
  </name>
  <category>
   Shirt
  </category>
  <size>
   XXL
  </size>
  <color>
   Голубой
  </color>
  <material>
   Хлопок
  </material>
  <price>
   833303
  </price>
  <rating>
   4.64
  </rating>
  <reviews>
   210121
  </reviews>
  <exclusive>
   no
  </exclusive>
  <sporty>
   yes
  </sporty>
 </clothing>
 <clothing>
  <id>
   244320625
  </id>
  <name>
   Ellesse Handbags Z-5949
  </name>
  <category>
   Handbags
  </category>
  <size>
   L
  </size>
  <color>
   Фиолетовый
  </color>
  <material>
   Вискоза
  </material>
  <price>
   737783
  </price>
  <rating>
   3.49
  </rating>
  <reviews>
   171164
  </reviews>
  <sporty>
   no
  </sporty>
 </clothing>
 <clothing>
  <id>
   347278055
  </id>
  <name>
   Reebok Sweater F-7296
  </name>
  <category>
   Sweater
  </category>
  <size>
   XL
  </size>
  <color>
   Красный
  </color>
  <material>
   Лен
  </material>
  <price>
   514319
  </price>
  <rating>
   1.22
  </rating>
  <reviews>
   448511
  </reviews>
  <new>
   -
  </new>
  <exclusive>
   no
  </exclusive>
  <sporty>
   no
  </sporty>
 </clothing>
 <clothing>
  <id>
   342526836
  </id>
  <name>
   Vans Sweater W-3665
  </name>
  <category>
   Sweater
  </category>
  <size>
   XXL
  </size>
  <color>
   Голубой
  </color>
  <material>
   Кожа
  </material>
  <price>
   501925
  </price>
  <rating>
   4.57
  </rating>
  <reviews>
   978473
  </reviews>
  <exclusive>
   yes
  </exclusive>
  <sporty>
   no
  </sporty>
 </clothing>
 <clothing>
  <id>
   101842144
  </id>
  <name>
   Vans Blouse T-7461
  </name>
  <category>
   Blouse
  </category>
  <size>
   XL
  </size>
  <color>
   Красный
  </color>
  <material>
   Шелк
  </material>
  <price>
   652771
  </price>
  <rating>
   3.02
  </rating>
  <reviews>
   118487
  </reviews>
  <new>
   +
  </new>
  <exclusive>
   no
  </exclusive>
  <sporty>
   yes
  </sporty>
 </clothing>
 <clothing>
  <id>
   358223841
  </id>
  <name>
   Asics Blouse I-6269
  </name>
  <category>
   Blouse
  </category>
  <size>
   L
  </size>
  <color>
   Синий
  </color>
  <material>
   Лен
  </material>
  <price>
   330597
  </price>
  <rating>
   2.7
  </rating>
  <reviews>
   864793
  </reviews>
  <new>
   +
  </new>
  <sporty>
   no
  </sporty>
 </clothing>
 <clothing>
  <id>
   124954669
  </id>
  <name>
   Adidas Pants T-2890
  </name>
  <category>
   Pants
  </category>
  <size>
   S
  </size>
  <color>
   Оранжевый
  </color>
  <material>
   Шелк
  </material>
  <price>
   663599
  </price>
  <rating>
   1.39
  </rating>
  <reviews>
   749914
  </reviews>
  <new>
   +
  </new>
  <exclusive>
   yes
  </exclusive>
  <sporty>
   yes
  </sporty>
 </clothing>
 <clothing>
  <id>
   226052410
  </id>
  <name>
   Nike Socks L-9813
  </name>
  <category>
   Socks
  </category>
  <size>
   L
  </size>
  <color>
   Оранжевый
  </color>
  <material>
   Шерсть
  </material>
  <price>
   627544
  </price>
  <rating>
   1.66
  </rating>
  <reviews>
   694608
  </reviews>
  <new>
   +
  </new>
  <sporty>
   no
  </sporty>
 </clothing>
 <clothing>
  <id>
   714424954
  </id>
  <name>
   PleinSport T-shirt F-7953
  </name>
  <category>
   T-shirt
  </category>
  <size>
   XXL
  </size>
  <color>
   Оранжевый
  </color>
  <material>
   Шелк
  </material>
  <price>
   272421
  </price>
  <rating>
   2.12
  </rating>
  <reviews>
   192347
  </reviews>
  <sporty>
   no
  </sporty>
 </clothing>
 <clothing>
  <id>
   996835244
  </id>
  <name>
   Brooks Pants C-1162
  </name>
  <category>
   Pants
  </category>
  <size>
   S
  </size>
  <color>
   Оранжевый
  </color>
  <material>
   Нейлон
  </material>
  <price>
   207229
  </price>
  <rating>
   3.48
  </rating>
  <reviews>
   158654
  </reviews>
  <exclusive>
   no
  </exclusive>
  <sporty>
   no
  </sporty>
 </clothing>
 <clothing>
  <id>
   421429723
  </id>
  <name>
   Reebok T-shirt M-4361
  </name>
  <category>
   T-shirt
  </category>
  <size>
   M
  </size>
  <color>
   Оранжевый
  </color>
  <material>
   Полиэстер
  </material>
  <price>
   715417
  </price>
  <rating>
   3.85
  </rating>
  <reviews>
   649322
  </reviews>
  <new>
   -
  </new>
  <exclusive>
   no
  </exclusive>
  <sporty>
   yes
  </sporty>
 </clothing>
 <clothing>
  <id>
   143843390
  </id>
  <name>
   Puma Shoes S-1353
  </name>
  <category>
   Shoes
  </category>
  <size>
   L
  </size>
  <color>
   Зеленый
  </color>
  <material>
   Лен
  </material>
  <price>
   640516
  </price>
  <rating>
   4.47
  </rating>
  <reviews>
   509045
  </reviews>
  <new>
   -
  </new>
  <exclusive>
   yes
  </exclusive>
  <sporty>
   no
  </sporty>
 </clothing>
 <clothing>
  <id>
   856694677
  </id>
  <name>
   Lacoste Hat X-5210
  </name>
  <category>
   Hat
  </category>
  <size>
   XXL
  </size>
  <color>
   Желтый
  </color>
  <material>
   Полиэстер
  </material>
  <price>
   864553
  </price>
  <rating>
   3.33
  </rating>
  <reviews>
   328155
  </reviews>
  <sporty>
   no
  </sporty>
 </clothing>
 <clothing>
  <id>
   941205699
  </id>
  <name>
   Reebok Umbrellas C-1664
  </name>
  <category>
   Umbrellas
  </category>
  <size>
   M
  </size>
  <color>
   Синий
  </color>
  <material>
   Полиэстер
  </material>
  <price>
   612592
  </price>
  <rating>
   2.51
  </rating>
  <reviews>
   411458
  </reviews>
  <sporty>
   no
  </sporty>
 </clothing>
 <clothing>
  <id>
   580569245
  </id>
  <name>
   Adidas Hat E-1778
  </name>
  <category>
   Hat
  </category>
  <size>
   M
  </size>
  <color>
   Желтый
  </color>
  <material>
   Шелк
  </material>
  <price>
   748721
  </price>
  <rating>
   2.95
  </rating>
  <reviews>
   591531
  </reviews>
  <new>
   +
  </new>
  <exclusive>
   yes
  </exclusive>
  <sporty>
   no
  </sporty>
 </clothing>
 <clothing>
  <id>
   234805395
  </id>
  <name>
   Puma Pants F-6212
  </name>
  <category>
   Pants
  </category>
  <size>
   XL
  </size>
  <color>
   Зеленый
  </color>
  <material>
   Шелк
  </material>
  <price>
   605604
  </price>
  <rating>
   4.85
  </rating>
  <reviews>
   307673
  </reviews>
 </clothing>
 <clothing>
  <id>
   979446864
  </id>
  <name>
   Fila Sweater M-7366
  </name>
  <category>
   Sweater
  </category>
  <size>
   XXL
  </size>
  <color>
   Желтый
  </color>
  <material>
   Кожа
  </material>
  <price>
   710792
  </price>
  <rating>
   1.56
  </rating>
  <reviews>
   399307
  </reviews>
  <new>
   -
  </new>
  <exclusive>
   no
  </exclusive>
  <sporty>
   yes
  </sporty>
 </clothing>
 <clothing>
  <id>
   960248211
  </id>
  <name>
   Asics Sweater G-6174
  </name>
  <category>
   Sweater
  </category>
  <size>
   M
  </size>
  <color>
   Красный
  </color>
  <material>
   Вискоза
  </material>
  <price>
   865439
  </price>
  <rating>
   4.81
  </rating>
  <reviews>
   345674
  </reviews>
  <new>
   -
  </new>
 </clothing>
 <clothing>
  <id>
   240381066
  </id>
  <name>
   Adidas Shoes L-9720
  </name>
  <category>
   Shoes
  </category>
  <size>
   S
  </size>
  <color>
   Фиолетовый
  </color>
  <material>
   Шерсть
  </material>
  <price>
   482043
  </price>
  <rating>
   4.51
  </rating>
  <reviews>
   316630
  </reviews>
  <exclusive>
   no
  </exclusive>
  <sporty>
   no
  </sporty>
 </clothing>
 <clothing>
  <id>
   895137653
  </id>
  <name>
   Brooks Shirt B-6307
  </name>
  <category>
   Shirt
  </category>
  <size>
   XL
  </size>
  <color>
   Зеленый
  </color>
  <material>
   Кожа
  </material>
  <price>
   217197
  </price>
  <rating>
   2.4
  </rating>
  <reviews>
   602814
  </reviews>
 </clothing>
 <clothing>
  <id>
   771337251
  </id>
  <name>
   Nike Skirt F-2861
  </name>
  <category>
   Skirt
  </category>
  <size>
   M
  </size>
  <color>
   Голубой
  </color>
  <material>
   Хлопок
  </material>
  <price>
   744394
  </price>
  <rating>
   5.0
  </rating>
  <reviews>
   803500
  </reviews>
  <new>
   +
  </new>
  <exclusive>
   no
  </exclusive>
 </clothing>
 <clothing>
  <id>
   543951960
  </id>
  <name>
   Asics Jeans P-9666
  </name>
  <category>
   Jeans
  </category>
  <size>
   M
  </size>
  <color>
   Оранжевый
  </color>
  <material>
   Хлопок
  </material>
  <price>
   459479
  </price>
  <rating>
   4.53
  </rating>
  <reviews>
   102627
  </reviews>
  <new>
   +
  </new>
  <exclusive>
   no
  </exclusive>
 </clothing>
 <clothing>
  <id>
   682963223
  </id>
  <name>
   Ellesse Skirt J-6531
  </name>
  <category>
   Skirt
  </category>
  <size>
   M
  </size>
  <color>
   Зеленый
  </color>
  <material>
   Полиэстер
  </material>
  <price>
   898537
  </price>
  <rating>
   1.96
  </rating>
  <reviews>
   261667
  </reviews>
  <new>
   +
  </new>
  <sporty>
   yes
  </sporty>
 </clothing>
 <clothing>
  <id>
   972810785
  </id>
  <name>
   Brooks Blouse B-3903
  </name>
  <category>
   Blouse
  </category>
  <size>
   XL
  </size>
  <color>
   Желтый
  </color>
  <material>
   Нейлон
  </material>
  <price>
   176821
  </price>
  <rating>
   1.17
  </rating>
  <reviews>
   935389
  </reviews>
  <new>
   +
  </new>
  <exclusive>
   no
  </exclusive>
 </clothing>
 <clothing>
  <id>
   797517173
  </id>
  <name>
   Adidas Umbrellas H-1227
  </name>
  <category>
   Umbrellas
  </category>
  <size>
   XXL
  </size>
  <color>
   Оранжевый
  </color>
  <material>
   Шелк
  </material>
  <price>
   397885
  </price>
  <rating>
   4.12
  </rating>
  <reviews>
   643529
  </reviews>
  <new>
   -
  </new>
  <exclusive>
   no
  </exclusive>
  <sporty>
   no
  </sporty>
 </clothing>
 <clothing>
  <id>
   532816031
  </id>
  <name>
   New Balance Skirt G-2762
  </name>
  <category>
   Skirt
  </category>
  <size>
   S
  </size>
  <color>
   Фиолетовый
  </color>
  <material>
   Кожа
  </material>
  <price>
   837942
  </price>
  <rating>
   4.7
  </rating>
  <reviews>
   127646
  </reviews>
  <new>
   -
  </new>
  <exclusive>
   no
  </exclusive>
  <sporty>
   no
  </sporty>
 </clothing>
 <clothing>
  <id>
   260070220
  </id>
  <name>
   Asics Hat Q-4361
  </name>
  <category>
   Hat
  </category>
  <size>
   L
  </size>
  <color>
   Зеленый
  </color>
  <material>
   Вискоза
  </material>
  <price>
   266076
  </price>
  <rating>
   3.59
  </rating>
  <reviews>
   630677
  </reviews>
  <exclusive>
   yes
  </exclusive>
  <sporty>
   yes
  </sporty>
 </clothing>
</clothing-items>
