<?xml version="1.0" encoding="utf-8"?>
<clothing-items>
 <clothing>
  <id>
   933337769
  </id>
  <name>
   Fila Socks X-7030
  </name>
  <category>
   Socks
  </category>
  <size>
   L
  </size>
  <color>
   Красный
  </color>
  <material>
   Кожа
  </material>
  <price>
   440973
  </price>
  <rating>
   1.5
  </rating>
  <reviews>
   867873
  </reviews>
  <exclusive>
   no
  </exclusive>
  <sporty>
   no
  </sporty>
 </clothing>
 <clothing>
  <id>
   343414109
  </id>
  <name>
   New Balance Blouse O-2447
  </name>
  <category>
   Blouse
  </category>
  <size>
   S
  </size>
  <color>
   Зеленый
  </color>
  <material>
   Полиэстер
  </material>
  <price>
   792835
  </price>
  <rating>
   4.4
  </rating>
  <reviews>
   303924
  </reviews>
  <sporty>
   yes
  </sporty>
 </clothing>
 <clothing>
  <id>
   112937032
  </id>
  <name>
   Ellesse Skirt X-4414
  </name>
  <category>
   Skirt
  </category>
  <size>
   XL
  </size>
  <color>
   Оранжевый
  </color>
  <material>
   Полиэстер
  </material>
  <price>
   326937
  </price>
  <rating>
   2.75
  </rating>
  <reviews>
   424550
  </reviews>
  <exclusive>
   no
  </exclusive>
  <sporty>
   no
  </sporty>
 </clothing>
 <clothing>
  <id>
   840422055
  </id>
  <name>
   Adidas T-shirt M-9775
  </name>
  <category>
   T-shirt
  </category>
  <size>
   M
  </size>
  <color>
   Синий
  </color>
  <material>
   Лен
  </material>
  <price>
   535546
  </price>
  <rating>
   4.0
  </rating>
  <reviews>
   728577
  </reviews>
  <new>
   -
  </new>
  <exclusive>
   yes
  </exclusive>
  <sporty>
   yes
  </sporty>
 </clothing>
 <clothing>
  <id>
   358954351
  </id>
  <name>
   Fila Sweater T-3615
  </name>
  <category>
   Sweater
  </category>
  <size>
   XL
  </size>
  <color>
   Синий
  </color>
  <material>
   Вискоза
  </material>
  <price>
   596584
  </price>
  <rating>
   4.89
  </rating>
  <reviews>
   215677
  </reviews>
  <sporty>
   yes
  </sporty>
 </clothing>
 <clothing>
  <id>
   161303721
  </id>
  <name>
   Lacoste Umbrellas L-2986
  </name>
  <category>
   Umbrellas
  </category>
  <size>
   XXL
  </size>
  <color>
   Красный
  </color>
  <material>
   Нейлон
  </material>
  <price>
   895297
  </price>
  <rating>
   4.5
  </rating>
  <reviews>
   137617
  </reviews>
  <new>
   -
  </new>
  <exclusive>
   yes
  </exclusive>
  <sporty>
   no
  </sporty>
 </clothing>
 <clothing>
  <id>
   945246688
  </id>
  <name>
   Ellesse Skirt I-5368
  </name>
  <category>
   Skirt
  </category>
  <size>
   M
  </size>
  <color>
   Голубой
  </color>
  <material>
   Шелк
  </material>
  <price>
   996140
  </price>
  <rating>
   3.35
  </rating>
  <reviews>
   276490
  </reviews>
  <exclusive>
   yes
  </exclusive>
 </clothing>
 <clothing>
  <id>
   416353722
  </id>
  <name>
   New Balance Jacket A-8413
  </name>
  <category>
   Jacket
  </category>
  <size>
   S
  </size>
  <color>
   Зеленый
  </color>
  <material>
   Шерсть
  </material>
  <price>
   683113
  </price>
  <rating>
   4.11
  </rating>
  <reviews>
   81462
  </reviews>
  <new>
   +
  </new>
  <sporty>
   no
  </sporty>
 </clothing>
 <clothing>
  <id>
   242466869
  </id>
  <name>
   Brooks Handbags N-4133
  </name>
  <category>
   Handbags
  </category>
  <size>
   XXL
  </size>
  <color>
   Фиолетовый
  </color>
  <material>
   Нейлон
  </material>
  <price>
   227410
  </price>
  <rating>
   2.06
  </rating>
  <reviews>
   688849
  </reviews>
  <new>
   -
  </new>
  <exclusive>
   no
  </exclusive>
 </clothing>
 <clothing>
  <id>
   987734532
  </id>
  <name>
   DC Dress S-6508
  </name>
  <category>
   Dress
  </category>
  <size>
   M
  </size>
  <color>
   Фиолетовый
  </color>
  <material>
   Шерсть
  </material>
  <price>
   314501
  </price>
  <rating>
   2.42
  </rating>
  <reviews>
   438283
  </reviews>
  <exclusive>
   no
  </exclusive>
 </clothing>
 <clothing>
  <id>
   897985994
  </id>
  <name>
   Under Armour Jeans D-4725
  </name>
  <category>
   Jeans
  </category>
  <size>
   M
  </size>
  <color>
   Желтый
  </color>
  <material>
   Шелк
  </material>
  <price>
   596696
  </price>
  <rating>
   3.53
  </rating>
  <reviews>
   935276
  </reviews>
  <new>
   -
  </new>
  <sporty>
   no
  </sporty>
 </clothing>
 <clothing>
  <id>
   984089458
  </id>
  <name>
   Asics Umbrellas E-9151
  </name>
  <category>
   Umbrellas
  </category>
  <size>
   M
  </size>
  <color>
   Желтый
  </color>
  <material>
   Хлопок
  </material>
  <price>
   482692
  </price>
  <rating>
   1.05
  </rating>
  <reviews>
   864493
  </reviews>
  <new>
   -
  </new>
  <exclusive>
   yes
  </exclusive>
  <sporty>
   no
  </sporty>
 </clothing>
 <clothing>
  <id>
   951773821
  </id>
  <name>
   Puma Jeans J-1775
  </name>
  <category>
   Jeans
  </category>
  <size>
   L
  </size>
  <color>
   Красный
  </color>
  <material>
   Полиэстер
  </material>
  <price>
   817739
  </price>
  <rating>
   3.16
  </rating>
  <reviews>
   198430
  </reviews>
  <new>
   +
  </new>
  <sporty>
   yes
  </sporty>
 </clothing>
 <clothing>
  <id>
   640234394
  </id>
  <name>
   Brooks Sweater C-5085
  </name>
  <category>
   Sweater
  </category>
  <size>
   L
  </size>
  <color>
   Красный
  </color>
  <material>
   Хлопок
  </material>
  <price>
   414125
  </price>
  <rating>
   2.58
  </rating>
  <reviews>
   52950
  </reviews>
  <exclusive>
   yes
  </exclusive>
 </clothing>
 <clothing>
  <id>
   430494483
  </id>
  <name>
   Asics Belts E-3226
  </name>
  <category>
   Belts
  </category>
  <size>
   XL
  </size>
  <color>
   Оранжевый
  </color>
  <material>
   Полиэстер
  </material>
  <price>
   904822
  </price>
  <rating>
   4.85
  </rating>
  <reviews>
   165132
  </reviews>
  <exclusive>
   no
  </exclusive>
  <sporty>
   no
  </sporty>
 </clothing>
 <clothing>
  <id>
   635284004
  </id>
  <name>
   Reebok Hat Y-6040
  </name>
  <category>
   Hat
  </category>
  <size>
   XXL
  </size>
  <color>
   Синий
  </color>
  <material>
   Шелк
  </material>
  <price>
   827107
  </price>
  <rating>
   4.93
  </rating>
  <reviews>
   899713
  </reviews>
  <new>
   -
  </new>
  <exclusive>
   no
  </exclusive>
  <sporty>
   no
  </sporty>
 </clothing>
 <clothing>
  <id>
   921909240
  </id>
  <name>
   Puma Blouse O-1904
  </name>
  <category>
   Blouse
  </category>
  <size>
   M
  </size>
  <color>
   Оранжевый
  </color>
  <material>
   Кожа
  </material>
  <price>
   910736
  </price>
  <rating>
   2.27
  </rating>
  <reviews>
   299927
  </reviews>
  <new>
   +
  </new>
  <sporty>
   no
  </sporty>
 </clothing>
 <clothing>
  <id>
   819866886
  </id>
  <name>
   Asics Sweater A-6736
  </name>
  <category>
   Sweater
  </category>
  <size>
   S
  </size>
  <color>
   Желтый
  </color>
  <material>
   Шелк
  </material>
  <price>
   124827
  </price>
  <rating>
   4.73
  </rating>
  <reviews>
   48650
  </reviews>
 </clothing>
 <clothing>
  <id>
   541873618
  </id>
  <name>
   Nike Pants K-5935
  </name>
  <category>
   Pants
  </category>
  <size>
   XXL
  </size>
  <color>
   Оранжевый
  </color>
  <material>
   Вискоза
  </material>
  <price>
   269081
  </price>
  <rating>
   4.19
  </rating>
  <reviews>
   742188
  </reviews>
  <exclusive>
   no
  </exclusive>
 </clothing>
 <clothing>
  <id>
   832292279
  </id>
  <name>
   DC Belts N-7986
  </name>
  <category>
   Belts
  </category>
  <size>
   L
  </size>
  <color>
   Голубой
  </color>
  <material>
   Шелк
  </material>
  <price>
   928783
  </price>
  <rating>
   4.2
  </rating>
  <reviews>
   884189
  </reviews>
  <new>
   -
  </new>
 </clothing>
 <clothing>
  <id>
   931542412
  </id>
  <name>
   Fila Gloves P-5969
  </name>
  <category>
   Gloves
  </category>
  <size>
   M
  </size>
  <color>
   Оранжевый
  </color>
  <material>
   Вискоза
  </material>
  <price>
   256867
  </price>
  <rating>
   2.37
  </rating>
  <reviews>
   991082
  </reviews>
  <new>
   -
  </new>
  <exclusive>
   yes
  </exclusive>
 </clothing>
 <clothing>
  <id>
   227345219
  </id>
  <name>
   Converse Belts X-7795
  </name>
  <category>
   Belts
  </category>
  <size>
   S
  </size>
  <color>
   Красный
  </color>
  <material>
   Кожа
  </material>
  <price>
   101098
  </price>
  <rating>
   1.76
  </rating>
  <reviews>
   32421
  </reviews>
  <new>
   +
  </new>
  <exclusive>
   no
  </exclusive>
  <sporty>
   no
  </sporty>
 </clothing>
 <clothing>
  <id>
   375107404
  </id>
  <name>
   Asics Pants Z-2011
  </name>
  <category>
   Pants
  </category>
  <size>
   M
  </size>
  <color>
   Фиолетовый
  </color>
  <material>
   Вискоза
  </material>
  <price>
   312485
  </price>
  <rating>
   2.33
  </rating>
  <reviews>
   330102
  </reviews>
  <new>
   +
  </new>
  <exclusive>
   yes
  </exclusive>
  <sporty>
   no
  </sporty>
 </clothing>
 <clothing>
  <id>
   903224741
  </id>
  <name>
   Vans Shoes Y-6236
  </name>
  <category>
   Shoes
  </category>
  <size>
   L
  </size>
  <color>
   Красный
  </color>
  <material>
   Шелк
  </material>
  <price>
   435782
  </price>
  <rating>
   1.95
  </rating>
  <reviews>
   830556
  </reviews>
  <new>
   -
  </new>
  <exclusive>
   yes
  </exclusive>
 </clothing>
 <clothing>
  <id>
   570338753
  </id>
  <name>
   Brooks Skirt E-2515
  </name>
  <category>
   Skirt
  </category>
  <size>
   S
  </size>
  <color>
   Синий
  </color>
  <material>
   Шелк
  </material>
  <price>
   277768
  </price>
  <rating>
   4.37
  </rating>
  <reviews>
   298332
  </reviews>
  <new>
   +
  </new>
  <exclusive>
   yes
  </exclusive>
  <sporty>
   yes
  </sporty>
 </clothing>
 <clothing>
  <id>
   812799560
  </id>
  <name>
   PleinSport Shirt R-6831
  </name>
  <category>
   Shirt
  </category>
  <size>
   L
  </size>
  <color>
   Красный
  </color>
  <material>
   Полиэстер
  </material>
  <price>
   584380
  </price>
  <rating>
   4.46
  </rating>
  <reviews>
   468604
  </reviews>
 </clothing>
 <clothing>
  <id>
   637731502
  </id>
  <name>
   Puma Blouse J-9205
  </name>
  <category>
   Blouse
  </category>
  <size>
   S
  </size>
  <color>
   Зеленый
  </color>
  <material>
   Лен
  </material>
  <price>
   924587
  </price>
  <rating>
   4.09
  </rating>
  <reviews>
   164088
  </reviews>
  <new>
   -
  </new>
 </clothing>
 <clothing>
  <id>
   465047221
  </id>
  <name>
   Brooks Jacket N-5948
  </name>
  <category>
   Jacket
  </category>
  <size>
   L
  </size>
  <color>
   Зеленый
  </color>
  <material>
   Вискоза
  </material>
  <price>
   217132
  </price>
  <rating>
   1.23
  </rating>
  <reviews>
   103351
  </reviews>
  <exclusive>
   no
  </exclusive>
  <sporty>
   no
  </sporty>
 </clothing>
 <clothing>
  <id>
   682147617
  </id>
  <name>
   DC Umbrellas A-5026
  </name>
  <category>
   Umbrellas
  </category>
  <size>
   S
  </size>
  <color>
   Оранжевый
  </color>
  <material>
   Хлопок
  </material>
  <price>
   915557
  </price>
  <rating>
   2.25
  </rating>
  <reviews>
   430115
  </reviews>
  <sporty>
   no
  </sporty>
 </clothing>
</clothing-items>
