<?xml version="1.0" encoding="utf-8"?>
<clothing-items>
 <clothing>
  <id>
   771458346
  </id>
  <name>
   PleinSport Handbags E-8765
  </name>
  <category>
   Handbags
  </category>
  <size>
   XXL
  </size>
  <color>
   Фиолетовый
  </color>
  <material>
   Нейлон
  </material>
  <price>
   127820
  </price>
  <rating>
   3.13
  </rating>
  <reviews>
   130052
  </reviews>
  <new>
   -
  </new>
  <sporty>
   no
  </sporty>
 </clothing>
 <clothing>
  <id>
   749294213
  </id>
  <name>
   Adidas Jeans Q-9962
  </name>
  <category>
   Jeans
  </category>
  <size>
   S
  </size>
  <color>
   Фиолетовый
  </color>
  <material>
   Вискоза
  </material>
  <price>
   323906
  </price>
  <rating>
   2.93
  </rating>
  <reviews>
   202907
  </reviews>
  <new>
   -
  </new>
  <exclusive>
   yes
  </exclusive>
  <sporty>
   no
  </sporty>
 </clothing>
 <clothing>
  <id>
   310045258
  </id>
  <name>
   Adidas Shirt S-4988
  </name>
  <category>
   Shirt
  </category>
  <size>
   L
  </size>
  <color>
   Синий
  </color>
  <material>
   Лен
  </material>
  <price>
   879255
  </price>
  <rating>
   4.86
  </rating>
  <reviews>
   942341
  </reviews>
  <exclusive>
   no
  </exclusive>
  <sporty>
   no
  </sporty>
 </clothing>
 <clothing>
  <id>
   305294235
  </id>
  <name>
   Adidas Jeans C-5772
  </name>
  <category>
   Jeans
  </category>
  <size>
   S
  </size>
  <color>
   Оранжевый
  </color>
  <material>
   Полиэстер
  </material>
  <price>
   101694
  </price>
  <rating>
   1.36
  </rating>
  <reviews>
   980150
  </reviews>
  <exclusive>
   no
  </exclusive>
  <sporty>
   no
  </sporty>
 </clothing>
 <clothing>
  <id>
   931600880
  </id>
  <name>
   PleinSport Jeans T-8244
  </name>
  <category>
   Jeans
  </category>
  <size>
   L
  </size>
  <color>
   Фиолетовый
  </color>
  <material>
   Шелк
  </material>
  <price>
   710025
  </price>
  <rating>
   2.64
  </rating>
  <reviews>
   230150
  </reviews>
  <exclusive>
   no
  </exclusive>
  <sporty>
   yes
  </sporty>
 </clothing>
 <clothing>
  <id>
   561735280
  </id>
  <name>
   Ellesse T-shirt F-1146
  </name>
  <category>
   T-shirt
  </category>
  <size>
   M
  </size>
  <color>
   Синий
  </color>
  <material>
   Нейлон
  </material>
  <price>
   261149
  </price>
  <rating>
   1.67
  </rating>
  <reviews>
   274209
  </reviews>
  <new>
   -
  </new>
  <exclusive>
   yes
  </exclusive>
 </clothing>
 <clothing>
  <id>
   133407036
  </id>
  <name>
   Puma Socks S-2198
  </name>
  <category>
   Socks
  </category>
  <size>
   XL
  </size>
  <color>
   Оранжевый
  </color>
  <material>
   Хлопок
  </material>
  <price>
   217439
  </price>
  <rating>
   3.46
  </rating>
  <reviews>
   875942
  </reviews>
  <new>
   +
  </new>
  <exclusive>
   no
  </exclusive>
  <sporty>
   no
  </sporty>
 </clothing>
 <clothing>
  <id>
   190538271
  </id>
  <name>
   Asics Handbags B-7641
  </name>
  <category>
   Handbags
  </category>
  <size>
   XL
  </size>
  <color>
   Синий
  </color>
  <material>
   Лен
  </material>
  <price>
   901992
  </price>
  <rating>
   4.44
  </rating>
  <reviews>
   698671
  </reviews>
  <sporty>
   yes
  </sporty>
 </clothing>
 <clothing>
  <id>
   824489100
  </id>
  <name>
   DC Hat W-1108
  </name>
  <category>
   Hat
  </category>
  <size>
   XL
  </size>
  <color>
   Синий
  </color>
  <material>
   Лен
  </material>
  <price>
   705564
  </price>
  <rating>
   2.03
  </rating>
  <reviews>
   123332
  </reviews>
  <new>
   -
  </new>
  <sporty>
   no
  </sporty>
 </clothing>
 <clothing>
  <id>
   827419071
  </id>
  <name>
   PleinSport Shoes T-8929
  </name>
  <category>
   Shoes
  </category>
  <size>
   L
  </size>
  <color>
   Фиолетовый
  </color>
  <material>
   Полиэстер
  </material>
  <price>
   591155
  </price>
  <rating>
   4.5
  </rating>
  <reviews>
   241677
  </reviews>
  <new>
   +
  </new>
  <exclusive>
   no
  </exclusive>
  <sporty>
   no
  </sporty>
 </clothing>
 <clothing>
  <id>
   421633960
  </id>
  <name>
   Reebok Socks Z-3079
  </name>
  <category>
   Socks
  </category>
  <size>
   M
  </size>
  <color>
   Синий
  </color>
  <material>
   Хлопок
  </material>
  <price>
   851934
  </price>
  <rating>
   2.08
  </rating>
  <reviews>
   240398
  </reviews>
  <new>
   -
  </new>
  <exclusive>
   no
  </exclusive>
 </clothing>
 <clothing>
  <id>
   977938645
  </id>
  <name>
   Asics Belts G-4512
  </name>
  <category>
   Belts
  </category>
  <size>
   L
  </size>
  <color>
   Красный
  </color>
  <material>
   Кожа
  </material>
  <price>
   997947
  </price>
  <rating>
   2.73
  </rating>
  <reviews>
   117468
  </reviews>
  <new>
   +
  </new>
 </clothing>
 <clothing>
  <id>
   546894792
  </id>
  <name>
   DC Dress S-6925
  </name>
  <category>
   Dress
  </category>
  <size>
   M
  </size>
  <color>
   Фиолетовый
  </color>
  <material>
   Шелк
  </material>
  <price>
   489642
  </price>
  <rating>
   1.32
  </rating>
  <reviews>
   175056
  </reviews>
  <new>
   -
  </new>
  <exclusive>
   yes
  </exclusive>
 </clothing>
 <clothing>
  <id>
   382245804
  </id>
  <name>
   Reebok Blouse I-8936
  </name>
  <category>
   Blouse
  </category>
  <size>
   M
  </size>
  <color>
   Синий
  </color>
  <material>
   Лен
  </material>
  <price>
   408576
  </price>
  <rating>
   4.88
  </rating>
  <reviews>
   71018
  </reviews>
  <new>
   +
  </new>
  <exclusive>
   yes
  </exclusive>
 </clothing>
 <clothing>
  <id>
   883317674
  </id>
  <name>
   Converse Pants A-4988
  </name>
  <category>
   Pants
  </category>
  <size>
   M
  </size>
  <color>
   Желтый
  </color>
  <material>
   Нейлон
  </material>
  <price>
   211138
  </price>
  <rating>
   2.4
  </rating>
  <reviews>
   702252
  </reviews>
  <new>
   -
  </new>
  <exclusive>
   yes
  </exclusive>
  <sporty>
   no
  </sporty>
 </clothing>
 <clothing>
  <id>
   983195046
  </id>
  <name>
   DC Pants B-2413
  </name>
  <category>
   Pants
  </category>
  <size>
   L
  </size>
  <color>
   Красный
  </color>
  <material>
   Нейлон
  </material>
  <price>
   358292
  </price>
  <rating>
   4.3
  </rating>
  <reviews>
   790397
  </reviews>
  <new>
   +
  </new>
  <exclusive>
   no
  </exclusive>
  <sporty>
   yes
  </sporty>
 </clothing>
 <clothing>
  <id>
   152630316
  </id>
  <name>
   Puma Shoes S-3135
  </name>
  <category>
   Shoes
  </category>
  <size>
   XL
  </size>
  <color>
   Голубой
  </color>
  <material>
   Полиэстер
  </material>
  <price>
   344648
  </price>
  <rating>
   2.63
  </rating>
  <reviews>
   56264
  </reviews>
  <exclusive>
   no
  </exclusive>
 </clothing>
 <clothing>
  <id>
   800438492
  </id>
  <name>
   Brooks Skirt J-4520
  </name>
  <category>
   Skirt
  </category>
  <size>
   XXL
  </size>
  <color>
   Фиолетовый
  </color>
  <material>
   Шелк
  </material>
  <price>
   292170
  </price>
  <rating>
   1.3
  </rating>
  <reviews>
   740869
  </reviews>
  <new>
   +
  </new>
  <exclusive>
   no
  </exclusive>
  <sporty>
   yes
  </sporty>
 </clothing>
 <clothing>
  <id>
   847592619
  </id>
  <name>
   Under Armour Dress W-1613
  </name>
  <category>
   Dress
  </category>
  <size>
   L
  </size>
  <color>
   Красный
  </color>
  <material>
   Полиэстер
  </material>
  <price>
   430148
  </price>
  <rating>
   4.09
  </rating>
  <reviews>
   948753
  </reviews>
  <new>
   -
  </new>
  <exclusive>
   no
  </exclusive>
 </clothing>
 <clothing>
  <id>
   567732243
  </id>
  <name>
   Asics Socks C-3737
  </name>
  <category>
   Socks
  </category>
  <size>
   XL
  </size>
  <color>
   Голубой
  </color>
  <material>
   Вискоза
  </material>
  <price>
   154769
  </price>
  <rating>
   3.41
  </rating>
  <reviews>
   399916
  </reviews>
  <new>
   +
  </new>
  <exclusive>
   yes
  </exclusive>
  <sporty>
   yes
  </sporty>
 </clothing>
 <clothing>
  <id>
   892883478
  </id>
  <name>
   Addidas T-shirt M-2592
  </name>
  <category>
   T-shirt
  </category>
  <size>
   XXL
  </size>
  <color>
   Зеленый
  </color>
  <material>
   Шерсть
  </material>
  <price>
   477925
  </price>
  <rating>
   2.65
  </rating>
  <reviews>
   956893
  </reviews>
  <new>
   +
  </new>
  <sporty>
   no
  </sporty>
 </clothing>
</clothing-items>
