<?xml version="1.0" encoding="utf-8"?>
<clothing-items>
 <clothing>
  <id>
   864212867
  </id>
  <name>
   Ellesse Jeans S-7668
  </name>
  <category>
   Jeans
  </category>
  <size>
   L
  </size>
  <color>
   Фиолетовый
  </color>
  <material>
   Нейлон
  </material>
  <price>
   657030
  </price>
  <rating>
   4.73
  </rating>
  <reviews>
   944625
  </reviews>
  <new>
   +
  </new>
  <exclusive>
   yes
  </exclusive>
  <sporty>
   no
  </sporty>
 </clothing>
 <clothing>
  <id>
   826108009
  </id>
  <name>
   Under Armour Shoes S-9101
  </name>
  <category>
   Shoes
  </category>
  <size>
   M
  </size>
  <color>
   Оранжевый
  </color>
  <material>
   Хлопок
  </material>
  <price>
   527097
  </price>
  <rating>
   3.44
  </rating>
  <reviews>
   26175
  </reviews>
  <exclusive>
   no
  </exclusive>
 </clothing>
 <clothing>
  <id>
   260767931
  </id>
  <name>
   DC Sweater Z-2534
  </name>
  <category>
   Sweater
  </category>
  <size>
   XL
  </size>
  <color>
   Синий
  </color>
  <material>
   Вискоза
  </material>
  <price>
   404322
  </price>
  <rating>
   1.78
  </rating>
  <reviews>
   26634
  </reviews>
  <new>
   -
  </new>
  <sporty>
   no
  </sporty>
 </clothing>
 <clothing>
  <id>
   917300276
  </id>
  <name>
   New Balance Sweater A-8546
  </name>
  <category>
   Sweater
  </category>
  <size>
   S
  </size>
  <color>
   Оранжевый
  </color>
  <material>
   Шерсть
  </material>
  <price>
   913015
  </price>
  <rating>
   1.89
  </rating>
  <reviews>
   532192
  </reviews>
  <exclusive>
   no
  </exclusive>
  <sporty>
   no
  </sporty>
 </clothing>
 <clothing>
  <id>
   613431587
  </id>
  <name>
   Fila Umbrellas G-3501
  </name>
  <category>
   Umbrellas
  </category>
  <size>
   L
  </size>
  <color>
   Зеленый
  </color>
  <material>
   Нейлон
  </material>
  <price>
   497129
  </price>
  <rating>
   1.69
  </rating>
  <reviews>
   100487
  </reviews>
  <new>
   -
  </new>
  <exclusive>
   yes
  </exclusive>
  <sporty>
   yes
  </sporty>
 </clothing>
 <clothing>
  <id>
   756582525
  </id>
  <name>
   Converse Socks W-9444
  </name>
  <category>
   Socks
  </category>
  <size>
   XL
  </size>
  <color>
   Синий
  </color>
  <material>
   Хлопок
  </material>
  <price>
   430558
  </price>
  <rating>
   4.61
  </rating>
  <reviews>
   808100
  </reviews>
  <new>
   +
  </new>
  <sporty>
   no
  </sporty>
 </clothing>
 <clothing>
  <id>
   743184520
  </id>
  <name>
   Reebok Handbags L-7831
  </name>
  <category>
   Handbags
  </category>
  <size>
   L
  </size>
  <color>
   Голубой
  </color>
  <material>
   Шерсть
  </material>
  <price>
   721022
  </price>
  <rating>
   1.83
  </rating>
  <reviews>
   218091
  </reviews>
  <exclusive>
   yes
  </exclusive>
  <sporty>
   yes
  </sporty>
 </clothing>
 <clothing>
  <id>
   583351685
  </id>
  <name>
   Nike Shirt S-6970
  </name>
  <category>
   Shirt
  </category>
  <size>
   XL
  </size>
  <color>
   Голубой
  </color>
  <material>
   Кожа
  </material>
  <price>
   774121
  </price>
  <rating>
   4.68
  </rating>
  <reviews>
   216025
  </reviews>
  <new>
   -
  </new>
  <exclusive>
   no
  </exclusive>
  <sporty>
   no
  </sporty>
 </clothing>
 <clothing>
  <id>
   426722332
  </id>
  <name>
   Fila T-shirt K-6119
  </name>
  <category>
   T-shirt
  </category>
  <size>
   S
  </size>
  <color>
   Фиолетовый
  </color>
  <material>
   Хлопок
  </material>
  <price>
   140315
  </price>
  <rating>
   4.56
  </rating>
  <reviews>
   892320
  </reviews>
  <new>
   +
  </new>
  <sporty>
   yes
  </sporty>
 </clothing>
 <clothing>
  <id>
   969332004
  </id>
  <name>
   Asics Shirt Q-1020
  </name>
  <category>
   Shirt
  </category>
  <size>
   XXL
  </size>
  <color>
   Голубой
  </color>
  <material>
   Лен
  </material>
  <price>
   186196
  </price>
  <rating>
   1.21
  </rating>
  <reviews>
   175190
  </reviews>
  <new>
   -
  </new>
  <exclusive>
   no
  </exclusive>
 </clothing>
 <clothing>
  <id>
   673979515
  </id>
  <name>
   PleinSport Umbrellas R-9526
  </name>
  <category>
   Umbrellas
  </category>
  <size>
   L
  </size>
  <color>
   Красный
  </color>
  <material>
   Шелк
  </material>
  <price>
   143209
  </price>
  <rating>
   1.12
  </rating>
  <reviews>
   118717
  </reviews>
  <new>
   -
  </new>
  <sporty>
   no
  </sporty>
 </clothing>
 <clothing>
  <id>
   459443648
  </id>
  <name>
   Brooks Belts Y-5686
  </name>
  <category>
   Belts
  </category>
  <size>
   XL
  </size>
  <color>
   Желтый
  </color>
  <material>
   Кожа
  </material>
  <price>
   583563
  </price>
  <rating>
   1.78
  </rating>
  <reviews>
   360878
  </reviews>
  <exclusive>
   no
  </exclusive>
 </clothing>
 <clothing>
  <id>
   982650672
  </id>
  <name>
   Under Armour Belts T-9770
  </name>
  <category>
   Belts
  </category>
  <size>
   L
  </size>
  <color>
   Желтый
  </color>
  <material>
   Хлопок
  </material>
  <price>
   146877
  </price>
  <rating>
   2.39
  </rating>
  <reviews>
   557375
  </reviews>
  <exclusive>
   no
  </exclusive>
 </clothing>
 <clothing>
  <id>
   508759710
  </id>
  <name>
   Ellesse Hat G-4830
  </name>
  <category>
   Hat
  </category>
  <size>
   S
  </size>
  <color>
   Желтый
  </color>
  <material>
   Шерсть
  </material>
  <price>
   983735
  </price>
  <rating>
   2.08
  </rating>
  <reviews>
   786167
  </reviews>
 </clothing>
 <clothing>
  <id>
   240475288
  </id>
  <name>
   DC Sweater S-5528
  </name>
  <category>
   Sweater
  </category>
  <size>
   S
  </size>
  <color>
   Красный
  </color>
  <material>
   Хлопок
  </material>
  <price>
   218671
  </price>
  <rating>
   3.07
  </rating>
  <reviews>
   72675
  </reviews>
 </clothing>
 <clothing>
  <id>
   434588024
  </id>
  <name>
   New Balance Jeans F-6395
  </name>
  <category>
   Jeans
  </category>
  <size>
   L
  </size>
  <color>
   Зеленый
  </color>
  <material>
   Нейлон
  </material>
  <price>
   120145
  </price>
  <rating>
   3.1
  </rating>
  <reviews>
   734438
  </reviews>
  <new>
   -
  </new>
  <sporty>
   no
  </sporty>
 </clothing>
 <clothing>
  <id>
   917164790
  </id>
  <name>
   Brooks Umbrellas S-9171
  </name>
  <category>
   Umbrellas
  </category>
  <size>
   XL
  </size>
  <color>
   Синий
  </color>
  <material>
   Хлопок
  </material>
  <price>
   216646
  </price>
  <rating>
   4.39
  </rating>
  <reviews>
   156033
  </reviews>
  <new>
   +
  </new>
  <exclusive>
   no
  </exclusive>
  <sporty>
   yes
  </sporty>
 </clothing>
 <clothing>
  <id>
   316111298
  </id>
  <name>
   PleinSport Shoes Y-1028
  </name>
  <category>
   Shoes
  </category>
  <size>
   XL
  </size>
  <color>
   Фиолетовый
  </color>
  <material>
   Кожа
  </material>
  <price>
   282861
  </price>
  <rating>
   2.62
  </rating>
  <reviews>
   919656
  </reviews>
  <new>
   +
  </new>
  <exclusive>
   no
  </exclusive>
  <sporty>
   yes
  </sporty>
 </clothing>
 <clothing>
  <id>
   957803345
  </id>
  <name>
   Nike Umbrellas L-6892
  </name>
  <category>
   Umbrellas
  </category>
  <size>
   XL
  </size>
  <color>
   Зеленый
  </color>
  <material>
   Хлопок
  </material>
  <price>
   587500
  </price>
  <rating>
   3.65
  </rating>
  <reviews>
   237481
  </reviews>
 </clothing>
 <clothing>
  <id>
   663602912
  </id>
  <name>
   Adidas Dress T-5177
  </name>
  <category>
   Dress
  </category>
  <size>
   XL
  </size>
  <color>
   Голубой
  </color>
  <material>
   Шелк
  </material>
  <price>
   549788
  </price>
  <rating>
   2.76
  </rating>
  <reviews>
   692128
  </reviews>
  <new>
   -
  </new>
  <exclusive>
   yes
  </exclusive>
  <sporty>
   yes
  </sporty>
 </clothing>
 <clothing>
  <id>
   616579124
  </id>
  <name>
   Lacoste Skirt P-6757
  </name>
  <category>
   Skirt
  </category>
  <size>
   M
  </size>
  <color>
   Зеленый
  </color>
  <material>
   Полиэстер
  </material>
  <price>
   479198
  </price>
  <rating>
   4.9
  </rating>
  <reviews>
   962598
  </reviews>
  <sporty>
   yes
  </sporty>
 </clothing>
 <clothing>
  <id>
   900748872
  </id>
  <name>
   Nike Dress T-3648
  </name>
  <category>
   Dress
  </category>
  <size>
   S
  </size>
  <color>
   Фиолетовый
  </color>
  <material>
   Вискоза
  </material>
  <price>
   728501
  </price>
  <rating>
   4.55
  </rating>
  <reviews>
   793474
  </reviews>
  <exclusive>
   yes
  </exclusive>
  <sporty>
   no
  </sporty>
 </clothing>
 <clothing>
  <id>
   693459498
  </id>
  <name>
   Fila Skirt J-6089
  </name>
  <category>
   Skirt
  </category>
  <size>
   L
  </size>
  <color>
   Желтый
  </color>
  <material>
   Кожа
  </material>
  <price>
   420507
  </price>
  <rating>
   1.94
  </rating>
  <reviews>
   141806
  </reviews>
  <new>
   -
  </new>
 </clothing>
 <clothing>
  <id>
   375070380
  </id>
  <name>
   Reebok Pants O-4573
  </name>
  <category>
   Pants
  </category>
  <size>
   S
  </size>
  <color>
   Голубой
  </color>
  <material>
   Кожа
  </material>
  <price>
   639894
  </price>
  <rating>
   3.79
  </rating>
  <reviews>
   885173
  </reviews>
  <exclusive>
   yes
  </exclusive>
  <sporty>
   no
  </sporty>
 </clothing>
 <clothing>
  <id>
   297429272
  </id>
  <name>
   Addidas Pants D-7569
  </name>
  <category>
   Pants
  </category>
  <size>
   L
  </size>
  <color>
   Голубой
  </color>
  <material>
   Лен
  </material>
  <price>
   630619
  </price>
  <rating>
   1.57
  </rating>
  <reviews>
   556918
  </reviews>
  <new>
   -
  </new>
 </clothing>
 <clothing>
  <id>
   975169021
  </id>
  <name>
   Under Armour Jeans G-5912
  </name>
  <category>
   Jeans
  </category>
  <size>
   S
  </size>
  <color>
   Синий
  </color>
  <material>
   Шелк
  </material>
  <price>
   121883
  </price>
  <rating>
   3.42
  </rating>
  <reviews>
   674413
  </reviews>
  <new>
   -
  </new>
  <exclusive>
   no
  </exclusive>
  <sporty>
   no
  </sporty>
 </clothing>
 <clothing>
  <id>
   420039421
  </id>
  <name>
   Under Armour Shoes F-4863
  </name>
  <category>
   Shoes
  </category>
  <size>
   XL
  </size>
  <color>
   Красный
  </color>
  <material>
   Нейлон
  </material>
  <price>
   300596
  </price>
  <rating>
   2.34
  </rating>
  <reviews>
   258408
  </reviews>
  <new>
   -
  </new>
  <exclusive>
   no
  </exclusive>
  <sporty>
   no
  </sporty>
 </clothing>
 <clothing>
  <id>
   730603471
  </id>
  <name>
   Addidas T-shirt Q-4551
  </name>
  <category>
   T-shirt
  </category>
  <size>
   L
  </size>
  <color>
   Красный
  </color>
  <material>
   Нейлон
  </material>
  <price>
   806311
  </price>
  <rating>
   3.05
  </rating>
  <reviews>
   891047
  </reviews>
  <new>
   -
  </new>
  <sporty>
   yes
  </sporty>
 </clothing>
 <clothing>
  <id>
   339725174
  </id>
  <name>
   New Balance Jacket F-8543
  </name>
  <category>
   Jacket
  </category>
  <size>
   M
  </size>
  <color>
   Оранжевый
  </color>
  <material>
   Вискоза
  </material>
  <price>
   164619
  </price>
  <rating>
   3.39
  </rating>
  <reviews>
   331146
  </reviews>
  <new>
   -
  </new>
  <exclusive>
   yes
  </exclusive>
 </clothing>
 <clothing>
  <id>
   943978534
  </id>
  <name>
   Brooks Hat I-3821
  </name>
  <category>
   Hat
  </category>
  <size>
   M
  </size>
  <color>
   Голубой
  </color>
  <material>
   Лен
  </material>
  <price>
   393051
  </price>
  <rating>
   2.38
  </rating>
  <reviews>
   131702
  </reviews>
  <new>
   -
  </new>
  <sporty>
   no
  </sporty>
 </clothing>
 <clothing>
  <id>
   970307225
  </id>
  <name>
   Asics Socks L-8606
  </name>
  <category>
   Socks
  </category>
  <size>
   XL
  </size>
  <color>
   Красный
  </color>
  <material>
   Шелк
  </material>
  <price>
   282990
  </price>
  <rating>
   2.33
  </rating>
  <reviews>
   342918
  </reviews>
  <sporty>
   no
  </sporty>
 </clothing>
 <clothing>
  <id>
   603738410
  </id>
  <name>
   Brooks Belts G-9808
  </name>
  <category>
   Belts
  </category>
  <size>
   XL
  </size>
  <color>
   Голубой
  </color>
  <material>
   Нейлон
  </material>
  <price>
   745057
  </price>
  <rating>
   4.27
  </rating>
  <reviews>
   88248
  </reviews>
  <exclusive>
   no
  </exclusive>
 </clothing>
 <clothing>
  <id>
   142702732
  </id>
  <name>
   Under Armour Sweater E-1310
  </name>
  <category>
   Sweater
  </category>
  <size>
   S
  </size>
  <color>
   Голубой
  </color>
  <material>
   Шерсть
  </material>
  <price>
   618593
  </price>
  <rating>
   3.31
  </rating>
  <reviews>
   71896
  </reviews>
  <sporty>
   no
  </sporty>
 </clothing>
 <clothing>
  <id>
   377055809
  </id>
  <name>
   Lacoste Handbags B-4141
  </name>
  <category>
   Handbags
  </category>
  <size>
   S
  </size>
  <color>
   Красный
  </color>
  <material>
   Нейлон
  </material>
  <price>
   477554
  </price>
  <rating>
   1.79
  </rating>
  <reviews>
   337846
  </reviews>
  <exclusive>
   no
  </exclusive>
  <sporty>
   no
  </sporty>
 </clothing>
 <clothing>
  <id>
   284086395
  </id>
  <name>
   Brooks Hat K-8015
  </name>
  <category>
   Hat
  </category>
  <size>
   S
  </size>
  <color>
   Зеленый
  </color>
  <material>
   Шерсть
  </material>
  <price>
   125339
  </price>
  <rating>
   3.54
  </rating>
  <reviews>
   594562
  </reviews>
  <exclusive>
   yes
  </exclusive>
  <sporty>
   yes
  </sporty>
 </clothing>
 <clothing>
  <id>
   913798897
  </id>
  <name>
   Reebok Shoes Q-4787
  </name>
  <category>
   Shoes
  </category>
  <size>
   XXL
  </size>
  <color>
   Желтый
  </color>
  <material>
   Шелк
  </material>
  <price>
   904984
  </price>
  <rating>
   4.55
  </rating>
  <reviews>
   548220
  </reviews>
  <new>
   +
  </new>
  <exclusive>
   no
  </exclusive>
  <sporty>
   yes
  </sporty>
 </clothing>
 <clothing>
  <id>
   554754839
  </id>
  <name>
   Addidas Blouse W-9674
  </name>
  <category>
   Blouse
  </category>
  <size>
   S
  </size>
  <color>
   Оранжевый
  </color>
  <material>
   Хлопок
  </material>
  <price>
   466218
  </price>
  <rating>
   1.81
  </rating>
  <reviews>
   743570
  </reviews>
  <new>
   -
  </new>
  <exclusive>
   yes
  </exclusive>
 </clothing>
 <clothing>
  <id>
   820091671
  </id>
  <name>
   PleinSport Hat D-8459
  </name>
  <category>
   Hat
  </category>
  <size>
   L
  </size>
  <color>
   Оранжевый
  </color>
  <material>
   Полиэстер
  </material>
  <price>
   506715
  </price>
  <rating>
   2.25
  </rating>
  <reviews>
   82946
  </reviews>
  <new>
   +
  </new>
  <exclusive>
   no
  </exclusive>
  <sporty>
   yes
  </sporty>
 </clothing>
 <clothing>
  <id>
   591619829
  </id>
  <name>
   New Balance Gloves E-8108
  </name>
  <category>
   Gloves
  </category>
  <size>
   S
  </size>
  <color>
   Фиолетовый
  </color>
  <material>
   Вискоза
  </material>
  <price>
   421822
  </price>
  <rating>
   1.64
  </rating>
  <reviews>
   620869
  </reviews>
  <new>
   -
  </new>
  <exclusive>
   yes
  </exclusive>
 </clothing>
 <clothing>
  <id>
   114931662
  </id>
  <name>
   Lacoste Jeans I-6991
  </name>
  <category>
   Jeans
  </category>
  <size>
   M
  </size>
  <color>
   Зеленый
  </color>
  <material>
   Кожа
  </material>
  <price>
   139301
  </price>
  <rating>
   1.86
  </rating>
  <reviews>
   632194
  </reviews>
  <new>
   +
  </new>
  <sporty>
   no
  </sporty>
 </clothing>
 <clothing>
  <id>
   220232386
  </id>
  <name>
   Converse Hat P-8437
  </name>
  <category>
   Hat
  </category>
  <size>
   XXL
  </size>
  <color>
   Оранжевый
  </color>
  <material>
   Полиэстер
  </material>
  <price>
   619987
  </price>
  <rating>
   3.17
  </rating>
  <reviews>
   11633
  </reviews>
  <new>
   -
  </new>
  <exclusive>
   yes
  </exclusive>
  <sporty>
   no
  </sporty>
 </clothing>
 <clothing>
  <id>
   483326376
  </id>
  <name>
   Asics Handbags V-6803
  </name>
  <category>
   Handbags
  </category>
  <size>
   XL
  </size>
  <color>
   Синий
  </color>
  <material>
   Лен
  </material>
  <price>
   525320
  </price>
  <rating>
   2.02
  </rating>
  <reviews>
   426345
  </reviews>
  <exclusive>
   yes
  </exclusive>
  <sporty>
   no
  </sporty>
 </clothing>
 <clothing>
  <id>
   466449880
  </id>
  <name>
   Ellesse Shoes T-4328
  </name>
  <category>
   Shoes
  </category>
  <size>
   XXL
  </size>
  <color>
   Синий
  </color>
  <material>
   Полиэстер
  </material>
  <price>
   979126
  </price>
  <rating>
   4.57
  </rating>
  <reviews>
   352221
  </reviews>
  <exclusive>
   no
  </exclusive>
 </clothing>
 <clothing>
  <id>
   291266376
  </id>
  <name>
   Reebok Umbrellas M-8193
  </name>
  <category>
   Umbrellas
  </category>
  <size>
   XXL
  </size>
  <color>
   Оранжевый
  </color>
  <material>
   Нейлон
  </material>
  <price>
   702496
  </price>
  <rating>
   3.35
  </rating>
  <reviews>
   1187
  </reviews>
  <new>
   +
  </new>
  <sporty>
   no
  </sporty>
 </clothing>
 <clothing>
  <id>
   810626630
  </id>
  <name>
   Asics Skirt A-8069
  </name>
  <category>
   Skirt
  </category>
  <size>
   M
  </size>
  <color>
   Фиолетовый
  </color>
  <material>
   Лен
  </material>
  <price>
   907856
  </price>
  <rating>
   1.49
  </rating>
  <reviews>
   148305
  </reviews>
  <new>
   -
  </new>
 </clothing>
</clothing-items>
