<?xml version="1.0" encoding="utf-8"?>
<clothing-items>
 <clothing>
  <id>
   377400104
  </id>
  <name>
   Converse Hat Q-6116
  </name>
  <category>
   Hat
  </category>
  <size>
   XL
  </size>
  <color>
   Желтый
  </color>
  <material>
   Хлопок
  </material>
  <price>
   494087
  </price>
  <rating>
   4.8
  </rating>
  <reviews>
   736403
  </reviews>
  <new>
   -
  </new>
  <exclusive>
   no
  </exclusive>
 </clothing>
 <clothing>
  <id>
   310159997
  </id>
  <name>
   DC Dress Z-5901
  </name>
  <category>
   Dress
  </category>
  <size>
   XL
  </size>
  <color>
   Голубой
  </color>
  <material>
   Кожа
  </material>
  <price>
   579021
  </price>
  <rating>
   1.14
  </rating>
  <reviews>
   304645
  </reviews>
  <sporty>
   yes
  </sporty>
 </clothing>
 <clothing>
  <id>
   886836251
  </id>
  <name>
   PleinSport Belts E-6441
  </name>
  <category>
   Belts
  </category>
  <size>
   XL
  </size>
  <color>
   Голубой
  </color>
  <material>
   Лен
  </material>
  <price>
   736874
  </price>
  <rating>
   4.46
  </rating>
  <reviews>
   836503
  </reviews>
  <new>
   -
  </new>
  <exclusive>
   no
  </exclusive>
 </clothing>
 <clothing>
  <id>
   598278976
  </id>
  <name>
   Fila Gloves F-6645
  </name>
  <category>
   Gloves
  </category>
  <size>
   S
  </size>
  <color>
   Зеленый
  </color>
  <material>
   Полиэстер
  </material>
  <price>
   930649
  </price>
  <rating>
   4.91
  </rating>
  <reviews>
   787625
  </reviews>
  <exclusive>
   no
  </exclusive>
 </clothing>
 <clothing>
  <id>
   473316270
  </id>
  <name>
   Under Armour Skirt H-2675
  </name>
  <category>
   Skirt
  </category>
  <size>
   L
  </size>
  <color>
   Синий
  </color>
  <material>
   Вискоза
  </material>
  <price>
   280313
  </price>
  <rating>
   2.45
  </rating>
  <reviews>
   855711
  </reviews>
  <new>
   -
  </new>
  <exclusive>
   yes
  </exclusive>
  <sporty>
   yes
  </sporty>
 </clothing>
 <clothing>
  <id>
   636413644
  </id>
  <name>
   Brooks Socks N-1303
  </name>
  <category>
   Socks
  </category>
  <size>
   M
  </size>
  <color>
   Желтый
  </color>
  <material>
   Полиэстер
  </material>
  <price>
   244936
  </price>
  <rating>
   2.26
  </rating>
  <reviews>
   374642
  </reviews>
  <new>
   +
  </new>
  <exclusive>
   yes
  </exclusive>
 </clothing>
 <clothing>
  <id>
   146954327
  </id>
  <name>
   Asics Belts B-2680
  </name>
  <category>
   Belts
  </category>
  <size>
   XXL
  </size>
  <color>
   Зеленый
  </color>
  <material>
   Вискоза
  </material>
  <price>
   870301
  </price>
  <rating>
   2.11
  </rating>
  <reviews>
   105680
  </reviews>
  <new>
   -
  </new>
  <exclusive>
   yes
  </exclusive>
 </clothing>
 <clothing>
  <id>
   722238855
  </id>
  <name>
   Adidas Skirt J-7055
  </name>
  <category>
   Skirt
  </category>
  <size>
   XL
  </size>
  <color>
   Синий
  </color>
  <material>
   Шерсть
  </material>
  <price>
   447597
  </price>
  <rating>
   3.41
  </rating>
  <reviews>
   394906
  </reviews>
  <exclusive>
   yes
  </exclusive>
 </clothing>
 <clothing>
  <id>
   123105242
  </id>
  <name>
   PleinSport Sweater K-1934
  </name>
  <category>
   Sweater
  </category>
  <size>
   M
  </size>
  <color>
   Фиолетовый
  </color>
  <material>
   Шелк
  </material>
  <price>
   962977
  </price>
  <rating>
   3.56
  </rating>
  <reviews>
   896182
  </reviews>
  <new>
   -
  </new>
 </clothing>
 <clothing>
  <id>
   976197312
  </id>
  <name>
   Converse Blouse A-6481
  </name>
  <category>
   Blouse
  </category>
  <size>
   XL
  </size>
  <color>
   Красный
  </color>
  <material>
   Лен
  </material>
  <price>
   422736
  </price>
  <rating>
   3.32
  </rating>
  <reviews>
   628285
  </reviews>
  <new>
   +
  </new>
  <sporty>
   yes
  </sporty>
 </clothing>
 <clothing>
  <id>
   668536704
  </id>
  <name>
   Reebok Dress T-5287
  </name>
  <category>
   Dress
  </category>
  <size>
   S
  </size>
  <color>
   Зеленый
  </color>
  <material>
   Лен
  </material>
  <price>
   356117
  </price>
  <rating>
   4.71
  </rating>
  <reviews>
   842744
  </reviews>
  <new>
   -
  </new>
  <exclusive>
   yes
  </exclusive>
  <sporty>
   yes
  </sporty>
 </clothing>
 <clothing>
  <id>
   738627229
  </id>
  <name>
   Nike Dress Z-7431
  </name>
  <category>
   Dress
  </category>
  <size>
   S
  </size>
  <color>
   Зеленый
  </color>
  <material>
   Вискоза
  </material>
  <price>
   758399
  </price>
  <rating>
   1.45
  </rating>
  <reviews>
   479067
  </reviews>
  <new>
   +
  </new>
  <sporty>
   yes
  </sporty>
 </clothing>
 <clothing>
  <id>
   113525203
  </id>
  <name>
   Brooks Gloves I-4332
  </name>
  <category>
   Gloves
  </category>
  <size>
   M
  </size>
  <color>
   Голубой
  </color>
  <material>
   Хлопок
  </material>
  <price>
   595118
  </price>
  <rating>
   3.91
  </rating>
  <reviews>
   711764
  </reviews>
  <new>
   -
  </new>
  <exclusive>
   yes
  </exclusive>
  <sporty>
   yes
  </sporty>
 </clothing>
 <clothing>
  <id>
   978819209
  </id>
  <name>
   DC Shirt U-1917
  </name>
  <category>
   Shirt
  </category>
  <size>
   L
  </size>
  <color>
   Красный
  </color>
  <material>
   Лен
  </material>
  <price>
   500714
  </price>
  <rating>
   3.59
  </rating>
  <reviews>
   171563
  </reviews>
  <sporty>
   no
  </sporty>
 </clothing>
 <clothing>
  <id>
   741153250
  </id>
  <name>
   Fila Skirt A-4568
  </name>
  <category>
   Skirt
  </category>
  <size>
   S
  </size>
  <color>
   Синий
  </color>
  <material>
   Шерсть
  </material>
  <price>
   620042
  </price>
  <rating>
   3.89
  </rating>
  <reviews>
   105742
  </reviews>
  <sporty>
   no
  </sporty>
 </clothing>
 <clothing>
  <id>
   902356181
  </id>
  <name>
   Ellesse Handbags P-7370
  </name>
  <category>
   Handbags
  </category>
  <size>
   XL
  </size>
  <color>
   Красный
  </color>
  <material>
   Лен
  </material>
  <price>
   874985
  </price>
  <rating>
   4.06
  </rating>
  <reviews>
   758788
  </reviews>
  <new>
   -
  </new>
  <exclusive>
   no
  </exclusive>
  <sporty>
   no
  </sporty>
 </clothing>
 <clothing>
  <id>
   388676282
  </id>
  <name>
   Brooks T-shirt F-1524
  </name>
  <category>
   T-shirt
  </category>
  <size>
   M
  </size>
  <color>
   Голубой
  </color>
  <material>
   Шерсть
  </material>
  <price>
   969320
  </price>
  <rating>
   1.9
  </rating>
  <reviews>
   497830
  </reviews>
  <new>
   +
  </new>
  <exclusive>
   no
  </exclusive>
 </clothing>
 <clothing>
  <id>
   487514553
  </id>
  <name>
   Fila Dress V-2274
  </name>
  <category>
   Dress
  </category>
  <size>
   L
  </size>
  <color>
   Фиолетовый
  </color>
  <material>
   Шерсть
  </material>
  <price>
   144865
  </price>
  <rating>
   4.31
  </rating>
  <reviews>
   183752
  </reviews>
  <new>
   -
  </new>
  <exclusive>
   yes
  </exclusive>
  <sporty>
   no
  </sporty>
 </clothing>
 <clothing>
  <id>
   472078921
  </id>
  <name>
   Fila Dress W-9708
  </name>
  <category>
   Dress
  </category>
  <size>
   S
  </size>
  <color>
   Фиолетовый
  </color>
  <material>
   Лен
  </material>
  <price>
   589376
  </price>
  <rating>
   2.09
  </rating>
  <reviews>
   413591
  </reviews>
  <new>
   -
  </new>
  <sporty>
   yes
  </sporty>
 </clothing>
 <clothing>
  <id>
   545164280
  </id>
  <name>
   Brooks Pants H-1904
  </name>
  <category>
   Pants
  </category>
  <size>
   M
  </size>
  <color>
   Оранжевый
  </color>
  <material>
   Шерсть
  </material>
  <price>
   368088
  </price>
  <rating>
   1.47
  </rating>
  <reviews>
   717666
  </reviews>
  <sporty>
   no
  </sporty>
 </clothing>
 <clothing>
  <id>
   375135715
  </id>
  <name>
   Lacoste Hat B-2291
  </name>
  <category>
   Hat
  </category>
  <size>
   XXL
  </size>
  <color>
   Оранжевый
  </color>
  <material>
   Полиэстер
  </material>
  <price>
   617666
  </price>
  <rating>
   1.54
  </rating>
  <reviews>
   828749
  </reviews>
  <new>
   +
  </new>
  <exclusive>
   yes
  </exclusive>
  <sporty>
   no
  </sporty>
 </clothing>
 <clothing>
  <id>
   548895385
  </id>
  <name>
   Under Armour Hat C-5654
  </name>
  <category>
   Hat
  </category>
  <size>
   M
  </size>
  <color>
   Голубой
  </color>
  <material>
   Нейлон
  </material>
  <price>
   543689
  </price>
  <rating>
   3.98
  </rating>
  <reviews>
   760969
  </reviews>
  <new>
   +
  </new>
 </clothing>
 <clothing>
  <id>
   815948843
  </id>
  <name>
   PleinSport Hat K-1275
  </name>
  <category>
   Hat
  </category>
  <size>
   M
  </size>
  <color>
   Зеленый
  </color>
  <material>
   Лен
  </material>
  <price>
   850689
  </price>
  <rating>
   2.63
  </rating>
  <reviews>
   527862
  </reviews>
  <new>
   +
  </new>
 </clothing>
 <clothing>
  <id>
   887492069
  </id>
  <name>
   Puma Blouse V-3059
  </name>
  <category>
   Blouse
  </category>
  <size>
   XL
  </size>
  <color>
   Желтый
  </color>
  <material>
   Лен
  </material>
  <price>
   889785
  </price>
  <rating>
   2.32
  </rating>
  <reviews>
   983551
  </reviews>
  <exclusive>
   yes
  </exclusive>
 </clothing>
 <clothing>
  <id>
   194706297
  </id>
  <name>
   New Balance Jeans R-2154
  </name>
  <category>
   Jeans
  </category>
  <size>
   XL
  </size>
  <color>
   Зеленый
  </color>
  <material>
   Шерсть
  </material>
  <price>
   920199
  </price>
  <rating>
   4.37
  </rating>
  <reviews>
   247808
  </reviews>
  <sporty>
   no
  </sporty>
 </clothing>
 <clothing>
  <id>
   372440501
  </id>
  <name>
   Converse Jacket Y-9068
  </name>
  <category>
   Jacket
  </category>
  <size>
   S
  </size>
  <color>
   Желтый
  </color>
  <material>
   Нейлон
  </material>
  <price>
   480751
  </price>
  <rating>
   1.79
  </rating>
  <reviews>
   878538
  </reviews>
  <new>
   +
  </new>
  <exclusive>
   yes
  </exclusive>
 </clothing>
 <clothing>
  <id>
   523086517
  </id>
  <name>
   Under Armour Hat D-9904
  </name>
  <category>
   Hat
  </category>
  <size>
   S
  </size>
  <color>
   Красный
  </color>
  <material>
   Нейлон
  </material>
  <price>
   643815
  </price>
  <rating>
   4.99
  </rating>
  <reviews>
   619044
  </reviews>
  <new>
   +
  </new>
  <sporty>
   no
  </sporty>
 </clothing>
 <clothing>
  <id>
   645450023
  </id>
  <name>
   DC Umbrellas C-1755
  </name>
  <category>
   Umbrellas
  </category>
  <size>
   M
  </size>
  <color>
   Фиолетовый
  </color>
  <material>
   Полиэстер
  </material>
  <price>
   595504
  </price>
  <rating>
   3.51
  </rating>
  <reviews>
   590762
  </reviews>
  <new>
   -
  </new>
  <exclusive>
   no
  </exclusive>
 </clothing>
 <clothing>
  <id>
   515814568
  </id>
  <name>
   Addidas Jeans E-1446
  </name>
  <category>
   Jeans
  </category>
  <size>
   XXL
  </size>
  <color>
   Фиолетовый
  </color>
  <material>
   Полиэстер
  </material>
  <price>
   602614
  </price>
  <rating>
   2.11
  </rating>
  <reviews>
   216479
  </reviews>
  <exclusive>
   no
  </exclusive>
 </clothing>
 <clothing>
  <id>
   721056283
  </id>
  <name>
   Nike Hat X-1267
  </name>
  <category>
   Hat
  </category>
  <size>
   XL
  </size>
  <color>
   Оранжевый
  </color>
  <material>
   Нейлон
  </material>
  <price>
   533468
  </price>
  <rating>
   2.07
  </rating>
  <reviews>
   44800
  </reviews>
  <new>
   -
  </new>
  <exclusive>
   yes
  </exclusive>
  <sporty>
   no
  </sporty>
 </clothing>
 <clothing>
  <id>
   427458184
  </id>
  <name>
   Asics Skirt S-3616
  </name>
  <category>
   Skirt
  </category>
  <size>
   S
  </size>
  <color>
   Фиолетовый
  </color>
  <material>
   Лен
  </material>
  <price>
   651979
  </price>
  <rating>
   1.8
  </rating>
  <reviews>
   715923
  </reviews>
  <new>
   -
  </new>
  <exclusive>
   no
  </exclusive>
 </clothing>
 <clothing>
  <id>
   737925409
  </id>
  <name>
   Asics Belts F-2099
  </name>
  <category>
   Belts
  </category>
  <size>
   S
  </size>
  <color>
   Фиолетовый
  </color>
  <material>
   Хлопок
  </material>
  <price>
   312845
  </price>
  <rating>
   3.34
  </rating>
  <reviews>
   607562
  </reviews>
  <new>
   -
  </new>
  <exclusive>
   yes
  </exclusive>
  <sporty>
   no
  </sporty>
 </clothing>
 <clothing>
  <id>
   104982187
  </id>
  <name>
   Fila Belts J-6032
  </name>
  <category>
   Belts
  </category>
  <size>
   XL
  </size>
  <color>
   Оранжевый
  </color>
  <material>
   Вискоза
  </material>
  <price>
   231992
  </price>
  <rating>
   1.47
  </rating>
  <reviews>
   159966
  </reviews>
  <exclusive>
   yes
  </exclusive>
  <sporty>
   no
  </sporty>
 </clothing>
 <clothing>
  <id>
   237321020
  </id>
  <name>
   Brooks Socks P-3174
  </name>
  <category>
   Socks
  </category>
  <size>
   M
  </size>
  <color>
   Красный
  </color>
  <material>
   Полиэстер
  </material>
  <price>
   200929
  </price>
  <rating>
   1.05
  </rating>
  <reviews>
   797281
  </reviews>
  <new>
   +
  </new>
 </clothing>
 <clothing>
  <id>
   344925222
  </id>
  <name>
   Fila Umbrellas Q-7932
  </name>
  <category>
   Umbrellas
  </category>
  <size>
   XXL
  </size>
  <color>
   Красный
  </color>
  <material>
   Кожа
  </material>
  <price>
   794126
  </price>
  <rating>
   3.52
  </rating>
  <reviews>
   291029
  </reviews>
  <exclusive>
   yes
  </exclusive>
  <sporty>
   yes
  </sporty>
 </clothing>
</clothing-items>
