<?xml version="1.0" encoding="utf-8"?>
<clothing-items>
 <clothing>
  <id>
   154026155
  </id>
  <name>
   Addidas Pants T-2655
  </name>
  <category>
   Pants
  </category>
  <size>
   M
  </size>
  <color>
   Синий
  </color>
  <material>
   Хлопок
  </material>
  <price>
   134904
  </price>
  <rating>
   4.81
  </rating>
  <reviews>
   927119
  </reviews>
  <exclusive>
   no
  </exclusive>
 </clothing>
 <clothing>
  <id>
   467339596
  </id>
  <name>
   Addidas Dress R-9332
  </name>
  <category>
   Dress
  </category>
  <size>
   L
  </size>
  <color>
   Синий
  </color>
  <material>
   Полиэстер
  </material>
  <price>
   648641
  </price>
  <rating>
   4.94
  </rating>
  <reviews>
   881737
  </reviews>
  <exclusive>
   no
  </exclusive>
 </clothing>
 <clothing>
  <id>
   520423338
  </id>
  <name>
   Lacoste Belts P-6837
  </name>
  <category>
   Belts
  </category>
  <size>
   XXL
  </size>
  <color>
   Желтый
  </color>
  <material>
   Кожа
  </material>
  <price>
   775773
  </price>
  <rating>
   3.46
  </rating>
  <reviews>
   285459
  </reviews>
  <new>
   -
  </new>
  <exclusive>
   yes
  </exclusive>
  <sporty>
   yes
  </sporty>
 </clothing>
 <clothing>
  <id>
   706044024
  </id>
  <name>
   PleinSport Skirt W-3704
  </name>
  <category>
   Skirt
  </category>
  <size>
   S
  </size>
  <color>
   Фиолетовый
  </color>
  <material>
   Кожа
  </material>
  <price>
   512680
  </price>
  <rating>
   2.99
  </rating>
  <reviews>
   19311
  </reviews>
  <new>
   +
  </new>
  <sporty>
   no
  </sporty>
 </clothing>
 <clothing>
  <id>
   153102354
  </id>
  <name>
   Reebok Umbrellas F-5686
  </name>
  <category>
   Umbrellas
  </category>
  <size>
   M
  </size>
  <color>
   Синий
  </color>
  <material>
   Лен
  </material>
  <price>
   706856
  </price>
  <rating>
   2.49
  </rating>
  <reviews>
   70096
  </reviews>
  <new>
   -
  </new>
 </clothing>
 <clothing>
  <id>
   649391794
  </id>
  <name>
   Asics Pants N-8987
  </name>
  <category>
   Pants
  </category>
  <size>
   S
  </size>
  <color>
   Зеленый
  </color>
  <material>
   Шерсть
  </material>
  <price>
   674590
  </price>
  <rating>
   1.48
  </rating>
  <reviews>
   69718
  </reviews>
  <new>
   -
  </new>
  <exclusive>
   yes
  </exclusive>
 </clothing>
 <clothing>
  <id>
   695669159
  </id>
  <name>
   Brooks Shirt U-8274
  </name>
  <category>
   Shirt
  </category>
  <size>
   S
  </size>
  <color>
   Желтый
  </color>
  <material>
   Полиэстер
  </material>
  <price>
   607396
  </price>
  <rating>
   1.27
  </rating>
  <reviews>
   326235
  </reviews>
  <new>
   +
  </new>
  <sporty>
   yes
  </sporty>
 </clothing>
 <clothing>
  <id>
   460062730
  </id>
  <name>
   Addidas Dress A-1249
  </name>
  <category>
   Dress
  </category>
  <size>
   S
  </size>
  <color>
   Желтый
  </color>
  <material>
   Лен
  </material>
  <price>
   451009
  </price>
  <rating>
   3.66
  </rating>
  <reviews>
   325388
  </reviews>
  <new>
   -
  </new>
  <sporty>
   no
  </sporty>
 </clothing>
 <clothing>
  <id>
   663761817
  </id>
  <name>
   Ellesse Pants T-1952
  </name>
  <category>
   Pants
  </category>
  <size>
   S
  </size>
  <color>
   Зеленый
  </color>
  <material>
   Нейлон
  </material>
  <price>
   672728
  </price>
  <rating>
   4.12
  </rating>
  <reviews>
   26331
  </reviews>
  <exclusive>
   no
  </exclusive>
  <sporty>
   no
  </sporty>
 </clothing>
 <clothing>
  <id>
   630307868
  </id>
  <name>
   Fila Jeans A-5053
  </name>
  <category>
   Jeans
  </category>
  <size>
   XL
  </size>
  <color>
   Красный
  </color>
  <material>
   Шерсть
  </material>
  <price>
   309526
  </price>
  <rating>
   3.66
  </rating>
  <reviews>
   491667
  </reviews>
 </clothing>
 <clothing>
  <id>
   947097566
  </id>
  <name>
   Under Armour Blouse N-5650
  </name>
  <category>
   Blouse
  </category>
  <size>
   M
  </size>
  <color>
   Красный
  </color>
  <material>
   Шерсть
  </material>
  <price>
   129136
  </price>
  <rating>
   2.69
  </rating>
  <reviews>
   676393
  </reviews>
 </clothing>
 <clothing>
  <id>
   197360001
  </id>
  <name>
   Converse Skirt V-2724
  </name>
  <category>
   Skirt
  </category>
  <size>
   M
  </size>
  <color>
   Фиолетовый
  </color>
  <material>
   Хлопок
  </material>
  <price>
   427405
  </price>
  <rating>
   2.05
  </rating>
  <reviews>
   873690
  </reviews>
  <new>
   -
  </new>
 </clothing>
 <clothing>
  <id>
   435341045
  </id>
  <name>
   Ellesse Dress V-3150
  </name>
  <category>
   Dress
  </category>
  <size>
   L
  </size>
  <color>
   Оранжевый
  </color>
  <material>
   Вискоза
  </material>
  <price>
   597142
  </price>
  <rating>
   4.59
  </rating>
  <reviews>
   684195
  </reviews>
  <new>
   -
  </new>
  <exclusive>
   no
  </exclusive>
  <sporty>
   no
  </sporty>
 </clothing>
 <clothing>
  <id>
   974884034
  </id>
  <name>
   Puma Shoes W-7294
  </name>
  <category>
   Shoes
  </category>
  <size>
   L
  </size>
  <color>
   Синий
  </color>
  <material>
   Шерсть
  </material>
  <price>
   847435
  </price>
  <rating>
   2.31
  </rating>
  <reviews>
   488936
  </reviews>
  <exclusive>
   yes
  </exclusive>
 </clothing>
 <clothing>
  <id>
   652667509
  </id>
  <name>
   Reebok Hat I-2210
  </name>
  <category>
   Hat
  </category>
  <size>
   XXL
  </size>
  <color>
   Зеленый
  </color>
  <material>
   Нейлон
  </material>
  <price>
   899717
  </price>
  <rating>
   4.69
  </rating>
  <reviews>
   575927
  </reviews>
  <new>
   -
  </new>
  <sporty>
   yes
  </sporty>
 </clothing>
 <clothing>
  <id>
   947914425
  </id>
  <name>
   Addidas Handbags K-4923
  </name>
  <category>
   Handbags
  </category>
  <size>
   XL
  </size>
  <color>
   Оранжевый
  </color>
  <material>
   Нейлон
  </material>
  <price>
   824975
  </price>
  <rating>
   3.83
  </rating>
  <reviews>
   294099
  </reviews>
  <new>
   +
  </new>
  <exclusive>
   no
  </exclusive>
 </clothing>
 <clothing>
  <id>
   662666311
  </id>
  <name>
   New Balance Blouse E-9129
  </name>
  <category>
   Blouse
  </category>
  <size>
   XL
  </size>
  <color>
   Голубой
  </color>
  <material>
   Вискоза
  </material>
  <price>
   543461
  </price>
  <rating>
   4.04
  </rating>
  <reviews>
   209988
  </reviews>
  <new>
   +
  </new>
  <exclusive>
   no
  </exclusive>
 </clothing>
 <clothing>
  <id>
   920403214
  </id>
  <name>
   Converse Sweater K-7983
  </name>
  <category>
   Sweater
  </category>
  <size>
   M
  </size>
  <color>
   Зеленый
  </color>
  <material>
   Вискоза
  </material>
  <price>
   627972
  </price>
  <rating>
   2.24
  </rating>
  <reviews>
   76178
  </reviews>
  <new>
   +
  </new>
  <exclusive>
   no
  </exclusive>
 </clothing>
 <clothing>
  <id>
   561135667
  </id>
  <name>
   Ellesse Umbrellas O-9908
  </name>
  <category>
   Umbrellas
  </category>
  <size>
   S
  </size>
  <color>
   Синий
  </color>
  <material>
   Шелк
  </material>
  <price>
   566741
  </price>
  <rating>
   2.89
  </rating>
  <reviews>
   566557
  </reviews>
  <exclusive>
   yes
  </exclusive>
  <sporty>
   yes
  </sporty>
 </clothing>
 <clothing>
  <id>
   885975310
  </id>
  <name>
   DC Sweater R-3746
  </name>
  <category>
   Sweater
  </category>
  <size>
   XXL
  </size>
  <color>
   Желтый
  </color>
  <material>
   Шерсть
  </material>
  <price>
   761020
  </price>
  <rating>
   1.98
  </rating>
  <reviews>
   997984
  </reviews>
  <sporty>
   no
  </sporty>
 </clothing>
 <clothing>
  <id>
   369209760
  </id>
  <name>
   PleinSport Shoes D-6333
  </name>
  <category>
   Shoes
  </category>
  <size>
   XL
  </size>
  <color>
   Желтый
  </color>
  <material>
   Шерсть
  </material>
  <price>
   928388
  </price>
  <rating>
   3.77
  </rating>
  <reviews>
   822275
  </reviews>
  <new>
   +
  </new>
  <sporty>
   no
  </sporty>
 </clothing>
 <clothing>
  <id>
   966361329
  </id>
  <name>
   Nike Jacket U-5231
  </name>
  <category>
   Jacket
  </category>
  <size>
   XL
  </size>
  <color>
   Фиолетовый
  </color>
  <material>
   Нейлон
  </material>
  <price>
   305793
  </price>
  <rating>
   3.09
  </rating>
  <reviews>
   754157
  </reviews>
  <new>
   +
  </new>
  <exclusive>
   yes
  </exclusive>
  <sporty>
   no
  </sporty>
 </clothing>
 <clothing>
  <id>
   757300632
  </id>
  <name>
   Addidas Handbags Z-7577
  </name>
  <category>
   Handbags
  </category>
  <size>
   M
  </size>
  <color>
   Зеленый
  </color>
  <material>
   Полиэстер
  </material>
  <price>
   824191
  </price>
  <rating>
   4.1
  </rating>
  <reviews>
   350945
  </reviews>
  <new>
   +
  </new>
 </clothing>
 <clothing>
  <id>
   264638974
  </id>
  <name>
   Ellesse Belts R-4175
  </name>
  <category>
   Belts
  </category>
  <size>
   L
  </size>
  <color>
   Красный
  </color>
  <material>
   Вискоза
  </material>
  <price>
   754138
  </price>
  <rating>
   4.58
  </rating>
  <reviews>
   206050
  </reviews>
 </clothing>
 <clothing>
  <id>
   153091046
  </id>
  <name>
   Puma Belts R-9788
  </name>
  <category>
   Belts
  </category>
  <size>
   M
  </size>
  <color>
   Фиолетовый
  </color>
  <material>
   Нейлон
  </material>
  <price>
   858882
  </price>
  <rating>
   3.2
  </rating>
  <reviews>
   905180
  </reviews>
  <new>
   -
  </new>
  <exclusive>
   yes
  </exclusive>
  <sporty>
   no
  </sporty>
 </clothing>
 <clothing>
  <id>
   718736521
  </id>
  <name>
   Asics Umbrellas T-2787
  </name>
  <category>
   Umbrellas
  </category>
  <size>
   S
  </size>
  <color>
   Синий
  </color>
  <material>
   Хлопок
  </material>
  <price>
   567030
  </price>
  <rating>
   3.9
  </rating>
  <reviews>
   66831
  </reviews>
  <new>
   -
  </new>
  <exclusive>
   no
  </exclusive>
 </clothing>
 <clothing>
  <id>
   154379742
  </id>
  <name>
   Reebok Jeans A-7863
  </name>
  <category>
   Jeans
  </category>
  <size>
   S
  </size>
  <color>
   Красный
  </color>
  <material>
   Шелк
  </material>
  <price>
   615550
  </price>
  <rating>
   3.04
  </rating>
  <reviews>
   132487
  </reviews>
  <new>
   +
  </new>
  <sporty>
   no
  </sporty>
 </clothing>
 <clothing>
  <id>
   714088517
  </id>
  <name>
   Reebok Shoes O-1969
  </name>
  <category>
   Shoes
  </category>
  <size>
   M
  </size>
  <color>
   Синий
  </color>
  <material>
   Шелк
  </material>
  <price>
   413144
  </price>
  <rating>
   2.68
  </rating>
  <reviews>
   962668
  </reviews>
  <exclusive>
   no
  </exclusive>
 </clothing>
 <clothing>
  <id>
   326001758
  </id>
  <name>
   Converse Jacket J-5036
  </name>
  <category>
   Jacket
  </category>
  <size>
   L
  </size>
  <color>
   Голубой
  </color>
  <material>
   Вискоза
  </material>
  <price>
   808458
  </price>
  <rating>
   2.16
  </rating>
  <reviews>
   346584
  </reviews>
  <new>
   +
  </new>
  <exclusive>
   yes
  </exclusive>
  <sporty>
   no
  </sporty>
 </clothing>
 <clothing>
  <id>
   583811775
  </id>
  <name>
   DC Pants Y-4113
  </name>
  <category>
   Pants
  </category>
  <size>
   S
  </size>
  <color>
   Фиолетовый
  </color>
  <material>
   Кожа
  </material>
  <price>
   615842
  </price>
  <rating>
   1.24
  </rating>
  <reviews>
   186342
  </reviews>
  <new>
   +
  </new>
  <exclusive>
   no
  </exclusive>
  <sporty>
   no
  </sporty>
 </clothing>
 <clothing>
  <id>
   427415359
  </id>
  <name>
   Reebok Shoes R-5541
  </name>
  <category>
   Shoes
  </category>
  <size>
   XXL
  </size>
  <color>
   Красный
  </color>
  <material>
   Вискоза
  </material>
  <price>
   515030
  </price>
  <rating>
   3.47
  </rating>
  <reviews>
   666297
  </reviews>
  <new>
   +
  </new>
  <exclusive>
   yes
  </exclusive>
 </clothing>
 <clothing>
  <id>
   208821924
  </id>
  <name>
   Vans Belts S-7931
  </name>
  <category>
   Belts
  </category>
  <size>
   XXL
  </size>
  <color>
   Желтый
  </color>
  <material>
   Нейлон
  </material>
  <price>
   828289
  </price>
  <rating>
   1.35
  </rating>
  <reviews>
   667151
  </reviews>
  <sporty>
   yes
  </sporty>
 </clothing>
 <clothing>
  <id>
   100617572
  </id>
  <name>
   Lacoste Blouse R-1216
  </name>
  <category>
   Blouse
  </category>
  <size>
   S
  </size>
  <color>
   Зеленый
  </color>
  <material>
   Кожа
  </material>
  <price>
   277285
  </price>
  <rating>
   4.45
  </rating>
  <reviews>
   671788
  </reviews>
  <exclusive>
   yes
  </exclusive>
  <sporty>
   yes
  </sporty>
 </clothing>
 <clothing>
  <id>
   354413293
  </id>
  <name>
   Puma Pants A-8009
  </name>
  <category>
   Pants
  </category>
  <size>
   XXL
  </size>
  <color>
   Красный
  </color>
  <material>
   Шерсть
  </material>
  <price>
   377038
  </price>
  <rating>
   3.75
  </rating>
  <reviews>
   696785
  </reviews>
  <new>
   +
  </new>
  <exclusive>
   no
  </exclusive>
  <sporty>
   yes
  </sporty>
 </clothing>
</clothing-items>
