<?xml version="1.0" encoding="utf-8"?>
<clothing-items>
 <clothing>
  <id>
   268109487
  </id>
  <name>
   New Balance Hat A-3514
  </name>
  <category>
   Hat
  </category>
  <size>
   XL
  </size>
  <color>
   Оранжевый
  </color>
  <material>
   Шерсть
  </material>
  <price>
   600307
  </price>
  <rating>
   3.49
  </rating>
  <reviews>
   499122
  </reviews>
  <new>
   -
  </new>
  <exclusive>
   no
  </exclusive>
  <sporty>
   yes
  </sporty>
 </clothing>
 <clothing>
  <id>
   118612266
  </id>
  <name>
   Puma Jeans N-9619
  </name>
  <category>
   Jeans
  </category>
  <size>
   XL
  </size>
  <color>
   Зеленый
  </color>
  <material>
   Кожа
  </material>
  <price>
   968445
  </price>
  <rating>
   3.57
  </rating>
  <reviews>
   838500
  </reviews>
  <new>
   +
  </new>
  <sporty>
   no
  </sporty>
 </clothing>
 <clothing>
  <id>
   432334313
  </id>
  <name>
   Vans Skirt Q-1527
  </name>
  <category>
   Skirt
  </category>
  <size>
   S
  </size>
  <color>
   Красный
  </color>
  <material>
   Вискоза
  </material>
  <price>
   186194
  </price>
  <rating>
   4.78
  </rating>
  <reviews>
   532055
  </reviews>
 </clothing>
 <clothing>
  <id>
   231973459
  </id>
  <name>
   Addidas Socks O-4416
  </name>
  <category>
   Socks
  </category>
  <size>
   L
  </size>
  <color>
   Оранжевый
  </color>
  <material>
   Полиэстер
  </material>
  <price>
   467673
  </price>
  <rating>
   2.82
  </rating>
  <reviews>
   645846
  </reviews>
  <new>
   -
  </new>
  <exclusive>
   yes
  </exclusive>
 </clothing>
 <clothing>
  <id>
   750317895
  </id>
  <name>
   Vans Jeans P-3400
  </name>
  <category>
   Jeans
  </category>
  <size>
   XXL
  </size>
  <color>
   Зеленый
  </color>
  <material>
   Кожа
  </material>
  <price>
   428415
  </price>
  <rating>
   1.7
  </rating>
  <reviews>
   248447
  </reviews>
  <new>
   +
  </new>
  <exclusive>
   no
  </exclusive>
  <sporty>
   no
  </sporty>
 </clothing>
 <clothing>
  <id>
   694366180
  </id>
  <name>
   Fila Pants E-9191
  </name>
  <category>
   Pants
  </category>
  <size>
   XL
  </size>
  <color>
   Фиолетовый
  </color>
  <material>
   Кожа
  </material>
  <price>
   417002
  </price>
  <rating>
   1.58
  </rating>
  <reviews>
   99700
  </reviews>
  <new>
   -
  </new>
  <exclusive>
   yes
  </exclusive>
  <sporty>
   no
  </sporty>
 </clothing>
 <clothing>
  <id>
   797685579
  </id>
  <name>
   Brooks Sweater M-2741
  </name>
  <category>
   Sweater
  </category>
  <size>
   XXL
  </size>
  <color>
   Синий
  </color>
  <material>
   Шелк
  </material>
  <price>
   207678
  </price>
  <rating>
   4.71
  </rating>
  <reviews>
   368367
  </reviews>
  <new>
   -
  </new>
  <exclusive>
   no
  </exclusive>
  <sporty>
   no
  </sporty>
 </clothing>
 <clothing>
  <id>
   874500316
  </id>
  <name>
   Nike Sweater O-9080
  </name>
  <category>
   Sweater
  </category>
  <size>
   XL
  </size>
  <color>
   Зеленый
  </color>
  <material>
   Лен
  </material>
  <price>
   951454
  </price>
  <rating>
   2.79
  </rating>
  <reviews>
   162026
  </reviews>
  <new>
   -
  </new>
  <sporty>
   no
  </sporty>
 </clothing>
 <clothing>
  <id>
   184210602
  </id>
  <name>
   Adidas Hat R-2953
  </name>
  <category>
   Hat
  </category>
  <size>
   L
  </size>
  <color>
   Зеленый
  </color>
  <material>
   Вискоза
  </material>
  <price>
   607691
  </price>
  <rating>
   4.16
  </rating>
  <reviews>
   11770
  </reviews>
  <sporty>
   yes
  </sporty>
 </clothing>
 <clothing>
  <id>
   446945177
  </id>
  <name>
   Fila Hat R-7816
  </name>
  <category>
   Hat
  </category>
  <size>
   XL
  </size>
  <color>
   Фиолетовый
  </color>
  <material>
   Полиэстер
  </material>
  <price>
   824788
  </price>
  <rating>
   3.03
  </rating>
  <reviews>
   690921
  </reviews>
  <new>
   -
  </new>
 </clothing>
 <clothing>
  <id>
   932221897
  </id>
  <name>
   Puma Dress R-7028
  </name>
  <category>
   Dress
  </category>
  <size>
   XXL
  </size>
  <color>
   Фиолетовый
  </color>
  <material>
   Хлопок
  </material>
  <price>
   118180
  </price>
  <rating>
   2.2
  </rating>
  <reviews>
   263843
  </reviews>
  <new>
   -
  </new>
  <sporty>
   yes
  </sporty>
 </clothing>
 <clothing>
  <id>
   181060408
  </id>
  <name>
   Fila T-shirt B-6575
  </name>
  <category>
   T-shirt
  </category>
  <size>
   XXL
  </size>
  <color>
   Красный
  </color>
  <material>
   Кожа
  </material>
  <price>
   228999
  </price>
  <rating>
   4.86
  </rating>
  <reviews>
   722430
  </reviews>
  <sporty>
   yes
  </sporty>
 </clothing>
 <clothing>
  <id>
   958592368
  </id>
  <name>
   Under Armour Umbrellas D-2548
  </name>
  <category>
   Umbrellas
  </category>
  <size>
   M
  </size>
  <color>
   Зеленый
  </color>
  <material>
   Нейлон
  </material>
  <price>
   581354
  </price>
  <rating>
   4.22
  </rating>
  <reviews>
   760845
  </reviews>
  <new>
   -
  </new>
 </clothing>
 <clothing>
  <id>
   563204375
  </id>
  <name>
   Addidas Handbags D-3782
  </name>
  <category>
   Handbags
  </category>
  <size>
   XXL
  </size>
  <color>
   Фиолетовый
  </color>
  <material>
   Вискоза
  </material>
  <price>
   460293
  </price>
  <rating>
   2.62
  </rating>
  <reviews>
   754173
  </reviews>
  <new>
   -
  </new>
  <exclusive>
   no
  </exclusive>
  <sporty>
   no
  </sporty>
 </clothing>
 <clothing>
  <id>
   942694934
  </id>
  <name>
   Reebok Sweater G-8199
  </name>
  <category>
   Sweater
  </category>
  <size>
   M
  </size>
  <color>
   Желтый
  </color>
  <material>
   Шелк
  </material>
  <price>
   165401
  </price>
  <rating>
   2.35
  </rating>
  <reviews>
   111704
  </reviews>
  <new>
   -
  </new>
  <exclusive>
   yes
  </exclusive>
 </clothing>
 <clothing>
  <id>
   330955909
  </id>
  <name>
   Fila Belts C-8581
  </name>
  <category>
   Belts
  </category>
  <size>
   L
  </size>
  <color>
   Желтый
  </color>
  <material>
   Шерсть
  </material>
  <price>
   909598
  </price>
  <rating>
   3.55
  </rating>
  <reviews>
   54521
  </reviews>
  <new>
   -
  </new>
  <exclusive>
   no
  </exclusive>
 </clothing>
 <clothing>
  <id>
   933109549
  </id>
  <name>
   Converse Handbags E-7699
  </name>
  <category>
   Handbags
  </category>
  <size>
   M
  </size>
  <color>
   Желтый
  </color>
  <material>
   Шерсть
  </material>
  <price>
   925769
  </price>
  <rating>
   2.75
  </rating>
  <reviews>
   772700
  </reviews>
  <exclusive>
   yes
  </exclusive>
  <sporty>
   no
  </sporty>
 </clothing>
 <clothing>
  <id>
   237845923
  </id>
  <name>
   Brooks T-shirt U-6017
  </name>
  <category>
   T-shirt
  </category>
  <size>
   XXL
  </size>
  <color>
   Синий
  </color>
  <material>
   Кожа
  </material>
  <price>
   405189
  </price>
  <rating>
   2.34
  </rating>
  <reviews>
   852904
  </reviews>
  <sporty>
   no
  </sporty>
 </clothing>
 <clothing>
  <id>
   236998875
  </id>
  <name>
   PleinSport Sweater A-5075
  </name>
  <category>
   Sweater
  </category>
  <size>
   XL
  </size>
  <color>
   Оранжевый
  </color>
  <material>
   Кожа
  </material>
  <price>
   531235
  </price>
  <rating>
   1.25
  </rating>
  <reviews>
   591440
  </reviews>
  <new>
   +
  </new>
  <exclusive>
   yes
  </exclusive>
  <sporty>
   no
  </sporty>
 </clothing>
 <clothing>
  <id>
   176574790
  </id>
  <name>
   Puma Jeans R-1073
  </name>
  <category>
   Jeans
  </category>
  <size>
   M
  </size>
  <color>
   Красный
  </color>
  <material>
   Вискоза
  </material>
  <price>
   367768
  </price>
  <rating>
   4.53
  </rating>
  <reviews>
   104005
  </reviews>
  <exclusive>
   yes
  </exclusive>
  <sporty>
   yes
  </sporty>
 </clothing>
 <clothing>
  <id>
   661182298
  </id>
  <name>
   Ellesse Skirt G-3650
  </name>
  <category>
   Skirt
  </category>
  <size>
   M
  </size>
  <color>
   Фиолетовый
  </color>
  <material>
   Хлопок
  </material>
  <price>
   443852
  </price>
  <rating>
   4.99
  </rating>
  <reviews>
   496811
  </reviews>
  <exclusive>
   yes
  </exclusive>
 </clothing>
 <clothing>
  <id>
   943671619
  </id>
  <name>
   Converse Jacket Q-2331
  </name>
  <category>
   Jacket
  </category>
  <size>
   M
  </size>
  <color>
   Красный
  </color>
  <material>
   Шерсть
  </material>
  <price>
   513497
  </price>
  <rating>
   4.95
  </rating>
  <reviews>
   610252
  </reviews>
  <exclusive>
   no
  </exclusive>
 </clothing>
 <clothing>
  <id>
   960222404
  </id>
  <name>
   Asics Socks V-8540
  </name>
  <category>
   Socks
  </category>
  <size>
   XXL
  </size>
  <color>
   Фиолетовый
  </color>
  <material>
   Шелк
  </material>
  <price>
   867251
  </price>
  <rating>
   2.75
  </rating>
  <reviews>
   231564
  </reviews>
  <exclusive>
   yes
  </exclusive>
  <sporty>
   yes
  </sporty>
 </clothing>
 <clothing>
  <id>
   434146228
  </id>
  <name>
   Adidas Jeans A-4545
  </name>
  <category>
   Jeans
  </category>
  <size>
   XXL
  </size>
  <color>
   Зеленый
  </color>
  <material>
   Вискоза
  </material>
  <price>
   447736
  </price>
  <rating>
   4.5
  </rating>
  <reviews>
   526080
  </reviews>
  <new>
   -
  </new>
 </clothing>
 <clothing>
  <id>
   247951998
  </id>
  <name>
   Converse Pants T-3043
  </name>
  <category>
   Pants
  </category>
  <size>
   XXL
  </size>
  <color>
   Синий
  </color>
  <material>
   Шелк
  </material>
  <price>
   660505
  </price>
  <rating>
   4.69
  </rating>
  <reviews>
   55076
  </reviews>
  <new>
   -
  </new>
  <exclusive>
   no
  </exclusive>
  <sporty>
   no
  </sporty>
 </clothing>
 <clothing>
  <id>
   832952064
  </id>
  <name>
   Reebok Jacket C-3858
  </name>
  <category>
   Jacket
  </category>
  <size>
   XL
  </size>
  <color>
   Зеленый
  </color>
  <material>
   Лен
  </material>
  <price>
   170442
  </price>
  <rating>
   2.53
  </rating>
  <reviews>
   240533
  </reviews>
  <new>
   -
  </new>
  <exclusive>
   no
  </exclusive>
  <sporty>
   yes
  </sporty>
 </clothing>
 <clothing>
  <id>
   864926706
  </id>
  <name>
   Fila Skirt S-3015
  </name>
  <category>
   Skirt
  </category>
  <size>
   L
  </size>
  <color>
   Фиолетовый
  </color>
  <material>
   Нейлон
  </material>
  <price>
   749498
  </price>
  <rating>
   4.28
  </rating>
  <reviews>
   55786
  </reviews>
  <new>
   +
  </new>
  <sporty>
   no
  </sporty>
 </clothing>
 <clothing>
  <id>
   785474864
  </id>
  <name>
   Reebok Skirt D-7261
  </name>
  <category>
   Skirt
  </category>
  <size>
   S
  </size>
  <color>
   Зеленый
  </color>
  <material>
   Лен
  </material>
  <price>
   970658
  </price>
  <rating>
   4.46
  </rating>
  <reviews>
   915503
  </reviews>
  <new>
   +
  </new>
  <exclusive>
   no
  </exclusive>
 </clothing>
 <clothing>
  <id>
   787313808
  </id>
  <name>
   Under Armour Sweater X-2123
  </name>
  <category>
   Sweater
  </category>
  <size>
   XL
  </size>
  <color>
   Фиолетовый
  </color>
  <material>
   Полиэстер
  </material>
  <price>
   236919
  </price>
  <rating>
   1.86
  </rating>
  <reviews>
   628240
  </reviews>
 </clothing>
</clothing-items>
