<?xml version="1.0" encoding="utf-8"?>
<clothing-items>
 <clothing>
  <id>
   969701646
  </id>
  <name>
   New Balance Gloves W-7585
  </name>
  <category>
   Gloves
  </category>
  <size>
   XXL
  </size>
  <color>
   Желтый
  </color>
  <material>
   Нейлон
  </material>
  <price>
   141931
  </price>
  <rating>
   3.75
  </rating>
  <reviews>
   704194
  </reviews>
  <new>
   -
  </new>
  <sporty>
   no
  </sporty>
 </clothing>
 <clothing>
  <id>
   497964824
  </id>
  <name>
   Nike Jeans P-4836
  </name>
  <category>
   Jeans
  </category>
  <size>
   XXL
  </size>
  <color>
   Оранжевый
  </color>
  <material>
   Шелк
  </material>
  <price>
   862905
  </price>
  <rating>
   2.33
  </rating>
  <reviews>
   130945
  </reviews>
  <new>
   +
  </new>
 </clothing>
 <clothing>
  <id>
   343417602
  </id>
  <name>
   Nike Handbags G-4455
  </name>
  <category>
   Handbags
  </category>
  <size>
   XXL
  </size>
  <color>
   Голубой
  </color>
  <material>
   Шелк
  </material>
  <price>
   825769
  </price>
  <rating>
   4.7
  </rating>
  <reviews>
   156068
  </reviews>
  <exclusive>
   no
  </exclusive>
  <sporty>
   no
  </sporty>
 </clothing>
 <clothing>
  <id>
   782406549
  </id>
  <name>
   Asics Jeans Y-3319
  </name>
  <category>
   Jeans
  </category>
  <size>
   M
  </size>
  <color>
   Голубой
  </color>
  <material>
   Кожа
  </material>
  <price>
   180899
  </price>
  <rating>
   1.19
  </rating>
  <reviews>
   67512
  </reviews>
  <new>
   +
  </new>
  <exclusive>
   no
  </exclusive>
 </clothing>
 <clothing>
  <id>
   794538766
  </id>
  <name>
   Converse Dress R-7802
  </name>
  <category>
   Dress
  </category>
  <size>
   M
  </size>
  <color>
   Синий
  </color>
  <material>
   Кожа
  </material>
  <price>
   902446
  </price>
  <rating>
   4.96
  </rating>
  <reviews>
   599535
  </reviews>
  <exclusive>
   yes
  </exclusive>
 </clothing>
 <clothing>
  <id>
   130403494
  </id>
  <name>
   New Balance T-shirt G-8639
  </name>
  <category>
   T-shirt
  </category>
  <size>
   XXL
  </size>
  <color>
   Зеленый
  </color>
  <material>
   Вискоза
  </material>
  <price>
   180242
  </price>
  <rating>
   4.48
  </rating>
  <reviews>
   444434
  </reviews>
  <new>
   -
  </new>
  <sporty>
   no
  </sporty>
 </clothing>
 <clothing>
  <id>
   516992645
  </id>
  <name>
   Lacoste Jeans E-7209
  </name>
  <category>
   Jeans
  </category>
  <size>
   S
  </size>
  <color>
   Голубой
  </color>
  <material>
   Нейлон
  </material>
  <price>
   516488
  </price>
  <rating>
   3.71
  </rating>
  <reviews>
   412863
  </reviews>
  <new>
   -
  </new>
  <exclusive>
   yes
  </exclusive>
  <sporty>
   yes
  </sporty>
 </clothing>
 <clothing>
  <id>
   347606048
  </id>
  <name>
   Vans Umbrellas Q-5921
  </name>
  <category>
   Umbrellas
  </category>
  <size>
   L
  </size>
  <color>
   Зеленый
  </color>
  <material>
   Нейлон
  </material>
  <price>
   583667
  </price>
  <rating>
   2.29
  </rating>
  <reviews>
   469676
  </reviews>
  <new>
   -
  </new>
 </clothing>
 <clothing>
  <id>
   881526494
  </id>
  <name>
   DC Dress W-5175
  </name>
  <category>
   Dress
  </category>
  <size>
   XXL
  </size>
  <color>
   Синий
  </color>
  <material>
   Шелк
  </material>
  <price>
   942824
  </price>
  <rating>
   2.68
  </rating>
  <reviews>
   944992
  </reviews>
  <new>
   -
  </new>
  <exclusive>
   no
  </exclusive>
 </clothing>
 <clothing>
  <id>
   579363081
  </id>
  <name>
   Brooks Blouse U-9662
  </name>
  <category>
   Blouse
  </category>
  <size>
   S
  </size>
  <color>
   Голубой
  </color>
  <material>
   Лен
  </material>
  <price>
   875216
  </price>
  <rating>
   4.63
  </rating>
  <reviews>
   697077
  </reviews>
  <new>
   -
  </new>
  <exclusive>
   no
  </exclusive>
  <sporty>
   yes
  </sporty>
 </clothing>
 <clothing>
  <id>
   549599557
  </id>
  <name>
   Under Armour Belts H-3779
  </name>
  <category>
   Belts
  </category>
  <size>
   XL
  </size>
  <color>
   Желтый
  </color>
  <material>
   Шерсть
  </material>
  <price>
   322559
  </price>
  <rating>
   4.6
  </rating>
  <reviews>
   854573
  </reviews>
  <new>
   -
  </new>
  <exclusive>
   no
  </exclusive>
  <sporty>
   no
  </sporty>
 </clothing>
 <clothing>
  <id>
   584671288
  </id>
  <name>
   Converse Socks T-9124
  </name>
  <category>
   Socks
  </category>
  <size>
   M
  </size>
  <color>
   Синий
  </color>
  <material>
   Шелк
  </material>
  <price>
   529779
  </price>
  <rating>
   4.3
  </rating>
  <reviews>
   127347
  </reviews>
  <exclusive>
   yes
  </exclusive>
 </clothing>
 <clothing>
  <id>
   121229151
  </id>
  <name>
   Lacoste Gloves J-7873
  </name>
  <category>
   Gloves
  </category>
  <size>
   M
  </size>
  <color>
   Фиолетовый
  </color>
  <material>
   Лен
  </material>
  <price>
   573051
  </price>
  <rating>
   2.29
  </rating>
  <reviews>
   896346
  </reviews>
  <new>
   +
  </new>
 </clothing>
 <clothing>
  <id>
   418987534
  </id>
  <name>
   Under Armour Handbags U-2575
  </name>
  <category>
   Handbags
  </category>
  <size>
   L
  </size>
  <color>
   Синий
  </color>
  <material>
   Шерсть
  </material>
  <price>
   640101
  </price>
  <rating>
   4.02
  </rating>
  <reviews>
   333733
  </reviews>
  <new>
   -
  </new>
  <exclusive>
   yes
  </exclusive>
 </clothing>
 <clothing>
  <id>
   988452014
  </id>
  <name>
   Nike Shirt T-3219
  </name>
  <category>
   Shirt
  </category>
  <size>
   XL
  </size>
  <color>
   Красный
  </color>
  <material>
   Вискоза
  </material>
  <price>
   143007
  </price>
  <rating>
   3.1
  </rating>
  <reviews>
   755209
  </reviews>
  <sporty>
   yes
  </sporty>
 </clothing>
 <clothing>
  <id>
   991454890
  </id>
  <name>
   Ellesse Sweater N-6901
  </name>
  <category>
   Sweater
  </category>
  <size>
   M
  </size>
  <color>
   Красный
  </color>
  <material>
   Кожа
  </material>
  <price>
   481776
  </price>
  <rating>
   4.79
  </rating>
  <reviews>
   825391
  </reviews>
  <new>
   +
  </new>
  <sporty>
   no
  </sporty>
 </clothing>
 <clothing>
  <id>
   268809126
  </id>
  <name>
   DC Sweater D-8439
  </name>
  <category>
   Sweater
  </category>
  <size>
   XXL
  </size>
  <color>
   Оранжевый
  </color>
  <material>
   Хлопок
  </material>
  <price>
   720887
  </price>
  <rating>
   1.81
  </rating>
  <reviews>
   129635
  </reviews>
  <new>
   -
  </new>
 </clothing>
 <clothing>
  <id>
   972718156
  </id>
  <name>
   Under Armour Gloves I-8983
  </name>
  <category>
   Gloves
  </category>
  <size>
   L
  </size>
  <color>
   Желтый
  </color>
  <material>
   Нейлон
  </material>
  <price>
   319971
  </price>
  <rating>
   2.98
  </rating>
  <reviews>
   321960
  </reviews>
  <exclusive>
   no
  </exclusive>
  <sporty>
   no
  </sporty>
 </clothing>
 <clothing>
  <id>
   881862442
  </id>
  <name>
   Adidas T-shirt W-4502
  </name>
  <category>
   T-shirt
  </category>
  <size>
   L
  </size>
  <color>
   Оранжевый
  </color>
  <material>
   Кожа
  </material>
  <price>
   400482
  </price>
  <rating>
   3.55
  </rating>
  <reviews>
   869237
  </reviews>
  <new>
   -
  </new>
  <exclusive>
   no
  </exclusive>
  <sporty>
   no
  </sporty>
 </clothing>
 <clothing>
  <id>
   770870187
  </id>
  <name>
   Ellesse Umbrellas A-5461
  </name>
  <category>
   Umbrellas
  </category>
  <size>
   XL
  </size>
  <color>
   Синий
  </color>
  <material>
   Хлопок
  </material>
  <price>
   142641
  </price>
  <rating>
   1.11
  </rating>
  <reviews>
   597891
  </reviews>
  <new>
   +
  </new>
  <exclusive>
   no
  </exclusive>
 </clothing>
 <clothing>
  <id>
   909090616
  </id>
  <name>
   Ellesse Belts F-6622
  </name>
  <category>
   Belts
  </category>
  <size>
   XXL
  </size>
  <color>
   Оранжевый
  </color>
  <material>
   Вискоза
  </material>
  <price>
   831657
  </price>
  <rating>
   3.61
  </rating>
  <reviews>
   419383
  </reviews>
  <new>
   -
  </new>
  <sporty>
   no
  </sporty>
 </clothing>
 <clothing>
  <id>
   263907683
  </id>
  <name>
   PleinSport Skirt X-2545
  </name>
  <category>
   Skirt
  </category>
  <size>
   XXL
  </size>
  <color>
   Оранжевый
  </color>
  <material>
   Кожа
  </material>
  <price>
   217215
  </price>
  <rating>
   2.62
  </rating>
  <reviews>
   100961
  </reviews>
  <exclusive>
   yes
  </exclusive>
  <sporty>
   no
  </sporty>
 </clothing>
 <clothing>
  <id>
   277988913
  </id>
  <name>
   Lacoste Handbags X-5087
  </name>
  <category>
   Handbags
  </category>
  <size>
   XXL
  </size>
  <color>
   Фиолетовый
  </color>
  <material>
   Лен
  </material>
  <price>
   642241
  </price>
  <rating>
   2.81
  </rating>
  <reviews>
   76011
  </reviews>
  <new>
   +
  </new>
  <sporty>
   yes
  </sporty>
 </clothing>
 <clothing>
  <id>
   946917356
  </id>
  <name>
   Nike Shoes Q-6950
  </name>
  <category>
   Shoes
  </category>
  <size>
   M
  </size>
  <color>
   Зеленый
  </color>
  <material>
   Шерсть
  </material>
  <price>
   142985
  </price>
  <rating>
   3.32
  </rating>
  <reviews>
   273591
  </reviews>
  <exclusive>
   no
  </exclusive>
 </clothing>
 <clothing>
  <id>
   898478828
  </id>
  <name>
   PleinSport Jacket D-3032
  </name>
  <category>
   Jacket
  </category>
  <size>
   S
  </size>
  <color>
   Синий
  </color>
  <material>
   Кожа
  </material>
  <price>
   149644
  </price>
  <rating>
   4.54
  </rating>
  <reviews>
   131738
  </reviews>
  <exclusive>
   no
  </exclusive>
  <sporty>
   no
  </sporty>
 </clothing>
 <clothing>
  <id>
   138890513
  </id>
  <name>
   Fila Sweater Y-8349
  </name>
  <category>
   Sweater
  </category>
  <size>
   M
  </size>
  <color>
   Желтый
  </color>
  <material>
   Нейлон
  </material>
  <price>
   852222
  </price>
  <rating>
   1.53
  </rating>
  <reviews>
   180162
  </reviews>
  <new>
   -
  </new>
  <exclusive>
   no
  </exclusive>
  <sporty>
   no
  </sporty>
 </clothing>
 <clothing>
  <id>
   989199801
  </id>
  <name>
   Adidas T-shirt U-6152
  </name>
  <category>
   T-shirt
  </category>
  <size>
   M
  </size>
  <color>
   Фиолетовый
  </color>
  <material>
   Шерсть
  </material>
  <price>
   709401
  </price>
  <rating>
   2.33
  </rating>
  <reviews>
   949224
  </reviews>
  <new>
   -
  </new>
  <exclusive>
   yes
  </exclusive>
  <sporty>
   yes
  </sporty>
 </clothing>
 <clothing>
  <id>
   872719807
  </id>
  <name>
   Vans Jeans X-8116
  </name>
  <category>
   Jeans
  </category>
  <size>
   XXL
  </size>
  <color>
   Фиолетовый
  </color>
  <material>
   Кожа
  </material>
  <price>
   818181
  </price>
  <rating>
   3.66
  </rating>
  <reviews>
   875223
  </reviews>
  <new>
   +
  </new>
  <exclusive>
   no
  </exclusive>
 </clothing>
 <clothing>
  <id>
   830033704
  </id>
  <name>
   Brooks Sweater D-8586
  </name>
  <category>
   Sweater
  </category>
  <size>
   L
  </size>
  <color>
   Фиолетовый
  </color>
  <material>
   Лен
  </material>
  <price>
   121156
  </price>
  <rating>
   1.14
  </rating>
  <reviews>
   16801
  </reviews>
  <new>
   -
  </new>
  <exclusive>
   no
  </exclusive>
 </clothing>
 <clothing>
  <id>
   134687267
  </id>
  <name>
   Lacoste Dress O-5157
  </name>
  <category>
   Dress
  </category>
  <size>
   XL
  </size>
  <color>
   Голубой
  </color>
  <material>
   Кожа
  </material>
  <price>
   681751
  </price>
  <rating>
   3.28
  </rating>
  <reviews>
   899246
  </reviews>
  <new>
   -
  </new>
  <exclusive>
   yes
  </exclusive>
 </clothing>
 <clothing>
  <id>
   865151038
  </id>
  <name>
   Fila Jeans R-2532
  </name>
  <category>
   Jeans
  </category>
  <size>
   XL
  </size>
  <color>
   Красный
  </color>
  <material>
   Вискоза
  </material>
  <price>
   220027
  </price>
  <rating>
   1.5
  </rating>
  <reviews>
   620743
  </reviews>
  <new>
   -
  </new>
  <exclusive>
   yes
  </exclusive>
  <sporty>
   no
  </sporty>
 </clothing>
 <clothing>
  <id>
   297871220
  </id>
  <name>
   Asics Socks W-4922
  </name>
  <category>
   Socks
  </category>
  <size>
   S
  </size>
  <color>
   Красный
  </color>
  <material>
   Вискоза
  </material>
  <price>
   152181
  </price>
  <rating>
   1.18
  </rating>
  <reviews>
   301651
  </reviews>
  <new>
   -
  </new>
  <sporty>
   no
  </sporty>
 </clothing>
</clothing-items>
