<?xml version="1.0" encoding="utf-8"?>
<clothing-items>
 <clothing>
  <id>
   267808312
  </id>
  <name>
   Under Armour Blouse Y-9793
  </name>
  <category>
   Blouse
  </category>
  <size>
   S
  </size>
  <color>
   Фиолетовый
  </color>
  <material>
   Вискоза
  </material>
  <price>
   373369
  </price>
  <rating>
   2.88
  </rating>
  <reviews>
   212350
  </reviews>
  <exclusive>
   no
  </exclusive>
  <sporty>
   no
  </sporty>
 </clothing>
 <clothing>
  <id>
   473169191
  </id>
  <name>
   Vans Umbrellas R-2128
  </name>
  <category>
   Umbrellas
  </category>
  <size>
   L
  </size>
  <color>
   Голубой
  </color>
  <material>
   Лен
  </material>
  <price>
   804734
  </price>
  <rating>
   4.3
  </rating>
  <reviews>
   972950
  </reviews>
  <new>
   -
  </new>
  <sporty>
   yes
  </sporty>
 </clothing>
 <clothing>
  <id>
   217397804
  </id>
  <name>
   Nike Dress E-3844
  </name>
  <category>
   Dress
  </category>
  <size>
   L
  </size>
  <color>
   Голубой
  </color>
  <material>
   Хлопок
  </material>
  <price>
   753693
  </price>
  <rating>
   2.11
  </rating>
  <reviews>
   437906
  </reviews>
  <sporty>
   no
  </sporty>
 </clothing>
 <clothing>
  <id>
   665894824
  </id>
  <name>
   Lacoste Jeans Q-6148
  </name>
  <category>
   Jeans
  </category>
  <size>
   L
  </size>
  <color>
   Фиолетовый
  </color>
  <material>
   Полиэстер
  </material>
  <price>
   950628
  </price>
  <rating>
   3.26
  </rating>
  <reviews>
   82524
  </reviews>
  <new>
   +
  </new>
  <sporty>
   no
  </sporty>
 </clothing>
 <clothing>
  <id>
   740813697
  </id>
  <name>
   Converse T-shirt M-3754
  </name>
  <category>
   T-shirt
  </category>
  <size>
   XL
  </size>
  <color>
   Красный
  </color>
  <material>
   Шерсть
  </material>
  <price>
   460006
  </price>
  <rating>
   1.28
  </rating>
  <reviews>
   668835
  </reviews>
  <new>
   -
  </new>
  <exclusive>
   no
  </exclusive>
 </clothing>
 <clothing>
  <id>
   707278562
  </id>
  <name>
   Lacoste Blouse C-4536
  </name>
  <category>
   Blouse
  </category>
  <size>
   M
  </size>
  <color>
   Оранжевый
  </color>
  <material>
   Шелк
  </material>
  <price>
   178896
  </price>
  <rating>
   4.53
  </rating>
  <reviews>
   271751
  </reviews>
  <new>
   -
  </new>
  <exclusive>
   no
  </exclusive>
  <sporty>
   yes
  </sporty>
 </clothing>
 <clothing>
  <id>
   805515942
  </id>
  <name>
   Reebok Hat H-2988
  </name>
  <category>
   Hat
  </category>
  <size>
   XL
  </size>
  <color>
   Фиолетовый
  </color>
  <material>
   Шерсть
  </material>
  <price>
   631254
  </price>
  <rating>
   2.23
  </rating>
  <reviews>
   112884
  </reviews>
  <new>
   +
  </new>
  <exclusive>
   yes
  </exclusive>
 </clothing>
 <clothing>
  <id>
   671161699
  </id>
  <name>
   PleinSport Socks I-4269
  </name>
  <category>
   Socks
  </category>
  <size>
   L
  </size>
  <color>
   Зеленый
  </color>
  <material>
   Лен
  </material>
  <price>
   264252
  </price>
  <rating>
   2.45
  </rating>
  <reviews>
   798175
  </reviews>
  <new>
   +
  </new>
 </clothing>
 <clothing>
  <id>
   145782368
  </id>
  <name>
   PleinSport Shoes G-1441
  </name>
  <category>
   Shoes
  </category>
  <size>
   XXL
  </size>
  <color>
   Красный
  </color>
  <material>
   Полиэстер
  </material>
  <price>
   424729
  </price>
  <rating>
   3.86
  </rating>
  <reviews>
   530167
  </reviews>
 </clothing>
 <clothing>
  <id>
   129490625
  </id>
  <name>
   Fila Shoes D-3543
  </name>
  <category>
   Shoes
  </category>
  <size>
   M
  </size>
  <color>
   Зеленый
  </color>
  <material>
   Хлопок
  </material>
  <price>
   838947
  </price>
  <rating>
   3.11
  </rating>
  <reviews>
   25233
  </reviews>
  <new>
   -
  </new>
  <sporty>
   no
  </sporty>
 </clothing>
 <clothing>
  <id>
   879564606
  </id>
  <name>
   Reebok Handbags G-6572
  </name>
  <category>
   Handbags
  </category>
  <size>
   S
  </size>
  <color>
   Синий
  </color>
  <material>
   Шерсть
  </material>
  <price>
   820075
  </price>
  <rating>
   3.64
  </rating>
  <reviews>
   458727
  </reviews>
  <new>
   -
  </new>
  <exclusive>
   no
  </exclusive>
 </clothing>
 <clothing>
  <id>
   974961123
  </id>
  <name>
   Reebok Jacket X-5311
  </name>
  <category>
   Jacket
  </category>
  <size>
   XL
  </size>
  <color>
   Синий
  </color>
  <material>
   Вискоза
  </material>
  <price>
   735622
  </price>
  <rating>
   2.75
  </rating>
  <reviews>
   736408
  </reviews>
  <new>
   -
  </new>
  <exclusive>
   no
  </exclusive>
  <sporty>
   yes
  </sporty>
 </clothing>
 <clothing>
  <id>
   196819510
  </id>
  <name>
   New Balance Skirt E-7313
  </name>
  <category>
   Skirt
  </category>
  <size>
   L
  </size>
  <color>
   Красный
  </color>
  <material>
   Шелк
  </material>
  <price>
   507865
  </price>
  <rating>
   2.7
  </rating>
  <reviews>
   588014
  </reviews>
  <new>
   -
  </new>
  <exclusive>
   yes
  </exclusive>
  <sporty>
   no
  </sporty>
 </clothing>
 <clothing>
  <id>
   605638951
  </id>
  <name>
   DC Dress A-9404
  </name>
  <category>
   Dress
  </category>
  <size>
   S
  </size>
  <color>
   Желтый
  </color>
  <material>
   Лен
  </material>
  <price>
   940280
  </price>
  <rating>
   3.15
  </rating>
  <reviews>
   343402
  </reviews>
  <new>
   -
  </new>
  <exclusive>
   no
  </exclusive>
  <sporty>
   yes
  </sporty>
 </clothing>
 <clothing>
  <id>
   412536206
  </id>
  <name>
   DC Jacket H-4590
  </name>
  <category>
   Jacket
  </category>
  <size>
   L
  </size>
  <color>
   Красный
  </color>
  <material>
   Полиэстер
  </material>
  <price>
   881034
  </price>
  <rating>
   3.29
  </rating>
  <reviews>
   495109
  </reviews>
 </clothing>
 <clothing>
  <id>
   829897047
  </id>
  <name>
   New Balance Dress G-2694
  </name>
  <category>
   Dress
  </category>
  <size>
   XXL
  </size>
  <color>
   Оранжевый
  </color>
  <material>
   Хлопок
  </material>
  <price>
   186611
  </price>
  <rating>
   1.62
  </rating>
  <reviews>
   431304
  </reviews>
  <exclusive>
   no
  </exclusive>
  <sporty>
   no
  </sporty>
 </clothing>
 <clothing>
  <id>
   603157757
  </id>
  <name>
   Under Armour Jeans U-4832
  </name>
  <category>
   Jeans
  </category>
  <size>
   L
  </size>
  <color>
   Синий
  </color>
  <material>
   Вискоза
  </material>
  <price>
   655194
  </price>
  <rating>
   1.42
  </rating>
  <reviews>
   187842
  </reviews>
  <exclusive>
   yes
  </exclusive>
  <sporty>
   no
  </sporty>
 </clothing>
 <clothing>
  <id>
   868843250
  </id>
  <name>
   DC Shoes H-6753
  </name>
  <category>
   Shoes
  </category>
  <size>
   M
  </size>
  <color>
   Фиолетовый
  </color>
  <material>
   Хлопок
  </material>
  <price>
   351045
  </price>
  <rating>
   1.43
  </rating>
  <reviews>
   75717
  </reviews>
  <new>
   -
  </new>
  <sporty>
   yes
  </sporty>
 </clothing>
 <clothing>
  <id>
   592456617
  </id>
  <name>
   Under Armour Skirt Y-9736
  </name>
  <category>
   Skirt
  </category>
  <size>
   XL
  </size>
  <color>
   Зеленый
  </color>
  <material>
   Лен
  </material>
  <price>
   767772
  </price>
  <rating>
   3.26
  </rating>
  <reviews>
   678264
  </reviews>
  <exclusive>
   no
  </exclusive>
  <sporty>
   yes
  </sporty>
 </clothing>
 <clothing>
  <id>
   117934287
  </id>
  <name>
   New Balance Blouse N-8359
  </name>
  <category>
   Blouse
  </category>
  <size>
   XXL
  </size>
  <color>
   Голубой
  </color>
  <material>
   Хлопок
  </material>
  <price>
   797435
  </price>
  <rating>
   3.47
  </rating>
  <reviews>
   466177
  </reviews>
  <new>
   -
  </new>
  <exclusive>
   yes
  </exclusive>
  <sporty>
   no
  </sporty>
 </clothing>
 <clothing>
  <id>
   761506323
  </id>
  <name>
   Vans Handbags I-1501
  </name>
  <category>
   Handbags
  </category>
  <size>
   S
  </size>
  <color>
   Зеленый
  </color>
  <material>
   Нейлон
  </material>
  <price>
   318860
  </price>
  <rating>
   4.98
  </rating>
  <reviews>
   895080
  </reviews>
 </clothing>
 <clothing>
  <id>
   698012149
  </id>
  <name>
   Fila Belts M-3179
  </name>
  <category>
   Belts
  </category>
  <size>
   XL
  </size>
  <color>
   Зеленый
  </color>
  <material>
   Хлопок
  </material>
  <price>
   657231
  </price>
  <rating>
   1.13
  </rating>
  <reviews>
   860061
  </reviews>
  <new>
   -
  </new>
  <sporty>
   no
  </sporty>
 </clothing>
 <clothing>
  <id>
   103171834
  </id>
  <name>
   Converse Shoes F-5148
  </name>
  <category>
   Shoes
  </category>
  <size>
   M
  </size>
  <color>
   Зеленый
  </color>
  <material>
   Шерсть
  </material>
  <price>
   250185
  </price>
  <rating>
   2.45
  </rating>
  <reviews>
   774453
  </reviews>
  <new>
   -
  </new>
  <exclusive>
   yes
  </exclusive>
 </clothing>
 <clothing>
  <id>
   603640111
  </id>
  <name>
   Addidas Jeans W-8433
  </name>
  <category>
   Jeans
  </category>
  <size>
   M
  </size>
  <color>
   Оранжевый
  </color>
  <material>
   Полиэстер
  </material>
  <price>
   642641
  </price>
  <rating>
   3.45
  </rating>
  <reviews>
   552967
  </reviews>
  <sporty>
   no
  </sporty>
 </clothing>
 <clothing>
  <id>
   870037005
  </id>
  <name>
   Vans Belts M-9767
  </name>
  <category>
   Belts
  </category>
  <size>
   L
  </size>
  <color>
   Синий
  </color>
  <material>
   Вискоза
  </material>
  <price>
   475783
  </price>
  <rating>
   1.69
  </rating>
  <reviews>
   497938
  </reviews>
  <new>
   +
  </new>
  <exclusive>
   yes
  </exclusive>
  <sporty>
   no
  </sporty>
 </clothing>
 <clothing>
  <id>
   863657251
  </id>
  <name>
   PleinSport Hat M-3114
  </name>
  <category>
   Hat
  </category>
  <size>
   M
  </size>
  <color>
   Голубой
  </color>
  <material>
   Хлопок
  </material>
  <price>
   110119
  </price>
  <rating>
   3.37
  </rating>
  <reviews>
   744972
  </reviews>
  <new>
   -
  </new>
  <exclusive>
   yes
  </exclusive>
  <sporty>
   no
  </sporty>
 </clothing>
 <clothing>
  <id>
   744352289
  </id>
  <name>
   Addidas Skirt E-3432
  </name>
  <category>
   Skirt
  </category>
  <size>
   XL
  </size>
  <color>
   Голубой
  </color>
  <material>
   Шелк
  </material>
  <price>
   984942
  </price>
  <rating>
   4.84
  </rating>
  <reviews>
   233219
  </reviews>
  <new>
   -
  </new>
  <exclusive>
   yes
  </exclusive>
 </clothing>
 <clothing>
  <id>
   802518438
  </id>
  <name>
   Ellesse Shirt A-4888
  </name>
  <category>
   Shirt
  </category>
  <size>
   S
  </size>
  <color>
   Красный
  </color>
  <material>
   Шелк
  </material>
  <price>
   142312
  </price>
  <rating>
   2.32
  </rating>
  <reviews>
   764238
  </reviews>
  <new>
   -
  </new>
  <sporty>
   no
  </sporty>
 </clothing>
 <clothing>
  <id>
   646869366
  </id>
  <name>
   Ellesse Shirt U-5802
  </name>
  <category>
   Shirt
  </category>
  <size>
   L
  </size>
  <color>
   Красный
  </color>
  <material>
   Шерсть
  </material>
  <price>
   792159
  </price>
  <rating>
   4.16
  </rating>
  <reviews>
   313998
  </reviews>
  <exclusive>
   no
  </exclusive>
 </clothing>
 <clothing>
  <id>
   566231417
  </id>
  <name>
   Ellesse Jacket N-4538
  </name>
  <category>
   Jacket
  </category>
  <size>
   M
  </size>
  <color>
   Красный
  </color>
  <material>
   Шелк
  </material>
  <price>
   959158
  </price>
  <rating>
   2.09
  </rating>
  <reviews>
   281508
  </reviews>
  <exclusive>
   no
  </exclusive>
 </clothing>
 <clothing>
  <id>
   196706976
  </id>
  <name>
   Under Armour Jacket C-5338
  </name>
  <category>
   Jacket
  </category>
  <size>
   XL
  </size>
  <color>
   Желтый
  </color>
  <material>
   Нейлон
  </material>
  <price>
   912099
  </price>
  <rating>
   4.85
  </rating>
  <reviews>
   147974
  </reviews>
  <new>
   -
  </new>
  <exclusive>
   no
  </exclusive>
 </clothing>
 <clothing>
  <id>
   738918600
  </id>
  <name>
   New Balance Umbrellas N-1110
  </name>
  <category>
   Umbrellas
  </category>
  <size>
   XXL
  </size>
  <color>
   Желтый
  </color>
  <material>
   Вискоза
  </material>
  <price>
   995896
  </price>
  <rating>
   2.97
  </rating>
  <reviews>
   641798
  </reviews>
  <exclusive>
   no
  </exclusive>
 </clothing>
 <clothing>
  <id>
   597723481
  </id>
  <name>
   PleinSport Gloves V-2350
  </name>
  <category>
   Gloves
  </category>
  <size>
   XL
  </size>
  <color>
   Зеленый
  </color>
  <material>
   Шелк
  </material>
  <price>
   165693
  </price>
  <rating>
   2.68
  </rating>
  <reviews>
   901601
  </reviews>
 </clothing>
 <clothing>
  <id>
   233854982
  </id>
  <name>
   Reebok Jeans N-3419
  </name>
  <category>
   Jeans
  </category>
  <size>
   L
  </size>
  <color>
   Синий
  </color>
  <material>
   Полиэстер
  </material>
  <price>
   956599
  </price>
  <rating>
   4.79
  </rating>
  <reviews>
   439349
  </reviews>
  <exclusive>
   yes
  </exclusive>
  <sporty>
   no
  </sporty>
 </clothing>
 <clothing>
  <id>
   794118603
  </id>
  <name>
   Adidas Socks F-2003
  </name>
  <category>
   Socks
  </category>
  <size>
   S
  </size>
  <color>
   Синий
  </color>
  <material>
   Шелк
  </material>
  <price>
   714671
  </price>
  <rating>
   3.85
  </rating>
  <reviews>
   331062
  </reviews>
  <new>
   -
  </new>
  <exclusive>
   no
  </exclusive>
  <sporty>
   no
  </sporty>
 </clothing>
 <clothing>
  <id>
   299434651
  </id>
  <name>
   Vans Socks C-4690
  </name>
  <category>
   Socks
  </category>
  <size>
   XXL
  </size>
  <color>
   Зеленый
  </color>
  <material>
   Кожа
  </material>
  <price>
   998146
  </price>
  <rating>
   3.3
  </rating>
  <reviews>
   110628
  </reviews>
  <sporty>
   yes
  </sporty>
 </clothing>
 <clothing>
  <id>
   449459918
  </id>
  <name>
   Reebok Handbags M-8006
  </name>
  <category>
   Handbags
  </category>
  <size>
   XL
  </size>
  <color>
   Синий
  </color>
  <material>
   Вискоза
  </material>
  <price>
   943975
  </price>
  <rating>
   1.15
  </rating>
  <reviews>
   772564
  </reviews>
  <new>
   -
  </new>
 </clothing>
 <clothing>
  <id>
   102843067
  </id>
  <name>
   Lacoste T-shirt K-7691
  </name>
  <category>
   T-shirt
  </category>
  <size>
   XL
  </size>
  <color>
   Голубой
  </color>
  <material>
   Кожа
  </material>
  <price>
   632820
  </price>
  <rating>
   3.42
  </rating>
  <reviews>
   523190
  </reviews>
  <new>
   -
  </new>
 </clothing>
 <clothing>
  <id>
   759906827
  </id>
  <name>
   Puma Shirt K-1858
  </name>
  <category>
   Shirt
  </category>
  <size>
   XXL
  </size>
  <color>
   Голубой
  </color>
  <material>
   Нейлон
  </material>
  <price>
   986552
  </price>
  <rating>
   4.73
  </rating>
  <reviews>
   203493
  </reviews>
  <new>
   +
  </new>
  <exclusive>
   no
  </exclusive>
  <sporty>
   no
  </sporty>
 </clothing>
 <clothing>
  <id>
   638939801
  </id>
  <name>
   Fila Shoes H-5974
  </name>
  <category>
   Shoes
  </category>
  <size>
   L
  </size>
  <color>
   Голубой
  </color>
  <material>
   Кожа
  </material>
  <price>
   608283
  </price>
  <rating>
   3.82
  </rating>
  <reviews>
   251085
  </reviews>
  <new>
   -
  </new>
  <exclusive>
   no
  </exclusive>
  <sporty>
   yes
  </sporty>
 </clothing>
 <clothing>
  <id>
   285022078
  </id>
  <name>
   Converse Skirt S-5121
  </name>
  <category>
   Skirt
  </category>
  <size>
   M
  </size>
  <color>
   Желтый
  </color>
  <material>
   Хлопок
  </material>
  <price>
   163376
  </price>
  <rating>
   1.76
  </rating>
  <reviews>
   880069
  </reviews>
  <exclusive>
   no
  </exclusive>
  <sporty>
   no
  </sporty>
 </clothing>
 <clothing>
  <id>
   393070364
  </id>
  <name>
   Under Armour Jeans Q-2812
  </name>
  <category>
   Jeans
  </category>
  <size>
   XL
  </size>
  <color>
   Зеленый
  </color>
  <material>
   Нейлон
  </material>
  <price>
   445493
  </price>
  <rating>
   3.92
  </rating>
  <reviews>
   574278
  </reviews>
  <new>
   -
  </new>
  <sporty>
   yes
  </sporty>
 </clothing>
 <clothing>
  <id>
   317705609
  </id>
  <name>
   DC Umbrellas M-8162
  </name>
  <category>
   Umbrellas
  </category>
  <size>
   XXL
  </size>
  <color>
   Красный
  </color>
  <material>
   Нейлон
  </material>
  <price>
   131212
  </price>
  <rating>
   2.12
  </rating>
  <reviews>
   571659
  </reviews>
  <exclusive>
   no
  </exclusive>
  <sporty>
   yes
  </sporty>
 </clothing>
 <clothing>
  <id>
   716146159
  </id>
  <name>
   PleinSport Handbags G-3251
  </name>
  <category>
   Handbags
  </category>
  <size>
   M
  </size>
  <color>
   Синий
  </color>
  <material>
   Лен
  </material>
  <price>
   465815
  </price>
  <rating>
   2.56
  </rating>
  <reviews>
   284990
  </reviews>
  <new>
   +
  </new>
  <exclusive>
   no
  </exclusive>
  <sporty>
   yes
  </sporty>
 </clothing>
 <clothing>
  <id>
   710783043
  </id>
  <name>
   Vans Socks H-6004
  </name>
  <category>
   Socks
  </category>
  <size>
   M
  </size>
  <color>
   Зеленый
  </color>
  <material>
   Лен
  </material>
  <price>
   692632
  </price>
  <rating>
   3.16
  </rating>
  <reviews>
   712553
  </reviews>
 </clothing>
 <clothing>
  <id>
   815600945
  </id>
  <name>
   Brooks Skirt E-1721
  </name>
  <category>
   Skirt
  </category>
  <size>
   S
  </size>
  <color>
   Фиолетовый
  </color>
  <material>
   Кожа
  </material>
  <price>
   816256
  </price>
  <rating>
   3.8
  </rating>
  <reviews>
   35544
  </reviews>
  <new>
   -
  </new>
  <exclusive>
   yes
  </exclusive>
  <sporty>
   no
  </sporty>
 </clothing>
 <clothing>
  <id>
   380556156
  </id>
  <name>
   Fila Pants J-7097
  </name>
  <category>
   Pants
  </category>
  <size>
   M
  </size>
  <color>
   Фиолетовый
  </color>
  <material>
   Вискоза
  </material>
  <price>
   215188
  </price>
  <rating>
   4.14
  </rating>
  <reviews>
   117785
  </reviews>
  <new>
   -
  </new>
  <exclusive>
   no
  </exclusive>
 </clothing>
 <clothing>
  <id>
   147295023
  </id>
  <name>
   Lacoste Jacket N-8428
  </name>
  <category>
   Jacket
  </category>
  <size>
   M
  </size>
  <color>
   Зеленый
  </color>
  <material>
   Шелк
  </material>
  <price>
   466927
  </price>
  <rating>
   4.95
  </rating>
  <reviews>
   28976
  </reviews>
 </clothing>
 <clothing>
  <id>
   261779502
  </id>
  <name>
   Puma Jacket T-1686
  </name>
  <category>
   Jacket
  </category>
  <size>
   M
  </size>
  <color>
   Оранжевый
  </color>
  <material>
   Полиэстер
  </material>
  <price>
   372561
  </price>
  <rating>
   2.19
  </rating>
  <reviews>
   928355
  </reviews>
  <new>
   -
  </new>
  <exclusive>
   no
  </exclusive>
 </clothing>
</clothing-items>
