<?xml version="1.0" encoding="utf-8"?>
<clothing-items>
 <clothing>
  <id>
   255746461
  </id>
  <name>
   Under Armour Jacket N-8034
  </name>
  <category>
   Jacket
  </category>
  <size>
   S
  </size>
  <color>
   Голубой
  </color>
  <material>
   Шерсть
  </material>
  <price>
   607382
  </price>
  <rating>
   2.52
  </rating>
  <reviews>
   346596
  </reviews>
  <new>
   -
  </new>
  <exclusive>
   no
  </exclusive>
  <sporty>
   yes
  </sporty>
 </clothing>
 <clothing>
  <id>
   164829192
  </id>
  <name>
   Adidas Jacket X-5808
  </name>
  <category>
   Jacket
  </category>
  <size>
   M
  </size>
  <color>
   Голубой
  </color>
  <material>
   Вискоза
  </material>
  <price>
   284617
  </price>
  <rating>
   3.86
  </rating>
  <reviews>
   677151
  </reviews>
  <exclusive>
   yes
  </exclusive>
  <sporty>
   no
  </sporty>
 </clothing>
 <clothing>
  <id>
   808134366
  </id>
  <name>
   Lacoste Umbrellas H-5401
  </name>
  <category>
   Umbrellas
  </category>
  <size>
   XXL
  </size>
  <color>
   Оранжевый
  </color>
  <material>
   Лен
  </material>
  <price>
   107715
  </price>
  <rating>
   4.14
  </rating>
  <reviews>
   498712
  </reviews>
  <new>
   -
  </new>
  <exclusive>
   yes
  </exclusive>
  <sporty>
   no
  </sporty>
 </clothing>
 <clothing>
  <id>
   599445166
  </id>
  <name>
   Fila Jacket H-9864
  </name>
  <category>
   Jacket
  </category>
  <size>
   M
  </size>
  <color>
   Зеленый
  </color>
  <material>
   Лен
  </material>
  <price>
   736787
  </price>
  <rating>
   2.23
  </rating>
  <reviews>
   363846
  </reviews>
  <new>
   -
  </new>
  <exclusive>
   yes
  </exclusive>
 </clothing>
 <clothing>
  <id>
   424167934
  </id>
  <name>
   Vans Handbags J-9407
  </name>
  <category>
   Handbags
  </category>
  <size>
   L
  </size>
  <color>
   Синий
  </color>
  <material>
   Шелк
  </material>
  <price>
   479204
  </price>
  <rating>
   4.84
  </rating>
  <reviews>
   902477
  </reviews>
  <new>
   +
  </new>
  <exclusive>
   no
  </exclusive>
 </clothing>
 <clothing>
  <id>
   939346946
  </id>
  <name>
   Adidas Jacket D-4391
  </name>
  <category>
   Jacket
  </category>
  <size>
   L
  </size>
  <color>
   Голубой
  </color>
  <material>
   Вискоза
  </material>
  <price>
   510033
  </price>
  <rating>
   3.1
  </rating>
  <reviews>
   777301
  </reviews>
  <new>
   +
  </new>
  <exclusive>
   no
  </exclusive>
  <sporty>
   yes
  </sporty>
 </clothing>
 <clothing>
  <id>
   515015358
  </id>
  <name>
   Fila Sweater K-8819
  </name>
  <category>
   Sweater
  </category>
  <size>
   M
  </size>
  <color>
   Оранжевый
  </color>
  <material>
   Лен
  </material>
  <price>
   687296
  </price>
  <rating>
   4.92
  </rating>
  <reviews>
   248944
  </reviews>
  <new>
   +
  </new>
  <exclusive>
   no
  </exclusive>
  <sporty>
   no
  </sporty>
 </clothing>
 <clothing>
  <id>
   223603800
  </id>
  <name>
   Addidas Handbags O-3016
  </name>
  <category>
   Handbags
  </category>
  <size>
   L
  </size>
  <color>
   Фиолетовый
  </color>
  <material>
   Шелк
  </material>
  <price>
   200851
  </price>
  <rating>
   1.7
  </rating>
  <reviews>
   402572
  </reviews>
  <new>
   +
  </new>
  <exclusive>
   yes
  </exclusive>
 </clothing>
 <clothing>
  <id>
   753295448
  </id>
  <name>
   Reebok Jeans C-2243
  </name>
  <category>
   Jeans
  </category>
  <size>
   L
  </size>
  <color>
   Синий
  </color>
  <material>
   Лен
  </material>
  <price>
   398518
  </price>
  <rating>
   2.46
  </rating>
  <reviews>
   412918
  </reviews>
  <new>
   -
  </new>
  <exclusive>
   no
  </exclusive>
  <sporty>
   no
  </sporty>
 </clothing>
 <clothing>
  <id>
   518740274
  </id>
  <name>
   Adidas Jacket W-4912
  </name>
  <category>
   Jacket
  </category>
  <size>
   M
  </size>
  <color>
   Голубой
  </color>
  <material>
   Нейлон
  </material>
  <price>
   175247
  </price>
  <rating>
   3.41
  </rating>
  <reviews>
   192741
  </reviews>
  <exclusive>
   no
  </exclusive>
  <sporty>
   yes
  </sporty>
 </clothing>
 <clothing>
  <id>
   218053143
  </id>
  <name>
   Ellesse Dress Q-7920
  </name>
  <category>
   Dress
  </category>
  <size>
   XXL
  </size>
  <color>
   Желтый
  </color>
  <material>
   Полиэстер
  </material>
  <price>
   406328
  </price>
  <rating>
   2.31
  </rating>
  <reviews>
   8576
  </reviews>
  <exclusive>
   yes
  </exclusive>
 </clothing>
 <clothing>
  <id>
   800893254
  </id>
  <name>
   DC Jeans R-9575
  </name>
  <category>
   Jeans
  </category>
  <size>
   M
  </size>
  <color>
   Зеленый
  </color>
  <material>
   Шелк
  </material>
  <price>
   815747
  </price>
  <rating>
   2.17
  </rating>
  <reviews>
   806648
  </reviews>
  <new>
   +
  </new>
 </clothing>
 <clothing>
  <id>
   669183361
  </id>
  <name>
   DC Jacket W-9080
  </name>
  <category>
   Jacket
  </category>
  <size>
   L
  </size>
  <color>
   Фиолетовый
  </color>
  <material>
   Кожа
  </material>
  <price>
   291679
  </price>
  <rating>
   3.31
  </rating>
  <reviews>
   628670
  </reviews>
  <exclusive>
   no
  </exclusive>
 </clothing>
 <clothing>
  <id>
   776505194
  </id>
  <name>
   Puma Socks K-9114
  </name>
  <category>
   Socks
  </category>
  <size>
   XL
  </size>
  <color>
   Зеленый
  </color>
  <material>
   Шерсть
  </material>
  <price>
   876449
  </price>
  <rating>
   3.99
  </rating>
  <reviews>
   512127
  </reviews>
  <new>
   -
  </new>
 </clothing>
 <clothing>
  <id>
   480766530
  </id>
  <name>
   Nike Handbags R-5812
  </name>
  <category>
   Handbags
  </category>
  <size>
   XL
  </size>
  <color>
   Красный
  </color>
  <material>
   Нейлон
  </material>
  <price>
   920628
  </price>
  <rating>
   1.96
  </rating>
  <reviews>
   424121
  </reviews>
 </clothing>
 <clothing>
  <id>
   455157716
  </id>
  <name>
   Under Armour Sweater L-9937
  </name>
  <category>
   Sweater
  </category>
  <size>
   S
  </size>
  <color>
   Желтый
  </color>
  <material>
   Шелк
  </material>
  <price>
   435205
  </price>
  <rating>
   3.31
  </rating>
  <reviews>
   727324
  </reviews>
  <new>
   -
  </new>
 </clothing>
 <clothing>
  <id>
   431179121
  </id>
  <name>
   Lacoste Sweater I-1321
  </name>
  <category>
   Sweater
  </category>
  <size>
   M
  </size>
  <color>
   Голубой
  </color>
  <material>
   Кожа
  </material>
  <price>
   585604
  </price>
  <rating>
   4.03
  </rating>
  <reviews>
   777247
  </reviews>
  <exclusive>
   no
  </exclusive>
 </clothing>
 <clothing>
  <id>
   735669173
  </id>
  <name>
   Lacoste Jeans Z-1027
  </name>
  <category>
   Jeans
  </category>
  <size>
   XXL
  </size>
  <color>
   Красный
  </color>
  <material>
   Хлопок
  </material>
  <price>
   949230
  </price>
  <rating>
   2.93
  </rating>
  <reviews>
   311308
  </reviews>
  <exclusive>
   yes
  </exclusive>
  <sporty>
   yes
  </sporty>
 </clothing>
 <clothing>
  <id>
   567827647
  </id>
  <name>
   Puma Shoes U-1616
  </name>
  <category>
   Shoes
  </category>
  <size>
   L
  </size>
  <color>
   Оранжевый
  </color>
  <material>
   Нейлон
  </material>
  <price>
   879227
  </price>
  <rating>
   2.06
  </rating>
  <reviews>
   755524
  </reviews>
  <exclusive>
   yes
  </exclusive>
 </clothing>
 <clothing>
  <id>
   161129775
  </id>
  <name>
   DC Handbags C-4952
  </name>
  <category>
   Handbags
  </category>
  <size>
   S
  </size>
  <color>
   Голубой
  </color>
  <material>
   Шелк
  </material>
  <price>
   761195
  </price>
  <rating>
   1.56
  </rating>
  <reviews>
   971756
  </reviews>
  <new>
   -
  </new>
  <exclusive>
   no
  </exclusive>
  <sporty>
   yes
  </sporty>
 </clothing>
 <clothing>
  <id>
   935050382
  </id>
  <name>
   Lacoste Sweater N-7658
  </name>
  <category>
   Sweater
  </category>
  <size>
   M
  </size>
  <color>
   Оранжевый
  </color>
  <material>
   Шелк
  </material>
  <price>
   937924
  </price>
  <rating>
   3.36
  </rating>
  <reviews>
   426938
  </reviews>
  <exclusive>
   no
  </exclusive>
  <sporty>
   yes
  </sporty>
 </clothing>
 <clothing>
  <id>
   492949093
  </id>
  <name>
   Nike Hat H-5881
  </name>
  <category>
   Hat
  </category>
  <size>
   M
  </size>
  <color>
   Оранжевый
  </color>
  <material>
   Шерсть
  </material>
  <price>
   802307
  </price>
  <rating>
   4.66
  </rating>
  <reviews>
   806260
  </reviews>
  <exclusive>
   yes
  </exclusive>
  <sporty>
   yes
  </sporty>
 </clothing>
 <clothing>
  <id>
   150773417
  </id>
  <name>
   Under Armour Socks V-7722
  </name>
  <category>
   Socks
  </category>
  <size>
   S
  </size>
  <color>
   Оранжевый
  </color>
  <material>
   Хлопок
  </material>
  <price>
   524811
  </price>
  <rating>
   4.0
  </rating>
  <reviews>
   172332
  </reviews>
 </clothing>
 <clothing>
  <id>
   788866238
  </id>
  <name>
   Addidas Belts H-4391
  </name>
  <category>
   Belts
  </category>
  <size>
   L
  </size>
  <color>
   Красный
  </color>
  <material>
   Лен
  </material>
  <price>
   203869
  </price>
  <rating>
   3.84
  </rating>
  <reviews>
   145110
  </reviews>
  <new>
   -
  </new>
  <exclusive>
   no
  </exclusive>
  <sporty>
   yes
  </sporty>
 </clothing>
 <clothing>
  <id>
   588778927
  </id>
  <name>
   New Balance Socks A-4325
  </name>
  <category>
   Socks
  </category>
  <size>
   XXL
  </size>
  <color>
   Желтый
  </color>
  <material>
   Полиэстер
  </material>
  <price>
   355699
  </price>
  <rating>
   4.16
  </rating>
  <reviews>
   596975
  </reviews>
  <new>
   -
  </new>
  <exclusive>
   no
  </exclusive>
  <sporty>
   yes
  </sporty>
 </clothing>
 <clothing>
  <id>
   671049762
  </id>
  <name>
   Fila Skirt S-4122
  </name>
  <category>
   Skirt
  </category>
  <size>
   XL
  </size>
  <color>
   Зеленый
  </color>
  <material>
   Шелк
  </material>
  <price>
   357322
  </price>
  <rating>
   2.92
  </rating>
  <reviews>
   753320
  </reviews>
  <new>
   -
  </new>
  <exclusive>
   no
  </exclusive>
  <sporty>
   no
  </sporty>
 </clothing>
 <clothing>
  <id>
   860077197
  </id>
  <name>
   Asics Umbrellas B-1466
  </name>
  <category>
   Umbrellas
  </category>
  <size>
   S
  </size>
  <color>
   Синий
  </color>
  <material>
   Хлопок
  </material>
  <price>
   311089
  </price>
  <rating>
   2.98
  </rating>
  <reviews>
   196628
  </reviews>
  <exclusive>
   no
  </exclusive>
  <sporty>
   yes
  </sporty>
 </clothing>
 <clothing>
  <id>
   447477587
  </id>
  <name>
   PleinSport Umbrellas J-3573
  </name>
  <category>
   Umbrellas
  </category>
  <size>
   M
  </size>
  <color>
   Желтый
  </color>
  <material>
   Вискоза
  </material>
  <price>
   890982
  </price>
  <rating>
   1.46
  </rating>
  <reviews>
   786843
  </reviews>
  <exclusive>
   no
  </exclusive>
  <sporty>
   yes
  </sporty>
 </clothing>
 <clothing>
  <id>
   678760942
  </id>
  <name>
   New Balance Jacket X-4977
  </name>
  <category>
   Jacket
  </category>
  <size>
   S
  </size>
  <color>
   Оранжевый
  </color>
  <material>
   Хлопок
  </material>
  <price>
   340143
  </price>
  <rating>
   2.13
  </rating>
  <reviews>
   166313
  </reviews>
  <new>
   -
  </new>
 </clothing>
 <clothing>
  <id>
   261935997
  </id>
  <name>
   Brooks Belts N-3424
  </name>
  <category>
   Belts
  </category>
  <size>
   M
  </size>
  <color>
   Фиолетовый
  </color>
  <material>
   Нейлон
  </material>
  <price>
   261196
  </price>
  <rating>
   5.0
  </rating>
  <reviews>
   929999
  </reviews>
  <new>
   +
  </new>
  <exclusive>
   no
  </exclusive>
 </clothing>
 <clothing>
  <id>
   325120521
  </id>
  <name>
   PleinSport Jacket E-5878
  </name>
  <category>
   Jacket
  </category>
  <size>
   S
  </size>
  <color>
   Желтый
  </color>
  <material>
   Шерсть
  </material>
  <price>
   267630
  </price>
  <rating>
   4.42
  </rating>
  <reviews>
   404020
  </reviews>
  <new>
   +
  </new>
  <exclusive>
   yes
  </exclusive>
  <sporty>
   no
  </sporty>
 </clothing>
 <clothing>
  <id>
   869233254
  </id>
  <name>
   Under Armour Blouse K-3013
  </name>
  <category>
   Blouse
  </category>
  <size>
   XXL
  </size>
  <color>
   Оранжевый
  </color>
  <material>
   Кожа
  </material>
  <price>
   552847
  </price>
  <rating>
   3.89
  </rating>
  <reviews>
   811891
  </reviews>
  <new>
   -
  </new>
  <exclusive>
   yes
  </exclusive>
 </clothing>
</clothing-items>
