<?xml version="1.0" encoding="utf-8"?>
<clothing-items>
 <clothing>
  <id>
   774438204
  </id>
  <name>
   Nike Sweater S-6485
  </name>
  <category>
   Sweater
  </category>
  <size>
   XXL
  </size>
  <color>
   Голубой
  </color>
  <material>
   Полиэстер
  </material>
  <price>
   915255
  </price>
  <rating>
   2.34
  </rating>
  <reviews>
   46320
  </reviews>
 </clothing>
 <clothing>
  <id>
   112416157
  </id>
  <name>
   Ellesse Gloves S-9009
  </name>
  <category>
   Gloves
  </category>
  <size>
   S
  </size>
  <color>
   Фиолетовый
  </color>
  <material>
   Нейлон
  </material>
  <price>
   924130
  </price>
  <rating>
   3.05
  </rating>
  <reviews>
   594506
  </reviews>
  <new>
   +
  </new>
  <sporty>
   no
  </sporty>
 </clothing>
 <clothing>
  <id>
   955591865
  </id>
  <name>
   DC Jeans X-7668
  </name>
  <category>
   Jeans
  </category>
  <size>
   S
  </size>
  <color>
   Фиолетовый
  </color>
  <material>
   Полиэстер
  </material>
  <price>
   348998
  </price>
  <rating>
   4.95
  </rating>
  <reviews>
   818383
  </reviews>
  <new>
   -
  </new>
  <exclusive>
   no
  </exclusive>
 </clothing>
 <clothing>
  <id>
   540343396
  </id>
  <name>
   PleinSport Handbags R-9881
  </name>
  <category>
   Handbags
  </category>
  <size>
   M
  </size>
  <color>
   Зеленый
  </color>
  <material>
   Шерсть
  </material>
  <price>
   352081
  </price>
  <rating>
   4.01
  </rating>
  <reviews>
   53783
  </reviews>
  <exclusive>
   no
  </exclusive>
 </clothing>
 <clothing>
  <id>
   390949497
  </id>
  <name>
   Brooks Pants C-1210
  </name>
  <category>
   Pants
  </category>
  <size>
   XL
  </size>
  <color>
   Оранжевый
  </color>
  <material>
   Лен
  </material>
  <price>
   441503
  </price>
  <rating>
   4.47
  </rating>
  <reviews>
   826107
  </reviews>
  <new>
   -
  </new>
  <sporty>
   yes
  </sporty>
 </clothing>
 <clothing>
  <id>
   240073927
  </id>
  <name>
   Adidas Umbrellas F-7701
  </name>
  <category>
   Umbrellas
  </category>
  <size>
   S
  </size>
  <color>
   Фиолетовый
  </color>
  <material>
   Вискоза
  </material>
  <price>
   645032
  </price>
  <rating>
   3.07
  </rating>
  <reviews>
   353084
  </reviews>
  <new>
   +
  </new>
  <exclusive>
   no
  </exclusive>
  <sporty>
   yes
  </sporty>
 </clothing>
 <clothing>
  <id>
   201791529
  </id>
  <name>
   Fila Shirt V-6590
  </name>
  <category>
   Shirt
  </category>
  <size>
   M
  </size>
  <color>
   Красный
  </color>
  <material>
   Шелк
  </material>
  <price>
   960173
  </price>
  <rating>
   2.59
  </rating>
  <reviews>
   548286
  </reviews>
 </clothing>
 <clothing>
  <id>
   736639424
  </id>
  <name>
   Vans Umbrellas C-8296
  </name>
  <category>
   Umbrellas
  </category>
  <size>
   S
  </size>
  <color>
   Синий
  </color>
  <material>
   Лен
  </material>
  <price>
   675174
  </price>
  <rating>
   1.21
  </rating>
  <reviews>
   609256
  </reviews>
  <exclusive>
   yes
  </exclusive>
  <sporty>
   no
  </sporty>
 </clothing>
 <clothing>
  <id>
   624062041
  </id>
  <name>
   Ellesse Shirt L-1351
  </name>
  <category>
   Shirt
  </category>
  <size>
   XXL
  </size>
  <color>
   Голубой
  </color>
  <material>
   Вискоза
  </material>
  <price>
   105924
  </price>
  <rating>
   2.52
  </rating>
  <reviews>
   720716
  </reviews>
  <new>
   -
  </new>
  <exclusive>
   no
  </exclusive>
 </clothing>
 <clothing>
  <id>
   861191093
  </id>
  <name>
   PleinSport Jeans T-7384
  </name>
  <category>
   Jeans
  </category>
  <size>
   XL
  </size>
  <color>
   Желтый
  </color>
  <material>
   Шерсть
  </material>
  <price>
   301073
  </price>
  <rating>
   3.2
  </rating>
  <reviews>
   178184
  </reviews>
  <new>
   +
  </new>
  <sporty>
   no
  </sporty>
 </clothing>
 <clothing>
  <id>
   877108890
  </id>
  <name>
   Converse Socks L-4837
  </name>
  <category>
   Socks
  </category>
  <size>
   XXL
  </size>
  <color>
   Желтый
  </color>
  <material>
   Лен
  </material>
  <price>
   212655
  </price>
  <rating>
   3.41
  </rating>
  <reviews>
   323656
  </reviews>
 </clothing>
 <clothing>
  <id>
   344109292
  </id>
  <name>
   Vans Dress V-5653
  </name>
  <category>
   Dress
  </category>
  <size>
   S
  </size>
  <color>
   Фиолетовый
  </color>
  <material>
   Хлопок
  </material>
  <price>
   565306
  </price>
  <rating>
   1.64
  </rating>
  <reviews>
   493773
  </reviews>
  <new>
   +
  </new>
  <exclusive>
   yes
  </exclusive>
  <sporty>
   no
  </sporty>
 </clothing>
 <clothing>
  <id>
   176589089
  </id>
  <name>
   Vans Sweater G-3791
  </name>
  <category>
   Sweater
  </category>
  <size>
   XXL
  </size>
  <color>
   Зеленый
  </color>
  <material>
   Нейлон
  </material>
  <price>
   930974
  </price>
  <rating>
   1.8
  </rating>
  <reviews>
   765006
  </reviews>
  <exclusive>
   yes
  </exclusive>
  <sporty>
   yes
  </sporty>
 </clothing>
 <clothing>
  <id>
   144005128
  </id>
  <name>
   Reebok Sweater V-5932
  </name>
  <category>
   Sweater
  </category>
  <size>
   L
  </size>
  <color>
   Синий
  </color>
  <material>
   Вискоза
  </material>
  <price>
   242096
  </price>
  <rating>
   3.26
  </rating>
  <reviews>
   674793
  </reviews>
  <exclusive>
   no
  </exclusive>
  <sporty>
   yes
  </sporty>
 </clothing>
 <clothing>
  <id>
   229558151
  </id>
  <name>
   PleinSport Jacket A-1081
  </name>
  <category>
   Jacket
  </category>
  <size>
   XXL
  </size>
  <color>
   Фиолетовый
  </color>
  <material>
   Лен
  </material>
  <price>
   967999
  </price>
  <rating>
   4.15
  </rating>
  <reviews>
   940575
  </reviews>
  <exclusive>
   no
  </exclusive>
 </clothing>
 <clothing>
  <id>
   293699069
  </id>
  <name>
   Lacoste Jeans J-9775
  </name>
  <category>
   Jeans
  </category>
  <size>
   M
  </size>
  <color>
   Синий
  </color>
  <material>
   Шелк
  </material>
  <price>
   742242
  </price>
  <rating>
   2.07
  </rating>
  <reviews>
   614232
  </reviews>
  <new>
   -
  </new>
 </clothing>
 <clothing>
  <id>
   446086327
  </id>
  <name>
   Under Armour Skirt L-9476
  </name>
  <category>
   Skirt
  </category>
  <size>
   XXL
  </size>
  <color>
   Голубой
  </color>
  <material>
   Вискоза
  </material>
  <price>
   986840
  </price>
  <rating>
   3.23
  </rating>
  <reviews>
   624809
  </reviews>
  <new>
   +
  </new>
 </clothing>
 <clothing>
  <id>
   892724966
  </id>
  <name>
   PleinSport Blouse O-2337
  </name>
  <category>
   Blouse
  </category>
  <size>
   M
  </size>
  <color>
   Зеленый
  </color>
  <material>
   Шелк
  </material>
  <price>
   612569
  </price>
  <rating>
   3.06
  </rating>
  <reviews>
   268775
  </reviews>
  <new>
   -
  </new>
  <exclusive>
   yes
  </exclusive>
  <sporty>
   yes
  </sporty>
 </clothing>
 <clothing>
  <id>
   495464055
  </id>
  <name>
   Reebok Dress J-4930
  </name>
  <category>
   Dress
  </category>
  <size>
   XL
  </size>
  <color>
   Голубой
  </color>
  <material>
   Хлопок
  </material>
  <price>
   475010
  </price>
  <rating>
   4.81
  </rating>
  <reviews>
   248681
  </reviews>
  <new>
   -
  </new>
  <exclusive>
   yes
  </exclusive>
 </clothing>
 <clothing>
  <id>
   349177616
  </id>
  <name>
   Converse Jacket C-6012
  </name>
  <category>
   Jacket
  </category>
  <size>
   M
  </size>
  <color>
   Фиолетовый
  </color>
  <material>
   Вискоза
  </material>
  <price>
   878020
  </price>
  <rating>
   1.77
  </rating>
  <reviews>
   348419
  </reviews>
  <new>
   +
  </new>
  <sporty>
   no
  </sporty>
 </clothing>
 <clothing>
  <id>
   185887382
  </id>
  <name>
   Reebok Handbags W-8570
  </name>
  <category>
   Handbags
  </category>
  <size>
   L
  </size>
  <color>
   Оранжевый
  </color>
  <material>
   Полиэстер
  </material>
  <price>
   951457
  </price>
  <rating>
   4.59
  </rating>
  <reviews>
   210500
  </reviews>
  <exclusive>
   yes
  </exclusive>
 </clothing>
 <clothing>
  <id>
   433416719
  </id>
  <name>
   Lacoste Pants K-8960
  </name>
  <category>
   Pants
  </category>
  <size>
   XL
  </size>
  <color>
   Фиолетовый
  </color>
  <material>
   Хлопок
  </material>
  <price>
   595605
  </price>
  <rating>
   3.34
  </rating>
  <reviews>
   818757
  </reviews>
 </clothing>
 <clothing>
  <id>
   959243697
  </id>
  <name>
   DC Jacket G-9404
  </name>
  <category>
   Jacket
  </category>
  <size>
   XXL
  </size>
  <color>
   Желтый
  </color>
  <material>
   Хлопок
  </material>
  <price>
   990998
  </price>
  <rating>
   1.28
  </rating>
  <reviews>
   313555
  </reviews>
  <sporty>
   no
  </sporty>
 </clothing>
 <clothing>
  <id>
   738079783
  </id>
  <name>
   Reebok Umbrellas W-5255
  </name>
  <category>
   Umbrellas
  </category>
  <size>
   L
  </size>
  <color>
   Желтый
  </color>
  <material>
   Шелк
  </material>
  <price>
   952416
  </price>
  <rating>
   1.97
  </rating>
  <reviews>
   233642
  </reviews>
  <new>
   +
  </new>
  <sporty>
   no
  </sporty>
 </clothing>
 <clothing>
  <id>
   750216146
  </id>
  <name>
   Converse Jacket S-8658
  </name>
  <category>
   Jacket
  </category>
  <size>
   XL
  </size>
  <color>
   Желтый
  </color>
  <material>
   Вискоза
  </material>
  <price>
   443494
  </price>
  <rating>
   1.2
  </rating>
  <reviews>
   654357
  </reviews>
  <new>
   +
  </new>
  <exclusive>
   no
  </exclusive>
  <sporty>
   no
  </sporty>
 </clothing>
 <clothing>
  <id>
   761694409
  </id>
  <name>
   New Balance Hat X-5957
  </name>
  <category>
   Hat
  </category>
  <size>
   XL
  </size>
  <color>
   Зеленый
  </color>
  <material>
   Хлопок
  </material>
  <price>
   198043
  </price>
  <rating>
   2.17
  </rating>
  <reviews>
   894966
  </reviews>
  <exclusive>
   no
  </exclusive>
  <sporty>
   no
  </sporty>
 </clothing>
 <clothing>
  <id>
   705805890
  </id>
  <name>
   PleinSport Umbrellas O-5198
  </name>
  <category>
   Umbrellas
  </category>
  <size>
   L
  </size>
  <color>
   Фиолетовый
  </color>
  <material>
   Лен
  </material>
  <price>
   354228
  </price>
  <rating>
   4.49
  </rating>
  <reviews>
   689609
  </reviews>
  <new>
   +
  </new>
  <exclusive>
   no
  </exclusive>
 </clothing>
 <clothing>
  <id>
   461765575
  </id>
  <name>
   Converse Belts I-8483
  </name>
  <category>
   Belts
  </category>
  <size>
   XL
  </size>
  <color>
   Желтый
  </color>
  <material>
   Хлопок
  </material>
  <price>
   740510
  </price>
  <rating>
   2.02
  </rating>
  <reviews>
   922628
  </reviews>
  <new>
   +
  </new>
  <exclusive>
   no
  </exclusive>
 </clothing>
 <clothing>
  <id>
   715463016
  </id>
  <name>
   Nike Umbrellas X-4370
  </name>
  <category>
   Umbrellas
  </category>
  <size>
   L
  </size>
  <color>
   Зеленый
  </color>
  <material>
   Нейлон
  </material>
  <price>
   753269
  </price>
  <rating>
   1.29
  </rating>
  <reviews>
   529899
  </reviews>
  <new>
   +
  </new>
  <sporty>
   no
  </sporty>
 </clothing>
 <clothing>
  <id>
   167621663
  </id>
  <name>
   Converse Gloves O-7943
  </name>
  <category>
   Gloves
  </category>
  <size>
   XXL
  </size>
  <color>
   Оранжевый
  </color>
  <material>
   Шелк
  </material>
  <price>
   743798
  </price>
  <rating>
   1.05
  </rating>
  <reviews>
   176473
  </reviews>
  <exclusive>
   no
  </exclusive>
 </clothing>
 <clothing>
  <id>
   705454143
  </id>
  <name>
   Ellesse Dress K-3325
  </name>
  <category>
   Dress
  </category>
  <size>
   XXL
  </size>
  <color>
   Красный
  </color>
  <material>
   Полиэстер
  </material>
  <price>
   709276
  </price>
  <rating>
   4.74
  </rating>
  <reviews>
   264473
  </reviews>
  <exclusive>
   no
  </exclusive>
  <sporty>
   no
  </sporty>
 </clothing>
 <clothing>
  <id>
   735320022
  </id>
  <name>
   Adidas Gloves F-2587
  </name>
  <category>
   Gloves
  </category>
  <size>
   XXL
  </size>
  <color>
   Зеленый
  </color>
  <material>
   Хлопок
  </material>
  <price>
   942550
  </price>
  <rating>
   1.44
  </rating>
  <reviews>
   43247
  </reviews>
  <new>
   -
  </new>
  <exclusive>
   no
  </exclusive>
  <sporty>
   yes
  </sporty>
 </clothing>
 <clothing>
  <id>
   231331168
  </id>
  <name>
   Reebok Gloves I-5810
  </name>
  <category>
   Gloves
  </category>
  <size>
   S
  </size>
  <color>
   Фиолетовый
  </color>
  <material>
   Полиэстер
  </material>
  <price>
   727685
  </price>
  <rating>
   2.44
  </rating>
  <reviews>
   979045
  </reviews>
  <sporty>
   yes
  </sporty>
 </clothing>
 <clothing>
  <id>
   801546370
  </id>
  <name>
   Brooks Jacket J-6546
  </name>
  <category>
   Jacket
  </category>
  <size>
   XXL
  </size>
  <color>
   Зеленый
  </color>
  <material>
   Шелк
  </material>
  <price>
   784681
  </price>
  <rating>
   3.0
  </rating>
  <reviews>
   537384
  </reviews>
 </clothing>
 <clothing>
  <id>
   524365209
  </id>
  <name>
   New Balance Hat T-5779
  </name>
  <category>
   Hat
  </category>
  <size>
   S
  </size>
  <color>
   Оранжевый
  </color>
  <material>
   Шерсть
  </material>
  <price>
   556624
  </price>
  <rating>
   3.25
  </rating>
  <reviews>
   211323
  </reviews>
  <new>
   +
  </new>
 </clothing>
 <clothing>
  <id>
   471336132
  </id>
  <name>
   Converse Pants Y-7133
  </name>
  <category>
   Pants
  </category>
  <size>
   L
  </size>
  <color>
   Оранжевый
  </color>
  <material>
   Кожа
  </material>
  <price>
   747165
  </price>
  <rating>
   4.39
  </rating>
  <reviews>
   475576
  </reviews>
  <new>
   +
  </new>
  <sporty>
   no
  </sporty>
 </clothing>
 <clothing>
  <id>
   912401238
  </id>
  <name>
   Under Armour Socks A-2396
  </name>
  <category>
   Socks
  </category>
  <size>
   S
  </size>
  <color>
   Оранжевый
  </color>
  <material>
   Шелк
  </material>
  <price>
   400501
  </price>
  <rating>
   3.87
  </rating>
  <reviews>
   398186
  </reviews>
  <new>
   +
  </new>
  <exclusive>
   no
  </exclusive>
  <sporty>
   no
  </sporty>
 </clothing>
 <clothing>
  <id>
   368412110
  </id>
  <name>
   Fila Belts Q-2980
  </name>
  <category>
   Belts
  </category>
  <size>
   S
  </size>
  <color>
   Зеленый
  </color>
  <material>
   Полиэстер
  </material>
  <price>
   435033
  </price>
  <rating>
   4.81
  </rating>
  <reviews>
   386674
  </reviews>
  <new>
   -
  </new>
 </clothing>
 <clothing>
  <id>
   716797600
  </id>
  <name>
   Addidas Umbrellas M-1928
  </name>
  <category>
   Umbrellas
  </category>
  <size>
   XXL
  </size>
  <color>
   Зеленый
  </color>
  <material>
   Нейлон
  </material>
  <price>
   567084
  </price>
  <rating>
   3.84
  </rating>
  <reviews>
   5882
  </reviews>
  <new>
   -
  </new>
  <exclusive>
   yes
  </exclusive>
  <sporty>
   yes
  </sporty>
 </clothing>
 <clothing>
  <id>
   794118717
  </id>
  <name>
   Converse Skirt F-8240
  </name>
  <category>
   Skirt
  </category>
  <size>
   XL
  </size>
  <color>
   Синий
  </color>
  <material>
   Шелк
  </material>
  <price>
   229318
  </price>
  <rating>
   2.87
  </rating>
  <reviews>
   718280
  </reviews>
  <exclusive>
   yes
  </exclusive>
 </clothing>
 <clothing>
  <id>
   698884714
  </id>
  <name>
   Brooks Handbags R-2265
  </name>
  <category>
   Handbags
  </category>
  <size>
   XL
  </size>
  <color>
   Голубой
  </color>
  <material>
   Нейлон
  </material>
  <price>
   491750
  </price>
  <rating>
   4.16
  </rating>
  <reviews>
   646082
  </reviews>
  <new>
   +
  </new>
  <exclusive>
   no
  </exclusive>
 </clothing>
 <clothing>
  <id>
   924240042
  </id>
  <name>
   Ellesse Sweater A-9861
  </name>
  <category>
   Sweater
  </category>
  <size>
   L
  </size>
  <color>
   Зеленый
  </color>
  <material>
   Лен
  </material>
  <price>
   393243
  </price>
  <rating>
   3.87
  </rating>
  <reviews>
   635474
  </reviews>
  <exclusive>
   no
  </exclusive>
 </clothing>
 <clothing>
  <id>
   580321159
  </id>
  <name>
   Fila Shoes A-8931
  </name>
  <category>
   Shoes
  </category>
  <size>
   XXL
  </size>
  <color>
   Фиолетовый
  </color>
  <material>
   Шерсть
  </material>
  <price>
   512252
  </price>
  <rating>
   1.91
  </rating>
  <reviews>
   600957
  </reviews>
  <new>
   -
  </new>
  <exclusive>
   no
  </exclusive>
  <sporty>
   no
  </sporty>
 </clothing>
 <clothing>
  <id>
   624435566
  </id>
  <name>
   Adidas Gloves R-6853
  </name>
  <category>
   Gloves
  </category>
  <size>
   L
  </size>
  <color>
   Синий
  </color>
  <material>
   Полиэстер
  </material>
  <price>
   594892
  </price>
  <rating>
   3.69
  </rating>
  <reviews>
   77531
  </reviews>
  <new>
   +
  </new>
  <sporty>
   no
  </sporty>
 </clothing>
 <clothing>
  <id>
   525396046
  </id>
  <name>
   Nike Socks E-5503
  </name>
  <category>
   Socks
  </category>
  <size>
   S
  </size>
  <color>
   Зеленый
  </color>
  <material>
   Кожа
  </material>
  <price>
   268969
  </price>
  <rating>
   1.86
  </rating>
  <reviews>
   742646
  </reviews>
  <new>
   -
  </new>
  <exclusive>
   yes
  </exclusive>
 </clothing>
 <clothing>
  <id>
   687173867
  </id>
  <name>
   Under Armour Skirt I-4400
  </name>
  <category>
   Skirt
  </category>
  <size>
   M
  </size>
  <color>
   Красный
  </color>
  <material>
   Хлопок
  </material>
  <price>
   703764
  </price>
  <rating>
   3.14
  </rating>
  <reviews>
   465126
  </reviews>
  <new>
   -
  </new>
  <exclusive>
   no
  </exclusive>
  <sporty>
   yes
  </sporty>
 </clothing>
 <clothing>
  <id>
   739622212
  </id>
  <name>
   Puma T-shirt I-2010
  </name>
  <category>
   T-shirt
  </category>
  <size>
   XL
  </size>
  <color>
   Голубой
  </color>
  <material>
   Шерсть
  </material>
  <price>
   203622
  </price>
  <rating>
   3.36
  </rating>
  <reviews>
   739925
  </reviews>
  <new>
   -
  </new>
 </clothing>
 <clothing>
  <id>
   729231465
  </id>
  <name>
   Adidas Umbrellas S-5205
  </name>
  <category>
   Umbrellas
  </category>
  <size>
   XXL
  </size>
  <color>
   Голубой
  </color>
  <material>
   Шерсть
  </material>
  <price>
   852243
  </price>
  <rating>
   4.51
  </rating>
  <reviews>
   569633
  </reviews>
  <new>
   -
  </new>
  <exclusive>
   no
  </exclusive>
  <sporty>
   no
  </sporty>
 </clothing>
 <clothing>
  <id>
   847424631
  </id>
  <name>
   PleinSport Shoes C-8120
  </name>
  <category>
   Shoes
  </category>
  <size>
   M
  </size>
  <color>
   Зеленый
  </color>
  <material>
   Полиэстер
  </material>
  <price>
   842544
  </price>
  <rating>
   2.01
  </rating>
  <reviews>
   337618
  </reviews>
 </clothing>
 <clothing>
  <id>
   984749611
  </id>
  <name>
   Ellesse Pants A-8827
  </name>
  <category>
   Pants
  </category>
  <size>
   S
  </size>
  <color>
   Зеленый
  </color>
  <material>
   Шелк
  </material>
  <price>
   659224
  </price>
  <rating>
   3.47
  </rating>
  <reviews>
   625059
  </reviews>
  <exclusive>
   no
  </exclusive>
  <sporty>
   no
  </sporty>
 </clothing>
</clothing-items>
