<?xml version="1.0" encoding="utf-8"?>
<clothing-items>
 <clothing>
  <id>
   622241238
  </id>
  <name>
   Lacoste Skirt N-7204
  </name>
  <category>
   Skirt
  </category>
  <size>
   S
  </size>
  <color>
   Желтый
  </color>
  <material>
   Полиэстер
  </material>
  <price>
   129535
  </price>
  <rating>
   3.84
  </rating>
  <reviews>
   428464
  </reviews>
  <new>
   -
  </new>
  <sporty>
   no
  </sporty>
 </clothing>
 <clothing>
  <id>
   386067431
  </id>
  <name>
   New Balance Socks S-1316
  </name>
  <category>
   Socks
  </category>
  <size>
   XL
  </size>
  <color>
   Фиолетовый
  </color>
  <material>
   Шелк
  </material>
  <price>
   173355
  </price>
  <rating>
   1.58
  </rating>
  <reviews>
   12338
  </reviews>
  <new>
   -
  </new>
  <exclusive>
   yes
  </exclusive>
  <sporty>
   yes
  </sporty>
 </clothing>
 <clothing>
  <id>
   988683432
  </id>
  <name>
   Puma Dress S-4800
  </name>
  <category>
   Dress
  </category>
  <size>
   XXL
  </size>
  <color>
   Голубой
  </color>
  <material>
   Полиэстер
  </material>
  <price>
   266071
  </price>
  <rating>
   2.35
  </rating>
  <reviews>
   690705
  </reviews>
  <new>
   -
  </new>
  <exclusive>
   yes
  </exclusive>
 </clothing>
 <clothing>
  <id>
   513906409
  </id>
  <name>
   Under Armour Handbags B-6671
  </name>
  <category>
   Handbags
  </category>
  <size>
   XXL
  </size>
  <color>
   Оранжевый
  </color>
  <material>
   Кожа
  </material>
  <price>
   588068
  </price>
  <rating>
   2.18
  </rating>
  <reviews>
   52252
  </reviews>
  <new>
   +
  </new>
  <exclusive>
   yes
  </exclusive>
  <sporty>
   yes
  </sporty>
 </clothing>
 <clothing>
  <id>
   247972163
  </id>
  <name>
   Ellesse T-shirt B-7207
  </name>
  <category>
   T-shirt
  </category>
  <size>
   S
  </size>
  <color>
   Желтый
  </color>
  <material>
   Шелк
  </material>
  <price>
   805842
  </price>
  <rating>
   3.51
  </rating>
  <reviews>
   480900
  </reviews>
  <new>
   -
  </new>
 </clothing>
 <clothing>
  <id>
   577743863
  </id>
  <name>
   Asics Gloves Q-6716
  </name>
  <category>
   Gloves
  </category>
  <size>
   XL
  </size>
  <color>
   Синий
  </color>
  <material>
   Полиэстер
  </material>
  <price>
   100211
  </price>
  <rating>
   1.42
  </rating>
  <reviews>
   605229
  </reviews>
  <new>
   -
  </new>
  <exclusive>
   no
  </exclusive>
 </clothing>
 <clothing>
  <id>
   760885213
  </id>
  <name>
   Ellesse Belts O-7095
  </name>
  <category>
   Belts
  </category>
  <size>
   S
  </size>
  <color>
   Синий
  </color>
  <material>
   Лен
  </material>
  <price>
   724034
  </price>
  <rating>
   3.45
  </rating>
  <reviews>
   503581
  </reviews>
  <new>
   +
  </new>
  <exclusive>
   no
  </exclusive>
  <sporty>
   no
  </sporty>
 </clothing>
 <clothing>
  <id>
   910952440
  </id>
  <name>
   Puma Skirt X-5703
  </name>
  <category>
   Skirt
  </category>
  <size>
   L
  </size>
  <color>
   Желтый
  </color>
  <material>
   Нейлон
  </material>
  <price>
   573200
  </price>
  <rating>
   4.54
  </rating>
  <reviews>
   667635
  </reviews>
  <new>
   -
  </new>
  <sporty>
   no
  </sporty>
 </clothing>
 <clothing>
  <id>
   727778605
  </id>
  <name>
   Reebok Socks B-4492
  </name>
  <category>
   Socks
  </category>
  <size>
   M
  </size>
  <color>
   Желтый
  </color>
  <material>
   Кожа
  </material>
  <price>
   647448
  </price>
  <rating>
   2.19
  </rating>
  <reviews>
   712289
  </reviews>
 </clothing>
 <clothing>
  <id>
   404776607
  </id>
  <name>
   Ellesse Pants I-9183
  </name>
  <category>
   Pants
  </category>
  <size>
   S
  </size>
  <color>
   Фиолетовый
  </color>
  <material>
   Нейлон
  </material>
  <price>
   182843
  </price>
  <rating>
   1.25
  </rating>
  <reviews>
   685820
  </reviews>
  <sporty>
   yes
  </sporty>
 </clothing>
 <clothing>
  <id>
   465160073
  </id>
  <name>
   Converse Pants M-5180
  </name>
  <category>
   Pants
  </category>
  <size>
   XXL
  </size>
  <color>
   Желтый
  </color>
  <material>
   Хлопок
  </material>
  <price>
   801696
  </price>
  <rating>
   2.04
  </rating>
  <reviews>
   995920
  </reviews>
  <new>
   -
  </new>
  <exclusive>
   no
  </exclusive>
  <sporty>
   yes
  </sporty>
 </clothing>
 <clothing>
  <id>
   475090259
  </id>
  <name>
   New Balance T-shirt T-7052
  </name>
  <category>
   T-shirt
  </category>
  <size>
   XL
  </size>
  <color>
   Оранжевый
  </color>
  <material>
   Лен
  </material>
  <price>
   524340
  </price>
  <rating>
   4.73
  </rating>
  <reviews>
   796015
  </reviews>
  <new>
   +
  </new>
  <exclusive>
   yes
  </exclusive>
 </clothing>
 <clothing>
  <id>
   780988301
  </id>
  <name>
   Ellesse Dress F-8306
  </name>
  <category>
   Dress
  </category>
  <size>
   XL
  </size>
  <color>
   Фиолетовый
  </color>
  <material>
   Нейлон
  </material>
  <price>
   194735
  </price>
  <rating>
   4.06
  </rating>
  <reviews>
   322164
  </reviews>
  <new>
   -
  </new>
  <exclusive>
   no
  </exclusive>
  <sporty>
   yes
  </sporty>
 </clothing>
 <clothing>
  <id>
   397164957
  </id>
  <name>
   Asics Dress A-2107
  </name>
  <category>
   Dress
  </category>
  <size>
   M
  </size>
  <color>
   Зеленый
  </color>
  <material>
   Шерсть
  </material>
  <price>
   623000
  </price>
  <rating>
   3.65
  </rating>
  <reviews>
   564078
  </reviews>
  <new>
   -
  </new>
  <sporty>
   no
  </sporty>
 </clothing>
 <clothing>
  <id>
   854027258
  </id>
  <name>
   Nike Socks K-1464
  </name>
  <category>
   Socks
  </category>
  <size>
   S
  </size>
  <color>
   Голубой
  </color>
  <material>
   Нейлон
  </material>
  <price>
   976943
  </price>
  <rating>
   1.54
  </rating>
  <reviews>
   157783
  </reviews>
  <exclusive>
   no
  </exclusive>
  <sporty>
   yes
  </sporty>
 </clothing>
 <clothing>
  <id>
   226668538
  </id>
  <name>
   Addidas T-shirt P-2692
  </name>
  <category>
   T-shirt
  </category>
  <size>
   M
  </size>
  <color>
   Фиолетовый
  </color>
  <material>
   Шерсть
  </material>
  <price>
   655158
  </price>
  <rating>
   1.13
  </rating>
  <reviews>
   230099
  </reviews>
  <new>
   -
  </new>
  <exclusive>
   no
  </exclusive>
  <sporty>
   no
  </sporty>
 </clothing>
 <clothing>
  <id>
   355507275
  </id>
  <name>
   Nike Handbags H-2265
  </name>
  <category>
   Handbags
  </category>
  <size>
   M
  </size>
  <color>
   Красный
  </color>
  <material>
   Хлопок
  </material>
  <price>
   815191
  </price>
  <rating>
   3.82
  </rating>
  <reviews>
   481050
  </reviews>
  <new>
   +
  </new>
  <exclusive>
   yes
  </exclusive>
  <sporty>
   yes
  </sporty>
 </clothing>
 <clothing>
  <id>
   103365101
  </id>
  <name>
   Under Armour Hat G-3606
  </name>
  <category>
   Hat
  </category>
  <size>
   L
  </size>
  <color>
   Оранжевый
  </color>
  <material>
   Кожа
  </material>
  <price>
   107599
  </price>
  <rating>
   2.68
  </rating>
  <reviews>
   848617
  </reviews>
  <new>
   -
  </new>
 </clothing>
 <clothing>
  <id>
   117440750
  </id>
  <name>
   Under Armour Socks S-9017
  </name>
  <category>
   Socks
  </category>
  <size>
   M
  </size>
  <color>
   Голубой
  </color>
  <material>
   Лен
  </material>
  <price>
   465848
  </price>
  <rating>
   3.58
  </rating>
  <reviews>
   13611
  </reviews>
  <exclusive>
   no
  </exclusive>
  <sporty>
   no
  </sporty>
 </clothing>
 <clothing>
  <id>
   170922781
  </id>
  <name>
   Puma Dress S-6808
  </name>
  <category>
   Dress
  </category>
  <size>
   M
  </size>
  <color>
   Оранжевый
  </color>
  <material>
   Кожа
  </material>
  <price>
   499762
  </price>
  <rating>
   1.8
  </rating>
  <reviews>
   4595
  </reviews>
  <exclusive>
   no
  </exclusive>
  <sporty>
   yes
  </sporty>
 </clothing>
</clothing-items>
