<?xml version="1.0" encoding="utf-8"?>
<clothing-items>
 <clothing>
  <id>
   855131260
  </id>
  <name>
   Asics Handbags N-5740
  </name>
  <category>
   Handbags
  </category>
  <size>
   M
  </size>
  <color>
   Желтый
  </color>
  <material>
   Хлопок
  </material>
  <price>
   123345
  </price>
  <rating>
   4.84
  </rating>
  <reviews>
   949259
  </reviews>
  <new>
   +
  </new>
  <exclusive>
   no
  </exclusive>
 </clothing>
 <clothing>
  <id>
   757040131
  </id>
  <name>
   PleinSport Handbags D-7294
  </name>
  <category>
   Handbags
  </category>
  <size>
   L
  </size>
  <color>
   Голубой
  </color>
  <material>
   Лен
  </material>
  <price>
   337410
  </price>
  <rating>
   2.92
  </rating>
  <reviews>
   294222
  </reviews>
  <new>
   -
  </new>
  <exclusive>
   no
  </exclusive>
  <sporty>
   yes
  </sporty>
 </clothing>
 <clothing>
  <id>
   982049403
  </id>
  <name>
   Converse Umbrellas Q-3173
  </name>
  <category>
   Umbrellas
  </category>
  <size>
   M
  </size>
  <color>
   Синий
  </color>
  <material>
   Лен
  </material>
  <price>
   560540
  </price>
  <rating>
   1.56
  </rating>
  <reviews>
   45567
  </reviews>
  <sporty>
   yes
  </sporty>
 </clothing>
 <clothing>
  <id>
   111489424
  </id>
  <name>
   Addidas Pants P-2462
  </name>
  <category>
   Pants
  </category>
  <size>
   XXL
  </size>
  <color>
   Голубой
  </color>
  <material>
   Вискоза
  </material>
  <price>
   312624
  </price>
  <rating>
   3.66
  </rating>
  <reviews>
   245549
  </reviews>
  <new>
   -
  </new>
  <exclusive>
   yes
  </exclusive>
 </clothing>
 <clothing>
  <id>
   918529361
  </id>
  <name>
   Vans Blouse Y-1089
  </name>
  <category>
   Blouse
  </category>
  <size>
   M
  </size>
  <color>
   Оранжевый
  </color>
  <material>
   Кожа
  </material>
  <price>
   629382
  </price>
  <rating>
   3.2
  </rating>
  <reviews>
   302169
  </reviews>
  <new>
   -
  </new>
  <exclusive>
   no
  </exclusive>
  <sporty>
   no
  </sporty>
 </clothing>
 <clothing>
  <id>
   283320232
  </id>
  <name>
   Fila Pants T-5629
  </name>
  <category>
   Pants
  </category>
  <size>
   S
  </size>
  <color>
   Фиолетовый
  </color>
  <material>
   Хлопок
  </material>
  <price>
   770785
  </price>
  <rating>
   1.83
  </rating>
  <reviews>
   927024
  </reviews>
  <sporty>
   yes
  </sporty>
 </clothing>
 <clothing>
  <id>
   268255202
  </id>
  <name>
   Reebok Jacket P-3355
  </name>
  <category>
   Jacket
  </category>
  <size>
   M
  </size>
  <color>
   Зеленый
  </color>
  <material>
   Шерсть
  </material>
  <price>
   334355
  </price>
  <rating>
   3.32
  </rating>
  <reviews>
   345221
  </reviews>
  <exclusive>
   yes
  </exclusive>
  <sporty>
   yes
  </sporty>
 </clothing>
 <clothing>
  <id>
   180785949
  </id>
  <name>
   Fila Jacket J-1147
  </name>
  <category>
   Jacket
  </category>
  <size>
   XXL
  </size>
  <color>
   Красный
  </color>
  <material>
   Шелк
  </material>
  <price>
   414611
  </price>
  <rating>
   3.39
  </rating>
  <reviews>
   719093
  </reviews>
  <new>
   -
  </new>
 </clothing>
 <clothing>
  <id>
   691623266
  </id>
  <name>
   Reebok Skirt N-9368
  </name>
  <category>
   Skirt
  </category>
  <size>
   L
  </size>
  <color>
   Фиолетовый
  </color>
  <material>
   Полиэстер
  </material>
  <price>
   504839
  </price>
  <rating>
   4.66
  </rating>
  <reviews>
   837372
  </reviews>
  <new>
   +
  </new>
  <exclusive>
   no
  </exclusive>
 </clothing>
 <clothing>
  <id>
   983243186
  </id>
  <name>
   Addidas Blouse J-1631
  </name>
  <category>
   Blouse
  </category>
  <size>
   L
  </size>
  <color>
   Зеленый
  </color>
  <material>
   Вискоза
  </material>
  <price>
   271342
  </price>
  <rating>
   4.86
  </rating>
  <reviews>
   997745
  </reviews>
  <exclusive>
   yes
  </exclusive>
  <sporty>
   no
  </sporty>
 </clothing>
 <clothing>
  <id>
   230007771
  </id>
  <name>
   DC Dress U-8452
  </name>
  <category>
   Dress
  </category>
  <size>
   M
  </size>
  <color>
   Фиолетовый
  </color>
  <material>
   Шелк
  </material>
  <price>
   558313
  </price>
  <rating>
   3.34
  </rating>
  <reviews>
   304022
  </reviews>
  <exclusive>
   no
  </exclusive>
  <sporty>
   yes
  </sporty>
 </clothing>
 <clothing>
  <id>
   541496407
  </id>
  <name>
   DC Umbrellas A-3144
  </name>
  <category>
   Umbrellas
  </category>
  <size>
   S
  </size>
  <color>
   Оранжевый
  </color>
  <material>
   Лен
  </material>
  <price>
   804697
  </price>
  <rating>
   4.54
  </rating>
  <reviews>
   162806
  </reviews>
  <new>
   -
  </new>
  <exclusive>
   no
  </exclusive>
  <sporty>
   no
  </sporty>
 </clothing>
 <clothing>
  <id>
   177830648
  </id>
  <name>
   New Balance Sweater G-4805
  </name>
  <category>
   Sweater
  </category>
  <size>
   XL
  </size>
  <color>
   Синий
  </color>
  <material>
   Нейлон
  </material>
  <price>
   571480
  </price>
  <rating>
   3.71
  </rating>
  <reviews>
   752639
  </reviews>
  <new>
   -
  </new>
  <sporty>
   no
  </sporty>
 </clothing>
 <clothing>
  <id>
   240678353
  </id>
  <name>
   Lacoste Hat W-8552
  </name>
  <category>
   Hat
  </category>
  <size>
   XL
  </size>
  <color>
   Синий
  </color>
  <material>
   Полиэстер
  </material>
  <price>
   428804
  </price>
  <rating>
   1.58
  </rating>
  <reviews>
   733884
  </reviews>
  <exclusive>
   no
  </exclusive>
 </clothing>
 <clothing>
  <id>
   276469011
  </id>
  <name>
   Under Armour Pants M-8826
  </name>
  <category>
   Pants
  </category>
  <size>
   M
  </size>
  <color>
   Оранжевый
  </color>
  <material>
   Лен
  </material>
  <price>
   526273
  </price>
  <rating>
   2.37
  </rating>
  <reviews>
   627175
  </reviews>
  <exclusive>
   no
  </exclusive>
  <sporty>
   no
  </sporty>
 </clothing>
 <clothing>
  <id>
   261682239
  </id>
  <name>
   Brooks Gloves P-8426
  </name>
  <category>
   Gloves
  </category>
  <size>
   S
  </size>
  <color>
   Синий
  </color>
  <material>
   Полиэстер
  </material>
  <price>
   969161
  </price>
  <rating>
   4.63
  </rating>
  <reviews>
   465969
  </reviews>
  <exclusive>
   yes
  </exclusive>
  <sporty>
   yes
  </sporty>
 </clothing>
 <clothing>
  <id>
   407413538
  </id>
  <name>
   Ellesse Shoes X-8601
  </name>
  <category>
   Shoes
  </category>
  <size>
   L
  </size>
  <color>
   Оранжевый
  </color>
  <material>
   Кожа
  </material>
  <price>
   205095
  </price>
  <rating>
   1.95
  </rating>
  <reviews>
   824758
  </reviews>
  <exclusive>
   no
  </exclusive>
  <sporty>
   yes
  </sporty>
 </clothing>
 <clothing>
  <id>
   374554293
  </id>
  <name>
   New Balance Skirt L-8508
  </name>
  <category>
   Skirt
  </category>
  <size>
   XL
  </size>
  <color>
   Голубой
  </color>
  <material>
   Кожа
  </material>
  <price>
   358944
  </price>
  <rating>
   3.33
  </rating>
  <reviews>
   134550
  </reviews>
  <new>
   -
  </new>
  <exclusive>
   no
  </exclusive>
 </clothing>
 <clothing>
  <id>
   347035243
  </id>
  <name>
   Lacoste Hat A-9981
  </name>
  <category>
   Hat
  </category>
  <size>
   XXL
  </size>
  <color>
   Голубой
  </color>
  <material>
   Шелк
  </material>
  <price>
   149757
  </price>
  <rating>
   1.51
  </rating>
  <reviews>
   310228
  </reviews>
  <new>
   +
  </new>
  <exclusive>
   yes
  </exclusive>
  <sporty>
   yes
  </sporty>
 </clothing>
 <clothing>
  <id>
   892904225
  </id>
  <name>
   Under Armour Skirt I-6688
  </name>
  <category>
   Skirt
  </category>
  <size>
   S
  </size>
  <color>
   Фиолетовый
  </color>
  <material>
   Шерсть
  </material>
  <price>
   346546
  </price>
  <rating>
   2.71
  </rating>
  <reviews>
   586142
  </reviews>
  <exclusive>
   no
  </exclusive>
 </clothing>
 <clothing>
  <id>
   870153622
  </id>
  <name>
   Under Armour Sweater Q-5026
  </name>
  <category>
   Sweater
  </category>
  <size>
   XXL
  </size>
  <color>
   Желтый
  </color>
  <material>
   Вискоза
  </material>
  <price>
   312992
  </price>
  <rating>
   1.8
  </rating>
  <reviews>
   31257
  </reviews>
  <new>
   +
  </new>
  <exclusive>
   no
  </exclusive>
 </clothing>
 <clothing>
  <id>
   823431922
  </id>
  <name>
   Fila Sweater X-7083
  </name>
  <category>
   Sweater
  </category>
  <size>
   XL
  </size>
  <color>
   Фиолетовый
  </color>
  <material>
   Лен
  </material>
  <price>
   667349
  </price>
  <rating>
   4.39
  </rating>
  <reviews>
   631797
  </reviews>
  <exclusive>
   no
  </exclusive>
 </clothing>
 <clothing>
  <id>
   967789297
  </id>
  <name>
   Reebok Socks B-7885
  </name>
  <category>
   Socks
  </category>
  <size>
   S
  </size>
  <color>
   Синий
  </color>
  <material>
   Нейлон
  </material>
  <price>
   405575
  </price>
  <rating>
   4.88
  </rating>
  <reviews>
   644994
  </reviews>
  <exclusive>
   no
  </exclusive>
  <sporty>
   no
  </sporty>
 </clothing>
 <clothing>
  <id>
   863007363
  </id>
  <name>
   PleinSport Umbrellas V-7001
  </name>
  <category>
   Umbrellas
  </category>
  <size>
   S
  </size>
  <color>
   Зеленый
  </color>
  <material>
   Шерсть
  </material>
  <price>
   744623
  </price>
  <rating>
   2.71
  </rating>
  <reviews>
   11775
  </reviews>
  <new>
   -
  </new>
  <sporty>
   yes
  </sporty>
 </clothing>
 <clothing>
  <id>
   505769718
  </id>
  <name>
   Addidas Gloves D-7290
  </name>
  <category>
   Gloves
  </category>
  <size>
   M
  </size>
  <color>
   Красный
  </color>
  <material>
   Кожа
  </material>
  <price>
   907727
  </price>
  <rating>
   4.47
  </rating>
  <reviews>
   652114
  </reviews>
  <new>
   +
  </new>
  <exclusive>
   no
  </exclusive>
 </clothing>
 <clothing>
  <id>
   562866715
  </id>
  <name>
   Converse Shirt M-9050
  </name>
  <category>
   Shirt
  </category>
  <size>
   M
  </size>
  <color>
   Голубой
  </color>
  <material>
   Лен
  </material>
  <price>
   376481
  </price>
  <rating>
   1.8
  </rating>
  <reviews>
   526928
  </reviews>
  <exclusive>
   no
  </exclusive>
  <sporty>
   yes
  </sporty>
 </clothing>
 <clothing>
  <id>
   681049875
  </id>
  <name>
   Adidas Sweater I-6057
  </name>
  <category>
   Sweater
  </category>
  <size>
   L
  </size>
  <color>
   Голубой
  </color>
  <material>
   Вискоза
  </material>
  <price>
   605910
  </price>
  <rating>
   4.07
  </rating>
  <reviews>
   538403
  </reviews>
  <new>
   +
  </new>
 </clothing>
 <clothing>
  <id>
   653028329
  </id>
  <name>
   Adidas Umbrellas J-9214
  </name>
  <category>
   Umbrellas
  </category>
  <size>
   XXL
  </size>
  <color>
   Оранжевый
  </color>
  <material>
   Полиэстер
  </material>
  <price>
   764773
  </price>
  <rating>
   1.52
  </rating>
  <reviews>
   917354
  </reviews>
  <new>
   -
  </new>
  <exclusive>
   yes
  </exclusive>
  <sporty>
   yes
  </sporty>
 </clothing>
 <clothing>
  <id>
   185925453
  </id>
  <name>
   PleinSport Shoes N-8797
  </name>
  <category>
   Shoes
  </category>
  <size>
   XXL
  </size>
  <color>
   Голубой
  </color>
  <material>
   Шелк
  </material>
  <price>
   152899
  </price>
  <rating>
   1.35
  </rating>
  <reviews>
   622396
  </reviews>
 </clothing>
 <clothing>
  <id>
   962651239
  </id>
  <name>
   Ellesse Jacket M-1963
  </name>
  <category>
   Jacket
  </category>
  <size>
   XL
  </size>
  <color>
   Желтый
  </color>
  <material>
   Шелк
  </material>
  <price>
   503299
  </price>
  <rating>
   4.06
  </rating>
  <reviews>
   557554
  </reviews>
  <exclusive>
   no
  </exclusive>
 </clothing>
 <clothing>
  <id>
   946739461
  </id>
  <name>
   Converse T-shirt P-5765
  </name>
  <category>
   T-shirt
  </category>
  <size>
   S
  </size>
  <color>
   Синий
  </color>
  <material>
   Лен
  </material>
  <price>
   228077
  </price>
  <rating>
   2.04
  </rating>
  <reviews>
   397596
  </reviews>
  <exclusive>
   yes
  </exclusive>
  <sporty>
   yes
  </sporty>
 </clothing>
 <clothing>
  <id>
   436293836
  </id>
  <name>
   Converse Shirt R-2719
  </name>
  <category>
   Shirt
  </category>
  <size>
   XXL
  </size>
  <color>
   Фиолетовый
  </color>
  <material>
   Шерсть
  </material>
  <price>
   327992
  </price>
  <rating>
   2.84
  </rating>
  <reviews>
   526843
  </reviews>
  <new>
   +
  </new>
  <sporty>
   no
  </sporty>
 </clothing>
 <clothing>
  <id>
   330543893
  </id>
  <name>
   Reebok Dress E-4064
  </name>
  <category>
   Dress
  </category>
  <size>
   XXL
  </size>
  <color>
   Голубой
  </color>
  <material>
   Кожа
  </material>
  <price>
   415085
  </price>
  <rating>
   4.12
  </rating>
  <reviews>
   539476
  </reviews>
  <new>
   +
  </new>
  <sporty>
   yes
  </sporty>
 </clothing>
 <clothing>
  <id>
   523909037
  </id>
  <name>
   Lacoste Hat K-8434
  </name>
  <category>
   Hat
  </category>
  <size>
   XL
  </size>
  <color>
   Красный
  </color>
  <material>
   Хлопок
  </material>
  <price>
   111594
  </price>
  <rating>
   1.5
  </rating>
  <reviews>
   452536
  </reviews>
  <new>
   -
  </new>
  <exclusive>
   no
  </exclusive>
 </clothing>
</clothing-items>
