<?xml version="1.0" encoding="utf-8"?>
<clothing-items>
 <clothing>
  <id>
   873372248
  </id>
  <name>
   Adidas Socks K-1011
  </name>
  <category>
   Socks
  </category>
  <size>
   XXL
  </size>
  <color>
   Голубой
  </color>
  <material>
   Полиэстер
  </material>
  <price>
   684742
  </price>
  <rating>
   1.18
  </rating>
  <reviews>
   269857
  </reviews>
  <new>
   +
  </new>
  <exclusive>
   no
  </exclusive>
  <sporty>
   no
  </sporty>
 </clothing>
 <clothing>
  <id>
   807620285
  </id>
  <name>
   Nike Jeans X-9820
  </name>
  <category>
   Jeans
  </category>
  <size>
   XXL
  </size>
  <color>
   Фиолетовый
  </color>
  <material>
   Нейлон
  </material>
  <price>
   133336
  </price>
  <rating>
   2.94
  </rating>
  <reviews>
   449588
  </reviews>
  <new>
   +
  </new>
 </clothing>
 <clothing>
  <id>
   921028660
  </id>
  <name>
   Lacoste T-shirt Q-7948
  </name>
  <category>
   T-shirt
  </category>
  <size>
   XXL
  </size>
  <color>
   Голубой
  </color>
  <material>
   Шерсть
  </material>
  <price>
   906082
  </price>
  <rating>
   1.96
  </rating>
  <reviews>
   77719
  </reviews>
  <exclusive>
   yes
  </exclusive>
 </clothing>
 <clothing>
  <id>
   170487911
  </id>
  <name>
   Adidas T-shirt V-1280
  </name>
  <category>
   T-shirt
  </category>
  <size>
   S
  </size>
  <color>
   Голубой
  </color>
  <material>
   Шерсть
  </material>
  <price>
   944270
  </price>
  <rating>
   1.27
  </rating>
  <reviews>
   135515
  </reviews>
  <new>
   +
  </new>
  <exclusive>
   no
  </exclusive>
 </clothing>
 <clothing>
  <id>
   589264088
  </id>
  <name>
   Addidas Blouse A-7773
  </name>
  <category>
   Blouse
  </category>
  <size>
   XXL
  </size>
  <color>
   Голубой
  </color>
  <material>
   Полиэстер
  </material>
  <price>
   441854
  </price>
  <rating>
   4.04
  </rating>
  <reviews>
   398117
  </reviews>
  <new>
   +
  </new>
  <sporty>
   no
  </sporty>
 </clothing>
 <clothing>
  <id>
   113993866
  </id>
  <name>
   Converse Skirt C-2791
  </name>
  <category>
   Skirt
  </category>
  <size>
   S
  </size>
  <color>
   Фиолетовый
  </color>
  <material>
   Шерсть
  </material>
  <price>
   145160
  </price>
  <rating>
   1.77
  </rating>
  <reviews>
   787813
  </reviews>
  <sporty>
   no
  </sporty>
 </clothing>
 <clothing>
  <id>
   399432261
  </id>
  <name>
   Lacoste Sweater A-4073
  </name>
  <category>
   Sweater
  </category>
  <size>
   XL
  </size>
  <color>
   Зеленый
  </color>
  <material>
   Хлопок
  </material>
  <price>
   763751
  </price>
  <rating>
   3.35
  </rating>
  <reviews>
   985756
  </reviews>
  <exclusive>
   no
  </exclusive>
 </clothing>
 <clothing>
  <id>
   133472277
  </id>
  <name>
   Reebok Gloves C-8450
  </name>
  <category>
   Gloves
  </category>
  <size>
   XL
  </size>
  <color>
   Оранжевый
  </color>
  <material>
   Шерсть
  </material>
  <price>
   948271
  </price>
  <rating>
   1.22
  </rating>
  <reviews>
   249688
  </reviews>
  <exclusive>
   no
  </exclusive>
 </clothing>
 <clothing>
  <id>
   563148211
  </id>
  <name>
   Nike Jeans G-6249
  </name>
  <category>
   Jeans
  </category>
  <size>
   XXL
  </size>
  <color>
   Голубой
  </color>
  <material>
   Полиэстер
  </material>
  <price>
   986736
  </price>
  <rating>
   2.57
  </rating>
  <reviews>
   101230
  </reviews>
  <exclusive>
   yes
  </exclusive>
  <sporty>
   yes
  </sporty>
 </clothing>
 <clothing>
  <id>
   315483627
  </id>
  <name>
   Addidas T-shirt Y-3211
  </name>
  <category>
   T-shirt
  </category>
  <size>
   XXL
  </size>
  <color>
   Голубой
  </color>
  <material>
   Хлопок
  </material>
  <price>
   488869
  </price>
  <rating>
   1.4
  </rating>
  <reviews>
   49155
  </reviews>
  <sporty>
   yes
  </sporty>
 </clothing>
 <clothing>
  <id>
   425530351
  </id>
  <name>
   Converse Gloves S-3910
  </name>
  <category>
   Gloves
  </category>
  <size>
   XL
  </size>
  <color>
   Голубой
  </color>
  <material>
   Кожа
  </material>
  <price>
   136669
  </price>
  <rating>
   2.72
  </rating>
  <reviews>
   450954
  </reviews>
  <new>
   +
  </new>
  <exclusive>
   no
  </exclusive>
  <sporty>
   no
  </sporty>
 </clothing>
 <clothing>
  <id>
   715191666
  </id>
  <name>
   Addidas Blouse W-1714
  </name>
  <category>
   Blouse
  </category>
  <size>
   S
  </size>
  <color>
   Зеленый
  </color>
  <material>
   Кожа
  </material>
  <price>
   775371
  </price>
  <rating>
   4.75
  </rating>
  <reviews>
   322838
  </reviews>
  <new>
   -
  </new>
  <exclusive>
   yes
  </exclusive>
  <sporty>
   no
  </sporty>
 </clothing>
 <clothing>
  <id>
   683686610
  </id>
  <name>
   Asics Jacket Y-5666
  </name>
  <category>
   Jacket
  </category>
  <size>
   XXL
  </size>
  <color>
   Фиолетовый
  </color>
  <material>
   Нейлон
  </material>
  <price>
   915654
  </price>
  <rating>
   2.87
  </rating>
  <reviews>
   540505
  </reviews>
  <new>
   -
  </new>
  <exclusive>
   no
  </exclusive>
 </clothing>
 <clothing>
  <id>
   828880862
  </id>
  <name>
   Addidas Blouse D-4328
  </name>
  <category>
   Blouse
  </category>
  <size>
   S
  </size>
  <color>
   Оранжевый
  </color>
  <material>
   Полиэстер
  </material>
  <price>
   840453
  </price>
  <rating>
   1.57
  </rating>
  <reviews>
   871861
  </reviews>
  <new>
   -
  </new>
  <exclusive>
   no
  </exclusive>
 </clothing>
 <clothing>
  <id>
   642377508
  </id>
  <name>
   Lacoste Jeans F-1723
  </name>
  <category>
   Jeans
  </category>
  <size>
   L
  </size>
  <color>
   Желтый
  </color>
  <material>
   Полиэстер
  </material>
  <price>
   602692
  </price>
  <rating>
   3.11
  </rating>
  <reviews>
   332746
  </reviews>
  <sporty>
   no
  </sporty>
 </clothing>
 <clothing>
  <id>
   898594636
  </id>
  <name>
   Adidas Skirt B-2429
  </name>
  <category>
   Skirt
  </category>
  <size>
   S
  </size>
  <color>
   Фиолетовый
  </color>
  <material>
   Вискоза
  </material>
  <price>
   285873
  </price>
  <rating>
   1.91
  </rating>
  <reviews>
   237206
  </reviews>
  <new>
   +
  </new>
  <exclusive>
   no
  </exclusive>
 </clothing>
 <clothing>
  <id>
   877899011
  </id>
  <name>
   Converse Umbrellas B-2072
  </name>
  <category>
   Umbrellas
  </category>
  <size>
   M
  </size>
  <color>
   Зеленый
  </color>
  <material>
   Лен
  </material>
  <price>
   254927
  </price>
  <rating>
   3.37
  </rating>
  <reviews>
   784127
  </reviews>
  <new>
   +
  </new>
  <exclusive>
   no
  </exclusive>
 </clothing>
 <clothing>
  <id>
   531766130
  </id>
  <name>
   PleinSport Blouse C-4839
  </name>
  <category>
   Blouse
  </category>
  <size>
   S
  </size>
  <color>
   Желтый
  </color>
  <material>
   Вискоза
  </material>
  <price>
   286001
  </price>
  <rating>
   1.73
  </rating>
  <reviews>
   593662
  </reviews>
  <new>
   -
  </new>
  <sporty>
   no
  </sporty>
 </clothing>
 <clothing>
  <id>
   475805678
  </id>
  <name>
   Nike Gloves G-9053
  </name>
  <category>
   Gloves
  </category>
  <size>
   XL
  </size>
  <color>
   Оранжевый
  </color>
  <material>
   Шелк
  </material>
  <price>
   784402
  </price>
  <rating>
   3.69
  </rating>
  <reviews>
   396376
  </reviews>
  <new>
   +
  </new>
  <sporty>
   yes
  </sporty>
 </clothing>
 <clothing>
  <id>
   920993818
  </id>
  <name>
   DC T-shirt U-7084
  </name>
  <category>
   T-shirt
  </category>
  <size>
   XL
  </size>
  <color>
   Синий
  </color>
  <material>
   Нейлон
  </material>
  <price>
   754531
  </price>
  <rating>
   3.48
  </rating>
  <reviews>
   964501
  </reviews>
  <sporty>
   no
  </sporty>
 </clothing>
 <clothing>
  <id>
   301837527
  </id>
  <name>
   Reebok Sweater F-8325
  </name>
  <category>
   Sweater
  </category>
  <size>
   L
  </size>
  <color>
   Голубой
  </color>
  <material>
   Шерсть
  </material>
  <price>
   704320
  </price>
  <rating>
   3.87
  </rating>
  <reviews>
   610534
  </reviews>
  <new>
   -
  </new>
  <exclusive>
   yes
  </exclusive>
  <sporty>
   no
  </sporty>
 </clothing>
 <clothing>
  <id>
   777379263
  </id>
  <name>
   Puma T-shirt M-5249
  </name>
  <category>
   T-shirt
  </category>
  <size>
   M
  </size>
  <color>
   Фиолетовый
  </color>
  <material>
   Кожа
  </material>
  <price>
   681744
  </price>
  <rating>
   4.74
  </rating>
  <reviews>
   54773
  </reviews>
  <exclusive>
   no
  </exclusive>
  <sporty>
   yes
  </sporty>
 </clothing>
 <clothing>
  <id>
   719858524
  </id>
  <name>
   Lacoste Socks C-9682
  </name>
  <category>
   Socks
  </category>
  <size>
   L
  </size>
  <color>
   Синий
  </color>
  <material>
   Шелк
  </material>
  <price>
   810201
  </price>
  <rating>
   4.06
  </rating>
  <reviews>
   815440
  </reviews>
  <exclusive>
   no
  </exclusive>
  <sporty>
   yes
  </sporty>
 </clothing>
 <clothing>
  <id>
   590981920
  </id>
  <name>
   DC Pants G-6889
  </name>
  <category>
   Pants
  </category>
  <size>
   S
  </size>
  <color>
   Оранжевый
  </color>
  <material>
   Вискоза
  </material>
  <price>
   104376
  </price>
  <rating>
   2.1
  </rating>
  <reviews>
   967449
  </reviews>
  <new>
   -
  </new>
  <sporty>
   yes
  </sporty>
 </clothing>
 <clothing>
  <id>
   772140375
  </id>
  <name>
   DC Jeans M-4964
  </name>
  <category>
   Jeans
  </category>
  <size>
   XXL
  </size>
  <color>
   Желтый
  </color>
  <material>
   Хлопок
  </material>
  <price>
   983982
  </price>
  <rating>
   4.29
  </rating>
  <reviews>
   95580
  </reviews>
  <exclusive>
   no
  </exclusive>
  <sporty>
   no
  </sporty>
 </clothing>
 <clothing>
  <id>
   668434603
  </id>
  <name>
   Lacoste Jeans T-1410
  </name>
  <category>
   Jeans
  </category>
  <size>
   XL
  </size>
  <color>
   Зеленый
  </color>
  <material>
   Шелк
  </material>
  <price>
   964917
  </price>
  <rating>
   3.07
  </rating>
  <reviews>
   991401
  </reviews>
  <exclusive>
   no
  </exclusive>
 </clothing>
 <clothing>
  <id>
   266770177
  </id>
  <name>
   Vans Jacket K-9662
  </name>
  <category>
   Jacket
  </category>
  <size>
   L
  </size>
  <color>
   Красный
  </color>
  <material>
   Кожа
  </material>
  <price>
   450370
  </price>
  <rating>
   3.51
  </rating>
  <reviews>
   846883
  </reviews>
  <new>
   +
  </new>
  <sporty>
   no
  </sporty>
 </clothing>
 <clothing>
  <id>
   825712671
  </id>
  <name>
   New Balance Dress V-1572
  </name>
  <category>
   Dress
  </category>
  <size>
   XXL
  </size>
  <color>
   Красный
  </color>
  <material>
   Кожа
  </material>
  <price>
   624718
  </price>
  <rating>
   4.48
  </rating>
  <reviews>
   977579
  </reviews>
  <exclusive>
   no
  </exclusive>
  <sporty>
   yes
  </sporty>
 </clothing>
 <clothing>
  <id>
   786837997
  </id>
  <name>
   Nike T-shirt P-4891
  </name>
  <category>
   T-shirt
  </category>
  <size>
   L
  </size>
  <color>
   Синий
  </color>
  <material>
   Нейлон
  </material>
  <price>
   156456
  </price>
  <rating>
   3.91
  </rating>
  <reviews>
   375548
  </reviews>
 </clothing>
 <clothing>
  <id>
   168739325
  </id>
  <name>
   Nike Dress W-5053
  </name>
  <category>
   Dress
  </category>
  <size>
   XXL
  </size>
  <color>
   Голубой
  </color>
  <material>
   Шерсть
  </material>
  <price>
   668199
  </price>
  <rating>
   2.9
  </rating>
  <reviews>
   523889
  </reviews>
  <new>
   +
  </new>
  <exclusive>
   no
  </exclusive>
  <sporty>
   no
  </sporty>
 </clothing>
 <clothing>
  <id>
   815307284
  </id>
  <name>
   Vans Jeans H-6826
  </name>
  <category>
   Jeans
  </category>
  <size>
   XXL
  </size>
  <color>
   Красный
  </color>
  <material>
   Нейлон
  </material>
  <price>
   790328
  </price>
  <rating>
   2.6
  </rating>
  <reviews>
   518353
  </reviews>
  <new>
   -
  </new>
  <exclusive>
   no
  </exclusive>
  <sporty>
   yes
  </sporty>
 </clothing>
 <clothing>
  <id>
   608057497
  </id>
  <name>
   Lacoste T-shirt M-6567
  </name>
  <category>
   T-shirt
  </category>
  <size>
   L
  </size>
  <color>
   Фиолетовый
  </color>
  <material>
   Шелк
  </material>
  <price>
   147509
  </price>
  <rating>
   1.55
  </rating>
  <reviews>
   20407
  </reviews>
  <new>
   -
  </new>
  <exclusive>
   no
  </exclusive>
 </clothing>
 <clothing>
  <id>
   272876823
  </id>
  <name>
   Nike Jeans Q-5615
  </name>
  <category>
   Jeans
  </category>
  <size>
   S
  </size>
  <color>
   Красный
  </color>
  <material>
   Вискоза
  </material>
  <price>
   896537
  </price>
  <rating>
   2.77
  </rating>
  <reviews>
   445272
  </reviews>
  <new>
   +
  </new>
  <exclusive>
   no
  </exclusive>
 </clothing>
 <clothing>
  <id>
   357441553
  </id>
  <name>
   Vans Shoes A-7648
  </name>
  <category>
   Shoes
  </category>
  <size>
   XL
  </size>
  <color>
   Красный
  </color>
  <material>
   Шерсть
  </material>
  <price>
   566564
  </price>
  <rating>
   1.29
  </rating>
  <reviews>
   623247
  </reviews>
  <exclusive>
   no
  </exclusive>
  <sporty>
   yes
  </sporty>
 </clothing>
 <clothing>
  <id>
   838825427
  </id>
  <name>
   Brooks Shoes O-4268
  </name>
  <category>
   Shoes
  </category>
  <size>
   L
  </size>
  <color>
   Красный
  </color>
  <material>
   Полиэстер
  </material>
  <price>
   966618
  </price>
  <rating>
   4.47
  </rating>
  <reviews>
   408954
  </reviews>
  <new>
   -
  </new>
  <exclusive>
   yes
  </exclusive>
  <sporty>
   no
  </sporty>
 </clothing>
 <clothing>
  <id>
   120208039
  </id>
  <name>
   Asics Blouse D-4993
  </name>
  <category>
   Blouse
  </category>
  <size>
   S
  </size>
  <color>
   Фиолетовый
  </color>
  <material>
   Нейлон
  </material>
  <price>
   165988
  </price>
  <rating>
   3.79
  </rating>
  <reviews>
   882992
  </reviews>
  <new>
   +
  </new>
  <exclusive>
   no
  </exclusive>
  <sporty>
   yes
  </sporty>
 </clothing>
 <clothing>
  <id>
   383705311
  </id>
  <name>
   Puma Dress E-7520
  </name>
  <category>
   Dress
  </category>
  <size>
   XL
  </size>
  <color>
   Голубой
  </color>
  <material>
   Вискоза
  </material>
  <price>
   810049
  </price>
  <rating>
   2.44
  </rating>
  <reviews>
   583078
  </reviews>
  <new>
   -
  </new>
  <exclusive>
   yes
  </exclusive>
  <sporty>
   no
  </sporty>
 </clothing>
 <clothing>
  <id>
   193962114
  </id>
  <name>
   Ellesse Jacket P-4992
  </name>
  <category>
   Jacket
  </category>
  <size>
   XL
  </size>
  <color>
   Зеленый
  </color>
  <material>
   Лен
  </material>
  <price>
   806857
  </price>
  <rating>
   1.41
  </rating>
  <reviews>
   714522
  </reviews>
  <sporty>
   yes
  </sporty>
 </clothing>
 <clothing>
  <id>
   704162387
  </id>
  <name>
   Adidas Dress W-6670
  </name>
  <category>
   Dress
  </category>
  <size>
   L
  </size>
  <color>
   Голубой
  </color>
  <material>
   Хлопок
  </material>
  <price>
   246862
  </price>
  <rating>
   1.3
  </rating>
  <reviews>
   959737
  </reviews>
  <new>
   +
  </new>
  <exclusive>
   no
  </exclusive>
  <sporty>
   no
  </sporty>
 </clothing>
 <clothing>
  <id>
   420980660
  </id>
  <name>
   Brooks Belts R-1108
  </name>
  <category>
   Belts
  </category>
  <size>
   XXL
  </size>
  <color>
   Красный
  </color>
  <material>
   Шелк
  </material>
  <price>
   998638
  </price>
  <rating>
   4.17
  </rating>
  <reviews>
   246962
  </reviews>
  <exclusive>
   no
  </exclusive>
 </clothing>
 <clothing>
  <id>
   697909790
  </id>
  <name>
   PleinSport Belts K-6777
  </name>
  <category>
   Belts
  </category>
  <size>
   XL
  </size>
  <color>
   Желтый
  </color>
  <material>
   Шерсть
  </material>
  <price>
   984312
  </price>
  <rating>
   3.5
  </rating>
  <reviews>
   614746
  </reviews>
  <new>
   -
  </new>
  <sporty>
   yes
  </sporty>
 </clothing>
 <clothing>
  <id>
   544735900
  </id>
  <name>
   Adidas Blouse D-3816
  </name>
  <category>
   Blouse
  </category>
  <size>
   XXL
  </size>
  <color>
   Красный
  </color>
  <material>
   Лен
  </material>
  <price>
   273495
  </price>
  <rating>
   1.47
  </rating>
  <reviews>
   77054
  </reviews>
  <new>
   -
  </new>
  <exclusive>
   no
  </exclusive>
 </clothing>
 <clothing>
  <id>
   956426654
  </id>
  <name>
   Ellesse Sweater M-2161
  </name>
  <category>
   Sweater
  </category>
  <size>
   XXL
  </size>
  <color>
   Красный
  </color>
  <material>
   Хлопок
  </material>
  <price>
   445467
  </price>
  <rating>
   3.11
  </rating>
  <reviews>
   71625
  </reviews>
  <new>
   +
  </new>
  <exclusive>
   no
  </exclusive>
 </clothing>
 <clothing>
  <id>
   317560364
  </id>
  <name>
   Adidas Dress Q-6186
  </name>
  <category>
   Dress
  </category>
  <size>
   XL
  </size>
  <color>
   Красный
  </color>
  <material>
   Полиэстер
  </material>
  <price>
   831049
  </price>
  <rating>
   2.56
  </rating>
  <reviews>
   241683
  </reviews>
  <exclusive>
   yes
  </exclusive>
  <sporty>
   yes
  </sporty>
 </clothing>
 <clothing>
  <id>
   129928898
  </id>
  <name>
   Reebok Belts W-4558
  </name>
  <category>
   Belts
  </category>
  <size>
   L
  </size>
  <color>
   Фиолетовый
  </color>
  <material>
   Хлопок
  </material>
  <price>
   234037
  </price>
  <rating>
   4.27
  </rating>
  <reviews>
   231872
  </reviews>
 </clothing>
 <clothing>
  <id>
   859293154
  </id>
  <name>
   DC Dress J-3517
  </name>
  <category>
   Dress
  </category>
  <size>
   L
  </size>
  <color>
   Синий
  </color>
  <material>
   Лен
  </material>
  <price>
   694383
  </price>
  <rating>
   3.02
  </rating>
  <reviews>
   823473
  </reviews>
  <new>
   +
  </new>
  <exclusive>
   no
  </exclusive>
  <sporty>
   yes
  </sporty>
 </clothing>
</clothing-items>
