<?xml version="1.0" encoding="utf-8"?>
<clothing-items>
 <clothing>
  <id>
   996344443
  </id>
  <name>
   Nike Pants T-6693
  </name>
  <category>
   Pants
  </category>
  <size>
   L
  </size>
  <color>
   Оранжевый
  </color>
  <material>
   Шерсть
  </material>
  <price>
   151067
  </price>
  <rating>
   4.66
  </rating>
  <reviews>
   887788
  </reviews>
  <new>
   -
  </new>
  <exclusive>
   yes
  </exclusive>
  <sporty>
   no
  </sporty>
 </clothing>
 <clothing>
  <id>
   277231689
  </id>
  <name>
   PleinSport Socks O-5910
  </name>
  <category>
   Socks
  </category>
  <size>
   XXL
  </size>
  <color>
   Голубой
  </color>
  <material>
   Хлопок
  </material>
  <price>
   957506
  </price>
  <rating>
   1.14
  </rating>
  <reviews>
   156505
  </reviews>
 </clothing>
 <clothing>
  <id>
   448297724
  </id>
  <name>
   Under Armour Sweater W-4453
  </name>
  <category>
   Sweater
  </category>
  <size>
   L
  </size>
  <color>
   Красный
  </color>
  <material>
   Шелк
  </material>
  <price>
   547943
  </price>
  <rating>
   1.75
  </rating>
  <reviews>
   444012
  </reviews>
  <exclusive>
   yes
  </exclusive>
  <sporty>
   yes
  </sporty>
 </clothing>
 <clothing>
  <id>
   884208369
  </id>
  <name>
   New Balance Shoes Y-7973
  </name>
  <category>
   Shoes
  </category>
  <size>
   M
  </size>
  <color>
   Синий
  </color>
  <material>
   Вискоза
  </material>
  <price>
   563177
  </price>
  <rating>
   3.04
  </rating>
  <reviews>
   179781
  </reviews>
 </clothing>
 <clothing>
  <id>
   318179109
  </id>
  <name>
   DC Socks K-8766
  </name>
  <category>
   Socks
  </category>
  <size>
   L
  </size>
  <color>
   Голубой
  </color>
  <material>
   Шерсть
  </material>
  <price>
   352705
  </price>
  <rating>
   1.86
  </rating>
  <reviews>
   641790
  </reviews>
  <new>
   -
  </new>
  <sporty>
   no
  </sporty>
 </clothing>
 <clothing>
  <id>
   781049801
  </id>
  <name>
   Reebok Jacket G-6348
  </name>
  <category>
   Jacket
  </category>
  <size>
   L
  </size>
  <color>
   Синий
  </color>
  <material>
   Лен
  </material>
  <price>
   895655
  </price>
  <rating>
   4.41
  </rating>
  <reviews>
   403770
  </reviews>
  <exclusive>
   no
  </exclusive>
  <sporty>
   no
  </sporty>
 </clothing>
 <clothing>
  <id>
   874336675
  </id>
  <name>
   PleinSport Jeans I-1207
  </name>
  <category>
   Jeans
  </category>
  <size>
   M
  </size>
  <color>
   Красный
  </color>
  <material>
   Хлопок
  </material>
  <price>
   650245
  </price>
  <rating>
   1.99
  </rating>
  <reviews>
   649930
  </reviews>
  <new>
   +
  </new>
  <exclusive>
   yes
  </exclusive>
  <sporty>
   no
  </sporty>
 </clothing>
 <clothing>
  <id>
   435591477
  </id>
  <name>
   Under Armour Gloves G-3270
  </name>
  <category>
   Gloves
  </category>
  <size>
   L
  </size>
  <color>
   Красный
  </color>
  <material>
   Кожа
  </material>
  <price>
   100490
  </price>
  <rating>
   4.96
  </rating>
  <reviews>
   348007
  </reviews>
  <new>
   -
  </new>
  <exclusive>
   yes
  </exclusive>
  <sporty>
   yes
  </sporty>
 </clothing>
 <clothing>
  <id>
   210630983
  </id>
  <name>
   Under Armour Sweater G-8682
  </name>
  <category>
   Sweater
  </category>
  <size>
   S
  </size>
  <color>
   Красный
  </color>
  <material>
   Шелк
  </material>
  <price>
   615393
  </price>
  <rating>
   1.92
  </rating>
  <reviews>
   541249
  </reviews>
  <new>
   +
  </new>
 </clothing>
 <clothing>
  <id>
   596935546
  </id>
  <name>
   Lacoste Socks G-9589
  </name>
  <category>
   Socks
  </category>
  <size>
   S
  </size>
  <color>
   Красный
  </color>
  <material>
   Хлопок
  </material>
  <price>
   102088
  </price>
  <rating>
   1.33
  </rating>
  <reviews>
   930392
  </reviews>
  <sporty>
   yes
  </sporty>
 </clothing>
 <clothing>
  <id>
   975926903
  </id>
  <name>
   DC Belts P-2119
  </name>
  <category>
   Belts
  </category>
  <size>
   M
  </size>
  <color>
   Зеленый
  </color>
  <material>
   Кожа
  </material>
  <price>
   892815
  </price>
  <rating>
   2.04
  </rating>
  <reviews>
   330272
  </reviews>
  <exclusive>
   yes
  </exclusive>
  <sporty>
   no
  </sporty>
 </clothing>
 <clothing>
  <id>
   580678759
  </id>
  <name>
   Lacoste Jacket Z-3731
  </name>
  <category>
   Jacket
  </category>
  <size>
   M
  </size>
  <color>
   Синий
  </color>
  <material>
   Хлопок
  </material>
  <price>
   331163
  </price>
  <rating>
   1.27
  </rating>
  <reviews>
   176444
  </reviews>
  <new>
   +
  </new>
  <exclusive>
   no
  </exclusive>
  <sporty>
   no
  </sporty>
 </clothing>
 <clothing>
  <id>
   493710791
  </id>
  <name>
   Puma Socks B-8976
  </name>
  <category>
   Socks
  </category>
  <size>
   L
  </size>
  <color>
   Синий
  </color>
  <material>
   Нейлон
  </material>
  <price>
   213543
  </price>
  <rating>
   4.28
  </rating>
  <reviews>
   346352
  </reviews>
  <new>
   +
  </new>
  <exclusive>
   yes
  </exclusive>
  <sporty>
   no
  </sporty>
 </clothing>
 <clothing>
  <id>
   960215818
  </id>
  <name>
   Asics Jeans X-1614
  </name>
  <category>
   Jeans
  </category>
  <size>
   M
  </size>
  <color>
   Красный
  </color>
  <material>
   Нейлон
  </material>
  <price>
   341713
  </price>
  <rating>
   1.81
  </rating>
  <reviews>
   694425
  </reviews>
  <new>
   -
  </new>
 </clothing>
 <clothing>
  <id>
   795220901
  </id>
  <name>
   DC Pants J-2573
  </name>
  <category>
   Pants
  </category>
  <size>
   M
  </size>
  <color>
   Оранжевый
  </color>
  <material>
   Нейлон
  </material>
  <price>
   361258
  </price>
  <rating>
   2.21
  </rating>
  <reviews>
   642508
  </reviews>
  <exclusive>
   yes
  </exclusive>
 </clothing>
 <clothing>
  <id>
   486608030
  </id>
  <name>
   Under Armour Pants T-9149
  </name>
  <category>
   Pants
  </category>
  <size>
   M
  </size>
  <color>
   Голубой
  </color>
  <material>
   Полиэстер
  </material>
  <price>
   948479
  </price>
  <rating>
   3.91
  </rating>
  <reviews>
   815562
  </reviews>
  <new>
   +
  </new>
  <sporty>
   yes
  </sporty>
 </clothing>
 <clothing>
  <id>
   452172306
  </id>
  <name>
   DC Umbrellas H-3286
  </name>
  <category>
   Umbrellas
  </category>
  <size>
   S
  </size>
  <color>
   Голубой
  </color>
  <material>
   Шелк
  </material>
  <price>
   347407
  </price>
  <rating>
   2.5
  </rating>
  <reviews>
   832803
  </reviews>
  <exclusive>
   no
  </exclusive>
  <sporty>
   yes
  </sporty>
 </clothing>
 <clothing>
  <id>
   916755100
  </id>
  <name>
   Adidas Pants U-9629
  </name>
  <category>
   Pants
  </category>
  <size>
   M
  </size>
  <color>
   Синий
  </color>
  <material>
   Лен
  </material>
  <price>
   583292
  </price>
  <rating>
   4.01
  </rating>
  <reviews>
   269595
  </reviews>
  <exclusive>
   no
  </exclusive>
 </clothing>
 <clothing>
  <id>
   336293510
  </id>
  <name>
   Asics Sweater W-3504
  </name>
  <category>
   Sweater
  </category>
  <size>
   S
  </size>
  <color>
   Синий
  </color>
  <material>
   Шелк
  </material>
  <price>
   143050
  </price>
  <rating>
   1.29
  </rating>
  <reviews>
   444345
  </reviews>
  <new>
   +
  </new>
  <sporty>
   no
  </sporty>
 </clothing>
 <clothing>
  <id>
   502994083
  </id>
  <name>
   DC Dress F-8771
  </name>
  <category>
   Dress
  </category>
  <size>
   XL
  </size>
  <color>
   Синий
  </color>
  <material>
   Вискоза
  </material>
  <price>
   224056
  </price>
  <rating>
   3.92
  </rating>
  <reviews>
   950746
  </reviews>
  <exclusive>
   no
  </exclusive>
 </clothing>
 <clothing>
  <id>
   568797803
  </id>
  <name>
   Lacoste Jacket L-4944
  </name>
  <category>
   Jacket
  </category>
  <size>
   XXL
  </size>
  <color>
   Синий
  </color>
  <material>
   Кожа
  </material>
  <price>
   873378
  </price>
  <rating>
   1.86
  </rating>
  <reviews>
   761377
  </reviews>
  <sporty>
   no
  </sporty>
 </clothing>
 <clothing>
  <id>
   566662413
  </id>
  <name>
   PleinSport Umbrellas Q-3923
  </name>
  <category>
   Umbrellas
  </category>
  <size>
   M
  </size>
  <color>
   Зеленый
  </color>
  <material>
   Вискоза
  </material>
  <price>
   443133
  </price>
  <rating>
   1.43
  </rating>
  <reviews>
   182001
  </reviews>
  <new>
   -
  </new>
  <exclusive>
   yes
  </exclusive>
 </clothing>
 <clothing>
  <id>
   865317598
  </id>
  <name>
   DC Jacket B-9360
  </name>
  <category>
   Jacket
  </category>
  <size>
   L
  </size>
  <color>
   Фиолетовый
  </color>
  <material>
   Полиэстер
  </material>
  <price>
   475462
  </price>
  <rating>
   4.8
  </rating>
  <reviews>
   838795
  </reviews>
  <exclusive>
   yes
  </exclusive>
  <sporty>
   no
  </sporty>
 </clothing>
 <clothing>
  <id>
   521855866
  </id>
  <name>
   Converse Hat F-4851
  </name>
  <category>
   Hat
  </category>
  <size>
   L
  </size>
  <color>
   Синий
  </color>
  <material>
   Лен
  </material>
  <price>
   814382
  </price>
  <rating>
   4.61
  </rating>
  <reviews>
   871179
  </reviews>
  <new>
   -
  </new>
  <exclusive>
   yes
  </exclusive>
  <sporty>
   no
  </sporty>
 </clothing>
 <clothing>
  <id>
   737337050
  </id>
  <name>
   Lacoste Hat X-7070
  </name>
  <category>
   Hat
  </category>
  <size>
   L
  </size>
  <color>
   Синий
  </color>
  <material>
   Шелк
  </material>
  <price>
   682816
  </price>
  <rating>
   4.61
  </rating>
  <reviews>
   193647
  </reviews>
  <new>
   -
  </new>
  <exclusive>
   no
  </exclusive>
 </clothing>
 <clothing>
  <id>
   615501375
  </id>
  <name>
   Vans Blouse Z-7606
  </name>
  <category>
   Blouse
  </category>
  <size>
   S
  </size>
  <color>
   Желтый
  </color>
  <material>
   Шерсть
  </material>
  <price>
   322514
  </price>
  <rating>
   1.76
  </rating>
  <reviews>
   688145
  </reviews>
  <new>
   -
  </new>
  <exclusive>
   yes
  </exclusive>
  <sporty>
   yes
  </sporty>
 </clothing>
 <clothing>
  <id>
   288463728
  </id>
  <name>
   Nike Handbags U-6288
  </name>
  <category>
   Handbags
  </category>
  <size>
   L
  </size>
  <color>
   Синий
  </color>
  <material>
   Шерсть
  </material>
  <price>
   277530
  </price>
  <rating>
   4.82
  </rating>
  <reviews>
   89104
  </reviews>
  <sporty>
   yes
  </sporty>
 </clothing>
 <clothing>
  <id>
   518216018
  </id>
  <name>
   Vans Umbrellas P-2054
  </name>
  <category>
   Umbrellas
  </category>
  <size>
   M
  </size>
  <color>
   Желтый
  </color>
  <material>
   Шерсть
  </material>
  <price>
   942241
  </price>
  <rating>
   4.55
  </rating>
  <reviews>
   844019
  </reviews>
  <new>
   -
  </new>
  <exclusive>
   yes
  </exclusive>
 </clothing>
 <clothing>
  <id>
   477045543
  </id>
  <name>
   Lacoste Sweater K-5309
  </name>
  <category>
   Sweater
  </category>
  <size>
   L
  </size>
  <color>
   Фиолетовый
  </color>
  <material>
   Кожа
  </material>
  <price>
   567550
  </price>
  <rating>
   2.67
  </rating>
  <reviews>
   87771
  </reviews>
  <new>
   -
  </new>
  <exclusive>
   no
  </exclusive>
 </clothing>
 <clothing>
  <id>
   965438701
  </id>
  <name>
   Addidas Pants R-6278
  </name>
  <category>
   Pants
  </category>
  <size>
   XL
  </size>
  <color>
   Зеленый
  </color>
  <material>
   Нейлон
  </material>
  <price>
   152107
  </price>
  <rating>
   2.72
  </rating>
  <reviews>
   122419
  </reviews>
 </clothing>
 <clothing>
  <id>
   358654167
  </id>
  <name>
   Adidas T-shirt L-9800
  </name>
  <category>
   T-shirt
  </category>
  <size>
   XL
  </size>
  <color>
   Оранжевый
  </color>
  <material>
   Шелк
  </material>
  <price>
   979012
  </price>
  <rating>
   3.14
  </rating>
  <reviews>
   940808
  </reviews>
  <new>
   -
  </new>
  <exclusive>
   no
  </exclusive>
  <sporty>
   no
  </sporty>
 </clothing>
 <clothing>
  <id>
   313661489
  </id>
  <name>
   Under Armour Sweater Z-4641
  </name>
  <category>
   Sweater
  </category>
  <size>
   L
  </size>
  <color>
   Фиолетовый
  </color>
  <material>
   Вискоза
  </material>
  <price>
   635478
  </price>
  <rating>
   1.65
  </rating>
  <reviews>
   623024
  </reviews>
  <exclusive>
   no
  </exclusive>
  <sporty>
   no
  </sporty>
 </clothing>
 <clothing>
  <id>
   515028936
  </id>
  <name>
   Reebok Jacket K-3586
  </name>
  <category>
   Jacket
  </category>
  <size>
   XL
  </size>
  <color>
   Синий
  </color>
  <material>
   Хлопок
  </material>
  <price>
   362718
  </price>
  <rating>
   1.84
  </rating>
  <reviews>
   204181
  </reviews>
  <exclusive>
   no
  </exclusive>
 </clothing>
</clothing-items>
