<?xml version="1.0" encoding="utf-8"?>
<clothing-items>
 <clothing>
  <id>
   546963980
  </id>
  <name>
   Under Armour Sweater F-7282
  </name>
  <category>
   Sweater
  </category>
  <size>
   XL
  </size>
  <color>
   Синий
  </color>
  <material>
   Вискоза
  </material>
  <price>
   156724
  </price>
  <rating>
   1.24
  </rating>
  <reviews>
   728269
  </reviews>
  <exclusive>
   yes
  </exclusive>
  <sporty>
   no
  </sporty>
 </clothing>
 <clothing>
  <id>
   895460638
  </id>
  <name>
   Fila Umbrellas Q-7363
  </name>
  <category>
   Umbrellas
  </category>
  <size>
   XXL
  </size>
  <color>
   Оранжевый
  </color>
  <material>
   Полиэстер
  </material>
  <price>
   341919
  </price>
  <rating>
   2.55
  </rating>
  <reviews>
   51832
  </reviews>
  <new>
   +
  </new>
  <exclusive>
   no
  </exclusive>
 </clothing>
 <clothing>
  <id>
   663194610
  </id>
  <name>
   Asics Shoes U-1870
  </name>
  <category>
   Shoes
  </category>
  <size>
   S
  </size>
  <color>
   Фиолетовый
  </color>
  <material>
   Шелк
  </material>
  <price>
   670247
  </price>
  <rating>
   2.62
  </rating>
  <reviews>
   955573
  </reviews>
  <new>
   -
  </new>
  <sporty>
   yes
  </sporty>
 </clothing>
 <clothing>
  <id>
   663007369
  </id>
  <name>
   Lacoste Hat S-2376
  </name>
  <category>
   Hat
  </category>
  <size>
   M
  </size>
  <color>
   Зеленый
  </color>
  <material>
   Лен
  </material>
  <price>
   356279
  </price>
  <rating>
   4.36
  </rating>
  <reviews>
   75700
  </reviews>
  <new>
   -
  </new>
  <exclusive>
   no
  </exclusive>
 </clothing>
 <clothing>
  <id>
   401033702
  </id>
  <name>
   Converse Handbags J-6322
  </name>
  <category>
   Handbags
  </category>
  <size>
   S
  </size>
  <color>
   Зеленый
  </color>
  <material>
   Полиэстер
  </material>
  <price>
   259817
  </price>
  <rating>
   3.21
  </rating>
  <reviews>
   781535
  </reviews>
  <exclusive>
   no
  </exclusive>
 </clothing>
 <clothing>
  <id>
   143860102
  </id>
  <name>
   DC T-shirt W-5864
  </name>
  <category>
   T-shirt
  </category>
  <size>
   L
  </size>
  <color>
   Голубой
  </color>
  <material>
   Шерсть
  </material>
  <price>
   299810
  </price>
  <rating>
   4.56
  </rating>
  <reviews>
   90068
  </reviews>
  <exclusive>
   no
  </exclusive>
 </clothing>
 <clothing>
  <id>
   187223031
  </id>
  <name>
   Vans Skirt Z-6804
  </name>
  <category>
   Skirt
  </category>
  <size>
   L
  </size>
  <color>
   Голубой
  </color>
  <material>
   Шелк
  </material>
  <price>
   744725
  </price>
  <rating>
   2.12
  </rating>
  <reviews>
   703435
  </reviews>
  <new>
   +
  </new>
  <sporty>
   no
  </sporty>
 </clothing>
 <clothing>
  <id>
   666390168
  </id>
  <name>
   Under Armour Shirt Z-9002
  </name>
  <category>
   Shirt
  </category>
  <size>
   S
  </size>
  <color>
   Голубой
  </color>
  <material>
   Шерсть
  </material>
  <price>
   776418
  </price>
  <rating>
   2.43
  </rating>
  <reviews>
   605150
  </reviews>
  <new>
   +
  </new>
 </clothing>
 <clothing>
  <id>
   606433574
  </id>
  <name>
   New Balance Jacket A-2908
  </name>
  <category>
   Jacket
  </category>
  <size>
   M
  </size>
  <color>
   Красный
  </color>
  <material>
   Хлопок
  </material>
  <price>
   138776
  </price>
  <rating>
   2.12
  </rating>
  <reviews>
   174603
  </reviews>
  <exclusive>
   no
  </exclusive>
  <sporty>
   yes
  </sporty>
 </clothing>
 <clothing>
  <id>
   149997154
  </id>
  <name>
   Under Armour Shoes L-7763
  </name>
  <category>
   Shoes
  </category>
  <size>
   XL
  </size>
  <color>
   Фиолетовый
  </color>
  <material>
   Вискоза
  </material>
  <price>
   762544
  </price>
  <rating>
   1.6
  </rating>
  <reviews>
   581170
  </reviews>
  <sporty>
   no
  </sporty>
 </clothing>
 <clothing>
  <id>
   961390888
  </id>
  <name>
   New Balance Blouse R-9228
  </name>
  <category>
   Blouse
  </category>
  <size>
   S
  </size>
  <color>
   Голубой
  </color>
  <material>
   Кожа
  </material>
  <price>
   845775
  </price>
  <rating>
   4.01
  </rating>
  <reviews>
   236006
  </reviews>
  <new>
   +
  </new>
  <exclusive>
   no
  </exclusive>
  <sporty>
   no
  </sporty>
 </clothing>
 <clothing>
  <id>
   277447477
  </id>
  <name>
   DC Jeans B-2028
  </name>
  <category>
   Jeans
  </category>
  <size>
   L
  </size>
  <color>
   Зеленый
  </color>
  <material>
   Кожа
  </material>
  <price>
   209135
  </price>
  <rating>
   4.93
  </rating>
  <reviews>
   700815
  </reviews>
  <new>
   +
  </new>
  <exclusive>
   yes
  </exclusive>
 </clothing>
 <clothing>
  <id>
   353153707
  </id>
  <name>
   Brooks Blouse B-5622
  </name>
  <category>
   Blouse
  </category>
  <size>
   L
  </size>
  <color>
   Зеленый
  </color>
  <material>
   Вискоза
  </material>
  <price>
   132220
  </price>
  <rating>
   4.09
  </rating>
  <reviews>
   399831
  </reviews>
  <exclusive>
   yes
  </exclusive>
  <sporty>
   yes
  </sporty>
 </clothing>
 <clothing>
  <id>
   286537319
  </id>
  <name>
   PleinSport Handbags D-5294
  </name>
  <category>
   Handbags
  </category>
  <size>
   XL
  </size>
  <color>
   Красный
  </color>
  <material>
   Шелк
  </material>
  <price>
   468523
  </price>
  <rating>
   3.26
  </rating>
  <reviews>
   47437
  </reviews>
  <exclusive>
   no
  </exclusive>
  <sporty>
   no
  </sporty>
 </clothing>
 <clothing>
  <id>
   479983748
  </id>
  <name>
   Asics Blouse Q-9743
  </name>
  <category>
   Blouse
  </category>
  <size>
   XL
  </size>
  <color>
   Синий
  </color>
  <material>
   Лен
  </material>
  <price>
   331049
  </price>
  <rating>
   4.62
  </rating>
  <reviews>
   372566
  </reviews>
  <exclusive>
   no
  </exclusive>
 </clothing>
 <clothing>
  <id>
   570651208
  </id>
  <name>
   Adidas Blouse R-5311
  </name>
  <category>
   Blouse
  </category>
  <size>
   L
  </size>
  <color>
   Зеленый
  </color>
  <material>
   Кожа
  </material>
  <price>
   176290
  </price>
  <rating>
   3.26
  </rating>
  <reviews>
   298332
  </reviews>
  <new>
   +
  </new>
  <exclusive>
   yes
  </exclusive>
  <sporty>
   yes
  </sporty>
 </clothing>
 <clothing>
  <id>
   346429198
  </id>
  <name>
   Asics Umbrellas D-1863
  </name>
  <category>
   Umbrellas
  </category>
  <size>
   XXL
  </size>
  <color>
   Синий
  </color>
  <material>
   Кожа
  </material>
  <price>
   703767
  </price>
  <rating>
   2.13
  </rating>
  <reviews>
   390995
  </reviews>
  <sporty>
   no
  </sporty>
 </clothing>
 <clothing>
  <id>
   760190786
  </id>
  <name>
   Ellesse Gloves D-9436
  </name>
  <category>
   Gloves
  </category>
  <size>
   XL
  </size>
  <color>
   Оранжевый
  </color>
  <material>
   Нейлон
  </material>
  <price>
   497599
  </price>
  <rating>
   3.3
  </rating>
  <reviews>
   301618
  </reviews>
  <exclusive>
   yes
  </exclusive>
 </clothing>
 <clothing>
  <id>
   144344978
  </id>
  <name>
   DC Jacket R-2637
  </name>
  <category>
   Jacket
  </category>
  <size>
   L
  </size>
  <color>
   Синий
  </color>
  <material>
   Нейлон
  </material>
  <price>
   245656
  </price>
  <rating>
   4.94
  </rating>
  <reviews>
   297987
  </reviews>
  <new>
   -
  </new>
  <exclusive>
   yes
  </exclusive>
  <sporty>
   no
  </sporty>
 </clothing>
 <clothing>
  <id>
   122227566
  </id>
  <name>
   Addidas Jacket H-4850
  </name>
  <category>
   Jacket
  </category>
  <size>
   M
  </size>
  <color>
   Оранжевый
  </color>
  <material>
   Кожа
  </material>
  <price>
   584224
  </price>
  <rating>
   3.93
  </rating>
  <reviews>
   580930
  </reviews>
  <exclusive>
   yes
  </exclusive>
  <sporty>
   no
  </sporty>
 </clothing>
 <clothing>
  <id>
   871478802
  </id>
  <name>
   Under Armour Umbrellas M-8399
  </name>
  <category>
   Umbrellas
  </category>
  <size>
   S
  </size>
  <color>
   Синий
  </color>
  <material>
   Нейлон
  </material>
  <price>
   608742
  </price>
  <rating>
   2.48
  </rating>
  <reviews>
   498121
  </reviews>
  <new>
   -
  </new>
  <exclusive>
   no
  </exclusive>
 </clothing>
 <clothing>
  <id>
   193477141
  </id>
  <name>
   New Balance Shirt I-7979
  </name>
  <category>
   Shirt
  </category>
  <size>
   XL
  </size>
  <color>
   Голубой
  </color>
  <material>
   Шерсть
  </material>
  <price>
   810591
  </price>
  <rating>
   1.94
  </rating>
  <reviews>
   51657
  </reviews>
  <new>
   -
  </new>
  <exclusive>
   yes
  </exclusive>
  <sporty>
   yes
  </sporty>
 </clothing>
 <clothing>
  <id>
   803705136
  </id>
  <name>
   Asics Belts E-1350
  </name>
  <category>
   Belts
  </category>
  <size>
   M
  </size>
  <color>
   Синий
  </color>
  <material>
   Полиэстер
  </material>
  <price>
   223623
  </price>
  <rating>
   3.97
  </rating>
  <reviews>
   351968
  </reviews>
  <new>
   -
  </new>
  <exclusive>
   no
  </exclusive>
 </clothing>
 <clothing>
  <id>
   582505218
  </id>
  <name>
   Brooks Pants O-9448
  </name>
  <category>
   Pants
  </category>
  <size>
   M
  </size>
  <color>
   Голубой
  </color>
  <material>
   Полиэстер
  </material>
  <price>
   663277
  </price>
  <rating>
   3.84
  </rating>
  <reviews>
   599820
  </reviews>
  <new>
   -
  </new>
  <exclusive>
   yes
  </exclusive>
  <sporty>
   no
  </sporty>
 </clothing>
 <clothing>
  <id>
   750158704
  </id>
  <name>
   Under Armour Skirt L-7457
  </name>
  <category>
   Skirt
  </category>
  <size>
   XXL
  </size>
  <color>
   Фиолетовый
  </color>
  <material>
   Шелк
  </material>
  <price>
   747804
  </price>
  <rating>
   1.18
  </rating>
  <reviews>
   278073
  </reviews>
  <exclusive>
   yes
  </exclusive>
 </clothing>
 <clothing>
  <id>
   241511941
  </id>
  <name>
   Fila Dress M-5799
  </name>
  <category>
   Dress
  </category>
  <size>
   S
  </size>
  <color>
   Красный
  </color>
  <material>
   Хлопок
  </material>
  <price>
   295620
  </price>
  <rating>
   3.5
  </rating>
  <reviews>
   913615
  </reviews>
  <new>
   -
  </new>
  <exclusive>
   yes
  </exclusive>
  <sporty>
   no
  </sporty>
 </clothing>
 <clothing>
  <id>
   347242681
  </id>
  <name>
   Asics Hat W-2189
  </name>
  <category>
   Hat
  </category>
  <size>
   XL
  </size>
  <color>
   Синий
  </color>
  <material>
   Шерсть
  </material>
  <price>
   307591
  </price>
  <rating>
   2.4
  </rating>
  <reviews>
   648776
  </reviews>
  <sporty>
   yes
  </sporty>
 </clothing>
 <clothing>
  <id>
   444714157
  </id>
  <name>
   Nike Skirt A-4134
  </name>
  <category>
   Skirt
  </category>
  <size>
   XL
  </size>
  <color>
   Красный
  </color>
  <material>
   Шерсть
  </material>
  <price>
   715003
  </price>
  <rating>
   1.5
  </rating>
  <reviews>
   662750
  </reviews>
  <exclusive>
   no
  </exclusive>
 </clothing>
 <clothing>
  <id>
   877186664
  </id>
  <name>
   Ellesse Skirt W-1797
  </name>
  <category>
   Skirt
  </category>
  <size>
   XXL
  </size>
  <color>
   Синий
  </color>
  <material>
   Нейлон
  </material>
  <price>
   656943
  </price>
  <rating>
   3.82
  </rating>
  <reviews>
   547177
  </reviews>
 </clothing>
 <clothing>
  <id>
   201350459
  </id>
  <name>
   PleinSport Shirt M-1390
  </name>
  <category>
   Shirt
  </category>
  <size>
   XXL
  </size>
  <color>
   Фиолетовый
  </color>
  <material>
   Хлопок
  </material>
  <price>
   291708
  </price>
  <rating>
   1.33
  </rating>
  <reviews>
   254178
  </reviews>
 </clothing>
 <clothing>
  <id>
   122247720
  </id>
  <name>
   New Balance Jacket Q-1723
  </name>
  <category>
   Jacket
  </category>
  <size>
   XXL
  </size>
  <color>
   Оранжевый
  </color>
  <material>
   Вискоза
  </material>
  <price>
   996044
  </price>
  <rating>
   2.56
  </rating>
  <reviews>
   31564
  </reviews>
  <exclusive>
   yes
  </exclusive>
  <sporty>
   no
  </sporty>
 </clothing>
 <clothing>
  <id>
   586430329
  </id>
  <name>
   Fila Umbrellas S-4945
  </name>
  <category>
   Umbrellas
  </category>
  <size>
   S
  </size>
  <color>
   Оранжевый
  </color>
  <material>
   Шерсть
  </material>
  <price>
   927099
  </price>
  <rating>
   2.13
  </rating>
  <reviews>
   358644
  </reviews>
  <new>
   -
  </new>
 </clothing>
 <clothing>
  <id>
   984266459
  </id>
  <name>
   DC Sweater K-4065
  </name>
  <category>
   Sweater
  </category>
  <size>
   XL
  </size>
  <color>
   Желтый
  </color>
  <material>
   Полиэстер
  </material>
  <price>
   433849
  </price>
  <rating>
   1.87
  </rating>
  <reviews>
   685988
  </reviews>
  <exclusive>
   no
  </exclusive>
  <sporty>
   yes
  </sporty>
 </clothing>
 <clothing>
  <id>
   271002090
  </id>
  <name>
   Reebok Gloves N-9247
  </name>
  <category>
   Gloves
  </category>
  <size>
   M
  </size>
  <color>
   Желтый
  </color>
  <material>
   Кожа
  </material>
  <price>
   131693
  </price>
  <rating>
   1.09
  </rating>
  <reviews>
   298832
  </reviews>
  <new>
   +
  </new>
  <exclusive>
   no
  </exclusive>
  <sporty>
   yes
  </sporty>
 </clothing>
</clothing-items>
