<?xml version="1.0" encoding="utf-8"?>
<clothing-items>
 <clothing>
  <id>
   331395460
  </id>
  <name>
   Asics Blouse G-1914
  </name>
  <category>
   Blouse
  </category>
  <size>
   XL
  </size>
  <color>
   Красный
  </color>
  <material>
   Полиэстер
  </material>
  <price>
   333224
  </price>
  <rating>
   1.27
  </rating>
  <reviews>
   22322
  </reviews>
  <exclusive>
   no
  </exclusive>
 </clothing>
 <clothing>
  <id>
   506139258
  </id>
  <name>
   Fila Skirt D-6886
  </name>
  <category>
   Skirt
  </category>
  <size>
   M
  </size>
  <color>
   Желтый
  </color>
  <material>
   Шерсть
  </material>
  <price>
   459101
  </price>
  <rating>
   4.38
  </rating>
  <reviews>
   809973
  </reviews>
  <exclusive>
   no
  </exclusive>
  <sporty>
   no
  </sporty>
 </clothing>
 <clothing>
  <id>
   338080094
  </id>
  <name>
   Ellesse Shoes T-7445
  </name>
  <category>
   Shoes
  </category>
  <size>
   L
  </size>
  <color>
   Оранжевый
  </color>
  <material>
   Шелк
  </material>
  <price>
   702287
  </price>
  <rating>
   3.84
  </rating>
  <reviews>
   12678
  </reviews>
  <new>
   -
  </new>
  <exclusive>
   yes
  </exclusive>
  <sporty>
   yes
  </sporty>
 </clothing>
 <clothing>
  <id>
   245020348
  </id>
  <name>
   New Balance Umbrellas W-3314
  </name>
  <category>
   Umbrellas
  </category>
  <size>
   S
  </size>
  <color>
   Фиолетовый
  </color>
  <material>
   Шерсть
  </material>
  <price>
   740634
  </price>
  <rating>
   4.07
  </rating>
  <reviews>
   790192
  </reviews>
  <sporty>
   no
  </sporty>
 </clothing>
 <clothing>
  <id>
   276016846
  </id>
  <name>
   Reebok T-shirt F-3659
  </name>
  <category>
   T-shirt
  </category>
  <size>
   L
  </size>
  <color>
   Оранжевый
  </color>
  <material>
   Шелк
  </material>
  <price>
   369668
  </price>
  <rating>
   3.54
  </rating>
  <reviews>
   729249
  </reviews>
  <new>
   -
  </new>
  <exclusive>
   no
  </exclusive>
  <sporty>
   no
  </sporty>
 </clothing>
 <clothing>
  <id>
   536159283
  </id>
  <name>
   New Balance Jacket H-8699
  </name>
  <category>
   Jacket
  </category>
  <size>
   S
  </size>
  <color>
   Фиолетовый
  </color>
  <material>
   Хлопок
  </material>
  <price>
   408434
  </price>
  <rating>
   1.97
  </rating>
  <reviews>
   836190
  </reviews>
  <exclusive>
   no
  </exclusive>
 </clothing>
 <clothing>
  <id>
   339751519
  </id>
  <name>
   PleinSport Gloves J-2362
  </name>
  <category>
   Gloves
  </category>
  <size>
   XL
  </size>
  <color>
   Желтый
  </color>
  <material>
   Полиэстер
  </material>
  <price>
   274604
  </price>
  <rating>
   1.97
  </rating>
  <reviews>
   398396
  </reviews>
  <new>
   -
  </new>
 </clothing>
 <clothing>
  <id>
   272796417
  </id>
  <name>
   Fila Shirt L-7147
  </name>
  <category>
   Shirt
  </category>
  <size>
   XXL
  </size>
  <color>
   Желтый
  </color>
  <material>
   Шерсть
  </material>
  <price>
   754029
  </price>
  <rating>
   1.48
  </rating>
  <reviews>
   614659
  </reviews>
  <new>
   +
  </new>
 </clothing>
 <clothing>
  <id>
   139349840
  </id>
  <name>
   Vans T-shirt P-8854
  </name>
  <category>
   T-shirt
  </category>
  <size>
   S
  </size>
  <color>
   Красный
  </color>
  <material>
   Хлопок
  </material>
  <price>
   935019
  </price>
  <rating>
   4.29
  </rating>
  <reviews>
   75474
  </reviews>
  <new>
   -
  </new>
  <exclusive>
   yes
  </exclusive>
  <sporty>
   yes
  </sporty>
 </clothing>
 <clothing>
  <id>
   823755490
  </id>
  <name>
   Asics Skirt X-6546
  </name>
  <category>
   Skirt
  </category>
  <size>
   S
  </size>
  <color>
   Оранжевый
  </color>
  <material>
   Хлопок
  </material>
  <price>
   181795
  </price>
  <rating>
   1.13
  </rating>
  <reviews>
   187472
  </reviews>
  <new>
   -
  </new>
 </clothing>
 <clothing>
  <id>
   389309920
  </id>
  <name>
   Addidas Gloves A-8838
  </name>
  <category>
   Gloves
  </category>
  <size>
   XL
  </size>
  <color>
   Фиолетовый
  </color>
  <material>
   Кожа
  </material>
  <price>
   531203
  </price>
  <rating>
   4.77
  </rating>
  <reviews>
   986730
  </reviews>
  <new>
   -
  </new>
  <exclusive>
   yes
  </exclusive>
  <sporty>
   no
  </sporty>
 </clothing>
 <clothing>
  <id>
   592306259
  </id>
  <name>
   New Balance Skirt V-3937
  </name>
  <category>
   Skirt
  </category>
  <size>
   XXL
  </size>
  <color>
   Оранжевый
  </color>
  <material>
   Шерсть
  </material>
  <price>
   589418
  </price>
  <rating>
   1.73
  </rating>
  <reviews>
   659682
  </reviews>
  <new>
   -
  </new>
  <exclusive>
   yes
  </exclusive>
  <sporty>
   yes
  </sporty>
 </clothing>
 <clothing>
  <id>
   899088163
  </id>
  <name>
   Puma Shirt G-6978
  </name>
  <category>
   Shirt
  </category>
  <size>
   L
  </size>
  <color>
   Фиолетовый
  </color>
  <material>
   Нейлон
  </material>
  <price>
   403639
  </price>
  <rating>
   2.77
  </rating>
  <reviews>
   14488
  </reviews>
  <exclusive>
   no
  </exclusive>
  <sporty>
   no
  </sporty>
 </clothing>
 <clothing>
  <id>
   794129680
  </id>
  <name>
   Adidas Hat A-7250
  </name>
  <category>
   Hat
  </category>
  <size>
   S
  </size>
  <color>
   Фиолетовый
  </color>
  <material>
   Хлопок
  </material>
  <price>
   402334
  </price>
  <rating>
   3.91
  </rating>
  <reviews>
   496498
  </reviews>
  <sporty>
   yes
  </sporty>
 </clothing>
 <clothing>
  <id>
   904937023
  </id>
  <name>
   PleinSport Umbrellas G-3101
  </name>
  <category>
   Umbrellas
  </category>
  <size>
   M
  </size>
  <color>
   Красный
  </color>
  <material>
   Шерсть
  </material>
  <price>
   506917
  </price>
  <rating>
   3.2
  </rating>
  <reviews>
   287100
  </reviews>
  <new>
   -
  </new>
  <exclusive>
   no
  </exclusive>
  <sporty>
   no
  </sporty>
 </clothing>
 <clothing>
  <id>
   305204081
  </id>
  <name>
   DC T-shirt R-1158
  </name>
  <category>
   T-shirt
  </category>
  <size>
   M
  </size>
  <color>
   Голубой
  </color>
  <material>
   Полиэстер
  </material>
  <price>
   423917
  </price>
  <rating>
   1.99
  </rating>
  <reviews>
   140954
  </reviews>
  <new>
   -
  </new>
  <exclusive>
   no
  </exclusive>
 </clothing>
 <clothing>
  <id>
   821780882
  </id>
  <name>
   Adidas Belts V-4809
  </name>
  <category>
   Belts
  </category>
  <size>
   S
  </size>
  <color>
   Оранжевый
  </color>
  <material>
   Лен
  </material>
  <price>
   705823
  </price>
  <rating>
   4.39
  </rating>
  <reviews>
   692210
  </reviews>
  <new>
   +
  </new>
  <exclusive>
   yes
  </exclusive>
 </clothing>
 <clothing>
  <id>
   156370633
  </id>
  <name>
   Asics Socks R-7919
  </name>
  <category>
   Socks
  </category>
  <size>
   XL
  </size>
  <color>
   Голубой
  </color>
  <material>
   Полиэстер
  </material>
  <price>
   414346
  </price>
  <rating>
   3.69
  </rating>
  <reviews>
   51912
  </reviews>
  <exclusive>
   no
  </exclusive>
  <sporty>
   no
  </sporty>
 </clothing>
 <clothing>
  <id>
   769800219
  </id>
  <name>
   Vans Sweater X-8562
  </name>
  <category>
   Sweater
  </category>
  <size>
   XXL
  </size>
  <color>
   Зеленый
  </color>
  <material>
   Шелк
  </material>
  <price>
   338308
  </price>
  <rating>
   4.86
  </rating>
  <reviews>
   92322
  </reviews>
  <new>
   +
  </new>
  <exclusive>
   no
  </exclusive>
  <sporty>
   no
  </sporty>
 </clothing>
 <clothing>
  <id>
   420392999
  </id>
  <name>
   Nike T-shirt U-1867
  </name>
  <category>
   T-shirt
  </category>
  <size>
   S
  </size>
  <color>
   Желтый
  </color>
  <material>
   Полиэстер
  </material>
  <price>
   304605
  </price>
  <rating>
   3.98
  </rating>
  <reviews>
   691596
  </reviews>
  <exclusive>
   no
  </exclusive>
 </clothing>
 <clothing>
  <id>
   695907094
  </id>
  <name>
   Asics Sweater I-9133
  </name>
  <category>
   Sweater
  </category>
  <size>
   XL
  </size>
  <color>
   Голубой
  </color>
  <material>
   Лен
  </material>
  <price>
   593043
  </price>
  <rating>
   4.99
  </rating>
  <reviews>
   831074
  </reviews>
 </clothing>
 <clothing>
  <id>
   151744348
  </id>
  <name>
   Lacoste Umbrellas Y-5657
  </name>
  <category>
   Umbrellas
  </category>
  <size>
   XL
  </size>
  <color>
   Синий
  </color>
  <material>
   Шерсть
  </material>
  <price>
   172192
  </price>
  <rating>
   2.43
  </rating>
  <reviews>
   402297
  </reviews>
  <exclusive>
   yes
  </exclusive>
 </clothing>
 <clothing>
  <id>
   175754645
  </id>
  <name>
   Converse Handbags G-6870
  </name>
  <category>
   Handbags
  </category>
  <size>
   XXL
  </size>
  <color>
   Голубой
  </color>
  <material>
   Полиэстер
  </material>
  <price>
   329708
  </price>
  <rating>
   1.44
  </rating>
  <reviews>
   94595
  </reviews>
  <new>
   -
  </new>
  <exclusive>
   no
  </exclusive>
 </clothing>
 <clothing>
  <id>
   954735993
  </id>
  <name>
   Fila Pants I-5680
  </name>
  <category>
   Pants
  </category>
  <size>
   L
  </size>
  <color>
   Фиолетовый
  </color>
  <material>
   Шелк
  </material>
  <price>
   402219
  </price>
  <rating>
   2.45
  </rating>
  <reviews>
   312573
  </reviews>
  <new>
   -
  </new>
  <sporty>
   yes
  </sporty>
 </clothing>
 <clothing>
  <id>
   457215343
  </id>
  <name>
   Addidas Dress O-7861
  </name>
  <category>
   Dress
  </category>
  <size>
   XL
  </size>
  <color>
   Синий
  </color>
  <material>
   Шелк
  </material>
  <price>
   324910
  </price>
  <rating>
   2.96
  </rating>
  <reviews>
   447807
  </reviews>
  <sporty>
   yes
  </sporty>
 </clothing>
 <clothing>
  <id>
   570119771
  </id>
  <name>
   Nike Gloves S-5235
  </name>
  <category>
   Gloves
  </category>
  <size>
   XL
  </size>
  <color>
   Синий
  </color>
  <material>
   Шерсть
  </material>
  <price>
   484556
  </price>
  <rating>
   3.15
  </rating>
  <reviews>
   443261
  </reviews>
  <new>
   -
  </new>
 </clothing>
 <clothing>
  <id>
   592891308
  </id>
  <name>
   Reebok Socks A-1731
  </name>
  <category>
   Socks
  </category>
  <size>
   XXL
  </size>
  <color>
   Оранжевый
  </color>
  <material>
   Шерсть
  </material>
  <price>
   298156
  </price>
  <rating>
   1.84
  </rating>
  <reviews>
   729048
  </reviews>
  <sporty>
   no
  </sporty>
 </clothing>
 <clothing>
  <id>
   909300648
  </id>
  <name>
   Under Armour Shoes X-4815
  </name>
  <category>
   Shoes
  </category>
  <size>
   M
  </size>
  <color>
   Зеленый
  </color>
  <material>
   Полиэстер
  </material>
  <price>
   991958
  </price>
  <rating>
   4.06
  </rating>
  <reviews>
   657517
  </reviews>
  <new>
   -
  </new>
  <exclusive>
   no
  </exclusive>
 </clothing>
 <clothing>
  <id>
   999036845
  </id>
  <name>
   Lacoste Jeans R-3149
  </name>
  <category>
   Jeans
  </category>
  <size>
   S
  </size>
  <color>
   Красный
  </color>
  <material>
   Кожа
  </material>
  <price>
   101075
  </price>
  <rating>
   4.55
  </rating>
  <reviews>
   792963
  </reviews>
  <new>
   -
  </new>
  <exclusive>
   yes
  </exclusive>
  <sporty>
   yes
  </sporty>
 </clothing>
 <clothing>
  <id>
   482980342
  </id>
  <name>
   PleinSport Pants A-5765
  </name>
  <category>
   Pants
  </category>
  <size>
   XXL
  </size>
  <color>
   Оранжевый
  </color>
  <material>
   Полиэстер
  </material>
  <price>
   776470
  </price>
  <rating>
   3.94
  </rating>
  <reviews>
   460237
  </reviews>
  <exclusive>
   no
  </exclusive>
 </clothing>
 <clothing>
  <id>
   736073767
  </id>
  <name>
   Lacoste Jacket M-5388
  </name>
  <category>
   Jacket
  </category>
  <size>
   L
  </size>
  <color>
   Голубой
  </color>
  <material>
   Лен
  </material>
  <price>
   133507
  </price>
  <rating>
   2.53
  </rating>
  <reviews>
   206807
  </reviews>
  <new>
   -
  </new>
  <exclusive>
   yes
  </exclusive>
 </clothing>
 <clothing>
  <id>
   833921938
  </id>
  <name>
   Ellesse Pants W-9162
  </name>
  <category>
   Pants
  </category>
  <size>
   XXL
  </size>
  <color>
   Синий
  </color>
  <material>
   Хлопок
  </material>
  <price>
   762802
  </price>
  <rating>
   2.88
  </rating>
  <reviews>
   664609
  </reviews>
  <new>
   -
  </new>
 </clothing>
 <clothing>
  <id>
   313360378
  </id>
  <name>
   Brooks Gloves O-7973
  </name>
  <category>
   Gloves
  </category>
  <size>
   M
  </size>
  <color>
   Голубой
  </color>
  <material>
   Вискоза
  </material>
  <price>
   159560
  </price>
  <rating>
   2.06
  </rating>
  <reviews>
   409460
  </reviews>
 </clothing>
 <clothing>
  <id>
   634813515
  </id>
  <name>
   New Balance Jacket O-4084
  </name>
  <category>
   Jacket
  </category>
  <size>
   XXL
  </size>
  <color>
   Фиолетовый
  </color>
  <material>
   Кожа
  </material>
  <price>
   742004
  </price>
  <rating>
   3.48
  </rating>
  <reviews>
   162342
  </reviews>
  <new>
   -
  </new>
  <exclusive>
   no
  </exclusive>
 </clothing>
</clothing-items>
