<?xml version="1.0" encoding="utf-8"?>
<clothing-items>
 <clothing>
  <id>
   281526174
  </id>
  <name>
   Addidas Shoes Z-5839
  </name>
  <category>
   Shoes
  </category>
  <size>
   L
  </size>
  <color>
   Фиолетовый
  </color>
  <material>
   Нейлон
  </material>
  <price>
   633788
  </price>
  <rating>
   1.67
  </rating>
  <reviews>
   12863
  </reviews>
  <new>
   -
  </new>
  <exclusive>
   yes
  </exclusive>
  <sporty>
   no
  </sporty>
 </clothing>
 <clothing>
  <id>
   524741094
  </id>
  <name>
   Puma Umbrellas X-3057
  </name>
  <category>
   Umbrellas
  </category>
  <size>
   XXL
  </size>
  <color>
   Красный
  </color>
  <material>
   Вискоза
  </material>
  <price>
   834682
  </price>
  <rating>
   3.76
  </rating>
  <reviews>
   665243
  </reviews>
 </clothing>
 <clothing>
  <id>
   628811231
  </id>
  <name>
   Reebok Skirt R-3358
  </name>
  <category>
   Skirt
  </category>
  <size>
   L
  </size>
  <color>
   Синий
  </color>
  <material>
   Хлопок
  </material>
  <price>
   104682
  </price>
  <rating>
   3.56
  </rating>
  <reviews>
   557063
  </reviews>
  <new>
   +
  </new>
  <exclusive>
   yes
  </exclusive>
 </clothing>
 <clothing>
  <id>
   760906059
  </id>
  <name>
   Under Armour Jacket U-4879
  </name>
  <category>
   Jacket
  </category>
  <size>
   XXL
  </size>
  <color>
   Зеленый
  </color>
  <material>
   Нейлон
  </material>
  <price>
   690222
  </price>
  <rating>
   1.69
  </rating>
  <reviews>
   45266
  </reviews>
  <new>
   -
  </new>
  <exclusive>
   no
  </exclusive>
  <sporty>
   no
  </sporty>
 </clothing>
 <clothing>
  <id>
   326390154
  </id>
  <name>
   Ellesse T-shirt U-6454
  </name>
  <category>
   T-shirt
  </category>
  <size>
   M
  </size>
  <color>
   Желтый
  </color>
  <material>
   Полиэстер
  </material>
  <price>
   379979
  </price>
  <rating>
   1.03
  </rating>
  <reviews>
   274183
  </reviews>
  <new>
   -
  </new>
  <exclusive>
   yes
  </exclusive>
 </clothing>
 <clothing>
  <id>
   153196899
  </id>
  <name>
   Puma Belts T-1605
  </name>
  <category>
   Belts
  </category>
  <size>
   XL
  </size>
  <color>
   Зеленый
  </color>
  <material>
   Полиэстер
  </material>
  <price>
   636166
  </price>
  <rating>
   4.69
  </rating>
  <reviews>
   945483
  </reviews>
  <new>
   +
  </new>
  <sporty>
   yes
  </sporty>
 </clothing>
 <clothing>
  <id>
   164665738
  </id>
  <name>
   Under Armour Jeans V-8925
  </name>
  <category>
   Jeans
  </category>
  <size>
   S
  </size>
  <color>
   Голубой
  </color>
  <material>
   Хлопок
  </material>
  <price>
   203955
  </price>
  <rating>
   3.06
  </rating>
  <reviews>
   685426
  </reviews>
  <new>
   -
  </new>
  <exclusive>
   no
  </exclusive>
  <sporty>
   no
  </sporty>
 </clothing>
 <clothing>
  <id>
   329267694
  </id>
  <name>
   DC Sweater L-3868
  </name>
  <category>
   Sweater
  </category>
  <size>
   XXL
  </size>
  <color>
   Красный
  </color>
  <material>
   Нейлон
  </material>
  <price>
   384759
  </price>
  <rating>
   4.71
  </rating>
  <reviews>
   737723
  </reviews>
  <new>
   -
  </new>
  <exclusive>
   no
  </exclusive>
  <sporty>
   no
  </sporty>
 </clothing>
 <clothing>
  <id>
   683915668
  </id>
  <name>
   Puma T-shirt D-8073
  </name>
  <category>
   T-shirt
  </category>
  <size>
   S
  </size>
  <color>
   Оранжевый
  </color>
  <material>
   Вискоза
  </material>
  <price>
   463147
  </price>
  <rating>
   3.8
  </rating>
  <reviews>
   132479
  </reviews>
  <new>
   +
  </new>
  <sporty>
   no
  </sporty>
 </clothing>
 <clothing>
  <id>
   548682984
  </id>
  <name>
   Lacoste Handbags R-9067
  </name>
  <category>
   Handbags
  </category>
  <size>
   XL
  </size>
  <color>
   Зеленый
  </color>
  <material>
   Нейлон
  </material>
  <price>
   408898
  </price>
  <rating>
   1.98
  </rating>
  <reviews>
   845671
  </reviews>
  <new>
   -
  </new>
  <exclusive>
   yes
  </exclusive>
 </clothing>
 <clothing>
  <id>
   215115445
  </id>
  <name>
   Addidas Sweater Y-8436
  </name>
  <category>
   Sweater
  </category>
  <size>
   XL
  </size>
  <color>
   Голубой
  </color>
  <material>
   Хлопок
  </material>
  <price>
   519954
  </price>
  <rating>
   4.91
  </rating>
  <reviews>
   410626
  </reviews>
  <exclusive>
   no
  </exclusive>
  <sporty>
   yes
  </sporty>
 </clothing>
 <clothing>
  <id>
   941151677
  </id>
  <name>
   Adidas T-shirt O-5918
  </name>
  <category>
   T-shirt
  </category>
  <size>
   L
  </size>
  <color>
   Фиолетовый
  </color>
  <material>
   Шерсть
  </material>
  <price>
   991547
  </price>
  <rating>
   4.2
  </rating>
  <reviews>
   219041
  </reviews>
  <new>
   -
  </new>
  <exclusive>
   yes
  </exclusive>
  <sporty>
   no
  </sporty>
 </clothing>
 <clothing>
  <id>
   244610816
  </id>
  <name>
   Ellesse Dress W-1282
  </name>
  <category>
   Dress
  </category>
  <size>
   S
  </size>
  <color>
   Желтый
  </color>
  <material>
   Лен
  </material>
  <price>
   722691
  </price>
  <rating>
   4.19
  </rating>
  <reviews>
   125830
  </reviews>
  <exclusive>
   no
  </exclusive>
 </clothing>
 <clothing>
  <id>
   610995092
  </id>
  <name>
   Addidas Dress H-5356
  </name>
  <category>
   Dress
  </category>
  <size>
   S
  </size>
  <color>
   Синий
  </color>
  <material>
   Кожа
  </material>
  <price>
   876254
  </price>
  <rating>
   3.15
  </rating>
  <reviews>
   676767
  </reviews>
  <new>
   -
  </new>
  <exclusive>
   no
  </exclusive>
 </clothing>
 <clothing>
  <id>
   604636403
  </id>
  <name>
   New Balance Sweater O-5625
  </name>
  <category>
   Sweater
  </category>
  <size>
   S
  </size>
  <color>
   Зеленый
  </color>
  <material>
   Хлопок
  </material>
  <price>
   816138
  </price>
  <rating>
   4.92
  </rating>
  <reviews>
   244772
  </reviews>
  <new>
   -
  </new>
  <exclusive>
   yes
  </exclusive>
 </clothing>
 <clothing>
  <id>
   631602058
  </id>
  <name>
   Reebok Jeans F-5585
  </name>
  <category>
   Jeans
  </category>
  <size>
   M
  </size>
  <color>
   Красный
  </color>
  <material>
   Кожа
  </material>
  <price>
   828771
  </price>
  <rating>
   2.22
  </rating>
  <reviews>
   38201
  </reviews>
  <exclusive>
   no
  </exclusive>
  <sporty>
   no
  </sporty>
 </clothing>
 <clothing>
  <id>
   322856614
  </id>
  <name>
   PleinSport Umbrellas S-7884
  </name>
  <category>
   Umbrellas
  </category>
  <size>
   S
  </size>
  <color>
   Голубой
  </color>
  <material>
   Нейлон
  </material>
  <price>
   911564
  </price>
  <rating>
   3.98
  </rating>
  <reviews>
   735733
  </reviews>
  <new>
   +
  </new>
  <exclusive>
   yes
  </exclusive>
 </clothing>
 <clothing>
  <id>
   976972861
  </id>
  <name>
   Vans Socks J-7465
  </name>
  <category>
   Socks
  </category>
  <size>
   XXL
  </size>
  <color>
   Красный
  </color>
  <material>
   Полиэстер
  </material>
  <price>
   496334
  </price>
  <rating>
   3.47
  </rating>
  <reviews>
   449635
  </reviews>
  <exclusive>
   no
  </exclusive>
  <sporty>
   no
  </sporty>
 </clothing>
 <clothing>
  <id>
   199394010
  </id>
  <name>
   Puma Skirt F-1310
  </name>
  <category>
   Skirt
  </category>
  <size>
   L
  </size>
  <color>
   Голубой
  </color>
  <material>
   Нейлон
  </material>
  <price>
   464450
  </price>
  <rating>
   2.87
  </rating>
  <reviews>
   77036
  </reviews>
  <new>
   +
  </new>
  <exclusive>
   no
  </exclusive>
  <sporty>
   no
  </sporty>
 </clothing>
 <clothing>
  <id>
   159700308
  </id>
  <name>
   Vans Pants H-9528
  </name>
  <category>
   Pants
  </category>
  <size>
   XXL
  </size>
  <color>
   Красный
  </color>
  <material>
   Кожа
  </material>
  <price>
   239425
  </price>
  <rating>
   3.01
  </rating>
  <reviews>
   102662
  </reviews>
 </clothing>
 <clothing>
  <id>
   472872339
  </id>
  <name>
   Under Armour Belts Z-7637
  </name>
  <category>
   Belts
  </category>
  <size>
   M
  </size>
  <color>
   Желтый
  </color>
  <material>
   Кожа
  </material>
  <price>
   979836
  </price>
  <rating>
   4.77
  </rating>
  <reviews>
   46327
  </reviews>
  <exclusive>
   yes
  </exclusive>
  <sporty>
   no
  </sporty>
 </clothing>
 <clothing>
  <id>
   831011594
  </id>
  <name>
   Puma Belts V-5152
  </name>
  <category>
   Belts
  </category>
  <size>
   XXL
  </size>
  <color>
   Красный
  </color>
  <material>
   Кожа
  </material>
  <price>
   118819
  </price>
  <rating>
   1.78
  </rating>
  <reviews>
   301097
  </reviews>
  <new>
   +
  </new>
  <exclusive>
   no
  </exclusive>
  <sporty>
   yes
  </sporty>
 </clothing>
 <clothing>
  <id>
   255906234
  </id>
  <name>
   Vans T-shirt K-1215
  </name>
  <category>
   T-shirt
  </category>
  <size>
   L
  </size>
  <color>
   Фиолетовый
  </color>
  <material>
   Шерсть
  </material>
  <price>
   869656
  </price>
  <rating>
   2.67
  </rating>
  <reviews>
   577904
  </reviews>
  <new>
   -
  </new>
  <sporty>
   no
  </sporty>
 </clothing>
 <clothing>
  <id>
   749788157
  </id>
  <name>
   PleinSport Jacket N-9709
  </name>
  <category>
   Jacket
  </category>
  <size>
   XL
  </size>
  <color>
   Желтый
  </color>
  <material>
   Нейлон
  </material>
  <price>
   891390
  </price>
  <rating>
   1.65
  </rating>
  <reviews>
   208529
  </reviews>
  <exclusive>
   no
  </exclusive>
  <sporty>
   no
  </sporty>
 </clothing>
 <clothing>
  <id>
   540944319
  </id>
  <name>
   Converse Pants I-9946
  </name>
  <category>
   Pants
  </category>
  <size>
   S
  </size>
  <color>
   Фиолетовый
  </color>
  <material>
   Кожа
  </material>
  <price>
   812920
  </price>
  <rating>
   4.08
  </rating>
  <reviews>
   564747
  </reviews>
  <exclusive>
   no
  </exclusive>
  <sporty>
   no
  </sporty>
 </clothing>
 <clothing>
  <id>
   478566494
  </id>
  <name>
   Vans Pants H-4589
  </name>
  <category>
   Pants
  </category>
  <size>
   L
  </size>
  <color>
   Голубой
  </color>
  <material>
   Кожа
  </material>
  <price>
   116318
  </price>
  <rating>
   2.96
  </rating>
  <reviews>
   878383
  </reviews>
  <sporty>
   no
  </sporty>
 </clothing>
 <clothing>
  <id>
   282162130
  </id>
  <name>
   Vans Jeans D-9048
  </name>
  <category>
   Jeans
  </category>
  <size>
   XXL
  </size>
  <color>
   Оранжевый
  </color>
  <material>
   Вискоза
  </material>
  <price>
   416101
  </price>
  <rating>
   4.26
  </rating>
  <reviews>
   515028
  </reviews>
  <exclusive>
   yes
  </exclusive>
  <sporty>
   yes
  </sporty>
 </clothing>
 <clothing>
  <id>
   831298854
  </id>
  <name>
   Adidas Pants K-7929
  </name>
  <category>
   Pants
  </category>
  <size>
   XXL
  </size>
  <color>
   Оранжевый
  </color>
  <material>
   Лен
  </material>
  <price>
   881435
  </price>
  <rating>
   2.05
  </rating>
  <reviews>
   416901
  </reviews>
  <new>
   -
  </new>
  <exclusive>
   yes
  </exclusive>
  <sporty>
   no
  </sporty>
 </clothing>
 <clothing>
  <id>
   490363124
  </id>
  <name>
   Brooks Umbrellas B-4539
  </name>
  <category>
   Umbrellas
  </category>
  <size>
   L
  </size>
  <color>
   Фиолетовый
  </color>
  <material>
   Вискоза
  </material>
  <price>
   144854
  </price>
  <rating>
   3.35
  </rating>
  <reviews>
   964786
  </reviews>
  <new>
   +
  </new>
  <sporty>
   no
  </sporty>
 </clothing>
 <clothing>
  <id>
   660048005
  </id>
  <name>
   Adidas Gloves Y-4359
  </name>
  <category>
   Gloves
  </category>
  <size>
   L
  </size>
  <color>
   Голубой
  </color>
  <material>
   Нейлон
  </material>
  <price>
   576446
  </price>
  <rating>
   1.44
  </rating>
  <reviews>
   819815
  </reviews>
  <new>
   -
  </new>
  <exclusive>
   yes
  </exclusive>
  <sporty>
   yes
  </sporty>
 </clothing>
 <clothing>
  <id>
   523018395
  </id>
  <name>
   Reebok Pants U-5957
  </name>
  <category>
   Pants
  </category>
  <size>
   XL
  </size>
  <color>
   Красный
  </color>
  <material>
   Кожа
  </material>
  <price>
   180669
  </price>
  <rating>
   1.91
  </rating>
  <reviews>
   363028
  </reviews>
  <new>
   +
  </new>
  <exclusive>
   yes
  </exclusive>
 </clothing>
 <clothing>
  <id>
   704672392
  </id>
  <name>
   Addidas Pants L-6223
  </name>
  <category>
   Pants
  </category>
  <size>
   M
  </size>
  <color>
   Оранжевый
  </color>
  <material>
   Шерсть
  </material>
  <price>
   344179
  </price>
  <rating>
   4.99
  </rating>
  <reviews>
   90970
  </reviews>
  <new>
   -
  </new>
 </clothing>
 <clothing>
  <id>
   583188377
  </id>
  <name>
   Nike Handbags S-7590
  </name>
  <category>
   Handbags
  </category>
  <size>
   XXL
  </size>
  <color>
   Зеленый
  </color>
  <material>
   Нейлон
  </material>
  <price>
   331972
  </price>
  <rating>
   2.48
  </rating>
  <reviews>
   860141
  </reviews>
  <new>
   -
  </new>
  <sporty>
   yes
  </sporty>
 </clothing>
 <clothing>
  <id>
   132209191
  </id>
  <name>
   Asics Shirt S-5016
  </name>
  <category>
   Shirt
  </category>
  <size>
   S
  </size>
  <color>
   Красный
  </color>
  <material>
   Вискоза
  </material>
  <price>
   559508
  </price>
  <rating>
   2.45
  </rating>
  <reviews>
   965417
  </reviews>
  <new>
   -
  </new>
 </clothing>
</clothing-items>
