<?xml version="1.0" encoding="utf-8"?>
<clothing-items>
 <clothing>
  <id>
   322658961
  </id>
  <name>
   Addidas Handbags W-1246
  </name>
  <category>
   Handbags
  </category>
  <size>
   XL
  </size>
  <color>
   Голубой
  </color>
  <material>
   Нейлон
  </material>
  <price>
   876254
  </price>
  <rating>
   3.83
  </rating>
  <reviews>
   527305
  </reviews>
  <new>
   -
  </new>
  <sporty>
   no
  </sporty>
 </clothing>
 <clothing>
  <id>
   465380780
  </id>
  <name>
   Fila Gloves D-6445
  </name>
  <category>
   Gloves
  </category>
  <size>
   XL
  </size>
  <color>
   Зеленый
  </color>
  <material>
   Кожа
  </material>
  <price>
   348727
  </price>
  <rating>
   4.99
  </rating>
  <reviews>
   833145
  </reviews>
 </clothing>
 <clothing>
  <id>
   748882242
  </id>
  <name>
   Asics Umbrellas M-1679
  </name>
  <category>
   Umbrellas
  </category>
  <size>
   XXL
  </size>
  <color>
   Желтый
  </color>
  <material>
   Нейлон
  </material>
  <price>
   506912
  </price>
  <rating>
   4.42
  </rating>
  <reviews>
   895295
  </reviews>
 </clothing>
 <clothing>
  <id>
   159741803
  </id>
  <name>
   PleinSport Jeans H-1917
  </name>
  <category>
   Jeans
  </category>
  <size>
   XXL
  </size>
  <color>
   Желтый
  </color>
  <material>
   Полиэстер
  </material>
  <price>
   672756
  </price>
  <rating>
   2.28
  </rating>
  <reviews>
   208743
  </reviews>
  <exclusive>
   yes
  </exclusive>
 </clothing>
 <clothing>
  <id>
   450566034
  </id>
  <name>
   Under Armour Umbrellas K-6770
  </name>
  <category>
   Umbrellas
  </category>
  <size>
   S
  </size>
  <color>
   Оранжевый
  </color>
  <material>
   Полиэстер
  </material>
  <price>
   797290
  </price>
  <rating>
   3.66
  </rating>
  <reviews>
   784617
  </reviews>
  <new>
   -
  </new>
 </clothing>
 <clothing>
  <id>
   825875132
  </id>
  <name>
   Nike Belts T-3885
  </name>
  <category>
   Belts
  </category>
  <size>
   L
  </size>
  <color>
   Красный
  </color>
  <material>
   Полиэстер
  </material>
  <price>
   225106
  </price>
  <rating>
   2.51
  </rating>
  <reviews>
   521779
  </reviews>
  <exclusive>
   yes
  </exclusive>
  <sporty>
   yes
  </sporty>
 </clothing>
 <clothing>
  <id>
   188125111
  </id>
  <name>
   Ellesse Jacket S-1550
  </name>
  <category>
   Jacket
  </category>
  <size>
   L
  </size>
  <color>
   Желтый
  </color>
  <material>
   Шелк
  </material>
  <price>
   154702
  </price>
  <rating>
   3.05
  </rating>
  <reviews>
   962684
  </reviews>
  <exclusive>
   yes
  </exclusive>
 </clothing>
 <clothing>
  <id>
   149001453
  </id>
  <name>
   DC Pants V-4900
  </name>
  <category>
   Pants
  </category>
  <size>
   XXL
  </size>
  <color>
   Фиолетовый
  </color>
  <material>
   Шерсть
  </material>
  <price>
   782957
  </price>
  <rating>
   2.68
  </rating>
  <reviews>
   82336
  </reviews>
  <exclusive>
   no
  </exclusive>
  <sporty>
   no
  </sporty>
 </clothing>
 <clothing>
  <id>
   879892485
  </id>
  <name>
   Fila Sweater N-3477
  </name>
  <category>
   Sweater
  </category>
  <size>
   XXL
  </size>
  <color>
   Синий
  </color>
  <material>
   Шерсть
  </material>
  <price>
   174335
  </price>
  <rating>
   1.59
  </rating>
  <reviews>
   112143
  </reviews>
  <new>
   -
  </new>
  <exclusive>
   yes
  </exclusive>
 </clothing>
 <clothing>
  <id>
   729545410
  </id>
  <name>
   DC Jacket D-1064
  </name>
  <category>
   Jacket
  </category>
  <size>
   S
  </size>
  <color>
   Оранжевый
  </color>
  <material>
   Хлопок
  </material>
  <price>
   411047
  </price>
  <rating>
   2.11
  </rating>
  <reviews>
   292289
  </reviews>
  <new>
   -
  </new>
  <exclusive>
   yes
  </exclusive>
  <sporty>
   no
  </sporty>
 </clothing>
 <clothing>
  <id>
   469893634
  </id>
  <name>
   PleinSport Dress Y-6858
  </name>
  <category>
   Dress
  </category>
  <size>
   XL
  </size>
  <color>
   Зеленый
  </color>
  <material>
   Хлопок
  </material>
  <price>
   381329
  </price>
  <rating>
   2.5
  </rating>
  <reviews>
   345455
  </reviews>
  <exclusive>
   yes
  </exclusive>
  <sporty>
   no
  </sporty>
 </clothing>
 <clothing>
  <id>
   682800979
  </id>
  <name>
   Fila Skirt R-4233
  </name>
  <category>
   Skirt
  </category>
  <size>
   L
  </size>
  <color>
   Синий
  </color>
  <material>
   Шелк
  </material>
  <price>
   913783
  </price>
  <rating>
   2.79
  </rating>
  <reviews>
   823203
  </reviews>
  <new>
   +
  </new>
  <sporty>
   no
  </sporty>
 </clothing>
 <clothing>
  <id>
   283329451
  </id>
  <name>
   DC Shirt E-9169
  </name>
  <category>
   Shirt
  </category>
  <size>
   XL
  </size>
  <color>
   Синий
  </color>
  <material>
   Шелк
  </material>
  <price>
   125942
  </price>
  <rating>
   4.48
  </rating>
  <reviews>
   997624
  </reviews>
  <sporty>
   yes
  </sporty>
 </clothing>
 <clothing>
  <id>
   959170905
  </id>
  <name>
   DC Skirt S-1615
  </name>
  <category>
   Skirt
  </category>
  <size>
   XL
  </size>
  <color>
   Голубой
  </color>
  <material>
   Шелк
  </material>
  <price>
   253323
  </price>
  <rating>
   3.01
  </rating>
  <reviews>
   585403
  </reviews>
  <exclusive>
   yes
  </exclusive>
  <sporty>
   no
  </sporty>
 </clothing>
 <clothing>
  <id>
   457605113
  </id>
  <name>
   Nike Hat U-6760
  </name>
  <category>
   Hat
  </category>
  <size>
   S
  </size>
  <color>
   Фиолетовый
  </color>
  <material>
   Шелк
  </material>
  <price>
   400675
  </price>
  <rating>
   4.1
  </rating>
  <reviews>
   960340
  </reviews>
  <new>
   -
  </new>
  <exclusive>
   no
  </exclusive>
  <sporty>
   yes
  </sporty>
 </clothing>
 <clothing>
  <id>
   633420620
  </id>
  <name>
   Puma Skirt B-6242
  </name>
  <category>
   Skirt
  </category>
  <size>
   S
  </size>
  <color>
   Зеленый
  </color>
  <material>
   Вискоза
  </material>
  <price>
   692281
  </price>
  <rating>
   2.15
  </rating>
  <reviews>
   835483
  </reviews>
  <new>
   +
  </new>
  <exclusive>
   yes
  </exclusive>
  <sporty>
   yes
  </sporty>
 </clothing>
 <clothing>
  <id>
   655482493
  </id>
  <name>
   Ellesse Socks E-6217
  </name>
  <category>
   Socks
  </category>
  <size>
   S
  </size>
  <color>
   Желтый
  </color>
  <material>
   Шерсть
  </material>
  <price>
   459637
  </price>
  <rating>
   1.85
  </rating>
  <reviews>
   183509
  </reviews>
  <new>
   -
  </new>
  <sporty>
   no
  </sporty>
 </clothing>
 <clothing>
  <id>
   772736913
  </id>
  <name>
   PleinSport Belts V-1242
  </name>
  <category>
   Belts
  </category>
  <size>
   XL
  </size>
  <color>
   Синий
  </color>
  <material>
   Вискоза
  </material>
  <price>
   342654
  </price>
  <rating>
   4.59
  </rating>
  <reviews>
   788659
  </reviews>
  <new>
   +
  </new>
  <exclusive>
   yes
  </exclusive>
  <sporty>
   no
  </sporty>
 </clothing>
 <clothing>
  <id>
   128214007
  </id>
  <name>
   Vans Shoes I-1012
  </name>
  <category>
   Shoes
  </category>
  <size>
   XL
  </size>
  <color>
   Оранжевый
  </color>
  <material>
   Вискоза
  </material>
  <price>
   594929
  </price>
  <rating>
   4.91
  </rating>
  <reviews>
   253578
  </reviews>
  <new>
   -
  </new>
  <exclusive>
   no
  </exclusive>
  <sporty>
   yes
  </sporty>
 </clothing>
 <clothing>
  <id>
   352241139
  </id>
  <name>
   DC Jacket M-6481
  </name>
  <category>
   Jacket
  </category>
  <size>
   XXL
  </size>
  <color>
   Оранжевый
  </color>
  <material>
   Хлопок
  </material>
  <price>
   942309
  </price>
  <rating>
   1.65
  </rating>
  <reviews>
   310383
  </reviews>
 </clothing>
 <clothing>
  <id>
   723947608
  </id>
  <name>
   DC Sweater Q-6187
  </name>
  <category>
   Sweater
  </category>
  <size>
   M
  </size>
  <color>
   Синий
  </color>
  <material>
   Хлопок
  </material>
  <price>
   936681
  </price>
  <rating>
   2.15
  </rating>
  <reviews>
   975504
  </reviews>
  <new>
   +
  </new>
 </clothing>
 <clothing>
  <id>
   941952505
  </id>
  <name>
   Vans Skirt I-9081
  </name>
  <category>
   Skirt
  </category>
  <size>
   XL
  </size>
  <color>
   Голубой
  </color>
  <material>
   Лен
  </material>
  <price>
   316372
  </price>
  <rating>
   1.77
  </rating>
  <reviews>
   544096
  </reviews>
  <exclusive>
   no
  </exclusive>
  <sporty>
   no
  </sporty>
 </clothing>
 <clothing>
  <id>
   681007424
  </id>
  <name>
   Brooks Sweater L-3299
  </name>
  <category>
   Sweater
  </category>
  <size>
   M
  </size>
  <color>
   Красный
  </color>
  <material>
   Кожа
  </material>
  <price>
   431018
  </price>
  <rating>
   4.12
  </rating>
  <reviews>
   46588
  </reviews>
  <new>
   -
  </new>
 </clothing>
 <clothing>
  <id>
   635719997
  </id>
  <name>
   Brooks Dress X-7565
  </name>
  <category>
   Dress
  </category>
  <size>
   S
  </size>
  <color>
   Оранжевый
  </color>
  <material>
   Лен
  </material>
  <price>
   311212
  </price>
  <rating>
   2.9
  </rating>
  <reviews>
   295440
  </reviews>
  <new>
   -
  </new>
  <exclusive>
   yes
  </exclusive>
  <sporty>
   no
  </sporty>
 </clothing>
</clothing-items>
