<?xml version="1.0" encoding="utf-8"?>
<clothing-items>
 <clothing>
  <id>
   680662833
  </id>
  <name>
   Puma Pants J-8735
  </name>
  <category>
   Pants
  </category>
  <size>
   XL
  </size>
  <color>
   Фиолетовый
  </color>
  <material>
   Шелк
  </material>
  <price>
   689039
  </price>
  <rating>
   2.63
  </rating>
  <reviews>
   660649
  </reviews>
  <new>
   +
  </new>
 </clothing>
 <clothing>
  <id>
   442589237
  </id>
  <name>
   Asics Jacket J-1751
  </name>
  <category>
   Jacket
  </category>
  <size>
   XXL
  </size>
  <color>
   Зеленый
  </color>
  <material>
   Кожа
  </material>
  <price>
   400728
  </price>
  <rating>
   3.96
  </rating>
  <reviews>
   769278
  </reviews>
  <new>
   +
  </new>
  <exclusive>
   no
  </exclusive>
 </clothing>
 <clothing>
  <id>
   101090037
  </id>
  <name>
   Addidas Jacket Z-8496
  </name>
  <category>
   Jacket
  </category>
  <size>
   S
  </size>
  <color>
   Зеленый
  </color>
  <material>
   Вискоза
  </material>
  <price>
   999317
  </price>
  <rating>
   4.55
  </rating>
  <reviews>
   445635
  </reviews>
 </clothing>
 <clothing>
  <id>
   957852466
  </id>
  <name>
   Brooks Skirt U-4051
  </name>
  <category>
   Skirt
  </category>
  <size>
   S
  </size>
  <color>
   Желтый
  </color>
  <material>
   Кожа
  </material>
  <price>
   364015
  </price>
  <rating>
   4.21
  </rating>
  <reviews>
   713491
  </reviews>
  <new>
   -
  </new>
  <exclusive>
   no
  </exclusive>
  <sporty>
   no
  </sporty>
 </clothing>
 <clothing>
  <id>
   717738842
  </id>
  <name>
   Ellesse Gloves J-4776
  </name>
  <category>
   Gloves
  </category>
  <size>
   S
  </size>
  <color>
   Оранжевый
  </color>
  <material>
   Полиэстер
  </material>
  <price>
   534659
  </price>
  <rating>
   1.43
  </rating>
  <reviews>
   855321
  </reviews>
  <new>
   -
  </new>
  <sporty>
   no
  </sporty>
 </clothing>
 <clothing>
  <id>
   217455977
  </id>
  <name>
   Asics Skirt M-9567
  </name>
  <category>
   Skirt
  </category>
  <size>
   XL
  </size>
  <color>
   Желтый
  </color>
  <material>
   Кожа
  </material>
  <price>
   480206
  </price>
  <rating>
   4.3
  </rating>
  <reviews>
   69471
  </reviews>
  <new>
   -
  </new>
  <exclusive>
   yes
  </exclusive>
 </clothing>
 <clothing>
  <id>
   557621261
  </id>
  <name>
   Asics Skirt X-1893
  </name>
  <category>
   Skirt
  </category>
  <size>
   XXL
  </size>
  <color>
   Фиолетовый
  </color>
  <material>
   Лен
  </material>
  <price>
   631575
  </price>
  <rating>
   1.27
  </rating>
  <reviews>
   95580
  </reviews>
  <new>
   -
  </new>
  <exclusive>
   no
  </exclusive>
  <sporty>
   no
  </sporty>
 </clothing>
 <clothing>
  <id>
   892369977
  </id>
  <name>
   Vans Jacket G-8963
  </name>
  <category>
   Jacket
  </category>
  <size>
   XXL
  </size>
  <color>
   Красный
  </color>
  <material>
   Нейлон
  </material>
  <price>
   937259
  </price>
  <rating>
   4.51
  </rating>
  <reviews>
   361461
  </reviews>
  <new>
   -
  </new>
 </clothing>
 <clothing>
  <id>
   833418138
  </id>
  <name>
   Ellesse T-shirt V-1405
  </name>
  <category>
   T-shirt
  </category>
  <size>
   XXL
  </size>
  <color>
   Фиолетовый
  </color>
  <material>
   Полиэстер
  </material>
  <price>
   252130
  </price>
  <rating>
   4.55
  </rating>
  <reviews>
   737360
  </reviews>
  <new>
   -
  </new>
  <exclusive>
   yes
  </exclusive>
 </clothing>
 <clothing>
  <id>
   985286676
  </id>
  <name>
   PleinSport Socks F-2579
  </name>
  <category>
   Socks
  </category>
  <size>
   M
  </size>
  <color>
   Желтый
  </color>
  <material>
   Полиэстер
  </material>
  <price>
   805621
  </price>
  <rating>
   1.38
  </rating>
  <reviews>
   384351
  </reviews>
  <sporty>
   no
  </sporty>
 </clothing>
</clothing-items>
