<?xml version="1.0" encoding="utf-8"?>
<clothing-items>
 <clothing>
  <id>
   563171547
  </id>
  <name>
   Lacoste Handbags S-8998
  </name>
  <category>
   Handbags
  </category>
  <size>
   XXL
  </size>
  <color>
   Фиолетовый
  </color>
  <material>
   Кожа
  </material>
  <price>
   586821
  </price>
  <rating>
   3.44
  </rating>
  <reviews>
   251054
  </reviews>
 </clothing>
 <clothing>
  <id>
   182562475
  </id>
  <name>
   Ellesse T-shirt Y-7579
  </name>
  <category>
   T-shirt
  </category>
  <size>
   XXL
  </size>
  <color>
   Фиолетовый
  </color>
  <material>
   Нейлон
  </material>
  <price>
   877586
  </price>
  <rating>
   4.55
  </rating>
  <reviews>
   602666
  </reviews>
  <new>
   -
  </new>
  <exclusive>
   yes
  </exclusive>
 </clothing>
 <clothing>
  <id>
   655326923
  </id>
  <name>
   Puma Pants N-5868
  </name>
  <category>
   Pants
  </category>
  <size>
   XXL
  </size>
  <color>
   Оранжевый
  </color>
  <material>
   Кожа
  </material>
  <price>
   930712
  </price>
  <rating>
   1.33
  </rating>
  <reviews>
   36953
  </reviews>
  <new>
   +
  </new>
  <sporty>
   yes
  </sporty>
 </clothing>
 <clothing>
  <id>
   661738957
  </id>
  <name>
   Fila T-shirt A-7233
  </name>
  <category>
   T-shirt
  </category>
  <size>
   S
  </size>
  <color>
   Голубой
  </color>
  <material>
   Шерсть
  </material>
  <price>
   122257
  </price>
  <rating>
   1.72
  </rating>
  <reviews>
   155245
  </reviews>
  <new>
   -
  </new>
  <exclusive>
   no
  </exclusive>
  <sporty>
   no
  </sporty>
 </clothing>
 <clothing>
  <id>
   541522598
  </id>
  <name>
   Asics Socks Z-1855
  </name>
  <category>
   Socks
  </category>
  <size>
   L
  </size>
  <color>
   Фиолетовый
  </color>
  <material>
   Хлопок
  </material>
  <price>
   514183
  </price>
  <rating>
   4.19
  </rating>
  <reviews>
   107206
  </reviews>
 </clothing>
 <clothing>
  <id>
   415213911
  </id>
  <name>
   Asics Socks C-8263
  </name>
  <category>
   Socks
  </category>
  <size>
   M
  </size>
  <color>
   Голубой
  </color>
  <material>
   Шерсть
  </material>
  <price>
   307482
  </price>
  <rating>
   3.44
  </rating>
  <reviews>
   468774
  </reviews>
  <exclusive>
   yes
  </exclusive>
 </clothing>
 <clothing>
  <id>
   206694851
  </id>
  <name>
   Lacoste Belts G-4742
  </name>
  <category>
   Belts
  </category>
  <size>
   XL
  </size>
  <color>
   Оранжевый
  </color>
  <material>
   Вискоза
  </material>
  <price>
   229095
  </price>
  <rating>
   2.92
  </rating>
  <reviews>
   548135
  </reviews>
  <new>
   +
  </new>
  <exclusive>
   no
  </exclusive>
  <sporty>
   yes
  </sporty>
 </clothing>
 <clothing>
  <id>
   304775113
  </id>
  <name>
   Vans Sweater R-3325
  </name>
  <category>
   Sweater
  </category>
  <size>
   XXL
  </size>
  <color>
   Оранжевый
  </color>
  <material>
   Шерсть
  </material>
  <price>
   936360
  </price>
  <rating>
   1.16
  </rating>
  <reviews>
   451852
  </reviews>
  <exclusive>
   no
  </exclusive>
 </clothing>
 <clothing>
  <id>
   785909396
  </id>
  <name>
   DC T-shirt Y-8568
  </name>
  <category>
   T-shirt
  </category>
  <size>
   M
  </size>
  <color>
   Фиолетовый
  </color>
  <material>
   Вискоза
  </material>
  <price>
   285041
  </price>
  <rating>
   3.0
  </rating>
  <reviews>
   304738
  </reviews>
  <new>
   -
  </new>
 </clothing>
 <clothing>
  <id>
   618733904
  </id>
  <name>
   Puma Shoes E-9642
  </name>
  <category>
   Shoes
  </category>
  <size>
   M
  </size>
  <color>
   Желтый
  </color>
  <material>
   Хлопок
  </material>
  <price>
   447145
  </price>
  <rating>
   1.43
  </rating>
  <reviews>
   787182
  </reviews>
  <exclusive>
   no
  </exclusive>
  <sporty>
   no
  </sporty>
 </clothing>
 <clothing>
  <id>
   765933792
  </id>
  <name>
   New Balance Sweater V-1268
  </name>
  <category>
   Sweater
  </category>
  <size>
   XXL
  </size>
  <color>
   Красный
  </color>
  <material>
   Шелк
  </material>
  <price>
   811979
  </price>
  <rating>
   3.19
  </rating>
  <reviews>
   521273
  </reviews>
  <new>
   -
  </new>
 </clothing>
 <clothing>
  <id>
   331940149
  </id>
  <name>
   DC Hat H-2836
  </name>
  <category>
   Hat
  </category>
  <size>
   XL
  </size>
  <color>
   Синий
  </color>
  <material>
   Кожа
  </material>
  <price>
   632116
  </price>
  <rating>
   3.31
  </rating>
  <reviews>
   696759
  </reviews>
  <new>
   -
  </new>
  <exclusive>
   no
  </exclusive>
  <sporty>
   yes
  </sporty>
 </clothing>
 <clothing>
  <id>
   354303994
  </id>
  <name>
   Reebok Handbags N-9785
  </name>
  <category>
   Handbags
  </category>
  <size>
   S
  </size>
  <color>
   Синий
  </color>
  <material>
   Кожа
  </material>
  <price>
   339571
  </price>
  <rating>
   3.79
  </rating>
  <reviews>
   153632
  </reviews>
  <new>
   +
  </new>
  <exclusive>
   no
  </exclusive>
  <sporty>
   yes
  </sporty>
 </clothing>
 <clothing>
  <id>
   840381348
  </id>
  <name>
   Brooks Socks H-1266
  </name>
  <category>
   Socks
  </category>
  <size>
   XXL
  </size>
  <color>
   Синий
  </color>
  <material>
   Кожа
  </material>
  <price>
   843292
  </price>
  <rating>
   4.93
  </rating>
  <reviews>
   151926
  </reviews>
  <sporty>
   yes
  </sporty>
 </clothing>
 <clothing>
  <id>
   650735933
  </id>
  <name>
   Adidas Blouse J-6717
  </name>
  <category>
   Blouse
  </category>
  <size>
   XL
  </size>
  <color>
   Голубой
  </color>
  <material>
   Полиэстер
  </material>
  <price>
   944997
  </price>
  <rating>
   4.0
  </rating>
  <reviews>
   874192
  </reviews>
  <new>
   +
  </new>
  <exclusive>
   yes
  </exclusive>
  <sporty>
   no
  </sporty>
 </clothing>
 <clothing>
  <id>
   704112405
  </id>
  <name>
   Under Armour Handbags R-4867
  </name>
  <category>
   Handbags
  </category>
  <size>
   M
  </size>
  <color>
   Оранжевый
  </color>
  <material>
   Хлопок
  </material>
  <price>
   686004
  </price>
  <rating>
   3.02
  </rating>
  <reviews>
   978845
  </reviews>
  <new>
   -
  </new>
  <exclusive>
   no
  </exclusive>
 </clothing>
 <clothing>
  <id>
   333184158
  </id>
  <name>
   Puma Gloves V-1070
  </name>
  <category>
   Gloves
  </category>
  <size>
   S
  </size>
  <color>
   Красный
  </color>
  <material>
   Шерсть
  </material>
  <price>
   758387
  </price>
  <rating>
   4.63
  </rating>
  <reviews>
   224046
  </reviews>
  <new>
   +
  </new>
  <exclusive>
   no
  </exclusive>
  <sporty>
   yes
  </sporty>
 </clothing>
 <clothing>
  <id>
   945943120
  </id>
  <name>
   Fila Umbrellas L-1445
  </name>
  <category>
   Umbrellas
  </category>
  <size>
   M
  </size>
  <color>
   Фиолетовый
  </color>
  <material>
   Кожа
  </material>
  <price>
   668403
  </price>
  <rating>
   1.42
  </rating>
  <reviews>
   194416
  </reviews>
  <exclusive>
   yes
  </exclusive>
  <sporty>
   no
  </sporty>
 </clothing>
 <clothing>
  <id>
   237846566
  </id>
  <name>
   Adidas Gloves X-3163
  </name>
  <category>
   Gloves
  </category>
  <size>
   XL
  </size>
  <color>
   Фиолетовый
  </color>
  <material>
   Кожа
  </material>
  <price>
   147563
  </price>
  <rating>
   2.75
  </rating>
  <reviews>
   127495
  </reviews>
  <new>
   -
  </new>
 </clothing>
 <clothing>
  <id>
   756654348
  </id>
  <name>
   Lacoste Socks B-5799
  </name>
  <category>
   Socks
  </category>
  <size>
   XXL
  </size>
  <color>
   Фиолетовый
  </color>
  <material>
   Нейлон
  </material>
  <price>
   408903
  </price>
  <rating>
   1.05
  </rating>
  <reviews>
   78951
  </reviews>
  <new>
   -
  </new>
  <exclusive>
   no
  </exclusive>
  <sporty>
   yes
  </sporty>
 </clothing>
 <clothing>
  <id>
   827687683
  </id>
  <name>
   PleinSport Umbrellas G-1732
  </name>
  <category>
   Umbrellas
  </category>
  <size>
   M
  </size>
  <color>
   Синий
  </color>
  <material>
   Кожа
  </material>
  <price>
   773386
  </price>
  <rating>
   2.04
  </rating>
  <reviews>
   827505
  </reviews>
  <exclusive>
   no
  </exclusive>
  <sporty>
   yes
  </sporty>
 </clothing>
 <clothing>
  <id>
   874730215
  </id>
  <name>
   Under Armour Jeans H-7868
  </name>
  <category>
   Jeans
  </category>
  <size>
   XXL
  </size>
  <color>
   Зеленый
  </color>
  <material>
   Хлопок
  </material>
  <price>
   404244
  </price>
  <rating>
   3.92
  </rating>
  <reviews>
   630815
  </reviews>
  <new>
   +
  </new>
  <exclusive>
   no
  </exclusive>
  <sporty>
   yes
  </sporty>
 </clothing>
 <clothing>
  <id>
   962008810
  </id>
  <name>
   Nike T-shirt E-1517
  </name>
  <category>
   T-shirt
  </category>
  <size>
   S
  </size>
  <color>
   Зеленый
  </color>
  <material>
   Хлопок
  </material>
  <price>
   774616
  </price>
  <rating>
   2.14
  </rating>
  <reviews>
   555782
  </reviews>
  <exclusive>
   no
  </exclusive>
 </clothing>
 <clothing>
  <id>
   147929327
  </id>
  <name>
   Nike T-shirt R-6544
  </name>
  <category>
   T-shirt
  </category>
  <size>
   XL
  </size>
  <color>
   Зеленый
  </color>
  <material>
   Полиэстер
  </material>
  <price>
   337639
  </price>
  <rating>
   2.73
  </rating>
  <reviews>
   358381
  </reviews>
  <new>
   +
  </new>
  <exclusive>
   yes
  </exclusive>
  <sporty>
   no
  </sporty>
 </clothing>
 <clothing>
  <id>
   537332299
  </id>
  <name>
   Brooks Jacket U-1726
  </name>
  <category>
   Jacket
  </category>
  <size>
   M
  </size>
  <color>
   Синий
  </color>
  <material>
   Нейлон
  </material>
  <price>
   513445
  </price>
  <rating>
   3.74
  </rating>
  <reviews>
   943047
  </reviews>
  <new>
   +
  </new>
 </clothing>
 <clothing>
  <id>
   402855018
  </id>
  <name>
   Converse Hat Z-4089
  </name>
  <category>
   Hat
  </category>
  <size>
   S
  </size>
  <color>
   Голубой
  </color>
  <material>
   Шелк
  </material>
  <price>
   218013
  </price>
  <rating>
   4.68
  </rating>
  <reviews>
   276422
  </reviews>
 </clothing>
 <clothing>
  <id>
   497318804
  </id>
  <name>
   Brooks Handbags H-3566
  </name>
  <category>
   Handbags
  </category>
  <size>
   L
  </size>
  <color>
   Фиолетовый
  </color>
  <material>
   Вискоза
  </material>
  <price>
   500173
  </price>
  <rating>
   2.49
  </rating>
  <reviews>
   357397
  </reviews>
  <sporty>
   no
  </sporty>
 </clothing>
 <clothing>
  <id>
   734928422
  </id>
  <name>
   Adidas Jacket M-6963
  </name>
  <category>
   Jacket
  </category>
  <size>
   L
  </size>
  <color>
   Зеленый
  </color>
  <material>
   Хлопок
  </material>
  <price>
   221820
  </price>
  <rating>
   3.9
  </rating>
  <reviews>
   544422
  </reviews>
  <new>
   -
  </new>
  <sporty>
   no
  </sporty>
 </clothing>
 <clothing>
  <id>
   104000839
  </id>
  <name>
   Puma Belts B-8264
  </name>
  <category>
   Belts
  </category>
  <size>
   L
  </size>
  <color>
   Голубой
  </color>
  <material>
   Лен
  </material>
  <price>
   276203
  </price>
  <rating>
   3.32
  </rating>
  <reviews>
   857243
  </reviews>
  <exclusive>
   yes
  </exclusive>
 </clothing>
 <clothing>
  <id>
   366857669
  </id>
  <name>
   Adidas Jeans I-7678
  </name>
  <category>
   Jeans
  </category>
  <size>
   XXL
  </size>
  <color>
   Голубой
  </color>
  <material>
   Лен
  </material>
  <price>
   459751
  </price>
  <rating>
   3.61
  </rating>
  <reviews>
   966135
  </reviews>
 </clothing>
 <clothing>
  <id>
   223332549
  </id>
  <name>
   Addidas Jeans Z-9214
  </name>
  <category>
   Jeans
  </category>
  <size>
   L
  </size>
  <color>
   Голубой
  </color>
  <material>
   Хлопок
  </material>
  <price>
   960930
  </price>
  <rating>
   4.19
  </rating>
  <reviews>
   190672
  </reviews>
  <exclusive>
   no
  </exclusive>
 </clothing>
 <clothing>
  <id>
   264007465
  </id>
  <name>
   Adidas Pants Z-6213
  </name>
  <category>
   Pants
  </category>
  <size>
   M
  </size>
  <color>
   Зеленый
  </color>
  <material>
   Вискоза
  </material>
  <price>
   345497
  </price>
  <rating>
   3.52
  </rating>
  <reviews>
   586510
  </reviews>
  <new>
   -
  </new>
  <exclusive>
   yes
  </exclusive>
  <sporty>
   no
  </sporty>
 </clothing>
 <clothing>
  <id>
   486043489
  </id>
  <name>
   Addidas Shoes I-5559
  </name>
  <category>
   Shoes
  </category>
  <size>
   S
  </size>
  <color>
   Красный
  </color>
  <material>
   Шерсть
  </material>
  <price>
   974108
  </price>
  <rating>
   4.93
  </rating>
  <reviews>
   936531
  </reviews>
  <new>
   -
  </new>
  <exclusive>
   no
  </exclusive>
 </clothing>
 <clothing>
  <id>
   571343602
  </id>
  <name>
   DC Blouse C-4848
  </name>
  <category>
   Blouse
  </category>
  <size>
   XL
  </size>
  <color>
   Зеленый
  </color>
  <material>
   Полиэстер
  </material>
  <price>
   759878
  </price>
  <rating>
   1.99
  </rating>
  <reviews>
   798829
  </reviews>
  <sporty>
   no
  </sporty>
 </clothing>
 <clothing>
  <id>
   710609458
  </id>
  <name>
   Ellesse Sweater Y-1009
  </name>
  <category>
   Sweater
  </category>
  <size>
   XXL
  </size>
  <color>
   Синий
  </color>
  <material>
   Шелк
  </material>
  <price>
   104997
  </price>
  <rating>
   3.24
  </rating>
  <reviews>
   979368
  </reviews>
  <new>
   +
  </new>
  <exclusive>
   yes
  </exclusive>
 </clothing>
 <clothing>
  <id>
   357186218
  </id>
  <name>
   Reebok Belts Q-4370
  </name>
  <category>
   Belts
  </category>
  <size>
   XL
  </size>
  <color>
   Желтый
  </color>
  <material>
   Хлопок
  </material>
  <price>
   462504
  </price>
  <rating>
   3.72
  </rating>
  <reviews>
   804585
  </reviews>
  <new>
   -
  </new>
  <sporty>
   yes
  </sporty>
 </clothing>
 <clothing>
  <id>
   666920307
  </id>
  <name>
   Converse Umbrellas L-9782
  </name>
  <category>
   Umbrellas
  </category>
  <size>
   XXL
  </size>
  <color>
   Красный
  </color>
  <material>
   Полиэстер
  </material>
  <price>
   197893
  </price>
  <rating>
   1.93
  </rating>
  <reviews>
   139493
  </reviews>
  <new>
   -
  </new>
  <sporty>
   no
  </sporty>
 </clothing>
 <clothing>
  <id>
   536743381
  </id>
  <name>
   New Balance Shoes A-8147
  </name>
  <category>
   Shoes
  </category>
  <size>
   XXL
  </size>
  <color>
   Желтый
  </color>
  <material>
   Шелк
  </material>
  <price>
   155660
  </price>
  <rating>
   4.48
  </rating>
  <reviews>
   271798
  </reviews>
  <new>
   -
  </new>
  <sporty>
   no
  </sporty>
 </clothing>
 <clothing>
  <id>
   271261066
  </id>
  <name>
   Ellesse Pants G-6914
  </name>
  <category>
   Pants
  </category>
  <size>
   XXL
  </size>
  <color>
   Оранжевый
  </color>
  <material>
   Кожа
  </material>
  <price>
   867778
  </price>
  <rating>
   2.96
  </rating>
  <reviews>
   679494
  </reviews>
  <exclusive>
   no
  </exclusive>
  <sporty>
   no
  </sporty>
 </clothing>
 <clothing>
  <id>
   735586839
  </id>
  <name>
   Adidas Shirt T-9320
  </name>
  <category>
   Shirt
  </category>
  <size>
   S
  </size>
  <color>
   Синий
  </color>
  <material>
   Полиэстер
  </material>
  <price>
   826750
  </price>
  <rating>
   4.37
  </rating>
  <reviews>
   708906
  </reviews>
  <exclusive>
   no
  </exclusive>
  <sporty>
   no
  </sporty>
 </clothing>
 <clothing>
  <id>
   143621390
  </id>
  <name>
   DC Jacket U-3144
  </name>
  <category>
   Jacket
  </category>
  <size>
   S
  </size>
  <color>
   Фиолетовый
  </color>
  <material>
   Нейлон
  </material>
  <price>
   226868
  </price>
  <rating>
   1.32
  </rating>
  <reviews>
   378328
  </reviews>
  <new>
   +
  </new>
  <sporty>
   no
  </sporty>
 </clothing>
 <clothing>
  <id>
   675414677
  </id>
  <name>
   Ellesse Jacket Q-8408
  </name>
  <category>
   Jacket
  </category>
  <size>
   M
  </size>
  <color>
   Синий
  </color>
  <material>
   Вискоза
  </material>
  <price>
   579521
  </price>
  <rating>
   2.89
  </rating>
  <reviews>
   831071
  </reviews>
 </clothing>
 <clothing>
  <id>
   874193594
  </id>
  <name>
   New Balance Jeans P-2123
  </name>
  <category>
   Jeans
  </category>
  <size>
   XXL
  </size>
  <color>
   Голубой
  </color>
  <material>
   Шелк
  </material>
  <price>
   529765
  </price>
  <rating>
   4.43
  </rating>
  <reviews>
   931146
  </reviews>
  <new>
   -
  </new>
  <sporty>
   no
  </sporty>
 </clothing>
 <clothing>
  <id>
   269698272
  </id>
  <name>
   Lacoste Jeans S-4643
  </name>
  <category>
   Jeans
  </category>
  <size>
   XL
  </size>
  <color>
   Красный
  </color>
  <material>
   Лен
  </material>
  <price>
   195364
  </price>
  <rating>
   3.38
  </rating>
  <reviews>
   322359
  </reviews>
  <new>
   -
  </new>
  <exclusive>
   yes
  </exclusive>
  <sporty>
   no
  </sporty>
 </clothing>
 <clothing>
  <id>
   898634495
  </id>
  <name>
   Vans Umbrellas M-6058
  </name>
  <category>
   Umbrellas
  </category>
  <size>
   XL
  </size>
  <color>
   Синий
  </color>
  <material>
   Полиэстер
  </material>
  <price>
   647479
  </price>
  <rating>
   1.97
  </rating>
  <reviews>
   726941
  </reviews>
  <new>
   +
  </new>
  <sporty>
   yes
  </sporty>
 </clothing>
 <clothing>
  <id>
   250455928
  </id>
  <name>
   Under Armour Hat C-2985
  </name>
  <category>
   Hat
  </category>
  <size>
   XXL
  </size>
  <color>
   Зеленый
  </color>
  <material>
   Нейлон
  </material>
  <price>
   622365
  </price>
  <rating>
   1.16
  </rating>
  <reviews>
   437007
  </reviews>
  <new>
   -
  </new>
  <exclusive>
   no
  </exclusive>
 </clothing>
 <clothing>
  <id>
   411000815
  </id>
  <name>
   Converse T-shirt J-4877
  </name>
  <category>
   T-shirt
  </category>
  <size>
   XXL
  </size>
  <color>
   Желтый
  </color>
  <material>
   Шелк
  </material>
  <price>
   290967
  </price>
  <rating>
   4.48
  </rating>
  <reviews>
   163731
  </reviews>
  <new>
   +
  </new>
  <sporty>
   no
  </sporty>
 </clothing>
</clothing-items>
